obs_id,point_id,lat,lon
S1_S1A_IW_SLC__1SDV_20160716T214630_20160716T214657_012179_012E3A_DCAE,S1_S1A_IW_SLC__1SDV_20160716T214630_20160716T214657_012179_012E3A_DCAE_P0001,14.312803332492509,120.44606199137566
S1_S1A_IW_SLC__1SDV_20160716T214630_20160716T214657_012179_012E3A_DCAE,S1_S1A_IW_SLC__1SDV_20160716T214630_20160716T214657_012179_012E3A_DCAE_P0002,14.921780589692686,120.44606199137566
S1_S1A_IW_SLC__1SDV_20160716T214630_20160716T214657_012179_012E3A_DCAE,S1_S1A_IW_SLC__1SDV_20160716T214630_20160716T214657_012179_012E3A_DCAE_P0003,14.921780589692686,121.05191442595834
S1_S1A_IW_SLC__1SDV_20160716T214630_20160716T214657_012179_012E3A_DCAE,S1_S1A_IW_SLC__1SDV_20160716T214630_20160716T214657_012179_012E3A_DCAE_P0004,14.312803332492509,121.05191442595834
S1_S1A_IW_SLC__1SDV_20160716T214630_20160716T214657_012179_012E3A_DCAE,S1_S1A_IW_SLC__1SDV_20160716T214630_20160716T214657_012179_012E3A_DCAE_P0005,14.312803332492509,120.44606199137566
S1_S1A_IW_SLC__1SDV_20161005T235752_20161005T235819_013362_015506_6040,S1_S1A_IW_SLC__1SDV_20161005T235752_20161005T235819_013362_015506_6040_P0001,15.649277408865064,-87.95701751426795
S1_S1A_IW_SLC__1SDV_20161005T235752_20161005T235819_013362_015506_6040,S1_S1A_IW_SLC__1SDV_20161005T235752_20161005T235819_013362_015506_6040_P0002,16.342003592438537,-87.95701751426795
S1_S1A_IW_SLC__1SDV_20161005T235752_20161005T235819_013362_015506_6040,S1_S1A_IW_SLC__1SDV_20161005T235752_20161005T235819_013362_015506_6040_P0003,16.342003592438537,-86.6595923787466
S1_S1A_IW_SLC__1SDV_20161005T235752_20161005T235819_013362_015506_6040,S1_S1A_IW_SLC__1SDV_20161005T235752_20161005T235819_013362_015506_6040_P0004,15.649277408865064,-86.6595923787466
S1_S1A_IW_SLC__1SDV_20161005T235752_20161005T235819_013362_015506_6040,S1_S1A_IW_SLC__1SDV_20161005T235752_20161005T235819_013362_015506_6040_P0005,15.649277408865064,-87.95701751426795
S1_S1A_IW_SLC__1SDV_20170109T235749_20170109T235816_014762_01808F_7B6A,S1_S1A_IW_SLC__1SDV_20170109T235749_20170109T235816_014762_01808F_7B6A_P0001,15.501038661295068,-87.27693311285574
S1_S1A_IW_SLC__1SDV_20170109T235749_20170109T235816_014762_01808F_7B6A,S1_S1A_IW_SLC__1SDV_20170109T235749_20170109T235816_014762_01808F_7B6A_P0002,16.48065644573778,-87.27693311285574
S1_S1A_IW_SLC__1SDV_20170109T235749_20170109T235816_014762_01808F_7B6A,S1_S1A_IW_SLC__1SDV_20170109T235749_20170109T235816_014762_01808F_7B6A_P0003,16.48065644573778,-85.94967278139299
S1_S1A_IW_SLC__1SDV_20170109T235749_20170109T235816_014762_01808F_7B6A,S1_S1A_IW_SLC__1SDV_20170109T235749_20170109T235816_014762_01808F_7B6A_P0004,15.501038661295068,-85.94967278139299
S1_S1A_IW_SLC__1SDV_20170109T235749_20170109T235816_014762_01808F_7B6A,S1_S1A_IW_SLC__1SDV_20170109T235749_20170109T235816_014762_01808F_7B6A_P0005,15.501038661295068,-87.27693311285574
S1_S1A_IW_SLC__1SDV_20170224T114518_20170224T114545_015425_019521_64D3,S1_S1A_IW_SLC__1SDV_20170224T114518_20170224T114545_015425_019521_64D3_P0001,15.436349379632823,-88.99828576409824
S1_S1A_IW_SLC__1SDV_20170224T114518_20170224T114545_015425_019521_64D3,S1_S1A_IW_SLC__1SDV_20170224T114518_20170224T114545_015425_019521_64D3_P0002,16.255066250263045,-88.99828576409824
S1_S1A_IW_SLC__1SDV_20170224T114518_20170224T114545_015425_019521_64D3,S1_S1A_IW_SLC__1SDV_20170224T114518_20170224T114545_015425_019521_64D3_P0003,16.255066250263045,-87.62527367600113
S1_S1A_IW_SLC__1SDV_20170224T114518_20170224T114545_015425_019521_64D3,S1_S1A_IW_SLC__1SDV_20170224T114518_20170224T114545_015425_019521_64D3_P0004,15.436349379632823,-87.62527367600113
S1_S1A_IW_SLC__1SDV_20170224T114518_20170224T114545_015425_019521_64D3,S1_S1A_IW_SLC__1SDV_20170224T114518_20170224T114545_015425_019521_64D3_P0005,15.436349379632823,-88.99828576409824
S1_S1A_IW_SLC__1SDV_20170224T114543_20170224T114610_015425_019521_2ED5,S1_S1A_IW_SLC__1SDV_20170224T114543_20170224T114610_015425_019521_2ED5_P0001,15.436349379632823,-88.99828576409824
S1_S1A_IW_SLC__1SDV_20170224T114543_20170224T114610_015425_019521_2ED5,S1_S1A_IW_SLC__1SDV_20170224T114543_20170224T114610_015425_019521_2ED5_P0002,16.255066250263045,-88.99828576409824
S1_S1A_IW_SLC__1SDV_20170224T114543_20170224T114610_015425_019521_2ED5,S1_S1A_IW_SLC__1SDV_20170224T114543_20170224T114610_015425_019521_2ED5_P0003,16.255066250263045,-87.62527367600113
S1_S1A_IW_SLC__1SDV_20170224T114543_20170224T114610_015425_019521_2ED5,S1_S1A_IW_SLC__1SDV_20170224T114543_20170224T114610_015425_019521_2ED5_P0004,15.436349379632823,-87.62527367600113
S1_S1A_IW_SLC__1SDV_20170224T114543_20170224T114610_015425_019521_2ED5,S1_S1A_IW_SLC__1SDV_20170224T114543_20170224T114610_015425_019521_2ED5_P0005,15.436349379632823,-88.99828576409824
S1_S1A_IW_SLC__1SDV_20170226T235743_20170226T235810_015462_019635_9564,S1_S1A_IW_SLC__1SDV_20170226T235743_20170226T235810_015462_019635_9564_P0001,15.607012955029402,-87.5119601668675
S1_S1A_IW_SLC__1SDV_20170226T235743_20170226T235810_015462_019635_9564,S1_S1A_IW_SLC__1SDV_20170226T235743_20170226T235810_015462_019635_9564_P0002,16.17302149759974,-87.5119601668675
S1_S1A_IW_SLC__1SDV_20170226T235743_20170226T235810_015462_019635_9564,S1_S1A_IW_SLC__1SDV_20170226T235743_20170226T235810_015462_019635_9564_P0003,16.17302149759974,-86.86303983260098
S1_S1A_IW_SLC__1SDV_20170226T235743_20170226T235810_015462_019635_9564,S1_S1A_IW_SLC__1SDV_20170226T235743_20170226T235810_015462_019635_9564_P0004,15.607012955029402,-86.86303983260098
S1_S1A_IW_SLC__1SDV_20170226T235743_20170226T235810_015462_019635_9564,S1_S1A_IW_SLC__1SDV_20170226T235743_20170226T235810_015462_019635_9564_P0005,15.607012955029402,-87.5119601668675
S1_S1A_IW_SLC__1SDV_20170226T235808_20170226T235835_015462_019635_27A8,S1_S1A_IW_SLC__1SDV_20170226T235808_20170226T235835_015462_019635_27A8_P0001,15.607012955029402,-88.17215743268305
S1_S1A_IW_SLC__1SDV_20170226T235808_20170226T235835_015462_019635_27A8,S1_S1A_IW_SLC__1SDV_20170226T235808_20170226T235835_015462_019635_27A8_P0002,16.874406003915485,-88.17215743268305
S1_S1A_IW_SLC__1SDV_20170226T235808_20170226T235835_015462_019635_27A8,S1_S1A_IW_SLC__1SDV_20170226T235808_20170226T235835_015462_019635_27A8_P0003,16.874406003915485,-86.86303983260098
S1_S1A_IW_SLC__1SDV_20170226T235808_20170226T235835_015462_019635_27A8,S1_S1A_IW_SLC__1SDV_20170226T235808_20170226T235835_015462_019635_27A8_P0004,15.607012955029402,-86.86303983260098
S1_S1A_IW_SLC__1SDV_20170226T235808_20170226T235835_015462_019635_27A8,S1_S1A_IW_SLC__1SDV_20170226T235808_20170226T235835_015462_019635_27A8_P0005,15.607012955029402,-88.17215743268305
S1_S1A_IW_SLC__1SDV_20170322T112901_20170322T112931_015804_01A07E_E746,S1_S1A_IW_SLC__1SDV_20170322T112901_20170322T112931_015804_01A07E_E746_P0001,15.79185418239922,-85.3643907561948
S1_S1A_IW_SLC__1SDV_20170322T112901_20170322T112931_015804_01A07E_E746,S1_S1A_IW_SLC__1SDV_20170322T112901_20170322T112931_015804_01A07E_E746_P0002,16.357838329266173,-85.3643907561948
S1_S1A_IW_SLC__1SDV_20170322T112901_20170322T112931_015804_01A07E_E746,S1_S1A_IW_SLC__1SDV_20170322T112901_20170322T112931_015804_01A07E_E746_P0003,16.357838329266173,-84.6600233063052
S1_S1A_IW_SLC__1SDV_20170322T112901_20170322T112931_015804_01A07E_E746,S1_S1A_IW_SLC__1SDV_20170322T112901_20170322T112931_015804_01A07E_E746_P0004,15.79185418239922,-84.6600233063052
S1_S1A_IW_SLC__1SDV_20170322T112901_20170322T112931_015804_01A07E_E746,S1_S1A_IW_SLC__1SDV_20170322T112901_20170322T112931_015804_01A07E_E746_P0005,15.79185418239922,-85.3643907561948
S1_S1A_IW_SLC__1SDV_20170327T113700_20170327T113730_015877_01A2B2_6471,S1_S1A_IW_SLC__1SDV_20170327T113700_20170327T113730_015877_01A2B2_6471_P0001,15.712657413856142,-86.78704925521293
S1_S1A_IW_SLC__1SDV_20170327T113700_20170327T113730_015877_01A2B2_6471,S1_S1A_IW_SLC__1SDV_20170327T113700_20170327T113730_015877_01A2B2_6471_P0002,16.67953604249511,-86.78704925521293
S1_S1A_IW_SLC__1SDV_20170327T113700_20170327T113730_015877_01A2B2_6471,S1_S1A_IW_SLC__1SDV_20170327T113700_20170327T113730_015877_01A2B2_6471_P0003,16.67953604249511,-85.9176056269835
S1_S1A_IW_SLC__1SDV_20170327T113700_20170327T113730_015877_01A2B2_6471,S1_S1A_IW_SLC__1SDV_20170327T113700_20170327T113730_015877_01A2B2_6471_P0004,15.712657413856142,-85.9176056269835
S1_S1A_IW_SLC__1SDV_20170327T113700_20170327T113730_015877_01A2B2_6471,S1_S1A_IW_SLC__1SDV_20170327T113700_20170327T113730_015877_01A2B2_6471_P0005,15.712657413856142,-86.78704925521293
S1_S1A_IW_SLC__1SDV_20170825T235751_20170825T235818_018087_01E5F9_D3CA,S1_S1A_IW_SLC__1SDV_20170825T235751_20170825T235818_018087_01E5F9_D3CA_P0001,15.828801901184526,-88.16597691337944
S1_S1A_IW_SLC__1SDV_20170825T235751_20170825T235818_018087_01E5F9_D3CA,S1_S1A_IW_SLC__1SDV_20170825T235751_20170825T235818_018087_01E5F9_D3CA_P0002,16.41061166439338,-88.16597691337944
S1_S1A_IW_SLC__1SDV_20170825T235751_20170825T235818_018087_01E5F9_D3CA,S1_S1A_IW_SLC__1SDV_20170825T235751_20170825T235818_018087_01E5F9_D3CA_P0003,16.41061166439338,-87.5768449608399
S1_S1A_IW_SLC__1SDV_20170825T235751_20170825T235818_018087_01E5F9_D3CA,S1_S1A_IW_SLC__1SDV_20170825T235751_20170825T235818_018087_01E5F9_D3CA_P0004,15.828801901184526,-87.5768449608399
S1_S1A_IW_SLC__1SDV_20170825T235751_20170825T235818_018087_01E5F9_D3CA,S1_S1A_IW_SLC__1SDV_20170825T235751_20170825T235818_018087_01E5F9_D3CA_P0005,15.828801901184526,-88.16597691337944
S1_S1A_IW_SLC__1SDV_20170825T235816_20170825T235843_018087_01E5F9_252D,S1_S1A_IW_SLC__1SDV_20170825T235816_20170825T235843_018087_01E5F9_252D_P0001,15.828801901184526,-88.16597691337944
S1_S1A_IW_SLC__1SDV_20170825T235816_20170825T235843_018087_01E5F9_252D,S1_S1A_IW_SLC__1SDV_20170825T235816_20170825T235843_018087_01E5F9_252D_P0002,16.41061166439338,-88.16597691337944
S1_S1A_IW_SLC__1SDV_20170825T235816_20170825T235843_018087_01E5F9_252D,S1_S1A_IW_SLC__1SDV_20170825T235816_20170825T235843_018087_01E5F9_252D_P0003,16.41061166439338,-87.5768449608399
S1_S1A_IW_SLC__1SDV_20170825T235816_20170825T235843_018087_01E5F9_252D,S1_S1A_IW_SLC__1SDV_20170825T235816_20170825T235843_018087_01E5F9_252D_P0004,15.828801901184526,-87.5768449608399
S1_S1A_IW_SLC__1SDV_20170825T235816_20170825T235843_018087_01E5F9_252D,S1_S1A_IW_SLC__1SDV_20170825T235816_20170825T235843_018087_01E5F9_252D_P0005,15.828801901184526,-88.16597691337944
S1_S1A_IW_SLC__1SDV_20170831T000618_20170831T000645_018160_01E82D_DFF8,S1_S1A_IW_SLC__1SDV_20170831T000618_20170831T000645_018160_01E82D_DFF8_P0001,15.435198827060422,-88.69926225115887
S1_S1A_IW_SLC__1SDV_20170831T000618_20170831T000645_018160_01E82D_DFF8,S1_S1A_IW_SLC__1SDV_20170831T000618_20170831T000645_018160_01E82D_DFF8_P0002,16.11415234940613,-88.69926225115887
S1_S1A_IW_SLC__1SDV_20170831T000618_20170831T000645_018160_01E82D_DFF8,S1_S1A_IW_SLC__1SDV_20170831T000618_20170831T000645_018160_01E82D_DFF8_P0003,16.11415234940613,-87.85103079123297
S1_S1A_IW_SLC__1SDV_20170831T000618_20170831T000645_018160_01E82D_DFF8,S1_S1A_IW_SLC__1SDV_20170831T000618_20170831T000645_018160_01E82D_DFF8_P0004,15.435198827060422,-87.85103079123297
S1_S1A_IW_SLC__1SDV_20170831T000618_20170831T000645_018160_01E82D_DFF8,S1_S1A_IW_SLC__1SDV_20170831T000618_20170831T000645_018160_01E82D_DFF8_P0005,15.435198827060422,-88.69926225115887
S1_S1A_IW_SLC__1SDV_20170928T114527_20170928T114554_018575_01F501_6D3A,S1_S1A_IW_SLC__1SDV_20170928T114527_20170928T114554_018575_01F501_6D3A_P0001,15.533028832295825,-88.37430180321874
S1_S1A_IW_SLC__1SDV_20170928T114527_20170928T114554_018575_01F501_6D3A,S1_S1A_IW_SLC__1SDV_20170928T114527_20170928T114554_018575_01F501_6D3A_P0002,16.188869627099788,-88.37430180321874
S1_S1A_IW_SLC__1SDV_20170928T114527_20170928T114554_018575_01F501_6D3A,S1_S1A_IW_SLC__1SDV_20170928T114527_20170928T114554_018575_01F501_6D3A_P0003,16.188869627099788,-87.74203120459376
S1_S1A_IW_SLC__1SDV_20170928T114527_20170928T114554_018575_01F501_6D3A,S1_S1A_IW_SLC__1SDV_20170928T114527_20170928T114554_018575_01F501_6D3A_P0004,15.533028832295825,-87.74203120459376
S1_S1A_IW_SLC__1SDV_20170928T114527_20170928T114554_018575_01F501_6D3A,S1_S1A_IW_SLC__1SDV_20170928T114527_20170928T114554_018575_01F501_6D3A_P0005,15.533028832295825,-88.37430180321874
S1_S1A_IW_SLC__1SDV_20171010T114528_20171010T114555_018750_01FA56_DC8A,S1_S1A_IW_SLC__1SDV_20171010T114528_20171010T114555_018750_01FA56_DC8A_P0001,15.802411374203814,-88.16041282432768
S1_S1A_IW_SLC__1SDV_20171010T114528_20171010T114555_018750_01FA56_DC8A,S1_S1A_IW_SLC__1SDV_20171010T114528_20171010T114555_018750_01FA56_DC8A_P0002,16.352560223828963,-88.16041282432768
S1_S1A_IW_SLC__1SDV_20171010T114528_20171010T114555_018750_01FA56_DC8A,S1_S1A_IW_SLC__1SDV_20171010T114528_20171010T114555_018750_01FA56_DC8A_P0003,16.352560223828963,-87.51646333141328
S1_S1A_IW_SLC__1SDV_20171010T114528_20171010T114555_018750_01FA56_DC8A,S1_S1A_IW_SLC__1SDV_20171010T114528_20171010T114555_018750_01FA56_DC8A_P0004,15.802411374203814,-87.51646333141328
S1_S1A_IW_SLC__1SDV_20171010T114528_20171010T114555_018750_01FA56_DC8A,S1_S1A_IW_SLC__1SDV_20171010T114528_20171010T114555_018750_01FA56_DC8A_P0005,15.802411374203814,-88.16041282432768
S1_S1A_IW_SLC__1SDV_20171012T235753_20171012T235820_018787_01FB66_F901,S1_S1A_IW_SLC__1SDV_20171012T235753_20171012T235820_018787_01FB66_F901_P0001,15.70209547181161,-87.10012517620135
S1_S1A_IW_SLC__1SDV_20171012T235753_20171012T235820_018787_01FB66_F901,S1_S1A_IW_SLC__1SDV_20171012T235753_20171012T235820_018787_01FB66_F901_P0002,16.29449182080267,-87.10012517620135
S1_S1A_IW_SLC__1SDV_20171012T235753_20171012T235820_018787_01FB66_F901,S1_S1A_IW_SLC__1SDV_20171012T235753_20171012T235820_018787_01FB66_F901_P0003,16.29449182080267,-86.44540705036115
S1_S1A_IW_SLC__1SDV_20171012T235753_20171012T235820_018787_01FB66_F901,S1_S1A_IW_SLC__1SDV_20171012T235753_20171012T235820_018787_01FB66_F901_P0004,15.70209547181161,-86.44540705036115
S1_S1A_IW_SLC__1SDV_20171012T235753_20171012T235820_018787_01FB66_F901,S1_S1A_IW_SLC__1SDV_20171012T235753_20171012T235820_018787_01FB66_F901_P0005,15.70209547181161,-87.10012517620135
S1_S1A_IW_SLC__1SDV_20171012T235817_20171012T235844_018787_01FB66_2AB4,S1_S1A_IW_SLC__1SDV_20171012T235817_20171012T235844_018787_01FB66_2AB4_P0001,15.70209547181161,-87.10012517620135
S1_S1A_IW_SLC__1SDV_20171012T235817_20171012T235844_018787_01FB66_2AB4,S1_S1A_IW_SLC__1SDV_20171012T235817_20171012T235844_018787_01FB66_2AB4_P0002,16.29449182080267,-87.10012517620135
S1_S1A_IW_SLC__1SDV_20171012T235817_20171012T235844_018787_01FB66_2AB4,S1_S1A_IW_SLC__1SDV_20171012T235817_20171012T235844_018787_01FB66_2AB4_P0003,16.29449182080267,-86.44540705036115
S1_S1A_IW_SLC__1SDV_20171012T235817_20171012T235844_018787_01FB66_2AB4,S1_S1A_IW_SLC__1SDV_20171012T235817_20171012T235844_018787_01FB66_2AB4_P0004,15.70209547181161,-86.44540705036115
S1_S1A_IW_SLC__1SDV_20171012T235817_20171012T235844_018787_01FB66_2AB4,S1_S1A_IW_SLC__1SDV_20171012T235817_20171012T235844_018787_01FB66_2AB4_P0005,15.70209547181161,-87.10012517620135
S1_S1A_IW_SLC__1SDV_20171017T113709_20171017T113739_018852_01FD74_F01C,S1_S1A_IW_SLC__1SDV_20171017T113709_20171017T113739_018852_01FD74_F01C_P0001,15.70209547181161,-87.10012517620135
S1_S1A_IW_SLC__1SDV_20171017T113709_20171017T113739_018852_01FD74_F01C,S1_S1A_IW_SLC__1SDV_20171017T113709_20171017T113739_018852_01FD74_F01C_P0002,16.29449182080267,-87.10012517620135
S1_S1A_IW_SLC__1SDV_20171017T113709_20171017T113739_018852_01FD74_F01C,S1_S1A_IW_SLC__1SDV_20171017T113709_20171017T113739_018852_01FD74_F01C_P0003,16.29449182080267,-86.44540705036115
S1_S1A_IW_SLC__1SDV_20171017T113709_20171017T113739_018852_01FD74_F01C,S1_S1A_IW_SLC__1SDV_20171017T113709_20171017T113739_018852_01FD74_F01C_P0004,15.70209547181161,-86.44540705036115
S1_S1A_IW_SLC__1SDV_20171017T113709_20171017T113739_018852_01FD74_F01C,S1_S1A_IW_SLC__1SDV_20171017T113709_20171017T113739_018852_01FD74_F01C_P0005,15.70209547181161,-87.10012517620135
S1_S1A_IW_SLC__1SDV_20171203T223313_20171203T223341_019544_0212E6_4612,S1_S1A_IW_SLC__1SDV_20171203T223313_20171203T223341_019544_0212E6_4612_P0001,-6.279836778584312,106.57674634207596
S1_S1A_IW_SLC__1SDV_20171203T223313_20171203T223341_019544_0212E6_4612,S1_S1A_IW_SLC__1SDV_20171203T223313_20171203T223341_019544_0212E6_4612_P0002,-5.716940365005332,106.57674634207596
S1_S1A_IW_SLC__1SDV_20171203T223313_20171203T223341_019544_0212E6_4612,S1_S1A_IW_SLC__1SDV_20171203T223313_20171203T223341_019544_0212E6_4612_P0003,-5.716940365005332,107.16562704746244
S1_S1A_IW_SLC__1SDV_20171203T223313_20171203T223341_019544_0212E6_4612,S1_S1A_IW_SLC__1SDV_20171203T223313_20171203T223341_019544_0212E6_4612_P0004,-6.279836778584312,107.16562704746244
S1_S1A_IW_SLC__1SDV_20171203T223313_20171203T223341_019544_0212E6_4612,S1_S1A_IW_SLC__1SDV_20171203T223313_20171203T223341_019544_0212E6_4612_P0005,-6.279836778584312,106.57674634207596
S1_S1A_IW_SLC__1SDV_20171203T223338_20171203T223406_019544_0212E6_3713,S1_S1A_IW_SLC__1SDV_20171203T223338_20171203T223406_019544_0212E6_3713_P0001,-6.279836778584312,106.57674634207596
S1_S1A_IW_SLC__1SDV_20171203T223338_20171203T223406_019544_0212E6_3713,S1_S1A_IW_SLC__1SDV_20171203T223338_20171203T223406_019544_0212E6_3713_P0002,-5.716940365005332,106.57674634207596
S1_S1A_IW_SLC__1SDV_20171203T223338_20171203T223406_019544_0212E6_3713,S1_S1A_IW_SLC__1SDV_20171203T223338_20171203T223406_019544_0212E6_3713_P0003,-5.716940365005332,107.16562704746244
S1_S1A_IW_SLC__1SDV_20171203T223338_20171203T223406_019544_0212E6_3713,S1_S1A_IW_SLC__1SDV_20171203T223338_20171203T223406_019544_0212E6_3713_P0004,-6.279836778584312,107.16562704746244
S1_S1A_IW_SLC__1SDV_20171203T223338_20171203T223406_019544_0212E6_3713,S1_S1A_IW_SLC__1SDV_20171203T223338_20171203T223406_019544_0212E6_3713_P0005,-6.279836778584312,106.57674634207596
S1_S1A_IW_SLC__1SDV_20171207T111502_20171207T111530_019595_021487_BBD3,S1_S1A_IW_SLC__1SDV_20171207T111502_20171207T111530_019595_021487_BBD3_P0001,-6.279836778584312,106.57674634207596
S1_S1A_IW_SLC__1SDV_20171207T111502_20171207T111530_019595_021487_BBD3,S1_S1A_IW_SLC__1SDV_20171207T111502_20171207T111530_019595_021487_BBD3_P0002,-5.716940365005332,106.57674634207596
S1_S1A_IW_SLC__1SDV_20171207T111502_20171207T111530_019595_021487_BBD3,S1_S1A_IW_SLC__1SDV_20171207T111502_20171207T111530_019595_021487_BBD3_P0003,-5.716940365005332,107.16562704746244
S1_S1A_IW_SLC__1SDV_20171207T111502_20171207T111530_019595_021487_BBD3,S1_S1A_IW_SLC__1SDV_20171207T111502_20171207T111530_019595_021487_BBD3_P0004,-6.279836778584312,107.16562704746244
S1_S1A_IW_SLC__1SDV_20171207T111502_20171207T111530_019595_021487_BBD3,S1_S1A_IW_SLC__1SDV_20171207T111502_20171207T111530_019595_021487_BBD3_P0005,-6.279836778584312,106.57674634207596
S1_S1A_IW_SLC__1SDV_20180214T113706_20180214T113736_020602_02344F_F816,S1_S1A_IW_SLC__1SDV_20180214T113706_20180214T113736_020602_02344F_F816_P0001,15.5168702981655,-87.2599424969865
S1_S1A_IW_SLC__1SDV_20180214T113706_20180214T113736_020602_02344F_F816,S1_S1A_IW_SLC__1SDV_20180214T113706_20180214T113736_020602_02344F_F816_P0002,16.241527436717575,-87.2599424969865
S1_S1A_IW_SLC__1SDV_20180214T113706_20180214T113736_020602_02344F_F816,S1_S1A_IW_SLC__1SDV_20180214T113706_20180214T113736_020602_02344F_F816_P0003,16.241527436717575,-85.98152009921802
S1_S1A_IW_SLC__1SDV_20180214T113706_20180214T113736_020602_02344F_F816,S1_S1A_IW_SLC__1SDV_20180214T113706_20180214T113736_020602_02344F_F816_P0004,15.5168702981655,-85.98152009921802
S1_S1A_IW_SLC__1SDV_20180214T113706_20180214T113736_020602_02344F_F816,S1_S1A_IW_SLC__1SDV_20180214T113706_20180214T113736_020602_02344F_F816_P0005,15.5168702981655,-87.2599424969865
S1_S1A_IW_SLC__1SDV_20180214T113734_20180214T113802_020602_02344F_9E31,S1_S1A_IW_SLC__1SDV_20180214T113734_20180214T113802_020602_02344F_9E31_P0001,15.5168702981655,-87.2599424969865
S1_S1A_IW_SLC__1SDV_20180214T113734_20180214T113802_020602_02344F_9E31,S1_S1A_IW_SLC__1SDV_20180214T113734_20180214T113802_020602_02344F_9E31_P0002,16.241527436717575,-87.2599424969865
S1_S1A_IW_SLC__1SDV_20180214T113734_20180214T113802_020602_02344F_9E31,S1_S1A_IW_SLC__1SDV_20180214T113734_20180214T113802_020602_02344F_9E31_P0003,16.241527436717575,-85.98152009921802
S1_S1A_IW_SLC__1SDV_20180214T113734_20180214T113802_020602_02344F_9E31,S1_S1A_IW_SLC__1SDV_20180214T113734_20180214T113802_020602_02344F_9E31_P0004,15.5168702981655,-85.98152009921802
S1_S1A_IW_SLC__1SDV_20180214T113734_20180214T113802_020602_02344F_9E31,S1_S1A_IW_SLC__1SDV_20180214T113734_20180214T113802_020602_02344F_9E31_P0005,15.5168702981655,-87.2599424969865
S1_S1A_IW_SLC__1SDV_20180219T114524_20180219T114551_020675_0236A3_8FAB,S1_S1A_IW_SLC__1SDV_20180219T114524_20180219T114551_020675_0236A3_8FAB_P0001,15.427338855980462,-88.60607258960503
S1_S1A_IW_SLC__1SDV_20180219T114524_20180219T114551_020675_0236A3_8FAB,S1_S1A_IW_SLC__1SDV_20180219T114524_20180219T114551_020675_0236A3_8FAB_P0002,16.17492831758835,-88.60607258960503
S1_S1A_IW_SLC__1SDV_20180219T114524_20180219T114551_020675_0236A3_8FAB,S1_S1A_IW_SLC__1SDV_20180219T114524_20180219T114551_020675_0236A3_8FAB_P0003,16.17492831758835,-87.78238175839385
S1_S1A_IW_SLC__1SDV_20180219T114524_20180219T114551_020675_0236A3_8FAB,S1_S1A_IW_SLC__1SDV_20180219T114524_20180219T114551_020675_0236A3_8FAB_P0004,15.427338855980462,-87.78238175839385
S1_S1A_IW_SLC__1SDV_20180219T114524_20180219T114551_020675_0236A3_8FAB,S1_S1A_IW_SLC__1SDV_20180219T114524_20180219T114551_020675_0236A3_8FAB_P0005,15.427338855980462,-88.60607258960503
S1_S1A_IW_SLC__1SDV_20180219T114549_20180219T114616_020675_0236A3_1819,S1_S1A_IW_SLC__1SDV_20180219T114549_20180219T114616_020675_0236A3_1819_P0001,15.427338855980462,-88.60607258960503
S1_S1A_IW_SLC__1SDV_20180219T114549_20180219T114616_020675_0236A3_1819,S1_S1A_IW_SLC__1SDV_20180219T114549_20180219T114616_020675_0236A3_1819_P0002,16.17492831758835,-88.60607258960503
S1_S1A_IW_SLC__1SDV_20180219T114549_20180219T114616_020675_0236A3_1819,S1_S1A_IW_SLC__1SDV_20180219T114549_20180219T114616_020675_0236A3_1819_P0003,16.17492831758835,-87.78238175839385
S1_S1A_IW_SLC__1SDV_20180219T114549_20180219T114616_020675_0236A3_1819,S1_S1A_IW_SLC__1SDV_20180219T114549_20180219T114616_020675_0236A3_1819_P0004,15.427338855980462,-87.78238175839385
S1_S1A_IW_SLC__1SDV_20180219T114549_20180219T114616_020675_0236A3_1819,S1_S1A_IW_SLC__1SDV_20180219T114549_20180219T114616_020675_0236A3_1819_P0005,15.427338855980462,-88.60607258960503
S1_S1A_IW_SLC__1SDV_20180226T113706_20180226T113736_020777_0239E5_1314,S1_S1A_IW_SLC__1SDV_20180226T113706_20180226T113736_020777_0239E5_1314_P0001,16.182094496299715,-86.43068463158465
S1_S1A_IW_SLC__1SDV_20180226T113706_20180226T113736_020777_0239E5_1314,S1_S1A_IW_SLC__1SDV_20180226T113706_20180226T113736_020777_0239E5_1314_P0002,16.821757831089872,-86.43068463158465
S1_S1A_IW_SLC__1SDV_20180226T113706_20180226T113736_020777_0239E5_1314,S1_S1A_IW_SLC__1SDV_20180226T113706_20180226T113736_020777_0239E5_1314_P0003,16.821757831089872,-85.4614509234023
S1_S1A_IW_SLC__1SDV_20180226T113706_20180226T113736_020777_0239E5_1314,S1_S1A_IW_SLC__1SDV_20180226T113706_20180226T113736_020777_0239E5_1314_P0004,16.182094496299715,-85.4614509234023
S1_S1A_IW_SLC__1SDV_20180226T113706_20180226T113736_020777_0239E5_1314,S1_S1A_IW_SLC__1SDV_20180226T113706_20180226T113736_020777_0239E5_1314_P0005,16.182094496299715,-86.43068463158465
S1_S1A_IW_SLC__1SDV_20180305T104110_20180305T104140_020878_023D06_07A9,S1_S1A_IW_SLC__1SDV_20180305T104110_20180305T104140_020878_023D06_07A9_P0001,-9.35541258776083,114.91314823657177
S1_S1A_IW_SLC__1SDV_20180305T104110_20180305T104140_020878_023D06_07A9,S1_S1A_IW_SLC__1SDV_20180305T104110_20180305T104140_020878_023D06_07A9_P0002,-8.398207345008178,114.91314823657177
S1_S1A_IW_SLC__1SDV_20180305T104110_20180305T104140_020878_023D06_07A9,S1_S1A_IW_SLC__1SDV_20180305T104110_20180305T104140_020878_023D06_07A9_P0003,-8.398207345008178,116.05268680232034
S1_S1A_IW_SLC__1SDV_20180305T104110_20180305T104140_020878_023D06_07A9,S1_S1A_IW_SLC__1SDV_20180305T104110_20180305T104140_020878_023D06_07A9_P0004,-9.35541258776083,116.05268680232034
S1_S1A_IW_SLC__1SDV_20180305T104110_20180305T104140_020878_023D06_07A9,S1_S1A_IW_SLC__1SDV_20180305T104110_20180305T104140_020878_023D06_07A9_P0005,-9.35541258776083,114.91314823657177
S1_S1A_IW_SLC__1SDV_20180305T235749_20180305T235816_020887_023D47_BD35,S1_S1A_IW_SLC__1SDV_20180305T235749_20180305T235816_020887_023D47_BD35_P0001,15.894311642371544,-87.10381100690624
S1_S1A_IW_SLC__1SDV_20180305T235749_20180305T235816_020887_023D47_BD35,S1_S1A_IW_SLC__1SDV_20180305T235749_20180305T235816_020887_023D47_BD35_P0002,16.550385896174937,-87.10381100690624
S1_S1A_IW_SLC__1SDV_20180305T235749_20180305T235816_020887_023D47_BD35,S1_S1A_IW_SLC__1SDV_20180305T235749_20180305T235816_020887_023D47_BD35_P0003,16.550385896174937,-86.06285171757402
S1_S1A_IW_SLC__1SDV_20180305T235749_20180305T235816_020887_023D47_BD35,S1_S1A_IW_SLC__1SDV_20180305T235749_20180305T235816_020887_023D47_BD35_P0004,15.894311642371544,-86.06285171757402
S1_S1A_IW_SLC__1SDV_20180305T235749_20180305T235816_020887_023D47_BD35,S1_S1A_IW_SLC__1SDV_20180305T235749_20180305T235816_020887_023D47_BD35_P0005,15.894311642371544,-87.10381100690624
S1_S1A_IW_SLC__1SDV_20180305T235814_20180305T235841_020887_023D47_F0AD,S1_S1A_IW_SLC__1SDV_20180305T235814_20180305T235841_020887_023D47_F0AD_P0001,15.894311642371544,-87.10381100690624
S1_S1A_IW_SLC__1SDV_20180305T235814_20180305T235841_020887_023D47_F0AD,S1_S1A_IW_SLC__1SDV_20180305T235814_20180305T235841_020887_023D47_F0AD_P0002,16.550385896174937,-87.10381100690624
S1_S1A_IW_SLC__1SDV_20180305T235814_20180305T235841_020887_023D47_F0AD,S1_S1A_IW_SLC__1SDV_20180305T235814_20180305T235841_020887_023D47_F0AD_P0003,16.550385896174937,-86.06285171757402
S1_S1A_IW_SLC__1SDV_20180305T235814_20180305T235841_020887_023D47_F0AD,S1_S1A_IW_SLC__1SDV_20180305T235814_20180305T235841_020887_023D47_F0AD_P0004,15.894311642371544,-86.06285171757402
S1_S1A_IW_SLC__1SDV_20180305T235814_20180305T235841_020887_023D47_F0AD,S1_S1A_IW_SLC__1SDV_20180305T235814_20180305T235841_020887_023D47_F0AD_P0005,15.894311642371544,-87.10381100690624
S1_S1A_IW_SLC__1SDV_20180310T113706_20180310T113736_020952_023F65_5F7F,S1_S1A_IW_SLC__1SDV_20180310T113706_20180310T113736_020952_023F65_5F7F_P0001,15.894311642371544,-87.10381100690624
S1_S1A_IW_SLC__1SDV_20180310T113706_20180310T113736_020952_023F65_5F7F,S1_S1A_IW_SLC__1SDV_20180310T113706_20180310T113736_020952_023F65_5F7F_P0002,16.79022858181322,-87.10381100690624
S1_S1A_IW_SLC__1SDV_20180310T113706_20180310T113736_020952_023F65_5F7F,S1_S1A_IW_SLC__1SDV_20180310T113706_20180310T113736_020952_023F65_5F7F_P0003,16.79022858181322,-85.8479711322903
S1_S1A_IW_SLC__1SDV_20180310T113706_20180310T113736_020952_023F65_5F7F,S1_S1A_IW_SLC__1SDV_20180310T113706_20180310T113736_020952_023F65_5F7F_P0004,15.894311642371544,-85.8479711322903
S1_S1A_IW_SLC__1SDV_20180310T113706_20180310T113736_020952_023F65_5F7F,S1_S1A_IW_SLC__1SDV_20180310T113706_20180310T113736_020952_023F65_5F7F_P0005,15.894311642371544,-87.10381100690624
S1_S1A_IW_SLC__1SDV_20180417T061638_20180417T061705_021503_0250BC_6CFA,S1_S1A_IW_SLC__1SDV_20180417T061638_20180417T061705_021503_0250BC_6CFA_P0001,43.24243745009708,-2.5624417696388893
S1_S1A_IW_SLC__1SDV_20180417T061638_20180417T061705_021503_0250BC_6CFA,S1_S1A_IW_SLC__1SDV_20180417T061638_20180417T061705_021503_0250BC_6CFA_P0002,44.51347328289935,-2.5624417696388893
S1_S1A_IW_SLC__1SDV_20180417T061638_20180417T061705_021503_0250BC_6CFA,S1_S1A_IW_SLC__1SDV_20180417T061638_20180417T061705_021503_0250BC_6CFA_P0003,44.51347328289935,-1.259041158529437
S1_S1A_IW_SLC__1SDV_20180417T061638_20180417T061705_021503_0250BC_6CFA,S1_S1A_IW_SLC__1SDV_20180417T061638_20180417T061705_021503_0250BC_6CFA_P0004,43.24243745009708,-1.259041158529437
S1_S1A_IW_SLC__1SDV_20180417T061638_20180417T061705_021503_0250BC_6CFA,S1_S1A_IW_SLC__1SDV_20180417T061638_20180417T061705_021503_0250BC_6CFA_P0005,43.24243745009708,-2.5624417696388893
S1_S1A_IW_SLC__1SDV_20180417T061703_20180417T061730_021503_0250BC_1820,S1_S1A_IW_SLC__1SDV_20180417T061703_20180417T061730_021503_0250BC_1820_P0001,43.24243745009708,-2.5624417696388893
S1_S1A_IW_SLC__1SDV_20180417T061703_20180417T061730_021503_0250BC_1820,S1_S1A_IW_SLC__1SDV_20180417T061703_20180417T061730_021503_0250BC_1820_P0002,44.51347328289935,-2.5624417696388893
S1_S1A_IW_SLC__1SDV_20180417T061703_20180417T061730_021503_0250BC_1820,S1_S1A_IW_SLC__1SDV_20180417T061703_20180417T061730_021503_0250BC_1820_P0003,44.51347328289935,-1.259041158529437
S1_S1A_IW_SLC__1SDV_20180417T061703_20180417T061730_021503_0250BC_1820,S1_S1A_IW_SLC__1SDV_20180417T061703_20180417T061730_021503_0250BC_1820_P0004,43.24243745009708,-1.259041158529437
S1_S1A_IW_SLC__1SDV_20180417T061703_20180417T061730_021503_0250BC_1820,S1_S1A_IW_SLC__1SDV_20180417T061703_20180417T061730_021503_0250BC_1820_P0005,43.24243745009708,-2.5624417696388893
S1_S1A_IW_SLC__1SDV_20180420T175048_20180420T175115_021554_02524F_11F3,S1_S1A_IW_SLC__1SDV_20180420T175048_20180420T175115_021554_02524F_11F3_P0001,55.88277008742356,-3.0916771517868495
S1_S1A_IW_SLC__1SDV_20180420T175048_20180420T175115_021554_02524F_11F3,S1_S1A_IW_SLC__1SDV_20180420T175048_20180420T175115_021554_02524F_11F3_P0002,56.6759945638542,-3.0916771517868495
S1_S1A_IW_SLC__1SDV_20180420T175048_20180420T175115_021554_02524F_11F3,S1_S1A_IW_SLC__1SDV_20180420T175048_20180420T175115_021554_02524F_11F3_P0003,56.6759945638542,-1.8316652509012754
S1_S1A_IW_SLC__1SDV_20180420T175048_20180420T175115_021554_02524F_11F3,S1_S1A_IW_SLC__1SDV_20180420T175048_20180420T175115_021554_02524F_11F3_P0004,55.88277008742356,-1.8316652509012754
S1_S1A_IW_SLC__1SDV_20180420T175048_20180420T175115_021554_02524F_11F3,S1_S1A_IW_SLC__1SDV_20180420T175048_20180420T175115_021554_02524F_11F3_P0005,55.88277008742356,-3.0916771517868495
S1_S1A_IW_SLC__1SDV_20180530T165236_20180530T165306_022136_0264C5_5103,S1_S1A_IW_SLC__1SDV_20180530T165236_20180530T165306_022136_0264C5_5103_P0001,-34.196140776716085,26.687720568638046
S1_S1A_IW_SLC__1SDV_20180530T165236_20180530T165306_022136_0264C5_5103,S1_S1A_IW_SLC__1SDV_20180530T165236_20180530T165306_022136_0264C5_5103_P0002,-33.22093818341919,26.687720568638046
S1_S1A_IW_SLC__1SDV_20180530T165236_20180530T165306_022136_0264C5_5103,S1_S1A_IW_SLC__1SDV_20180530T165236_20180530T165306_022136_0264C5_5103_P0003,-33.22093818341919,27.652368883507936
S1_S1A_IW_SLC__1SDV_20180530T165236_20180530T165306_022136_0264C5_5103,S1_S1A_IW_SLC__1SDV_20180530T165236_20180530T165306_022136_0264C5_5103_P0004,-34.196140776716085,27.652368883507936
S1_S1A_IW_SLC__1SDV_20180530T165236_20180530T165306_022136_0264C5_5103,S1_S1A_IW_SLC__1SDV_20180530T165236_20180530T165306_022136_0264C5_5103_P0005,-34.196140776716085,26.687720568638046
S1_S1A_IW_SLC__1SDV_20180530T165304_20180530T165332_022136_0264C5_57B3,S1_S1A_IW_SLC__1SDV_20180530T165304_20180530T165332_022136_0264C5_57B3_P0001,-34.196140776716085,26.687720568638046
S1_S1A_IW_SLC__1SDV_20180530T165304_20180530T165332_022136_0264C5_57B3,S1_S1A_IW_SLC__1SDV_20180530T165304_20180530T165332_022136_0264C5_57B3_P0002,-33.22093818341919,26.687720568638046
S1_S1A_IW_SLC__1SDV_20180530T165304_20180530T165332_022136_0264C5_57B3,S1_S1A_IW_SLC__1SDV_20180530T165304_20180530T165332_022136_0264C5_57B3_P0003,-33.22093818341919,27.652368883507936
S1_S1A_IW_SLC__1SDV_20180530T165304_20180530T165332_022136_0264C5_57B3,S1_S1A_IW_SLC__1SDV_20180530T165304_20180530T165332_022136_0264C5_57B3_P0004,-34.196140776716085,27.652368883507936
S1_S1A_IW_SLC__1SDV_20180530T165304_20180530T165332_022136_0264C5_57B3,S1_S1A_IW_SLC__1SDV_20180530T165304_20180530T165332_022136_0264C5_57B3_P0005,-34.196140776716085,26.687720568638046
S1_S1A_IW_SLC__1SDV_20180607T160715_20180607T160742_022253_02686F_1B45,S1_S1A_IW_SLC__1SDV_20180607T160715_20180607T160742_022253_02686F_1B45_P0001,38.834692700323124,26.21725414897716
S1_S1A_IW_SLC__1SDV_20180607T160715_20180607T160742_022253_02686F_1B45,S1_S1A_IW_SLC__1SDV_20180607T160715_20180607T160742_022253_02686F_1B45_P0002,39.37854746847594,26.21725414897716
S1_S1A_IW_SLC__1SDV_20180607T160715_20180607T160742_022253_02686F_1B45,S1_S1A_IW_SLC__1SDV_20180607T160715_20180607T160742_022253_02686F_1B45_P0003,39.37854746847594,26.91812182758534
S1_S1A_IW_SLC__1SDV_20180607T160715_20180607T160742_022253_02686F_1B45,S1_S1A_IW_SLC__1SDV_20180607T160715_20180607T160742_022253_02686F_1B45_P0004,38.834692700323124,26.91812182758534
S1_S1A_IW_SLC__1SDV_20180607T160715_20180607T160742_022253_02686F_1B45,S1_S1A_IW_SLC__1SDV_20180607T160715_20180607T160742_022253_02686F_1B45_P0005,38.834692700323124,26.21725414897716
S1_S1A_IW_SLC__1SDV_20180611T060624_20180611T060651_022305_026A07_2143,S1_S1A_IW_SLC__1SDV_20180611T060624_20180611T060651_022305_026A07_2143_P0001,51.118148290007184,0.12839805253897096
S1_S1A_IW_SLC__1SDV_20180611T060624_20180611T060651_022305_026A07_2143,S1_S1A_IW_SLC__1SDV_20180611T060624_20180611T060651_022305_026A07_2143_P0002,51.71514181666781,0.12839805253897096
S1_S1A_IW_SLC__1SDV_20180611T060624_20180611T060651_022305_026A07_2143,S1_S1A_IW_SLC__1SDV_20180611T060624_20180611T060651_022305_026A07_2143_P0003,51.71514181666781,1.1699298549125965
S1_S1A_IW_SLC__1SDV_20180611T060624_20180611T060651_022305_026A07_2143,S1_S1A_IW_SLC__1SDV_20180611T060624_20180611T060651_022305_026A07_2143_P0004,51.118148290007184,1.1699298549125965
S1_S1A_IW_SLC__1SDV_20180611T060624_20180611T060651_022305_026A07_2143,S1_S1A_IW_SLC__1SDV_20180611T060624_20180611T060651_022305_026A07_2143_P0005,51.118148290007184,0.12839805253897096
S1_S1A_IW_SLC__1SDV_20180611T060649_20180611T060716_022305_026A07_EF2B,S1_S1A_IW_SLC__1SDV_20180611T060649_20180611T060716_022305_026A07_EF2B_P0001,51.118148290007184,0.12839805253897096
S1_S1A_IW_SLC__1SDV_20180611T060649_20180611T060716_022305_026A07_EF2B,S1_S1A_IW_SLC__1SDV_20180611T060649_20180611T060716_022305_026A07_EF2B_P0002,51.71514181666781,0.12839805253897096
S1_S1A_IW_SLC__1SDV_20180611T060649_20180611T060716_022305_026A07_EF2B,S1_S1A_IW_SLC__1SDV_20180611T060649_20180611T060716_022305_026A07_EF2B_P0003,51.71514181666781,1.1699298549125965
S1_S1A_IW_SLC__1SDV_20180611T060649_20180611T060716_022305_026A07_EF2B,S1_S1A_IW_SLC__1SDV_20180611T060649_20180611T060716_022305_026A07_EF2B_P0004,51.118148290007184,1.1699298549125965
S1_S1A_IW_SLC__1SDV_20180611T060649_20180611T060716_022305_026A07_EF2B,S1_S1A_IW_SLC__1SDV_20180611T060649_20180611T060716_022305_026A07_EF2B_P0005,51.118148290007184,0.12839805253897096
S1_S1A_IW_SLC__1SDV_20180629T051852_20180629T051919_022567_0271CF_EE7D,S1_S1A_IW_SLC__1SDV_20180629T051852_20180629T051919_022567_0271CF_EE7D_P0001,44.78408213611255,11.86883520484123
S1_S1A_IW_SLC__1SDV_20180629T051852_20180629T051919_022567_0271CF_EE7D,S1_S1A_IW_SLC__1SDV_20180629T051852_20180629T051919_022567_0271CF_EE7D_P0002,45.80418659703606,11.86883520484123
S1_S1A_IW_SLC__1SDV_20180629T051852_20180629T051919_022567_0271CF_EE7D,S1_S1A_IW_SLC__1SDV_20180629T051852_20180629T051919_022567_0271CF_EE7D_P0003,45.80418659703606,13.185237844803243
S1_S1A_IW_SLC__1SDV_20180629T051852_20180629T051919_022567_0271CF_EE7D,S1_S1A_IW_SLC__1SDV_20180629T051852_20180629T051919_022567_0271CF_EE7D_P0004,44.78408213611255,13.185237844803243
S1_S1A_IW_SLC__1SDV_20180629T051852_20180629T051919_022567_0271CF_EE7D,S1_S1A_IW_SLC__1SDV_20180629T051852_20180629T051919_022567_0271CF_EE7D_P0005,44.78408213611255,11.86883520484123
S1_S1A_IW_SLC__1SDV_20180630T170626_20180630T170653_022589_02727A_F0C9,S1_S1A_IW_SLC__1SDV_20180630T170626_20180630T170653_022589_02727A_F0C9_P0001,44.78408213611255,11.86883520484123
S1_S1A_IW_SLC__1SDV_20180630T170626_20180630T170653_022589_02727A_F0C9,S1_S1A_IW_SLC__1SDV_20180630T170626_20180630T170653_022589_02727A_F0C9_P0002,45.80418659703606,11.86883520484123
S1_S1A_IW_SLC__1SDV_20180630T170626_20180630T170653_022589_02727A_F0C9,S1_S1A_IW_SLC__1SDV_20180630T170626_20180630T170653_022589_02727A_F0C9_P0003,45.80418659703606,13.185237844803243
S1_S1A_IW_SLC__1SDV_20180630T170626_20180630T170653_022589_02727A_F0C9,S1_S1A_IW_SLC__1SDV_20180630T170626_20180630T170653_022589_02727A_F0C9_P0004,44.78408213611255,13.185237844803243
S1_S1A_IW_SLC__1SDV_20180630T170626_20180630T170653_022589_02727A_F0C9,S1_S1A_IW_SLC__1SDV_20180630T170626_20180630T170653_022589_02727A_F0C9_P0005,44.78408213611255,11.86883520484123
S1_S1A_IW_SLC__1SDV_20180711T225836_20180711T225903_022753_027755_DA41,S1_S1A_IW_SLC__1SDV_20180711T225836_20180711T225903_022753_027755_DA41_P0001,38.528351298098556,-76.6784017995868
S1_S1A_IW_SLC__1SDV_20180711T225836_20180711T225903_022753_027755_DA41,S1_S1A_IW_SLC__1SDV_20180711T225836_20180711T225903_022753_027755_DA41_P0002,39.16016057758789,-76.6784017995868
S1_S1A_IW_SLC__1SDV_20180711T225836_20180711T225903_022753_027755_DA41,S1_S1A_IW_SLC__1SDV_20180711T225836_20180711T225903_022753_027755_DA41_P0003,39.16016057758789,-75.920765874987
S1_S1A_IW_SLC__1SDV_20180711T225836_20180711T225903_022753_027755_DA41,S1_S1A_IW_SLC__1SDV_20180711T225836_20180711T225903_022753_027755_DA41_P0004,38.528351298098556,-75.920765874987
S1_S1A_IW_SLC__1SDV_20180711T225836_20180711T225903_022753_027755_DA41,S1_S1A_IW_SLC__1SDV_20180711T225836_20180711T225903_022753_027755_DA41_P0005,38.528351298098556,-76.6784017995868
S1_S1A_IW_SLC__1SDV_20180802T135244_20180802T135311_023068_028123_A301,S1_S1A_IW_SLC__1SDV_20180802T135244_20180802T135311_023068_028123_A301_P0001,32.30073890262826,-117.63200525665438
S1_S1A_IW_SLC__1SDV_20180802T135244_20180802T135311_023068_028123_A301,S1_S1A_IW_SLC__1SDV_20180802T135244_20180802T135311_023068_028123_A301_P0002,33.13063177427715,-117.63200525665438
S1_S1A_IW_SLC__1SDV_20180802T135244_20180802T135311_023068_028123_A301,S1_S1A_IW_SLC__1SDV_20180802T135244_20180802T135311_023068_028123_A301_P0003,33.13063177427715,-116.83021147631514
S1_S1A_IW_SLC__1SDV_20180802T135244_20180802T135311_023068_028123_A301,S1_S1A_IW_SLC__1SDV_20180802T135244_20180802T135311_023068_028123_A301_P0004,32.30073890262826,-116.83021147631514
S1_S1A_IW_SLC__1SDV_20180802T135244_20180802T135311_023068_028123_A301,S1_S1A_IW_SLC__1SDV_20180802T135244_20180802T135311_023068_028123_A301_P0005,32.30073890262826,-117.63200525665438
S1_S1A_IW_SLC__1SDV_20180830T114533_20180830T114600_023475_028E42_1ED7,S1_S1A_IW_SLC__1SDV_20180830T114533_20180830T114600_023475_028E42_1ED7_P0001,15.457917400456523,-88.9944093306455
S1_S1A_IW_SLC__1SDV_20180830T114533_20180830T114600_023475_028E42_1ED7,S1_S1A_IW_SLC__1SDV_20180830T114533_20180830T114600_023475_028E42_1ED7_P0002,16.32478044665864,-88.9944093306455
S1_S1A_IW_SLC__1SDV_20180830T114533_20180830T114600_023475_028E42_1ED7,S1_S1A_IW_SLC__1SDV_20180830T114533_20180830T114600_023475_028E42_1ED7_P0003,16.32478044665864,-87.78910353984975
S1_S1A_IW_SLC__1SDV_20180830T114533_20180830T114600_023475_028E42_1ED7,S1_S1A_IW_SLC__1SDV_20180830T114533_20180830T114600_023475_028E42_1ED7_P0004,15.457917400456523,-87.78910353984975
S1_S1A_IW_SLC__1SDV_20180830T114533_20180830T114600_023475_028E42_1ED7,S1_S1A_IW_SLC__1SDV_20180830T114533_20180830T114600_023475_028E42_1ED7_P0005,15.457917400456523,-88.9944093306455
S1_S1A_IW_SLC__1SDV_20180830T114558_20180830T114625_023475_028E42_5A19,S1_S1A_IW_SLC__1SDV_20180830T114558_20180830T114625_023475_028E42_5A19_P0001,15.457917400456523,-88.9944093306455
S1_S1A_IW_SLC__1SDV_20180830T114558_20180830T114625_023475_028E42_5A19,S1_S1A_IW_SLC__1SDV_20180830T114558_20180830T114625_023475_028E42_5A19_P0002,16.32478044665864,-88.9944093306455
S1_S1A_IW_SLC__1SDV_20180830T114558_20180830T114625_023475_028E42_5A19,S1_S1A_IW_SLC__1SDV_20180830T114558_20180830T114625_023475_028E42_5A19_P0003,16.32478044665864,-87.78910353984975
S1_S1A_IW_SLC__1SDV_20180830T114558_20180830T114625_023475_028E42_5A19,S1_S1A_IW_SLC__1SDV_20180830T114558_20180830T114625_023475_028E42_5A19_P0004,15.457917400456523,-87.78910353984975
S1_S1A_IW_SLC__1SDV_20180830T114558_20180830T114625_023475_028E42_5A19,S1_S1A_IW_SLC__1SDV_20180830T114558_20180830T114625_023475_028E42_5A19_P0005,15.457917400456523,-88.9944093306455
S1_S1A_IW_SLC__1SDV_20180918T113716_20180918T113745_023752_02971C_2F2E,S1_S1A_IW_SLC__1SDV_20180918T113716_20180918T113745_023752_02971C_2F2E_P0001,16.071429510090123,-87.28191662799772
S1_S1A_IW_SLC__1SDV_20180918T113716_20180918T113745_023752_02971C_2F2E,S1_S1A_IW_SLC__1SDV_20180918T113716_20180918T113745_023752_02971C_2F2E_P0002,16.67953604249511,-87.28191662799772
S1_S1A_IW_SLC__1SDV_20180918T113716_20180918T113745_023752_02971C_2F2E,S1_S1A_IW_SLC__1SDV_20180918T113716_20180918T113745_023752_02971C_2F2E_P0003,16.67953604249511,-86.52179430950228
S1_S1A_IW_SLC__1SDV_20180918T113716_20180918T113745_023752_02971C_2F2E,S1_S1A_IW_SLC__1SDV_20180918T113716_20180918T113745_023752_02971C_2F2E_P0004,16.071429510090123,-86.52179430950228
S1_S1A_IW_SLC__1SDV_20180918T113716_20180918T113745_023752_02971C_2F2E,S1_S1A_IW_SLC__1SDV_20180918T113716_20180918T113745_023752_02971C_2F2E_P0005,16.071429510090123,-87.28191662799772
S1_S1A_IW_SLC__1SDV_20180929T165813_20180929T165840_023916_029C64_EDCF,S1_S1A_IW_SLC__1SDV_20180929T165813_20180929T165840_023916_029C64_EDCF_P0001,45.10751293091907,12.322340568091738
S1_S1A_IW_SLC__1SDV_20180929T165813_20180929T165840_023916_029C64_EDCF,S1_S1A_IW_SLC__1SDV_20180929T165813_20180929T165840_023916_029C64_EDCF_P0002,46.01549397856318,12.322340568091738
S1_S1A_IW_SLC__1SDV_20180929T165813_20180929T165840_023916_029C64_EDCF,S1_S1A_IW_SLC__1SDV_20180929T165813_20180929T165840_023916_029C64_EDCF_P0003,46.01549397856318,13.935503566840127
S1_S1A_IW_SLC__1SDV_20180929T165813_20180929T165840_023916_029C64_EDCF,S1_S1A_IW_SLC__1SDV_20180929T165813_20180929T165840_023916_029C64_EDCF_P0004,45.10751293091907,13.935503566840127
S1_S1A_IW_SLC__1SDV_20180929T165813_20180929T165840_023916_029C64_EDCF,S1_S1A_IW_SLC__1SDV_20180929T165813_20180929T165840_023916_029C64_EDCF_P0005,45.10751293091907,12.322340568091738
S1_S1A_IW_SLC__1SDV_20180929T165838_20180929T165905_023916_029C64_E479,S1_S1A_IW_SLC__1SDV_20180929T165838_20180929T165905_023916_029C64_E479_P0001,45.10751293091907,12.322340568091738
S1_S1A_IW_SLC__1SDV_20180929T165838_20180929T165905_023916_029C64_E479,S1_S1A_IW_SLC__1SDV_20180929T165838_20180929T165905_023916_029C64_E479_P0002,46.01549397856318,12.322340568091738
S1_S1A_IW_SLC__1SDV_20180929T165838_20180929T165905_023916_029C64_E479,S1_S1A_IW_SLC__1SDV_20180929T165838_20180929T165905_023916_029C64_E479_P0003,46.01549397856318,13.935503566840127
S1_S1A_IW_SLC__1SDV_20180929T165838_20180929T165905_023916_029C64_E479,S1_S1A_IW_SLC__1SDV_20180929T165838_20180929T165905_023916_029C64_E479_P0004,45.10751293091907,13.935503566840127
S1_S1A_IW_SLC__1SDV_20180929T165838_20180929T165905_023916_029C64_E479,S1_S1A_IW_SLC__1SDV_20180929T165838_20180929T165905_023916_029C64_E479_P0005,45.10751293091907,12.322340568091738
S1_S1A_IW_SLC__1SDV_20181018T181758_20181018T181828_024194_02A587_7BBC,S1_S1A_IW_SLC__1SDV_20181018T181758_20181018T181828_024194_02A587_7BBC_P0001,5.225793890882638,-0.47376111869291126
S1_S1A_IW_SLC__1SDV_20181018T181758_20181018T181828_024194_02A587_7BBC,S1_S1A_IW_SLC__1SDV_20181018T181758_20181018T181828_024194_02A587_7BBC_P0002,5.810306109117362,-0.47376111869291126
S1_S1A_IW_SLC__1SDV_20181018T181758_20181018T181828_024194_02A587_7BBC,S1_S1A_IW_SLC__1SDV_20181018T181758_20181018T181828_024194_02A587_7BBC_P0003,5.810306109117362,0.18101111869291123
S1_S1A_IW_SLC__1SDV_20181018T181758_20181018T181828_024194_02A587_7BBC,S1_S1A_IW_SLC__1SDV_20181018T181758_20181018T181828_024194_02A587_7BBC_P0004,5.225793890882638,0.18101111869291123
S1_S1A_IW_SLC__1SDV_20181018T181758_20181018T181828_024194_02A587_7BBC,S1_S1A_IW_SLC__1SDV_20181018T181758_20181018T181828_024194_02A587_7BBC_P0005,5.225793890882638,-0.47376111869291126
S1_S1A_IW_SLC__1SDV_20181019T235759_20181019T235826_024212_02A61B_13F2,S1_S1A_IW_SLC__1SDV_20181019T235759_20181019T235826_024212_02A61B_13F2_P0001,15.649277408865064,-87.95701966034683
S1_S1A_IW_SLC__1SDV_20181019T235759_20181019T235826_024212_02A61B_13F2,S1_S1A_IW_SLC__1SDV_20181019T235759_20181019T235826_024212_02A61B_13F2_P0002,16.27337184299868,-87.95701966034683
S1_S1A_IW_SLC__1SDV_20181019T235759_20181019T235826_024212_02A61B_13F2,S1_S1A_IW_SLC__1SDV_20181019T235759_20181019T235826_024212_02A61B_13F2_P0003,16.27337184299868,-87.31336608184067
S1_S1A_IW_SLC__1SDV_20181019T235759_20181019T235826_024212_02A61B_13F2,S1_S1A_IW_SLC__1SDV_20181019T235759_20181019T235826_024212_02A61B_13F2_P0004,15.649277408865064,-87.31336608184067
S1_S1A_IW_SLC__1SDV_20181019T235759_20181019T235826_024212_02A61B_13F2,S1_S1A_IW_SLC__1SDV_20181019T235759_20181019T235826_024212_02A61B_13F2_P0005,15.649277408865064,-87.95701966034683
S1_S1A_IW_SLC__1SDV_20181019T235824_20181019T235851_024212_02A61B_5E38,S1_S1A_IW_SLC__1SDV_20181019T235824_20181019T235851_024212_02A61B_5E38_P0001,15.649277408865064,-87.95701966034683
S1_S1A_IW_SLC__1SDV_20181019T235824_20181019T235851_024212_02A61B_5E38,S1_S1A_IW_SLC__1SDV_20181019T235824_20181019T235851_024212_02A61B_5E38_P0002,16.27337184299868,-87.95701966034683
S1_S1A_IW_SLC__1SDV_20181019T235824_20181019T235851_024212_02A61B_5E38,S1_S1A_IW_SLC__1SDV_20181019T235824_20181019T235851_024212_02A61B_5E38_P0003,16.27337184299868,-87.31336608184067
S1_S1A_IW_SLC__1SDV_20181019T235824_20181019T235851_024212_02A61B_5E38,S1_S1A_IW_SLC__1SDV_20181019T235824_20181019T235851_024212_02A61B_5E38_P0004,15.649277408865064,-87.31336608184067
S1_S1A_IW_SLC__1SDV_20181019T235824_20181019T235851_024212_02A61B_5E38,S1_S1A_IW_SLC__1SDV_20181019T235824_20181019T235851_024212_02A61B_5E38_P0005,15.649277408865064,-87.95701966034683
S1_S1A_IW_SLC__1SDV_20181024T113716_20181024T113746_024277_02A836_7D74,S1_S1A_IW_SLC__1SDV_20181024T113716_20181024T113746_024277_02A836_7D74_P0001,15.510012501189664,-87.66862529456117
S1_S1A_IW_SLC__1SDV_20181024T113716_20181024T113746_024277_02A836_7D74,S1_S1A_IW_SLC__1SDV_20181024T113716_20181024T113746_024277_02A836_7D74_P0002,16.211548205414488,-87.66862529456117
S1_S1A_IW_SLC__1SDV_20181024T113716_20181024T113746_024277_02A836_7D74,S1_S1A_IW_SLC__1SDV_20181024T113716_20181024T113746_024277_02A836_7D74_P0003,16.211548205414488,-86.70101982505304
S1_S1A_IW_SLC__1SDV_20181024T113716_20181024T113746_024277_02A836_7D74,S1_S1A_IW_SLC__1SDV_20181024T113716_20181024T113746_024277_02A836_7D74_P0004,15.510012501189664,-86.70101982505304
S1_S1A_IW_SLC__1SDV_20181024T113716_20181024T113746_024277_02A836_7D74,S1_S1A_IW_SLC__1SDV_20181024T113716_20181024T113746_024277_02A836_7D74_P0005,15.510012501189664,-87.66862529456117
S1_S1A_IW_SLC__1SDV_20181024T113744_20181024T113812_024277_02A836_EC6E,S1_S1A_IW_SLC__1SDV_20181024T113744_20181024T113812_024277_02A836_EC6E_P0001,15.510012501189664,-87.66862529456117
S1_S1A_IW_SLC__1SDV_20181024T113744_20181024T113812_024277_02A836_EC6E,S1_S1A_IW_SLC__1SDV_20181024T113744_20181024T113812_024277_02A836_EC6E_P0002,16.211548205414488,-87.66862529456117
S1_S1A_IW_SLC__1SDV_20181024T113744_20181024T113812_024277_02A836_EC6E,S1_S1A_IW_SLC__1SDV_20181024T113744_20181024T113812_024277_02A836_EC6E_P0003,16.211548205414488,-86.70101982505304
S1_S1A_IW_SLC__1SDV_20181024T113744_20181024T113812_024277_02A836_EC6E,S1_S1A_IW_SLC__1SDV_20181024T113744_20181024T113812_024277_02A836_EC6E_P0004,15.510012501189664,-86.70101982505304
S1_S1A_IW_SLC__1SDV_20181024T113744_20181024T113812_024277_02A836_EC6E,S1_S1A_IW_SLC__1SDV_20181024T113744_20181024T113812_024277_02A836_EC6E_P0005,15.510012501189664,-87.66862529456117
S1_S1A_IW_SLC__1SDV_20181025T000626_20181025T000653_024285_02A86D_2AFA,S1_S1A_IW_SLC__1SDV_20181025T000626_20181025T000653_024285_02A86D_2AFA_P0001,15.548884853762235,-88.57768078407254
S1_S1A_IW_SLC__1SDV_20181025T000626_20181025T000653_024285_02A86D_2AFA,S1_S1A_IW_SLC__1SDV_20181025T000626_20181025T000653_024285_02A86D_2AFA_P0002,16.22056213442347,-88.57768078407254
S1_S1A_IW_SLC__1SDV_20181025T000626_20181025T000653_024285_02A86D_2AFA,S1_S1A_IW_SLC__1SDV_20181025T000626_20181025T000653_024285_02A86D_2AFA_P0003,16.22056213442347,-87.86274890342746
S1_S1A_IW_SLC__1SDV_20181025T000626_20181025T000653_024285_02A86D_2AFA,S1_S1A_IW_SLC__1SDV_20181025T000626_20181025T000653_024285_02A86D_2AFA_P0004,15.548884853762235,-87.86274890342746
S1_S1A_IW_SLC__1SDV_20181025T000626_20181025T000653_024285_02A86D_2AFA,S1_S1A_IW_SLC__1SDV_20181025T000626_20181025T000653_024285_02A86D_2AFA_P0005,15.548884853762235,-88.57768078407254
S1_S1A_IW_SLC__1SDV_20181030T181758_20181030T181828_024369_02AB27_32F5,S1_S1A_IW_SLC__1SDV_20181030T181758_20181030T181828_024369_02AB27_32F5_P0001,4.893513890882638,-1.0331626422487206
S1_S1A_IW_SLC__1SDV_20181030T181758_20181030T181828_024369_02AB27_32F5,S1_S1A_IW_SLC__1SDV_20181030T181758_20181030T181828_024369_02AB27_32F5_P0002,5.958506109117362,-1.0331626422487206
S1_S1A_IW_SLC__1SDV_20181030T181758_20181030T181828_024369_02AB27_32F5,S1_S1A_IW_SLC__1SDV_20181030T181758_20181030T181828_024369_02AB27_32F5_P0003,5.958506109117362,0.4087926422487206
S1_S1A_IW_SLC__1SDV_20181030T181758_20181030T181828_024369_02AB27_32F5,S1_S1A_IW_SLC__1SDV_20181030T181758_20181030T181828_024369_02AB27_32F5_P0004,4.893513890882638,0.4087926422487206
S1_S1A_IW_SLC__1SDV_20181030T181758_20181030T181828_024369_02AB27_32F5,S1_S1A_IW_SLC__1SDV_20181030T181758_20181030T181828_024369_02AB27_32F5_P0005,4.893513890882638,-1.0331626422487206
S1_S1A_IW_SLC__1SDV_20181031T235759_20181031T235826_024387_02ABCE_2AF4,S1_S1A_IW_SLC__1SDV_20181031T235759_20181031T235826_024387_02ABCE_2AF4_P0001,15.495906252688863,-87.88662541653615
S1_S1A_IW_SLC__1SDV_20181031T235759_20181031T235826_024387_02ABCE_2AF4,S1_S1A_IW_SLC__1SDV_20181031T235759_20181031T235826_024387_02ABCE_2AF4_P0002,16.35951780776982,-87.88662541653615
S1_S1A_IW_SLC__1SDV_20181031T235759_20181031T235826_024387_02ABCE_2AF4,S1_S1A_IW_SLC__1SDV_20181031T235759_20181031T235826_024387_02ABCE_2AF4_P0003,16.35951780776982,-86.65532978871016
S1_S1A_IW_SLC__1SDV_20181031T235759_20181031T235826_024387_02ABCE_2AF4,S1_S1A_IW_SLC__1SDV_20181031T235759_20181031T235826_024387_02ABCE_2AF4_P0004,15.495906252688863,-86.65532978871016
S1_S1A_IW_SLC__1SDV_20181031T235759_20181031T235826_024387_02ABCE_2AF4,S1_S1A_IW_SLC__1SDV_20181031T235759_20181031T235826_024387_02ABCE_2AF4_P0005,15.495906252688863,-87.88662541653615
S1_S1A_IW_SLC__1SDV_20181031T235824_20181031T235851_024387_02ABCE_8A7F,S1_S1A_IW_SLC__1SDV_20181031T235824_20181031T235851_024387_02ABCE_8A7F_P0001,15.495906252688863,-87.88662541653615
S1_S1A_IW_SLC__1SDV_20181031T235824_20181031T235851_024387_02ABCE_8A7F,S1_S1A_IW_SLC__1SDV_20181031T235824_20181031T235851_024387_02ABCE_8A7F_P0002,16.35951780776982,-87.88662541653615
S1_S1A_IW_SLC__1SDV_20181031T235824_20181031T235851_024387_02ABCE_8A7F,S1_S1A_IW_SLC__1SDV_20181031T235824_20181031T235851_024387_02ABCE_8A7F_P0003,16.35951780776982,-86.65532978871016
S1_S1A_IW_SLC__1SDV_20181031T235824_20181031T235851_024387_02ABCE_8A7F,S1_S1A_IW_SLC__1SDV_20181031T235824_20181031T235851_024387_02ABCE_8A7F_P0004,15.495906252688863,-86.65532978871016
S1_S1A_IW_SLC__1SDV_20181031T235824_20181031T235851_024387_02ABCE_8A7F,S1_S1A_IW_SLC__1SDV_20181031T235824_20181031T235851_024387_02ABCE_8A7F_P0005,15.495906252688863,-87.88662541653615
S1_S1A_IW_SLC__1SDV_20181102T224536_20181102T224603_024415_02ACCD_518F,S1_S1A_IW_SLC__1SDV_20181102T224536_20181102T224603_024415_02ACCD_518F_P0001,9.684865327309415,104.63647762998869
S1_S1A_IW_SLC__1SDV_20181102T224536_20181102T224603_024415_02ACCD_518F,S1_S1A_IW_SLC__1SDV_20181102T224536_20181102T224603_024415_02ACCD_518F_P0002,10.353027031306867,104.63647762998869
S1_S1A_IW_SLC__1SDV_20181102T224536_20181102T224603_024415_02ACCD_518F,S1_S1A_IW_SLC__1SDV_20181102T224536_20181102T224603_024415_02ACCD_518F_P0003,10.353027031306867,105.26990656687748
S1_S1A_IW_SLC__1SDV_20181102T224536_20181102T224603_024415_02ACCD_518F,S1_S1A_IW_SLC__1SDV_20181102T224536_20181102T224603_024415_02ACCD_518F_P0004,9.684865327309415,105.26990656687748
S1_S1A_IW_SLC__1SDV_20181102T224536_20181102T224603_024415_02ACCD_518F,S1_S1A_IW_SLC__1SDV_20181102T224536_20181102T224603_024415_02ACCD_518F_P0005,9.684865327309415,104.63647762998869
S1_S1A_IW_SLC__1SDV_20181122T114534_20181122T114601_024700_02B757_C38C,S1_S1A_IW_SLC__1SDV_20181122T114534_20181122T114601_024700_02B757_C38C_P0001,16.218968825124712,-88.24364127930568
S1_S1A_IW_SLC__1SDV_20181122T114534_20181122T114601_024700_02B757_C38C,S1_S1A_IW_SLC__1SDV_20181122T114534_20181122T114601_024700_02B757_C38C_P0002,17.005963250102578,-88.24364127930568
S1_S1A_IW_SLC__1SDV_20181122T114534_20181122T114601_024700_02B757_C38C,S1_S1A_IW_SLC__1SDV_20181122T114534_20181122T114601_024700_02B757_C38C_P0003,17.005963250102578,-87.57625409063664
S1_S1A_IW_SLC__1SDV_20181122T114534_20181122T114601_024700_02B757_C38C,S1_S1A_IW_SLC__1SDV_20181122T114534_20181122T114601_024700_02B757_C38C_P0004,16.218968825124712,-87.57625409063664
S1_S1A_IW_SLC__1SDV_20181122T114534_20181122T114601_024700_02B757_C38C,S1_S1A_IW_SLC__1SDV_20181122T114534_20181122T114601_024700_02B757_C38C_P0005,16.218968825124712,-88.24364127930568
S1_S1A_IW_SLC__1SDV_20181124T235823_20181124T235850_024737_02B8A0_9853,S1_S1A_IW_SLC__1SDV_20181124T235823_20181124T235850_024737_02B8A0_9853_P0001,16.218968825124712,-88.24364127930568
S1_S1A_IW_SLC__1SDV_20181124T235823_20181124T235850_024737_02B8A0_9853,S1_S1A_IW_SLC__1SDV_20181124T235823_20181124T235850_024737_02B8A0_9853_P0002,17.005963250102578,-88.24364127930568
S1_S1A_IW_SLC__1SDV_20181124T235823_20181124T235850_024737_02B8A0_9853,S1_S1A_IW_SLC__1SDV_20181124T235823_20181124T235850_024737_02B8A0_9853_P0003,17.005963250102578,-87.57625409063664
S1_S1A_IW_SLC__1SDV_20181124T235823_20181124T235850_024737_02B8A0_9853,S1_S1A_IW_SLC__1SDV_20181124T235823_20181124T235850_024737_02B8A0_9853_P0004,16.218968825124712,-87.57625409063664
S1_S1A_IW_SLC__1SDV_20181124T235823_20181124T235850_024737_02B8A0_9853,S1_S1A_IW_SLC__1SDV_20181124T235823_20181124T235850_024737_02B8A0_9853_P0005,16.218968825124712,-88.24364127930568
S1_S1A_IW_SLC__1SDV_20181214T034348_20181214T034415_025016_02C244_FD6C,S1_S1A_IW_SLC__1SDV_20181214T034348_20181214T034415_025016_02C244_FD6C_P0001,32.66052208995318,34.19758487233208
S1_S1A_IW_SLC__1SDV_20181214T034348_20181214T034415_025016_02C244_FD6C,S1_S1A_IW_SLC__1SDV_20181214T034348_20181214T034415_025016_02C244_FD6C_P0002,33.20933500789575,34.19758487233208
S1_S1A_IW_SLC__1SDV_20181214T034348_20181214T034415_025016_02C244_FD6C,S1_S1A_IW_SLC__1SDV_20181214T034348_20181214T034415_025016_02C244_FD6C_P0003,33.20933500789575,34.85148739329292
S1_S1A_IW_SLC__1SDV_20181214T034348_20181214T034415_025016_02C244_FD6C,S1_S1A_IW_SLC__1SDV_20181214T034348_20181214T034415_025016_02C244_FD6C_P0004,32.66052208995318,34.85148739329292
S1_S1A_IW_SLC__1SDV_20181214T034348_20181214T034415_025016_02C244_FD6C,S1_S1A_IW_SLC__1SDV_20181214T034348_20181214T034415_025016_02C244_FD6C_P0005,32.66052208995318,34.19758487233208
S1_S1A_IW_SLC__1SDV_20181216T114533_20181216T114600_025050_02C392_0550,S1_S1A_IW_SLC__1SDV_20181216T114533_20181216T114600_025050_02C392_0550_P0001,15.429631746356055,-88.70064744912774
S1_S1A_IW_SLC__1SDV_20181216T114533_20181216T114600_025050_02C392_0550,S1_S1A_IW_SLC__1SDV_20181216T114533_20181216T114600_025050_02C392_0550_P0002,16.362713456090944,-88.70064744912774
S1_S1A_IW_SLC__1SDV_20181216T114533_20181216T114600_025050_02C392_0550,S1_S1A_IW_SLC__1SDV_20181216T114533_20181216T114600_025050_02C392_0550_P0003,16.362713456090944,-87.63690015406618
S1_S1A_IW_SLC__1SDV_20181216T114533_20181216T114600_025050_02C392_0550,S1_S1A_IW_SLC__1SDV_20181216T114533_20181216T114600_025050_02C392_0550_P0004,15.429631746356055,-87.63690015406618
S1_S1A_IW_SLC__1SDV_20181216T114533_20181216T114600_025050_02C392_0550,S1_S1A_IW_SLC__1SDV_20181216T114533_20181216T114600_025050_02C392_0550_P0005,15.429631746356055,-88.70064744912774
S1_S1A_IW_SLC__1SDV_20181216T114558_20181216T114625_025050_02C392_12CF,S1_S1A_IW_SLC__1SDV_20181216T114558_20181216T114625_025050_02C392_12CF_P0001,15.429631746356055,-88.70064744912774
S1_S1A_IW_SLC__1SDV_20181216T114558_20181216T114625_025050_02C392_12CF,S1_S1A_IW_SLC__1SDV_20181216T114558_20181216T114625_025050_02C392_12CF_P0002,16.362713456090944,-88.70064744912774
S1_S1A_IW_SLC__1SDV_20181216T114558_20181216T114625_025050_02C392_12CF,S1_S1A_IW_SLC__1SDV_20181216T114558_20181216T114625_025050_02C392_12CF_P0003,16.362713456090944,-87.63690015406618
S1_S1A_IW_SLC__1SDV_20181216T114558_20181216T114625_025050_02C392_12CF,S1_S1A_IW_SLC__1SDV_20181216T114558_20181216T114625_025050_02C392_12CF_P0004,15.429631746356055,-87.63690015406618
S1_S1A_IW_SLC__1SDV_20181216T114558_20181216T114625_025050_02C392_12CF,S1_S1A_IW_SLC__1SDV_20181216T114558_20181216T114625_025050_02C392_12CF_P0005,15.429631746356055,-88.70064744912774
S1_S1A_IW_SLC__1SDV_20181231T180142_20181231T180209_025273_02CB84_4FA7,S1_S1A_IW_SLC__1SDV_20181231T180142_20181231T180209_025273_02CB84_4FA7_P0001,6.051408079175023,3.4424186785747706
S1_S1A_IW_SLC__1SDV_20181231T180142_20181231T180209_025273_02CB84_4FA7,S1_S1A_IW_SLC__1SDV_20181231T180142_20181231T180209_025273_02CB84_4FA7_P0002,6.656995584898281,3.4424186785747706
S1_S1A_IW_SLC__1SDV_20181231T180142_20181231T180209_025273_02CB84_4FA7,S1_S1A_IW_SLC__1SDV_20181231T180142_20181231T180209_025273_02CB84_4FA7_P0003,6.656995584898281,4.215045295799187
S1_S1A_IW_SLC__1SDV_20181231T180142_20181231T180209_025273_02CB84_4FA7,S1_S1A_IW_SLC__1SDV_20181231T180142_20181231T180209_025273_02CB84_4FA7_P0004,6.051408079175023,4.215045295799187
S1_S1A_IW_SLC__1SDV_20181231T180142_20181231T180209_025273_02CB84_4FA7,S1_S1A_IW_SLC__1SDV_20181231T180142_20181231T180209_025273_02CB84_4FA7_P0005,6.051408079175023,3.4424186785747706
S1_S1A_IW_SLC__1SDV_20190111T235757_20190111T235824_025437_02D177_7CEB,S1_S1A_IW_SLC__1SDV_20190111T235757_20190111T235824_025437_02D177_7CEB_P0001,15.483434423638773,-87.28082151836338
S1_S1A_IW_SLC__1SDV_20190111T235757_20190111T235824_025437_02D177_7CEB,S1_S1A_IW_SLC__1SDV_20190111T235757_20190111T235824_025437_02D177_7CEB_P0002,16.548161550600565,-87.28082151836338
S1_S1A_IW_SLC__1SDV_20190111T235757_20190111T235824_025437_02D177_7CEB,S1_S1A_IW_SLC__1SDV_20190111T235757_20190111T235824_025437_02D177_7CEB_P0003,16.548161550600565,-85.86093641026656
S1_S1A_IW_SLC__1SDV_20190111T235757_20190111T235824_025437_02D177_7CEB,S1_S1A_IW_SLC__1SDV_20190111T235757_20190111T235824_025437_02D177_7CEB_P0004,15.483434423638773,-85.86093641026656
S1_S1A_IW_SLC__1SDV_20190111T235757_20190111T235824_025437_02D177_7CEB,S1_S1A_IW_SLC__1SDV_20190111T235757_20190111T235824_025437_02D177_7CEB_P0005,15.483434423638773,-87.28082151836338
S1_S1A_IW_SLC__1SDV_20190111T235822_20190111T235849_025437_02D177_4D98,S1_S1A_IW_SLC__1SDV_20190111T235822_20190111T235849_025437_02D177_4D98_P0001,15.483434423638773,-87.28082151836338
S1_S1A_IW_SLC__1SDV_20190111T235822_20190111T235849_025437_02D177_4D98,S1_S1A_IW_SLC__1SDV_20190111T235822_20190111T235849_025437_02D177_4D98_P0002,16.548161550600565,-87.28082151836338
S1_S1A_IW_SLC__1SDV_20190111T235822_20190111T235849_025437_02D177_4D98,S1_S1A_IW_SLC__1SDV_20190111T235822_20190111T235849_025437_02D177_4D98_P0003,16.548161550600565,-85.86093641026656
S1_S1A_IW_SLC__1SDV_20190111T235822_20190111T235849_025437_02D177_4D98,S1_S1A_IW_SLC__1SDV_20190111T235822_20190111T235849_025437_02D177_4D98_P0004,15.483434423638773,-85.86093641026656
S1_S1A_IW_SLC__1SDV_20190111T235822_20190111T235849_025437_02D177_4D98,S1_S1A_IW_SLC__1SDV_20190111T235822_20190111T235849_025437_02D177_4D98_P0005,15.483434423638773,-87.28082151836338
S1_S1A_IW_SLC__1SDV_20190128T113713_20190128T113743_025677_02DA37_E9F7,S1_S1A_IW_SLC__1SDV_20190128T113713_20190128T113743_025677_02DA37_E9F7_P0001,15.98193151520465,-86.93953933272977
S1_S1A_IW_SLC__1SDV_20190128T113713_20190128T113743_025677_02DA37_E9F7,S1_S1A_IW_SLC__1SDV_20190128T113713_20190128T113743_025677_02DA37_E9F7_P0002,16.6604201129641,-86.93953933272977
S1_S1A_IW_SLC__1SDV_20190128T113713_20190128T113743_025677_02DA37_E9F7,S1_S1A_IW_SLC__1SDV_20190128T113713_20190128T113743_025677_02DA37_E9F7_P0003,16.6604201129641,-86.20942935759209
S1_S1A_IW_SLC__1SDV_20190128T113713_20190128T113743_025677_02DA37_E9F7,S1_S1A_IW_SLC__1SDV_20190128T113713_20190128T113743_025677_02DA37_E9F7_P0004,15.98193151520465,-86.20942935759209
S1_S1A_IW_SLC__1SDV_20190128T113713_20190128T113743_025677_02DA37_E9F7,S1_S1A_IW_SLC__1SDV_20190128T113713_20190128T113743_025677_02DA37_E9F7_P0005,15.98193151520465,-86.93953933272977
S1_S1A_IW_SLC__1SDV_20190415T160718_20190415T160745_026803_03031C_CFBC,S1_S1A_IW_SLC__1SDV_20190415T160718_20190415T160745_026803_03031C_CFBC_P0001,38.834692700323124,26.21725414897716
S1_S1A_IW_SLC__1SDV_20190415T160718_20190415T160745_026803_03031C_CFBC,S1_S1A_IW_SLC__1SDV_20190415T160718_20190415T160745_026803_03031C_CFBC_P0002,39.37854746847594,26.21725414897716
S1_S1A_IW_SLC__1SDV_20190415T160718_20190415T160745_026803_03031C_CFBC,S1_S1A_IW_SLC__1SDV_20190415T160718_20190415T160745_026803_03031C_CFBC_P0003,39.37854746847594,26.91812182758534
S1_S1A_IW_SLC__1SDV_20190415T160718_20190415T160745_026803_03031C_CFBC,S1_S1A_IW_SLC__1SDV_20190415T160718_20190415T160745_026803_03031C_CFBC_P0004,38.834692700323124,26.91812182758534
S1_S1A_IW_SLC__1SDV_20190415T160718_20190415T160745_026803_03031C_CFBC,S1_S1A_IW_SLC__1SDV_20190415T160718_20190415T160745_026803_03031C_CFBC_P0005,38.834692700323124,26.21725414897716
S1_S1A_IW_SLC__1SDV_20190420T161528_20190420T161555_026876_0305AB_1543,S1_S1A_IW_SLC__1SDV_20190420T161528_20190420T161555_026876_0305AB_1543_P0001,38.834692700323124,26.21725414897716
S1_S1A_IW_SLC__1SDV_20190420T161528_20190420T161555_026876_0305AB_1543,S1_S1A_IW_SLC__1SDV_20190420T161528_20190420T161555_026876_0305AB_1543_P0002,39.37854746847594,26.21725414897716
S1_S1A_IW_SLC__1SDV_20190420T161528_20190420T161555_026876_0305AB_1543,S1_S1A_IW_SLC__1SDV_20190420T161528_20190420T161555_026876_0305AB_1543_P0003,39.37854746847594,26.91812182758534
S1_S1A_IW_SLC__1SDV_20190420T161528_20190420T161555_026876_0305AB_1543,S1_S1A_IW_SLC__1SDV_20190420T161528_20190420T161555_026876_0305AB_1543_P0004,38.834692700323124,26.91812182758534
S1_S1A_IW_SLC__1SDV_20190420T161528_20190420T161555_026876_0305AB_1543,S1_S1A_IW_SLC__1SDV_20190420T161528_20190420T161555_026876_0305AB_1543_P0005,38.834692700323124,26.21725414897716
S1_S1A_IW_SLC__1SDV_20190421T163724_20190421T163751_026890_030629_56F9,S1_S1A_IW_SLC__1SDV_20190421T163724_20190421T163751_026890_030629_56F9_P0001,-30.167131256164215,30.739805072597687
S1_S1A_IW_SLC__1SDV_20190421T163724_20190421T163751_026890_030629_56F9,S1_S1A_IW_SLC__1SDV_20190421T163724_20190421T163751_026890_030629_56F9_P0002,-29.397736983462092,30.739805072597687
S1_S1A_IW_SLC__1SDV_20190421T163724_20190421T163751_026890_030629_56F9,S1_S1A_IW_SLC__1SDV_20190421T163724_20190421T163751_026890_030629_56F9_P0003,-29.397736983462092,31.62929856566948
S1_S1A_IW_SLC__1SDV_20190421T163724_20190421T163751_026890_030629_56F9,S1_S1A_IW_SLC__1SDV_20190421T163724_20190421T163751_026890_030629_56F9_P0004,-30.167131256164215,31.62929856566948
S1_S1A_IW_SLC__1SDV_20190421T163724_20190421T163751_026890_030629_56F9,S1_S1A_IW_SLC__1SDV_20190421T163724_20190421T163751_026890_030629_56F9_P0005,-30.167131256164215,30.739805072597687
S1_S1A_IW_SLC__1SDV_20190421T163748_20190421T163815_026890_030629_DE32,S1_S1A_IW_SLC__1SDV_20190421T163748_20190421T163815_026890_030629_DE32_P0001,-30.167131256164215,30.739805072597687
S1_S1A_IW_SLC__1SDV_20190421T163748_20190421T163815_026890_030629_DE32,S1_S1A_IW_SLC__1SDV_20190421T163748_20190421T163815_026890_030629_DE32_P0002,-29.397736983462092,30.739805072597687
S1_S1A_IW_SLC__1SDV_20190421T163748_20190421T163815_026890_030629_DE32,S1_S1A_IW_SLC__1SDV_20190421T163748_20190421T163815_026890_030629_DE32_P0003,-29.397736983462092,31.62929856566948
S1_S1A_IW_SLC__1SDV_20190421T163748_20190421T163815_026890_030629_DE32,S1_S1A_IW_SLC__1SDV_20190421T163748_20190421T163815_026890_030629_DE32_P0004,-30.167131256164215,31.62929856566948
S1_S1A_IW_SLC__1SDV_20190421T163748_20190421T163815_026890_030629_DE32,S1_S1A_IW_SLC__1SDV_20190421T163748_20190421T163815_026890_030629_DE32_P0005,-30.167131256164215,30.739805072597687
S1_S1A_IW_SLC__1SDV_20190426T110621_20190426T110651_026960_0308C0_B39F,S1_S1A_IW_SLC__1SDV_20190426T110621_20190426T110651_026960_0308C0_B39F_P0001,8.342106189986184,-79.88581498270344
S1_S1A_IW_SLC__1SDV_20190426T110621_20190426T110651_026960_0308C0_B39F,S1_S1A_IW_SLC__1SDV_20190426T110621_20190426T110651_026960_0308C0_B39F_P0002,9.072249915853359,-79.88581498270344
S1_S1A_IW_SLC__1SDV_20190426T110621_20190426T110651_026960_0308C0_B39F,S1_S1A_IW_SLC__1SDV_20190426T110621_20190426T110651_026960_0308C0_B39F_P0003,9.072249915853359,-79.2320547757028
S1_S1A_IW_SLC__1SDV_20190426T110621_20190426T110651_026960_0308C0_B39F,S1_S1A_IW_SLC__1SDV_20190426T110621_20190426T110651_026960_0308C0_B39F_P0004,8.342106189986184,-79.2320547757028
S1_S1A_IW_SLC__1SDV_20190426T110621_20190426T110651_026960_0308C0_B39F,S1_S1A_IW_SLC__1SDV_20190426T110621_20190426T110651_026960_0308C0_B39F_P0005,8.342106189986184,-79.88581498270344
S1_S1A_IW_SLC__1SDV_20190527T223319_20190527T223347_027419_0317D5_BA50,S1_S1A_IW_SLC__1SDV_20190527T223319_20190527T223347_027419_0317D5_BA50_P0001,-6.17011202183607,105.70522786164302
S1_S1A_IW_SLC__1SDV_20190527T223319_20190527T223347_027419_0317D5_BA50,S1_S1A_IW_SLC__1SDV_20190527T223319_20190527T223347_027419_0317D5_BA50_P0002,-5.560929326351743,105.70522786164302
S1_S1A_IW_SLC__1SDV_20190527T223319_20190527T223347_027419_0317D5_BA50,S1_S1A_IW_SLC__1SDV_20190527T223319_20190527T223347_027419_0317D5_BA50_P0003,-5.560929326351743,106.31705785525205
S1_S1A_IW_SLC__1SDV_20190527T223319_20190527T223347_027419_0317D5_BA50,S1_S1A_IW_SLC__1SDV_20190527T223319_20190527T223347_027419_0317D5_BA50_P0004,-6.17011202183607,106.31705785525205
S1_S1A_IW_SLC__1SDV_20190527T223319_20190527T223347_027419_0317D5_BA50,S1_S1A_IW_SLC__1SDV_20190527T223319_20190527T223347_027419_0317D5_BA50_P0005,-6.17011202183607,105.70522786164302
S1_S1A_IW_SLC__1SDV_20190527T223345_20190527T223413_027419_0317D5_8E7E,S1_S1A_IW_SLC__1SDV_20190527T223345_20190527T223413_027419_0317D5_8E7E_P0001,-6.17011202183607,105.70522786164302
S1_S1A_IW_SLC__1SDV_20190527T223345_20190527T223413_027419_0317D5_8E7E,S1_S1A_IW_SLC__1SDV_20190527T223345_20190527T223413_027419_0317D5_8E7E_P0002,-5.560929326351743,105.70522786164302
S1_S1A_IW_SLC__1SDV_20190527T223345_20190527T223413_027419_0317D5_8E7E,S1_S1A_IW_SLC__1SDV_20190527T223345_20190527T223413_027419_0317D5_8E7E_P0003,-5.560929326351743,106.31705785525205
S1_S1A_IW_SLC__1SDV_20190527T223345_20190527T223413_027419_0317D5_8E7E,S1_S1A_IW_SLC__1SDV_20190527T223345_20190527T223413_027419_0317D5_8E7E_P0004,-6.17011202183607,106.31705785525205
S1_S1A_IW_SLC__1SDV_20190527T223345_20190527T223413_027419_0317D5_8E7E,S1_S1A_IW_SLC__1SDV_20190527T223345_20190527T223413_027419_0317D5_8E7E_P0005,-6.17011202183607,105.70522786164302
S1_S1A_IW_SLC__1SDV_20190617T095419_20190617T095447_027718_0320F1_8F93,S1_S1A_IW_SLC__1SDV_20190617T095419_20190617T095447_027718_0320F1_8F93_P0001,30.010392646991168,122.16436030364493
S1_S1A_IW_SLC__1SDV_20190617T095419_20190617T095447_027718_0320F1_8F93,S1_S1A_IW_SLC__1SDV_20190617T095419_20190617T095447_027718_0320F1_8F93_P0002,30.761379193845944,122.16436030364493
S1_S1A_IW_SLC__1SDV_20190617T095419_20190617T095447_027718_0320F1_8F93,S1_S1A_IW_SLC__1SDV_20190617T095419_20190617T095447_027718_0320F1_8F93_P0003,30.761379193845944,123.11980565968918
S1_S1A_IW_SLC__1SDV_20190617T095419_20190617T095447_027718_0320F1_8F93,S1_S1A_IW_SLC__1SDV_20190617T095419_20190617T095447_027718_0320F1_8F93_P0004,30.010392646991168,123.11980565968918
S1_S1A_IW_SLC__1SDV_20190617T095419_20190617T095447_027718_0320F1_8F93,S1_S1A_IW_SLC__1SDV_20190617T095419_20190617T095447_027718_0320F1_8F93_P0005,30.010392646991168,122.16436030364493
S1_S1A_IW_SLC__1SDV_20190617T095445_20190617T095512_027718_0320F1_ACD6,S1_S1A_IW_SLC__1SDV_20190617T095445_20190617T095512_027718_0320F1_ACD6_P0001,30.010392646991168,122.16436030364493
S1_S1A_IW_SLC__1SDV_20190617T095445_20190617T095512_027718_0320F1_ACD6,S1_S1A_IW_SLC__1SDV_20190617T095445_20190617T095512_027718_0320F1_ACD6_P0002,30.761379193845944,122.16436030364493
S1_S1A_IW_SLC__1SDV_20190617T095445_20190617T095512_027718_0320F1_ACD6,S1_S1A_IW_SLC__1SDV_20190617T095445_20190617T095512_027718_0320F1_ACD6_P0003,30.761379193845944,123.11980565968918
S1_S1A_IW_SLC__1SDV_20190617T095445_20190617T095512_027718_0320F1_ACD6,S1_S1A_IW_SLC__1SDV_20190617T095445_20190617T095512_027718_0320F1_ACD6_P0004,30.010392646991168,123.11980565968918
S1_S1A_IW_SLC__1SDV_20190617T095445_20190617T095512_027718_0320F1_ACD6,S1_S1A_IW_SLC__1SDV_20190617T095445_20190617T095512_027718_0320F1_ACD6_P0005,30.010392646991168,122.16436030364493
S1_S1A_IW_SLC__1SDV_20190906T114540_20190906T114606_028900_0346B6_424B,S1_S1A_IW_SLC__1SDV_20190906T114540_20190906T114606_028900_0346B6_424B_P0001,15.464831642212344,-88.75863700318718
S1_S1A_IW_SLC__1SDV_20190906T114540_20190906T114606_028900_0346B6_424B,S1_S1A_IW_SLC__1SDV_20190906T114540_20190906T114606_028900_0346B6_424B_P0002,16.422330637617485,-88.75863700318718
S1_S1A_IW_SLC__1SDV_20190906T114540_20190906T114606_028900_0346B6_424B,S1_S1A_IW_SLC__1SDV_20190906T114540_20190906T114606_028900_0346B6_424B_P0003,16.422330637617485,-87.64577879111988
S1_S1A_IW_SLC__1SDV_20190906T114540_20190906T114606_028900_0346B6_424B,S1_S1A_IW_SLC__1SDV_20190906T114540_20190906T114606_028900_0346B6_424B_P0004,15.464831642212344,-87.64577879111988
S1_S1A_IW_SLC__1SDV_20190906T114540_20190906T114606_028900_0346B6_424B,S1_S1A_IW_SLC__1SDV_20190906T114540_20190906T114606_028900_0346B6_424B_P0005,15.464831642212344,-88.75863700318718
S1_S1A_IW_SLC__1SDV_20190922T103325_20190922T103355_029133_034EA1_B6F2,S1_S1A_IW_SLC__1SDV_20190922T103325_20190922T103355_029133_034EA1_B6F2_P0001,22.027357552081597,113.62367119383474
S1_S1A_IW_SLC__1SDV_20190922T103325_20190922T103355_029133_034EA1_B6F2,S1_S1A_IW_SLC__1SDV_20190922T103325_20190922T103355_029133_034EA1_B6F2_P0002,22.634541303549998,113.62367119383474
S1_S1A_IW_SLC__1SDV_20190922T103325_20190922T103355_029133_034EA1_B6F2,S1_S1A_IW_SLC__1SDV_20190922T103325_20190922T103355_029133_034EA1_B6F2_P0003,22.634541303549998,114.26972674988438
S1_S1A_IW_SLC__1SDV_20190922T103325_20190922T103355_029133_034EA1_B6F2,S1_S1A_IW_SLC__1SDV_20190922T103325_20190922T103355_029133_034EA1_B6F2_P0004,22.027357552081597,114.26972674988438
S1_S1A_IW_SLC__1SDV_20190922T103325_20190922T103355_029133_034EA1_B6F2,S1_S1A_IW_SLC__1SDV_20190922T103325_20190922T103355_029133_034EA1_B6F2_P0005,22.027357552081597,113.62367119383474
S1_S1A_IW_SLC__1SDV_20191124T105634_20191124T105701_030052_036E82_3F33,S1_S1A_IW_SLC__1SDV_20191124T105634_20191124T105701_030052_036E82_3F33_P0001,15.575200580569357,108.08995715199609
S1_S1A_IW_SLC__1SDV_20191124T105634_20191124T105701_030052_036E82_3F33,S1_S1A_IW_SLC__1SDV_20191124T105634_20191124T105701_030052_036E82_3F33_P0002,16.18599324805109,108.08995715199609
S1_S1A_IW_SLC__1SDV_20191124T105634_20191124T105701_030052_036E82_3F33,S1_S1A_IW_SLC__1SDV_20191124T105634_20191124T105701_030052_036E82_3F33_P0003,16.18599324805109,108.77031675852164
S1_S1A_IW_SLC__1SDV_20191124T105634_20191124T105701_030052_036E82_3F33,S1_S1A_IW_SLC__1SDV_20191124T105634_20191124T105701_030052_036E82_3F33_P0004,15.575200580569357,108.77031675852164
S1_S1A_IW_SLC__1SDV_20191124T105634_20191124T105701_030052_036E82_3F33,S1_S1A_IW_SLC__1SDV_20191124T105634_20191124T105701_030052_036E82_3F33_P0005,15.575200580569357,108.08995715199609
S1_S1A_IW_SLC__1SDV_20200305T104657_20200305T104725_031539_03A224_FBCB,S1_S1A_IW_SLC__1SDV_20200305T104657_20200305T104725_031539_03A224_FBCB_P0001,18.864281716310675,-73.20446484484968
S1_S1A_IW_SLC__1SDV_20200305T104657_20200305T104725_031539_03A224_FBCB,S1_S1A_IW_SLC__1SDV_20200305T104657_20200305T104725_031539_03A224_FBCB_P0002,19.61341350581909,-73.20446484484968
S1_S1A_IW_SLC__1SDV_20200305T104657_20200305T104725_031539_03A224_FBCB,S1_S1A_IW_SLC__1SDV_20200305T104657_20200305T104725_031539_03A224_FBCB_P0003,19.61341350581909,-72.43952114124637
S1_S1A_IW_SLC__1SDV_20200305T104657_20200305T104725_031539_03A224_FBCB,S1_S1A_IW_SLC__1SDV_20200305T104657_20200305T104725_031539_03A224_FBCB_P0004,18.864281716310675,-72.43952114124637
S1_S1A_IW_SLC__1SDV_20200305T104657_20200305T104725_031539_03A224_FBCB,S1_S1A_IW_SLC__1SDV_20200305T104657_20200305T104725_031539_03A224_FBCB_P0005,18.864281716310675,-73.20446484484968
S1_S1A_IW_SLC__1SDV_20200305T104723_20200305T104749_031539_03A224_F776,S1_S1A_IW_SLC__1SDV_20200305T104723_20200305T104749_031539_03A224_F776_P0001,18.864281716310675,-73.20446484484968
S1_S1A_IW_SLC__1SDV_20200305T104723_20200305T104749_031539_03A224_F776,S1_S1A_IW_SLC__1SDV_20200305T104723_20200305T104749_031539_03A224_F776_P0002,19.61341350581909,-73.20446484484968
S1_S1A_IW_SLC__1SDV_20200305T104723_20200305T104749_031539_03A224_F776,S1_S1A_IW_SLC__1SDV_20200305T104723_20200305T104749_031539_03A224_F776_P0003,19.61341350581909,-72.43952114124637
S1_S1A_IW_SLC__1SDV_20200305T104723_20200305T104749_031539_03A224_F776,S1_S1A_IW_SLC__1SDV_20200305T104723_20200305T104749_031539_03A224_F776_P0004,18.864281716310675,-72.43952114124637
S1_S1A_IW_SLC__1SDV_20200305T104723_20200305T104749_031539_03A224_F776,S1_S1A_IW_SLC__1SDV_20200305T104723_20200305T104749_031539_03A224_F776_P0005,18.864281716310675,-73.20446484484968
S1_S1A_IW_SLC__1SDV_20200307T230120_20200307T230148_031576_03A353_2F7C,S1_S1A_IW_SLC__1SDV_20200307T230120_20200307T230148_031576_03A353_2F7C_P0001,18.864281716310675,-73.20446484484968
S1_S1A_IW_SLC__1SDV_20200307T230120_20200307T230148_031576_03A353_2F7C,S1_S1A_IW_SLC__1SDV_20200307T230120_20200307T230148_031576_03A353_2F7C_P0002,19.61341350581909,-73.20446484484968
S1_S1A_IW_SLC__1SDV_20200307T230120_20200307T230148_031576_03A353_2F7C,S1_S1A_IW_SLC__1SDV_20200307T230120_20200307T230148_031576_03A353_2F7C_P0003,19.61341350581909,-72.43952114124637
S1_S1A_IW_SLC__1SDV_20200307T230120_20200307T230148_031576_03A353_2F7C,S1_S1A_IW_SLC__1SDV_20200307T230120_20200307T230148_031576_03A353_2F7C_P0004,18.864281716310675,-72.43952114124637
S1_S1A_IW_SLC__1SDV_20200307T230120_20200307T230148_031576_03A353_2F7C,S1_S1A_IW_SLC__1SDV_20200307T230120_20200307T230148_031576_03A353_2F7C_P0005,18.864281716310675,-73.20446484484968
S1_S1A_IW_SLC__1SDV_20200307T230145_20200307T230212_031576_03A353_A3DE,S1_S1A_IW_SLC__1SDV_20200307T230145_20200307T230212_031576_03A353_A3DE_P0001,18.864281716310675,-73.20446484484968
S1_S1A_IW_SLC__1SDV_20200307T230145_20200307T230212_031576_03A353_A3DE,S1_S1A_IW_SLC__1SDV_20200307T230145_20200307T230212_031576_03A353_A3DE_P0002,19.61341350581909,-73.20446484484968
S1_S1A_IW_SLC__1SDV_20200307T230145_20200307T230212_031576_03A353_A3DE,S1_S1A_IW_SLC__1SDV_20200307T230145_20200307T230212_031576_03A353_A3DE_P0003,19.61341350581909,-72.43952114124637
S1_S1A_IW_SLC__1SDV_20200307T230145_20200307T230212_031576_03A353_A3DE,S1_S1A_IW_SLC__1SDV_20200307T230145_20200307T230212_031576_03A353_A3DE_P0004,18.864281716310675,-72.43952114124637
S1_S1A_IW_SLC__1SDV_20200307T230145_20200307T230212_031576_03A353_A3DE,S1_S1A_IW_SLC__1SDV_20200307T230145_20200307T230212_031576_03A353_A3DE_P0005,18.864281716310675,-73.20446484484968
S1_S1A_IW_SLC__1SDV_20200319T230120_20200319T230148_031751_03A974_084C,S1_S1A_IW_SLC__1SDV_20200319T230120_20200319T230148_031751_03A974_084C_P0001,18.27577260118829,-72.8323967957257
S1_S1A_IW_SLC__1SDV_20200319T230120_20200319T230148_031751_03A974_084C,S1_S1A_IW_SLC__1SDV_20200319T230120_20200319T230148_031751_03A974_084C_P0002,19.023724671109115,-72.8323967957257
S1_S1A_IW_SLC__1SDV_20200319T230120_20200319T230148_031751_03A974_084C,S1_S1A_IW_SLC__1SDV_20200319T230120_20200319T230148_031751_03A974_084C_P0003,19.023724671109115,-72.09229261724646
S1_S1A_IW_SLC__1SDV_20200319T230120_20200319T230148_031751_03A974_084C,S1_S1A_IW_SLC__1SDV_20200319T230120_20200319T230148_031751_03A974_084C_P0004,18.27577260118829,-72.09229261724646
S1_S1A_IW_SLC__1SDV_20200319T230120_20200319T230148_031751_03A974_084C,S1_S1A_IW_SLC__1SDV_20200319T230120_20200319T230148_031751_03A974_084C_P0005,18.27577260118829,-72.8323967957257
S1_S1A_IW_SLC__1SDV_20200324T230918_20200324T230945_031824_03AC13_825A,S1_S1A_IW_SLC__1SDV_20200324T230918_20200324T230945_031824_03AC13_825A_P0001,17.816422379138885,-74.59566810847481
S1_S1A_IW_SLC__1SDV_20200324T230918_20200324T230945_031824_03AC13_825A,S1_S1A_IW_SLC__1SDV_20200324T230918_20200324T230945_031824_03AC13_825A_P0002,18.40246717662286,-74.59566810847481
S1_S1A_IW_SLC__1SDV_20200324T230918_20200324T230945_031824_03AC13_825A,S1_S1A_IW_SLC__1SDV_20200324T230918_20200324T230945_031824_03AC13_825A_P0003,18.40246717662286,-73.90676930853418
S1_S1A_IW_SLC__1SDV_20200324T230918_20200324T230945_031824_03AC13_825A,S1_S1A_IW_SLC__1SDV_20200324T230918_20200324T230945_031824_03AC13_825A_P0004,17.816422379138885,-73.90676930853418
S1_S1A_IW_SLC__1SDV_20200324T230918_20200324T230945_031824_03AC13_825A,S1_S1A_IW_SLC__1SDV_20200324T230918_20200324T230945_031824_03AC13_825A_P0005,17.816422379138885,-74.59566810847481
S1_S1A_IW_SLC__1SDV_20200404T155618_20200404T155645_031980_03B190_71E6,S1_S1A_IW_SLC__1SDV_20200404T155618_20200404T155645_031980_03B190_71E6_P0001,29.667456723950433,32.189570088044384
S1_S1A_IW_SLC__1SDV_20200404T155618_20200404T155645_031980_03B190_71E6,S1_S1A_IW_SLC__1SDV_20200404T155618_20200404T155645_031980_03B190_71E6_P0002,30.21418846653042,32.189570088044384
S1_S1A_IW_SLC__1SDV_20200404T155618_20200404T155645_031980_03B190_71E6,S1_S1A_IW_SLC__1SDV_20200404T155618_20200404T155645_031980_03B190_71E6_P0003,30.21418846653042,32.82172739231901
S1_S1A_IW_SLC__1SDV_20200404T155618_20200404T155645_031980_03B190_71E6,S1_S1A_IW_SLC__1SDV_20200404T155618_20200404T155645_031980_03B190_71E6_P0004,29.667456723950433,32.82172739231901
S1_S1A_IW_SLC__1SDV_20200404T155618_20200404T155645_031980_03B190_71E6,S1_S1A_IW_SLC__1SDV_20200404T155618_20200404T155645_031980_03B190_71E6_P0005,29.667456723950433,32.189570088044384
S1_S1A_IW_SLC__1SDV_20200404T155643_20200404T155710_031980_03B190_20B2,S1_S1A_IW_SLC__1SDV_20200404T155643_20200404T155710_031980_03B190_20B2_P0001,29.667456723950433,32.189570088044384
S1_S1A_IW_SLC__1SDV_20200404T155643_20200404T155710_031980_03B190_20B2,S1_S1A_IW_SLC__1SDV_20200404T155643_20200404T155710_031980_03B190_20B2_P0002,30.21418846653042,32.189570088044384
S1_S1A_IW_SLC__1SDV_20200404T155643_20200404T155710_031980_03B190_20B2,S1_S1A_IW_SLC__1SDV_20200404T155643_20200404T155710_031980_03B190_20B2_P0003,30.21418846653042,32.82172739231901
S1_S1A_IW_SLC__1SDV_20200404T155643_20200404T155710_031980_03B190_20B2,S1_S1A_IW_SLC__1SDV_20200404T155643_20200404T155710_031980_03B190_20B2_P0004,29.667456723950433,32.82172739231901
S1_S1A_IW_SLC__1SDV_20200404T155643_20200404T155710_031980_03B190_20B2,S1_S1A_IW_SLC__1SDV_20200404T155643_20200404T155710_031980_03B190_20B2_P0005,29.667456723950433,32.189570088044384
S1_S1A_IW_SLC__1SDV_20200506T180149_20200506T180216_032448_03C1F5_2D1D,S1_S1A_IW_SLC__1SDV_20200506T180149_20200506T180216_032448_03C1F5_2D1D_P0001,5.813958669402245,2.7287621213232076
S1_S1A_IW_SLC__1SDV_20200506T180149_20200506T180216_032448_03C1F5_2D1D,S1_S1A_IW_SLC__1SDV_20200506T180149_20200506T180216_032448_03C1F5_2D1D_P0002,6.595717364916774,2.7287621213232076
S1_S1A_IW_SLC__1SDV_20200506T180149_20200506T180216_032448_03C1F5_2D1D,S1_S1A_IW_SLC__1SDV_20200506T180149_20200506T180216_032448_03C1F5_2D1D_P0003,6.595717364916774,4.263339381384517
S1_S1A_IW_SLC__1SDV_20200506T180149_20200506T180216_032448_03C1F5_2D1D,S1_S1A_IW_SLC__1SDV_20200506T180149_20200506T180216_032448_03C1F5_2D1D_P0004,5.813958669402245,4.263339381384517
S1_S1A_IW_SLC__1SDV_20200506T180149_20200506T180216_032448_03C1F5_2D1D,S1_S1A_IW_SLC__1SDV_20200506T180149_20200506T180216_032448_03C1F5_2D1D_P0005,5.813958669402245,2.7287621213232076
S1_S1A_IW_SLC__1SDV_20200915T230129_20200915T230157_034376_03FF59_A9F7,S1_S1A_IW_SLC__1SDV_20200915T230129_20200915T230157_034376_03FF59_A9F7_P0001,18.36527251569919,-72.99903346981881
S1_S1A_IW_SLC__1SDV_20200915T230129_20200915T230157_034376_03FF59_A9F7,S1_S1A_IW_SLC__1SDV_20200915T230129_20200915T230157_034376_03FF59_A9F7_P0002,19.06639016403939,-72.99903346981881
S1_S1A_IW_SLC__1SDV_20200915T230129_20200915T230157_034376_03FF59_A9F7,S1_S1A_IW_SLC__1SDV_20200915T230129_20200915T230157_034376_03FF59_A9F7_P0003,19.06639016403939,-72.23317179325079
S1_S1A_IW_SLC__1SDV_20200915T230129_20200915T230157_034376_03FF59_A9F7,S1_S1A_IW_SLC__1SDV_20200915T230129_20200915T230157_034376_03FF59_A9F7_P0004,18.36527251569919,-72.23317179325079
S1_S1A_IW_SLC__1SDV_20200915T230129_20200915T230157_034376_03FF59_A9F7,S1_S1A_IW_SLC__1SDV_20200915T230129_20200915T230157_034376_03FF59_A9F7_P0005,18.36527251569919,-72.99903346981881
S1_S1A_IW_SLC__1SDV_20200924T114547_20200924T114614_034500_0403CA_C05B,S1_S1A_IW_SLC__1SDV_20200924T114547_20200924T114614_034500_0403CA_C05B_P0001,15.418594736601083,-88.98317144600617
S1_S1A_IW_SLC__1SDV_20200924T114547_20200924T114614_034500_0403CA_C05B,S1_S1A_IW_SLC__1SDV_20200924T114547_20200924T114614_034500_0403CA_C05B_P0002,16.385414900050385,-88.98317144600617
S1_S1A_IW_SLC__1SDV_20200924T114547_20200924T114614_034500_0403CA_C05B,S1_S1A_IW_SLC__1SDV_20200924T114547_20200924T114614_034500_0403CA_C05B_P0003,16.385414900050385,-87.62583427310246
S1_S1A_IW_SLC__1SDV_20200924T114547_20200924T114614_034500_0403CA_C05B,S1_S1A_IW_SLC__1SDV_20200924T114547_20200924T114614_034500_0403CA_C05B_P0004,15.418594736601083,-87.62583427310246
S1_S1A_IW_SLC__1SDV_20200924T114547_20200924T114614_034500_0403CA_C05B,S1_S1A_IW_SLC__1SDV_20200924T114547_20200924T114614_034500_0403CA_C05B_P0005,15.418594736601083,-88.98317144600617
S1_S1A_IW_SLC__1SDV_20200924T114611_20200924T114638_034500_0403CA_2C6A,S1_S1A_IW_SLC__1SDV_20200924T114611_20200924T114638_034500_0403CA_2C6A_P0001,15.418594736601083,-88.98317144600617
S1_S1A_IW_SLC__1SDV_20200924T114611_20200924T114638_034500_0403CA_2C6A,S1_S1A_IW_SLC__1SDV_20200924T114611_20200924T114638_034500_0403CA_2C6A_P0002,16.385414900050385,-88.98317144600617
S1_S1A_IW_SLC__1SDV_20200924T114611_20200924T114638_034500_0403CA_2C6A,S1_S1A_IW_SLC__1SDV_20200924T114611_20200924T114638_034500_0403CA_2C6A_P0003,16.385414900050385,-87.62583427310246
S1_S1A_IW_SLC__1SDV_20200924T114611_20200924T114638_034500_0403CA_2C6A,S1_S1A_IW_SLC__1SDV_20200924T114611_20200924T114638_034500_0403CA_2C6A_P0004,15.418594736601083,-87.62583427310246
S1_S1A_IW_SLC__1SDV_20200924T114611_20200924T114638_034500_0403CA_2C6A,S1_S1A_IW_SLC__1SDV_20200924T114611_20200924T114638_034500_0403CA_2C6A_P0005,15.418594736601083,-88.98317144600617
S1_S1A_IW_SLC__1SDV_20200926T235812_20200926T235839_034537_04050D_3686,S1_S1A_IW_SLC__1SDV_20200926T235812_20200926T235839_034537_04050D_3686_P0001,15.616631072445491,-88.12033502989732
S1_S1A_IW_SLC__1SDV_20200926T235812_20200926T235839_034537_04050D_3686,S1_S1A_IW_SLC__1SDV_20200926T235812_20200926T235839_034537_04050D_3686_P0002,16.526564282806053,-88.12033502989732
S1_S1A_IW_SLC__1SDV_20200926T235812_20200926T235839_034537_04050D_3686,S1_S1A_IW_SLC__1SDV_20200926T235812_20200926T235839_034537_04050D_3686_P0003,16.526564282806053,-86.98468575387243
S1_S1A_IW_SLC__1SDV_20200926T235812_20200926T235839_034537_04050D_3686,S1_S1A_IW_SLC__1SDV_20200926T235812_20200926T235839_034537_04050D_3686_P0004,15.616631072445491,-86.98468575387243
S1_S1A_IW_SLC__1SDV_20200926T235812_20200926T235839_034537_04050D_3686,S1_S1A_IW_SLC__1SDV_20200926T235812_20200926T235839_034537_04050D_3686_P0005,15.616631072445491,-88.12033502989732
S1_S1A_IW_SLC__1SDV_20200926T235837_20200926T235904_034537_04050D_97F3,S1_S1A_IW_SLC__1SDV_20200926T235837_20200926T235904_034537_04050D_97F3_P0001,15.616631072445491,-88.12033502989732
S1_S1A_IW_SLC__1SDV_20200926T235837_20200926T235904_034537_04050D_97F3,S1_S1A_IW_SLC__1SDV_20200926T235837_20200926T235904_034537_04050D_97F3_P0002,16.526564282806053,-88.12033502989732
S1_S1A_IW_SLC__1SDV_20200926T235837_20200926T235904_034537_04050D_97F3,S1_S1A_IW_SLC__1SDV_20200926T235837_20200926T235904_034537_04050D_97F3_P0003,16.526564282806053,-86.98468575387243
S1_S1A_IW_SLC__1SDV_20200926T235837_20200926T235904_034537_04050D_97F3,S1_S1A_IW_SLC__1SDV_20200926T235837_20200926T235904_034537_04050D_97F3_P0004,15.616631072445491,-86.98468575387243
S1_S1A_IW_SLC__1SDV_20200926T235837_20200926T235904_034537_04050D_97F3,S1_S1A_IW_SLC__1SDV_20200926T235837_20200926T235904_034537_04050D_97F3_P0005,15.616631072445491,-88.12033502989732
S1_S1A_IW_SLC__1SDV_20201021T230129_20201021T230157_034901_0411BE_0FC7,S1_S1A_IW_SLC__1SDV_20201021T230129_20201021T230157_034901_0411BE_0FC7_P0001,18.40624009472405,-72.92936207717048
S1_S1A_IW_SLC__1SDV_20201021T230129_20201021T230157_034901_0411BE_0FC7,S1_S1A_IW_SLC__1SDV_20201021T230129_20201021T230157_034901_0411BE_0FC7_P0002,19.03922974072818,-72.92936207717048
S1_S1A_IW_SLC__1SDV_20201021T230129_20201021T230157_034901_0411BE_0FC7,S1_S1A_IW_SLC__1SDV_20201021T230129_20201021T230157_034901_0411BE_0FC7_P0003,19.03922974072818,-72.28716527758603
S1_S1A_IW_SLC__1SDV_20201021T230129_20201021T230157_034901_0411BE_0FC7,S1_S1A_IW_SLC__1SDV_20201021T230129_20201021T230157_034901_0411BE_0FC7_P0004,18.40624009472405,-72.28716527758603
S1_S1A_IW_SLC__1SDV_20201021T230129_20201021T230157_034901_0411BE_0FC7,S1_S1A_IW_SLC__1SDV_20201021T230129_20201021T230157_034901_0411BE_0FC7_P0005,18.40624009472405,-72.92936207717048
S1_S1A_IW_SLC__1SDV_20201115T121211_20201115T121239_035259_041E24_CF73,S1_S1A_IW_SLC__1SDV_20201115T121211_20201115T121239_035259_041E24_CF73_P0001,20.454192223867363,87.87638912004874
S1_S1A_IW_SLC__1SDV_20201115T121211_20201115T121239_035259_041E24_CF73,S1_S1A_IW_SLC__1SDV_20201115T121211_20201115T121239_035259_041E24_CF73_P0002,21.034074973927773,87.87638912004874
S1_S1A_IW_SLC__1SDV_20201115T121211_20201115T121239_035259_041E24_CF73,S1_S1A_IW_SLC__1SDV_20201115T121211_20201115T121239_035259_041E24_CF73_P0003,21.034074973927773,88.80523351427952
S1_S1A_IW_SLC__1SDV_20201115T121211_20201115T121239_035259_041E24_CF73,S1_S1A_IW_SLC__1SDV_20201115T121211_20201115T121239_035259_041E24_CF73_P0004,20.454192223867363,88.80523351427952
S1_S1A_IW_SLC__1SDV_20201115T121211_20201115T121239_035259_041E24_CF73,S1_S1A_IW_SLC__1SDV_20201115T121211_20201115T121239_035259_041E24_CF73_P0005,20.454192223867363,87.87638912004874
S1_S1A_IW_SLC__1SDV_20201126T230129_20201126T230157_035426_0423E6_EF0A,S1_S1A_IW_SLC__1SDV_20201126T230129_20201126T230157_035426_0423E6_EF0A_P0001,18.28438026775529,-73.05260117156757
S1_S1A_IW_SLC__1SDV_20201126T230129_20201126T230157_035426_0423E6_EF0A,S1_S1A_IW_SLC__1SDV_20201126T230129_20201126T230157_035426_0423E6_EF0A_P0002,19.15635774201786,-73.05260117156757
S1_S1A_IW_SLC__1SDV_20201126T230129_20201126T230157_035426_0423E6_EF0A,S1_S1A_IW_SLC__1SDV_20201126T230129_20201126T230157_035426_0423E6_EF0A_P0003,19.15635774201786,-72.18188737632832
S1_S1A_IW_SLC__1SDV_20201126T230129_20201126T230157_035426_0423E6_EF0A,S1_S1A_IW_SLC__1SDV_20201126T230129_20201126T230157_035426_0423E6_EF0A_P0004,18.28438026775529,-72.18188737632832
S1_S1A_IW_SLC__1SDV_20201126T230129_20201126T230157_035426_0423E6_EF0A,S1_S1A_IW_SLC__1SDV_20201126T230129_20201126T230157_035426_0423E6_EF0A_P0005,18.28438026775529,-73.05260117156757
S1_S1A_IW_SLC__1SDV_20201213T103905_20201213T103933_035666_042C30_CF3A,S1_S1A_IW_SLC__1SDV_20201213T103905_20201213T103933_035666_042C30_CF3A_P0001,18.269838830895736,-72.68846630812828
S1_S1A_IW_SLC__1SDV_20201213T103905_20201213T103933_035666_042C30_CF3A,S1_S1A_IW_SLC__1SDV_20201213T103905_20201213T103933_035666_042C30_CF3A_P0002,18.856331091960612,-72.68846630812828
S1_S1A_IW_SLC__1SDV_20201213T103905_20201213T103933_035666_042C30_CF3A,S1_S1A_IW_SLC__1SDV_20201213T103905_20201213T103933_035666_042C30_CF3A_P0003,18.856331091960612,-72.07008425365548
S1_S1A_IW_SLC__1SDV_20201213T103905_20201213T103933_035666_042C30_CF3A,S1_S1A_IW_SLC__1SDV_20201213T103905_20201213T103933_035666_042C30_CF3A_P0004,18.269838830895736,-72.07008425365548
S1_S1A_IW_SLC__1SDV_20201213T103905_20201213T103933_035666_042C30_CF3A,S1_S1A_IW_SLC__1SDV_20201213T103905_20201213T103933_035666_042C30_CF3A_P0005,18.269838830895736,-72.68846630812828
S1_S1A_IW_SLC__1SDV_20201213T103930_20201213T103957_035666_042C30_A1B7,S1_S1A_IW_SLC__1SDV_20201213T103930_20201213T103957_035666_042C30_A1B7_P0001,18.269838830895736,-72.68846630812828
S1_S1A_IW_SLC__1SDV_20201213T103930_20201213T103957_035666_042C30_A1B7,S1_S1A_IW_SLC__1SDV_20201213T103930_20201213T103957_035666_042C30_A1B7_P0002,18.856331091960612,-72.68846630812828
S1_S1A_IW_SLC__1SDV_20201213T103930_20201213T103957_035666_042C30_A1B7,S1_S1A_IW_SLC__1SDV_20201213T103930_20201213T103957_035666_042C30_A1B7_P0003,18.856331091960612,-72.07008425365548
S1_S1A_IW_SLC__1SDV_20201213T103930_20201213T103957_035666_042C30_A1B7,S1_S1A_IW_SLC__1SDV_20201213T103930_20201213T103957_035666_042C30_A1B7_P0004,18.269838830895736,-72.07008425365548
S1_S1A_IW_SLC__1SDV_20201213T103930_20201213T103957_035666_042C30_A1B7,S1_S1A_IW_SLC__1SDV_20201213T103930_20201213T103957_035666_042C30_A1B7_P0005,18.269838830895736,-72.68846630812828
S1_S1A_IW_SLC__1SDV_20201220T230128_20201220T230156_035776_042FF7_E623,S1_S1A_IW_SLC__1SDV_20201220T230128_20201220T230156_035776_042FF7_E623_P0001,18.569103211565835,-73.11825528096993
S1_S1A_IW_SLC__1SDV_20201220T230128_20201220T230156_035776_042FF7_E623,S1_S1A_IW_SLC__1SDV_20201220T230128_20201220T230156_035776_042FF7_E623_P0002,19.132386933789796,-73.11825528096993
S1_S1A_IW_SLC__1SDV_20201220T230128_20201220T230156_035776_042FF7_E623,S1_S1A_IW_SLC__1SDV_20201220T230128_20201220T230156_035776_042FF7_E623_P0003,19.132386933789796,-72.49921343323014
S1_S1A_IW_SLC__1SDV_20201220T230128_20201220T230156_035776_042FF7_E623,S1_S1A_IW_SLC__1SDV_20201220T230128_20201220T230156_035776_042FF7_E623_P0004,18.569103211565835,-72.49921343323014
S1_S1A_IW_SLC__1SDV_20201220T230128_20201220T230156_035776_042FF7_E623,S1_S1A_IW_SLC__1SDV_20201220T230128_20201220T230156_035776_042FF7_E623_P0005,18.569103211565835,-73.11825528096993
S1_S1A_IW_SLC__1SDV_20210101T230127_20210101T230155_035951_04360B_049E,S1_S1A_IW_SLC__1SDV_20210101T230127_20210101T230155_035951_04360B_049E_P0001,18.52057325774453,-72.99997931410972
S1_S1A_IW_SLC__1SDV_20210101T230127_20210101T230155_035951_04360B_049E,S1_S1A_IW_SLC__1SDV_20210101T230127_20210101T230155_035951_04360B_049E_P0002,19.153544521771277,-72.99997931410972
S1_S1A_IW_SLC__1SDV_20210101T230127_20210101T230155_035951_04360B_049E,S1_S1A_IW_SLC__1SDV_20210101T230127_20210101T230155_035951_04360B_049E_P0003,19.153544521771277,-72.35704617791419
S1_S1A_IW_SLC__1SDV_20210101T230127_20210101T230155_035951_04360B_049E,S1_S1A_IW_SLC__1SDV_20210101T230127_20210101T230155_035951_04360B_049E_P0004,18.52057325774453,-72.35704617791419
S1_S1A_IW_SLC__1SDV_20210101T230127_20210101T230155_035951_04360B_049E,S1_S1A_IW_SLC__1SDV_20210101T230127_20210101T230155_035951_04360B_049E_P0005,18.52057325774453,-72.99997931410972
S1_S1A_IW_SLC__1SDV_20210123T104729_20210123T104755_036264_0440FD_9D34,S1_S1A_IW_SLC__1SDV_20210123T104729_20210123T104755_036264_0440FD_9D34_P0001,18.22013207215569,-73.16094683322115
S1_S1A_IW_SLC__1SDV_20210123T104729_20210123T104755_036264_0440FD_9D34,S1_S1A_IW_SLC__1SDV_20210123T104729_20210123T104755_036264_0440FD_9D34_P0002,18.829918786848076,-73.16094683322115
S1_S1A_IW_SLC__1SDV_20210123T104729_20210123T104755_036264_0440FD_9D34,S1_S1A_IW_SLC__1SDV_20210123T104729_20210123T104755_036264_0440FD_9D34_P0003,18.829918786848076,-72.49491174223697
S1_S1A_IW_SLC__1SDV_20210123T104729_20210123T104755_036264_0440FD_9D34,S1_S1A_IW_SLC__1SDV_20210123T104729_20210123T104755_036264_0440FD_9D34_P0004,18.22013207215569,-72.49491174223697
S1_S1A_IW_SLC__1SDV_20210123T104729_20210123T104755_036264_0440FD_9D34,S1_S1A_IW_SLC__1SDV_20210123T104729_20210123T104755_036264_0440FD_9D34_P0005,18.22013207215569,-73.16094683322115
S1_S1A_IW_SLC__1SDV_20210125T230126_20210125T230154_036301_04424B_8308,S1_S1A_IW_SLC__1SDV_20210125T230126_20210125T230154_036301_04424B_8308_P0001,18.22013207215569,-73.16094683322115
S1_S1A_IW_SLC__1SDV_20210125T230126_20210125T230154_036301_04424B_8308,S1_S1A_IW_SLC__1SDV_20210125T230126_20210125T230154_036301_04424B_8308_P0002,18.829918786848076,-73.16094683322115
S1_S1A_IW_SLC__1SDV_20210125T230126_20210125T230154_036301_04424B_8308,S1_S1A_IW_SLC__1SDV_20210125T230126_20210125T230154_036301_04424B_8308_P0003,18.829918786848076,-72.49491174223697
S1_S1A_IW_SLC__1SDV_20210125T230126_20210125T230154_036301_04424B_8308,S1_S1A_IW_SLC__1SDV_20210125T230126_20210125T230154_036301_04424B_8308_P0004,18.22013207215569,-72.49491174223697
S1_S1A_IW_SLC__1SDV_20210125T230126_20210125T230154_036301_04424B_8308,S1_S1A_IW_SLC__1SDV_20210125T230126_20210125T230154_036301_04424B_8308_P0005,18.22013207215569,-73.16094683322115
S1_S1A_IW_SLC__1SDV_20210702T161544_20210702T161611_038601_048E08_CDF5,S1_S1A_IW_SLC__1SDV_20210702T161544_20210702T161611_038601_048E08_CDF5_P0001,38.74289588343527,26.080745731343445
S1_S1A_IW_SLC__1SDV_20210702T161544_20210702T161611_038601_048E08_CDF5,S1_S1A_IW_SLC__1SDV_20210702T161544_20210702T161611_038601_048E08_CDF5_P0002,39.39742803281211,26.080745731343445
S1_S1A_IW_SLC__1SDV_20210702T161544_20210702T161611_038601_048E08_CDF5,S1_S1A_IW_SLC__1SDV_20210702T161544_20210702T161611_038601_048E08_CDF5_P0003,39.39742803281211,26.890336283855408
S1_S1A_IW_SLC__1SDV_20210702T161544_20210702T161611_038601_048E08_CDF5,S1_S1A_IW_SLC__1SDV_20210702T161544_20210702T161611_038601_048E08_CDF5_P0004,38.74289588343527,26.890336283855408
S1_S1A_IW_SLC__1SDV_20210702T161544_20210702T161611_038601_048E08_CDF5,S1_S1A_IW_SLC__1SDV_20210702T161544_20210702T161611_038601_048E08_CDF5_P0005,38.74289588343527,26.080745731343445
S1_S1A_IW_SLC__1SDV_20240629T041520_20240629T041547_054533_06A303_E4CF,S1_S1A_IW_SLC__1SDV_20240629T041520_20240629T041547_054533_06A303_E4CF_P0001,38.74289588343527,26.080745731343445
S1_S1A_IW_SLC__1SDV_20240629T041520_20240629T041547_054533_06A303_E4CF,S1_S1A_IW_SLC__1SDV_20240629T041520_20240629T041547_054533_06A303_E4CF_P0002,39.39742803281211,26.080745731343445
S1_S1A_IW_SLC__1SDV_20240629T041520_20240629T041547_054533_06A303_E4CF,S1_S1A_IW_SLC__1SDV_20240629T041520_20240629T041547_054533_06A303_E4CF_P0003,39.39742803281211,26.890336283855408
S1_S1A_IW_SLC__1SDV_20240629T041520_20240629T041547_054533_06A303_E4CF,S1_S1A_IW_SLC__1SDV_20240629T041520_20240629T041547_054533_06A303_E4CF_P0004,38.74289588343527,26.890336283855408
S1_S1A_IW_SLC__1SDV_20240629T041520_20240629T041547_054533_06A303_E4CF,S1_S1A_IW_SLC__1SDV_20240629T041520_20240629T041547_054533_06A303_E4CF_P0005,38.74289588343527,26.080745731343445
S1_S1A_IW_SLC__1SDV_20240705T160746_20240705T160813_054628_06A662_95B9,S1_S1A_IW_SLC__1SDV_20240705T160746_20240705T160813_054628_06A662_95B9_P0001,38.74289588343527,26.080745731343445
S1_S1A_IW_SLC__1SDV_20240705T160746_20240705T160813_054628_06A662_95B9,S1_S1A_IW_SLC__1SDV_20240705T160746_20240705T160813_054628_06A662_95B9_P0002,39.39742803281211,26.080745731343445
S1_S1A_IW_SLC__1SDV_20240705T160746_20240705T160813_054628_06A662_95B9,S1_S1A_IW_SLC__1SDV_20240705T160746_20240705T160813_054628_06A662_95B9_P0003,39.39742803281211,26.890336283855408
S1_S1A_IW_SLC__1SDV_20240705T160746_20240705T160813_054628_06A662_95B9,S1_S1A_IW_SLC__1SDV_20240705T160746_20240705T160813_054628_06A662_95B9_P0004,38.74289588343527,26.890336283855408
S1_S1A_IW_SLC__1SDV_20240705T160746_20240705T160813_054628_06A662_95B9,S1_S1A_IW_SLC__1SDV_20240705T160746_20240705T160813_054628_06A662_95B9_P0005,38.74289588343527,26.080745731343445
S1_S1B_IW_SLC__1SDV_20180128T220352_20180128T220419_009377_010D78_7518,S1_S1B_IW_SLC__1SDV_20180128T220352_20180128T220419_009377_010D78_7518_P0001,38.70230734331049,118.46629667928268
S1_S1B_IW_SLC__1SDV_20180128T220352_20180128T220419_009377_010D78_7518,S1_S1B_IW_SLC__1SDV_20180128T220352_20180128T220419_009377_010D78_7518_P0002,39.585861045756474,118.46629667928268
S1_S1B_IW_SLC__1SDV_20180128T220352_20180128T220419_009377_010D78_7518,S1_S1B_IW_SLC__1SDV_20180128T220352_20180128T220419_009377_010D78_7518_P0003,39.585861045756474,119.7282429190877
S1_S1B_IW_SLC__1SDV_20180128T220352_20180128T220419_009377_010D78_7518,S1_S1B_IW_SLC__1SDV_20180128T220352_20180128T220419_009377_010D78_7518_P0004,38.70230734331049,119.7282429190877
S1_S1B_IW_SLC__1SDV_20180128T220352_20180128T220419_009377_010D78_7518,S1_S1B_IW_SLC__1SDV_20180128T220352_20180128T220419_009377_010D78_7518_P0005,38.70230734331049,118.46629667928268
S1_S1B_IW_SLC__1SDV_20180302T215217_20180302T215252_009858_011D4A_B9BD,S1_S1B_IW_SLC__1SDV_20180302T215217_20180302T215252_009858_011D4A_B9BD_P0001,-9.35541258776083,114.91314823657177
S1_S1B_IW_SLC__1SDV_20180302T215217_20180302T215252_009858_011D4A_B9BD,S1_S1B_IW_SLC__1SDV_20180302T215217_20180302T215252_009858_011D4A_B9BD_P0002,-8.398207345008178,114.91314823657177
S1_S1B_IW_SLC__1SDV_20180302T215217_20180302T215252_009858_011D4A_B9BD,S1_S1B_IW_SLC__1SDV_20180302T215217_20180302T215252_009858_011D4A_B9BD_P0003,-8.398207345008178,116.05268680232034
S1_S1B_IW_SLC__1SDV_20180302T215217_20180302T215252_009858_011D4A_B9BD,S1_S1B_IW_SLC__1SDV_20180302T215217_20180302T215252_009858_011D4A_B9BD_P0004,-9.35541258776083,116.05268680232034
S1_S1B_IW_SLC__1SDV_20180302T215217_20180302T215252_009858_011D4A_B9BD,S1_S1B_IW_SLC__1SDV_20180302T215217_20180302T215252_009858_011D4A_B9BD_P0005,-9.35541258776083,114.91314823657177
S1_S1B_IW_SLC__1SDV_20180419T175807_20180419T175834_010556_0133F9_F753,S1_S1B_IW_SLC__1SDV_20180419T175807_20180419T175834_010556_0133F9_F753_P0001,55.88277008742356,-3.0916771517868495
S1_S1B_IW_SLC__1SDV_20180419T175807_20180419T175834_010556_0133F9_F753,S1_S1B_IW_SLC__1SDV_20180419T175807_20180419T175834_010556_0133F9_F753_P0002,56.6759945638542,-3.0916771517868495
S1_S1B_IW_SLC__1SDV_20180419T175807_20180419T175834_010556_0133F9_F753,S1_S1B_IW_SLC__1SDV_20180419T175807_20180419T175834_010556_0133F9_F753_P0003,56.6759945638542,-1.8316652509012754
S1_S1B_IW_SLC__1SDV_20180419T175807_20180419T175834_010556_0133F9_F753,S1_S1B_IW_SLC__1SDV_20180419T175807_20180419T175834_010556_0133F9_F753_P0004,55.88277008742356,-1.8316652509012754
S1_S1B_IW_SLC__1SDV_20180419T175807_20180419T175834_010556_0133F9_F753,S1_S1B_IW_SLC__1SDV_20180419T175807_20180419T175834_010556_0133F9_F753_P0005,55.88277008742356,-3.0916771517868495
S1_S1B_IW_SLC__1SDV_20180606T161440_20180606T161507_011255_014A7F_B0DC,S1_S1B_IW_SLC__1SDV_20180606T161440_20180606T161507_011255_014A7F_B0DC_P0001,38.834692700323124,26.21725414897716
S1_S1B_IW_SLC__1SDV_20180606T161440_20180606T161507_011255_014A7F_B0DC,S1_S1B_IW_SLC__1SDV_20180606T161440_20180606T161507_011255_014A7F_B0DC_P0002,39.37854746847594,26.21725414897716
S1_S1B_IW_SLC__1SDV_20180606T161440_20180606T161507_011255_014A7F_B0DC,S1_S1B_IW_SLC__1SDV_20180606T161440_20180606T161507_011255_014A7F_B0DC_P0003,39.37854746847594,26.91812182758534
S1_S1B_IW_SLC__1SDV_20180606T161440_20180606T161507_011255_014A7F_B0DC,S1_S1B_IW_SLC__1SDV_20180606T161440_20180606T161507_011255_014A7F_B0DC_P0004,38.834692700323124,26.91812182758534
S1_S1B_IW_SLC__1SDV_20180606T161440_20180606T161507_011255_014A7F_B0DC,S1_S1B_IW_SLC__1SDV_20180606T161440_20180606T161507_011255_014A7F_B0DC_P0005,38.834692700323124,26.21725414897716
S1_S1B_IW_SLC__1SDV_20180613T174848_20180613T174916_011358_014DB0_D584,S1_S1B_IW_SLC__1SDV_20180613T174848_20180613T174916_011358_014DB0_D584_P0001,51.118148290007184,0.12839805253897096
S1_S1B_IW_SLC__1SDV_20180613T174848_20180613T174916_011358_014DB0_D584,S1_S1B_IW_SLC__1SDV_20180613T174848_20180613T174916_011358_014DB0_D584_P0002,51.71514181666781,0.12839805253897096
S1_S1B_IW_SLC__1SDV_20180613T174848_20180613T174916_011358_014DB0_D584,S1_S1B_IW_SLC__1SDV_20180613T174848_20180613T174916_011358_014DB0_D584_P0003,51.71514181666781,1.1699298549125965
S1_S1B_IW_SLC__1SDV_20180613T174848_20180613T174916_011358_014DB0_D584,S1_S1B_IW_SLC__1SDV_20180613T174848_20180613T174916_011358_014DB0_D584_P0004,51.118148290007184,1.1699298549125965
S1_S1B_IW_SLC__1SDV_20180613T174848_20180613T174916_011358_014DB0_D584,S1_S1B_IW_SLC__1SDV_20180613T174848_20180613T174916_011358_014DB0_D584_P0005,51.118148290007184,0.12839805253897096
S1_S1B_IW_SLC__1SDV_20180716T171912_20180716T171939_011839_015CA0_7ADE,S1_S1B_IW_SLC__1SDV_20180716T171912_20180716T171939_011839_015CA0_7ADE_P0001,33.35523012833409,10.299786176299502
S1_S1B_IW_SLC__1SDV_20180716T171912_20180716T171939_011839_015CA0_7ADE,S1_S1B_IW_SLC__1SDV_20180716T171912_20180716T171939_011839_015CA0_7ADE_P0002,34.02209855971775,10.299786176299502
S1_S1B_IW_SLC__1SDV_20180716T171912_20180716T171939_011839_015CA0_7ADE,S1_S1B_IW_SLC__1SDV_20180716T171912_20180716T171939_011839_015CA0_7ADE_P0003,34.02209855971775,11.152036355944878
S1_S1B_IW_SLC__1SDV_20180716T171912_20180716T171939_011839_015CA0_7ADE,S1_S1B_IW_SLC__1SDV_20180716T171912_20180716T171939_011839_015CA0_7ADE_P0004,33.35523012833409,11.152036355944878
S1_S1B_IW_SLC__1SDV_20180716T171912_20180716T171939_011839_015CA0_7ADE,S1_S1B_IW_SLC__1SDV_20180716T171912_20180716T171939_011839_015CA0_7ADE_P0005,33.35523012833409,10.299786176299502
S1_S1B_IW_SLC__1SDV_20180927T051820_20180927T051847_012896_017D0E_5078,S1_S1B_IW_SLC__1SDV_20180927T051820_20180927T051847_012896_017D0E_5078_P0001,45.10751293091907,12.322340568091738
S1_S1B_IW_SLC__1SDV_20180927T051820_20180927T051847_012896_017D0E_5078,S1_S1B_IW_SLC__1SDV_20180927T051820_20180927T051847_012896_017D0E_5078_P0002,46.01549397856318,12.322340568091738
S1_S1B_IW_SLC__1SDV_20180927T051820_20180927T051847_012896_017D0E_5078,S1_S1B_IW_SLC__1SDV_20180927T051820_20180927T051847_012896_017D0E_5078_P0003,46.01549397856318,13.935503566840127
S1_S1B_IW_SLC__1SDV_20180927T051820_20180927T051847_012896_017D0E_5078,S1_S1B_IW_SLC__1SDV_20180927T051820_20180927T051847_012896_017D0E_5078_P0004,45.10751293091907,13.935503566840127
S1_S1B_IW_SLC__1SDV_20180927T051820_20180927T051847_012896_017D0E_5078,S1_S1B_IW_SLC__1SDV_20180927T051820_20180927T051847_012896_017D0E_5078_P0005,45.10751293091907,12.322340568091738
S1_S1B_IW_SLC__1SDV_20181006T212352_20181006T212427_013037_018158_17E9,S1_S1B_IW_SLC__1SDV_20181006T212352_20181006T212427_013037_018158_17E9_P0001,34.603869879583826,128.54889244266232
S1_S1B_IW_SLC__1SDV_20181006T212352_20181006T212427_013037_018158_17E9,S1_S1B_IW_SLC__1SDV_20181006T212352_20181006T212427_013037_018158_17E9_P0002,35.3281998162761,128.54889244266232
S1_S1B_IW_SLC__1SDV_20181006T212352_20181006T212427_013037_018158_17E9,S1_S1B_IW_SLC__1SDV_20181006T212352_20181006T212427_013037_018158_17E9_P0003,35.3281998162761,129.4037323573255
S1_S1B_IW_SLC__1SDV_20181006T212352_20181006T212427_013037_018158_17E9,S1_S1B_IW_SLC__1SDV_20181006T212352_20181006T212427_013037_018158_17E9_P0004,34.603869879583826,129.4037323573255
S1_S1B_IW_SLC__1SDV_20181006T212352_20181006T212427_013037_018158_17E9,S1_S1B_IW_SLC__1SDV_20181006T212352_20181006T212427_013037_018158_17E9_P0005,34.603869879583826,128.54889244266232
S1_S1B_IW_SLC__1SDV_20181024T181653_20181024T181720_013298_01895D_122A,S1_S1B_IW_SLC__1SDV_20181024T181653_20181024T181720_013298_01895D_122A_P0001,4.849953890882638,-1.1242990069158756
S1_S1B_IW_SLC__1SDV_20181024T181653_20181024T181720_013298_01895D_122A,S1_S1B_IW_SLC__1SDV_20181024T181653_20181024T181720_013298_01895D_122A_P0002,5.615016109117362,-1.1242990069158756
S1_S1B_IW_SLC__1SDV_20181024T181653_20181024T181720_013298_01895D_122A,S1_S1B_IW_SLC__1SDV_20181024T181653_20181024T181720_013298_01895D_122A_P0003,5.615016109117362,-0.23240099308412443
S1_S1B_IW_SLC__1SDV_20181024T181653_20181024T181720_013298_01895D_122A,S1_S1B_IW_SLC__1SDV_20181024T181653_20181024T181720_013298_01895D_122A_P0004,4.849953890882638,-0.23240099308412443
S1_S1B_IW_SLC__1SDV_20181024T181653_20181024T181720_013298_01895D_122A,S1_S1B_IW_SLC__1SDV_20181024T181653_20181024T181720_013298_01895D_122A_P0005,4.849953890882638,-1.1242990069158756
S1_S1B_IW_SLC__1SDV_20181024T181717_20181024T181744_013298_01895D_793F,S1_S1B_IW_SLC__1SDV_20181024T181717_20181024T181744_013298_01895D_793F_P0001,4.849953890882638,-1.1242990069158756
S1_S1B_IW_SLC__1SDV_20181024T181717_20181024T181744_013298_01895D_793F,S1_S1B_IW_SLC__1SDV_20181024T181717_20181024T181744_013298_01895D_793F_P0002,5.615016109117362,-1.1242990069158756
S1_S1B_IW_SLC__1SDV_20181024T181717_20181024T181744_013298_01895D_793F,S1_S1B_IW_SLC__1SDV_20181024T181717_20181024T181744_013298_01895D_793F_P0003,5.615016109117362,-0.23240099308412443
S1_S1B_IW_SLC__1SDV_20181024T181717_20181024T181744_013298_01895D_793F,S1_S1B_IW_SLC__1SDV_20181024T181717_20181024T181744_013298_01895D_793F_P0004,4.849953890882638,-0.23240099308412443
S1_S1B_IW_SLC__1SDV_20181024T181717_20181024T181744_013298_01895D_793F,S1_S1B_IW_SLC__1SDV_20181024T181717_20181024T181744_013298_01895D_793F_P0005,4.849953890882638,-1.1242990069158756
S1_S1B_IW_SLC__1SDV_20190516T100545_20190516T100611_016268_01E9DC_427C,S1_S1B_IW_SLC__1SDV_20190516T100545_20190516T100611_016268_01E9DC_427C_P0001,14.278765713638155,120.55915900901023
S1_S1B_IW_SLC__1SDV_20190516T100545_20190516T100611_016268_01E9DC_427C,S1_S1B_IW_SLC__1SDV_20190516T100545_20190516T100611_016268_01E9DC_427C_P0002,14.86505284634532,120.55915900901023
S1_S1B_IW_SLC__1SDV_20190516T100545_20190516T100611_016268_01E9DC_427C,S1_S1B_IW_SLC__1SDV_20190516T100545_20190516T100611_016268_01E9DC_427C_P0003,14.86505284634532,121.16462961303142
S1_S1B_IW_SLC__1SDV_20190516T100545_20190516T100611_016268_01E9DC_427C,S1_S1B_IW_SLC__1SDV_20190516T100545_20190516T100611_016268_01E9DC_427C_P0004,14.278765713638155,121.16462961303142
S1_S1B_IW_SLC__1SDV_20190516T100545_20190516T100611_016268_01E9DC_427C,S1_S1B_IW_SLC__1SDV_20190516T100545_20190516T100611_016268_01E9DC_427C_P0005,14.278765713638155,120.55915900901023
S1_S1B_IW_SLC__1SDV_20190516T100609_20190516T100636_016268_01E9DC_EE45,S1_S1B_IW_SLC__1SDV_20190516T100609_20190516T100636_016268_01E9DC_EE45_P0001,14.278765713638155,120.55915900901023
S1_S1B_IW_SLC__1SDV_20190516T100609_20190516T100636_016268_01E9DC_EE45,S1_S1B_IW_SLC__1SDV_20190516T100609_20190516T100636_016268_01E9DC_EE45_P0002,14.86505284634532,120.55915900901023
S1_S1B_IW_SLC__1SDV_20190516T100609_20190516T100636_016268_01E9DC_EE45,S1_S1B_IW_SLC__1SDV_20190516T100609_20190516T100636_016268_01E9DC_EE45_P0003,14.86505284634532,121.16462961303142
S1_S1B_IW_SLC__1SDV_20190516T100609_20190516T100636_016268_01E9DC_EE45,S1_S1B_IW_SLC__1SDV_20190516T100609_20190516T100636_016268_01E9DC_EE45_P0004,14.278765713638155,121.16462961303142
S1_S1B_IW_SLC__1SDV_20190516T100609_20190516T100636_016268_01E9DC_EE45,S1_S1B_IW_SLC__1SDV_20190516T100609_20190516T100636_016268_01E9DC_EE45_P0005,14.278765713638155,120.55915900901023
S1_S1B_IW_SLC__1SDV_20210626T161500_20210626T161527_027530_03494A_A037,S1_S1B_IW_SLC__1SDV_20210626T161500_20210626T161527_027530_03494A_A037_P0001,38.74289588343527,26.080745731343445
S1_S1B_IW_SLC__1SDV_20210626T161500_20210626T161527_027530_03494A_A037,S1_S1B_IW_SLC__1SDV_20210626T161500_20210626T161527_027530_03494A_A037_P0002,39.39742803281211,26.080745731343445
S1_S1B_IW_SLC__1SDV_20210626T161500_20210626T161527_027530_03494A_A037,S1_S1B_IW_SLC__1SDV_20210626T161500_20210626T161527_027530_03494A_A037_P0003,39.39742803281211,26.890336283855408
S1_S1B_IW_SLC__1SDV_20210626T161500_20210626T161527_027530_03494A_A037,S1_S1B_IW_SLC__1SDV_20210626T161500_20210626T161527_027530_03494A_A037_P0004,38.74289588343527,26.890336283855408
S1_S1B_IW_SLC__1SDV_20210626T161500_20210626T161527_027530_03494A_A037,S1_S1B_IW_SLC__1SDV_20210626T161500_20210626T161527_027530_03494A_A037_P0005,38.74289588343527,26.080745731343445
