{
"type": "FeatureCollection",
"name": "predicted_particle_points",
"crs": { "type": "name", "properties": { "name": "urn:ogc:def:crs:OGC:1.3:CRS84" } },
"features": [
{ "type": "Feature", "properties": { "particle": 0, "seed_idx": 0, "valid": true, "snap_water": false, "snap_m": 0.0 }, "geometry": { "type": "Point", "coordinates": [ -0.343889176845551, 5.512365818023682 ] } },
{ "type": "Feature", "properties": { "particle": 1, "seed_idx": 0, "valid": true, "snap_water": false, "snap_m": 0.0 }, "geometry": { "type": "Point", "coordinates": [ -0.344817370176315, 5.511799812316895 ] } },
{ "type": "Feature", "properties": { "particle": 2, "seed_idx": 0, "valid": true, "snap_water": false, "snap_m": 0.0 }, "geometry": { "type": "Point", "coordinates": [ -0.345307201147079, 5.51127290725708 ] } },
{ "type": "Feature", "properties": { "particle": 3, "seed_idx": 0, "valid": true, "snap_water": false, "snap_m": 0.0 }, "geometry": { "type": "Point", "coordinates": [ -0.34523594379425, 5.51268482208252 ] } },
{ "type": "Feature", "properties": { "particle": 4, "seed_idx": 0, "valid": true, "snap_water": false, "snap_m": 0.0 }, "geometry": { "type": "Point", "coordinates": [ -0.345195323228836, 5.512460708618164 ] } },
{ "type": "Feature", "properties": { "particle": 5, "seed_idx": 0, "valid": true, "snap_water": false, "snap_m": 0.0 }, "geometry": { "type": "Point", "coordinates": [ -0.345892369747162, 5.511899948120117 ] } },
{ "type": "Feature", "properties": { "particle": 6, "seed_idx": 0, "valid": true, "snap_water": false, "snap_m": 0.0 }, "geometry": { "type": "Point", "coordinates": [ -0.344207584857941, 5.512636661529541 ] } },
{ "type": "Feature", "properties": { "particle": 7, "seed_idx": 0, "valid": true, "snap_water": false, "snap_m": 0.0 }, "geometry": { "type": "Point", "coordinates": [ -0.344363778829575, 5.512078762054443 ] } },
{ "type": "Feature", "properties": { "particle": 8, "seed_idx": 0, "valid": true, "snap_water": false, "snap_m": 0.0 }, "geometry": { "type": "Point", "coordinates": [ -0.345271795988083, 5.511919021606445 ] } },
{ "type": "Feature", "properties": { "particle": 9, "seed_idx": 0, "valid": true, "snap_water": false, "snap_m": 0.0 }, "geometry": { "type": "Point", "coordinates": [ -0.344567686319351, 5.512882232666016 ] } },
{ "type": "Feature", "properties": { "particle": 10, "seed_idx": 0, "valid": true, "snap_water": false, "snap_m": 0.0 }, "geometry": { "type": "Point", "coordinates": [ -0.344153732061386, 5.512593746185303 ] } },
{ "type": "Feature", "properties": { "particle": 11, "seed_idx": 0, "valid": true, "snap_water": false, "snap_m": 0.0 }, "geometry": { "type": "Point", "coordinates": [ -0.344343841075897, 5.511612415313721 ] } },
{ "type": "Feature", "properties": { "particle": 12, "seed_idx": 0, "valid": true, "snap_water": false, "snap_m": 0.0 }, "geometry": { "type": "Point", "coordinates": [ -0.343643128871918, 5.512668132781982 ] } },
{ "type": "Feature", "properties": { "particle": 13, "seed_idx": 0, "valid": true, "snap_water": false, "snap_m": 0.0 }, "geometry": { "type": "Point", "coordinates": [ -0.34365525841713, 5.512221336364746 ] } },
{ "type": "Feature", "properties": { "particle": 14, "seed_idx": 0, "valid": true, "snap_water": false, "snap_m": 0.0 }, "geometry": { "type": "Point", "coordinates": [ -0.344240874052048, 5.51253080368042 ] } },
{ "type": "Feature", "properties": { "particle": 15, "seed_idx": 0, "valid": true, "snap_water": false, "snap_m": 0.0 }, "geometry": { "type": "Point", "coordinates": [ -0.343535393476486, 5.512558460235596 ] } },
{ "type": "Feature", "properties": { "particle": 16, "seed_idx": 0, "valid": true, "snap_water": false, "snap_m": 0.0 }, "geometry": { "type": "Point", "coordinates": [ -0.343768060207367, 5.512407779693604 ] } },
{ "type": "Feature", "properties": { "particle": 17, "seed_idx": 0, "valid": true, "snap_water": false, "snap_m": 0.0 }, "geometry": { "type": "Point", "coordinates": [ -0.344333291053772, 5.512449264526367 ] } },
{ "type": "Feature", "properties": { "particle": 18, "seed_idx": 0, "valid": true, "snap_water": false, "snap_m": 0.0 }, "geometry": { "type": "Point", "coordinates": [ -0.344052672386169, 5.512555599212646 ] } },
{ "type": "Feature", "properties": { "particle": 19, "seed_idx": 0, "valid": true, "snap_water": false, "snap_m": 0.0 }, "geometry": { "type": "Point", "coordinates": [ -0.344625741243362, 5.512603759765625 ] } },
{ "type": "Feature", "properties": { "particle": 20, "seed_idx": 1, "valid": true, "snap_water": false, "snap_m": 0.0 }, "geometry": { "type": "Point", "coordinates": [ -0.338990837335587, 5.514222145080566 ] } },
{ "type": "Feature", "properties": { "particle": 21, "seed_idx": 1, "valid": true, "snap_water": false, "snap_m": 0.0 }, "geometry": { "type": "Point", "coordinates": [ -0.341414749622345, 5.512842178344727 ] } },
{ "type": "Feature", "properties": { "particle": 22, "seed_idx": 1, "valid": true, "snap_water": false, "snap_m": 0.0 }, "geometry": { "type": "Point", "coordinates": [ -0.340034812688828, 5.513794898986816 ] } },
{ "type": "Feature", "properties": { "particle": 23, "seed_idx": 1, "valid": true, "snap_water": false, "snap_m": 0.0 }, "geometry": { "type": "Point", "coordinates": [ -0.341511189937592, 5.513685703277588 ] } },
{ "type": "Feature", "properties": { "particle": 24, "seed_idx": 1, "valid": true, "snap_water": false, "snap_m": 0.0 }, "geometry": { "type": "Point", "coordinates": [ -0.340799421072006, 5.512724876403809 ] } },
{ "type": "Feature", "properties": { "particle": 25, "seed_idx": 1, "valid": true, "snap_water": false, "snap_m": 0.0 }, "geometry": { "type": "Point", "coordinates": [ -0.340173423290253, 5.514194011688232 ] } },
{ "type": "Feature", "properties": { "particle": 26, "seed_idx": 1, "valid": true, "snap_water": false, "snap_m": 0.0 }, "geometry": { "type": "Point", "coordinates": [ -0.340239077806473, 5.513655185699463 ] } },
{ "type": "Feature", "properties": { "particle": 27, "seed_idx": 1, "valid": true, "snap_water": false, "snap_m": 0.0 }, "geometry": { "type": "Point", "coordinates": [ -0.339870691299438, 5.513964653015137 ] } },
{ "type": "Feature", "properties": { "particle": 28, "seed_idx": 1, "valid": true, "snap_water": false, "snap_m": 0.0 }, "geometry": { "type": "Point", "coordinates": [ -0.33959487080574, 5.513962268829346 ] } },
{ "type": "Feature", "properties": { "particle": 29, "seed_idx": 1, "valid": true, "snap_water": false, "snap_m": 0.0 }, "geometry": { "type": "Point", "coordinates": [ -0.339258551597595, 5.514099597930908 ] } },
{ "type": "Feature", "properties": { "particle": 30, "seed_idx": 1, "valid": true, "snap_water": false, "snap_m": 0.0 }, "geometry": { "type": "Point", "coordinates": [ -0.339679509401321, 5.513880729675293 ] } },
{ "type": "Feature", "properties": { "particle": 31, "seed_idx": 1, "valid": true, "snap_water": false, "snap_m": 0.0 }, "geometry": { "type": "Point", "coordinates": [ -0.340073466300964, 5.513981342315674 ] } },
{ "type": "Feature", "properties": { "particle": 32, "seed_idx": 1, "valid": true, "snap_water": false, "snap_m": 0.0 }, "geometry": { "type": "Point", "coordinates": [ -0.340622872114182, 5.513380527496338 ] } },
{ "type": "Feature", "properties": { "particle": 33, "seed_idx": 1, "valid": true, "snap_water": false, "snap_m": 0.0 }, "geometry": { "type": "Point", "coordinates": [ -0.339224249124527, 5.513975620269775 ] } },
{ "type": "Feature", "properties": { "particle": 34, "seed_idx": 1, "valid": true, "snap_water": false, "snap_m": 0.0 }, "geometry": { "type": "Point", "coordinates": [ -0.339496105909348, 5.514039993286133 ] } },
{ "type": "Feature", "properties": { "particle": 35, "seed_idx": 1, "valid": true, "snap_water": false, "snap_m": 0.0 }, "geometry": { "type": "Point", "coordinates": [ -0.340481728315353, 5.513203620910645 ] } },
{ "type": "Feature", "properties": { "particle": 36, "seed_idx": 1, "valid": true, "snap_water": false, "snap_m": 0.0 }, "geometry": { "type": "Point", "coordinates": [ -0.340431123971939, 5.513347625732422 ] } },
{ "type": "Feature", "properties": { "particle": 37, "seed_idx": 1, "valid": true, "snap_water": false, "snap_m": 0.0 }, "geometry": { "type": "Point", "coordinates": [ -0.339268326759338, 5.513998985290527 ] } },
{ "type": "Feature", "properties": { "particle": 38, "seed_idx": 1, "valid": true, "snap_water": false, "snap_m": 0.0 }, "geometry": { "type": "Point", "coordinates": [ -0.339812248945236, 5.513297557830811 ] } },
{ "type": "Feature", "properties": { "particle": 39, "seed_idx": 1, "valid": true, "snap_water": false, "snap_m": 0.0 }, "geometry": { "type": "Point", "coordinates": [ -0.340313732624054, 5.513079166412354 ] } },
{ "type": "Feature", "properties": { "particle": 40, "seed_idx": 2, "valid": true, "snap_water": false, "snap_m": 0.0 }, "geometry": { "type": "Point", "coordinates": [ -0.324702441692352, 5.518413543701172 ] } },
{ "type": "Feature", "properties": { "particle": 41, "seed_idx": 2, "valid": true, "snap_water": false, "snap_m": 0.0 }, "geometry": { "type": "Point", "coordinates": [ -0.323953688144684, 5.519151210784912 ] } },
{ "type": "Feature", "properties": { "particle": 42, "seed_idx": 2, "valid": true, "snap_water": false, "snap_m": 0.0 }, "geometry": { "type": "Point", "coordinates": [ -0.323304653167725, 5.518677711486816 ] } },
{ "type": "Feature", "properties": { "particle": 43, "seed_idx": 2, "valid": true, "snap_water": false, "snap_m": 0.0 }, "geometry": { "type": "Point", "coordinates": [ -0.323744058609009, 5.519022464752197 ] } },
{ "type": "Feature", "properties": { "particle": 44, "seed_idx": 2, "valid": true, "snap_water": false, "snap_m": 0.0 }, "geometry": { "type": "Point", "coordinates": [ -0.323261708021164, 5.519087791442871 ] } },
{ "type": "Feature", "properties": { "particle": 45, "seed_idx": 2, "valid": true, "snap_water": false, "snap_m": 0.0 }, "geometry": { "type": "Point", "coordinates": [ -0.324121057987213, 5.518084526062012 ] } },
{ "type": "Feature", "properties": { "particle": 46, "seed_idx": 2, "valid": true, "snap_water": false, "snap_m": 0.0 }, "geometry": { "type": "Point", "coordinates": [ -0.32290244102478, 5.519225120544434 ] } },
{ "type": "Feature", "properties": { "particle": 47, "seed_idx": 2, "valid": true, "snap_water": false, "snap_m": 0.0 }, "geometry": { "type": "Point", "coordinates": [ -0.323695242404938, 5.518917083740234 ] } },
{ "type": "Feature", "properties": { "particle": 48, "seed_idx": 2, "valid": true, "snap_water": false, "snap_m": 0.0 }, "geometry": { "type": "Point", "coordinates": [ -0.323360323905945, 5.519159317016602 ] } },
{ "type": "Feature", "properties": { "particle": 49, "seed_idx": 2, "valid": true, "snap_water": false, "snap_m": 0.0 }, "geometry": { "type": "Point", "coordinates": [ -0.323620498180389, 5.519064426422119 ] } },
{ "type": "Feature", "properties": { "particle": 50, "seed_idx": 2, "valid": true, "snap_water": false, "snap_m": 0.0 }, "geometry": { "type": "Point", "coordinates": [ -0.323548495769501, 5.518978595733643 ] } },
{ "type": "Feature", "properties": { "particle": 51, "seed_idx": 2, "valid": true, "snap_water": false, "snap_m": 0.0 }, "geometry": { "type": "Point", "coordinates": [ -0.324477255344391, 5.518945693969727 ] } },
{ "type": "Feature", "properties": { "particle": 52, "seed_idx": 2, "valid": true, "snap_water": false, "snap_m": 0.0 }, "geometry": { "type": "Point", "coordinates": [ -0.323121726512909, 5.519181251525879 ] } },
{ "type": "Feature", "properties": { "particle": 53, "seed_idx": 2, "valid": true, "snap_water": false, "snap_m": 0.0 }, "geometry": { "type": "Point", "coordinates": [ -0.323241740465164, 5.518989562988281 ] } },
{ "type": "Feature", "properties": { "particle": 54, "seed_idx": 2, "valid": true, "snap_water": false, "snap_m": 0.0 }, "geometry": { "type": "Point", "coordinates": [ -0.323275983333588, 5.519075393676758 ] } },
{ "type": "Feature", "properties": { "particle": 55, "seed_idx": 2, "valid": true, "snap_water": false, "snap_m": 0.0 }, "geometry": { "type": "Point", "coordinates": [ -0.323756873607635, 5.518539905548096 ] } },
{ "type": "Feature", "properties": { "particle": 56, "seed_idx": 2, "valid": true, "snap_water": false, "snap_m": 0.0 }, "geometry": { "type": "Point", "coordinates": [ -0.323589354753494, 5.51870059967041 ] } },
{ "type": "Feature", "properties": { "particle": 57, "seed_idx": 2, "valid": true, "snap_water": false, "snap_m": 0.0 }, "geometry": { "type": "Point", "coordinates": [ -0.323661774396896, 5.518826961517334 ] } },
{ "type": "Feature", "properties": { "particle": 58, "seed_idx": 2, "valid": true, "snap_water": false, "snap_m": 0.0 }, "geometry": { "type": "Point", "coordinates": [ -0.323516458272934, 5.519099712371826 ] } },
{ "type": "Feature", "properties": { "particle": 59, "seed_idx": 2, "valid": true, "snap_water": false, "snap_m": 0.0 }, "geometry": { "type": "Point", "coordinates": [ -0.324204415082932, 5.519247531890869 ] } },
{ "type": "Feature", "properties": { "particle": 60, "seed_idx": 3, "valid": true, "snap_water": false, "snap_m": 0.0 }, "geometry": { "type": "Point", "coordinates": [ -0.267480790615082, 5.493385791778564 ] } },
{ "type": "Feature", "properties": { "particle": 61, "seed_idx": 3, "valid": true, "snap_water": false, "snap_m": 0.0 }, "geometry": { "type": "Point", "coordinates": [ -0.268177181482315, 5.493191242218018 ] } },
{ "type": "Feature", "properties": { "particle": 62, "seed_idx": 3, "valid": true, "snap_water": false, "snap_m": 0.0 }, "geometry": { "type": "Point", "coordinates": [ -0.268005222082138, 5.493325710296631 ] } },
{ "type": "Feature", "properties": { "particle": 63, "seed_idx": 3, "valid": true, "snap_water": false, "snap_m": 0.0 }, "geometry": { "type": "Point", "coordinates": [ -0.267629265785217, 5.493727684020996 ] } },
{ "type": "Feature", "properties": { "particle": 64, "seed_idx": 3, "valid": true, "snap_water": false, "snap_m": 0.0 }, "geometry": { "type": "Point", "coordinates": [ -0.268075615167618, 5.493589878082275 ] } },
{ "type": "Feature", "properties": { "particle": 65, "seed_idx": 3, "valid": true, "snap_water": false, "snap_m": 0.0 }, "geometry": { "type": "Point", "coordinates": [ -0.267881691455841, 5.493703842163086 ] } },
{ "type": "Feature", "properties": { "particle": 66, "seed_idx": 3, "valid": true, "snap_water": false, "snap_m": 0.0 }, "geometry": { "type": "Point", "coordinates": [ -0.268332690000534, 5.49381685256958 ] } },
{ "type": "Feature", "properties": { "particle": 67, "seed_idx": 3, "valid": true, "snap_water": false, "snap_m": 0.0 }, "geometry": { "type": "Point", "coordinates": [ -0.268033564090729, 5.492683887481689 ] } },
{ "type": "Feature", "properties": { "particle": 68, "seed_idx": 3, "valid": true, "snap_water": false, "snap_m": 0.0 }, "geometry": { "type": "Point", "coordinates": [ -0.268346846103668, 5.493669509887695 ] } },
{ "type": "Feature", "properties": { "particle": 69, "seed_idx": 3, "valid": true, "snap_water": false, "snap_m": 0.0 }, "geometry": { "type": "Point", "coordinates": [ -0.268663763999939, 5.493843555450439 ] } },
{ "type": "Feature", "properties": { "particle": 70, "seed_idx": 3, "valid": true, "snap_water": false, "snap_m": 0.0 }, "geometry": { "type": "Point", "coordinates": [ -0.268496602773666, 5.492719650268555 ] } },
{ "type": "Feature", "properties": { "particle": 71, "seed_idx": 3, "valid": true, "snap_water": false, "snap_m": 0.0 }, "geometry": { "type": "Point", "coordinates": [ -0.26719456911087, 5.49383544921875 ] } },
{ "type": "Feature", "properties": { "particle": 72, "seed_idx": 3, "valid": true, "snap_water": false, "snap_m": 0.0 }, "geometry": { "type": "Point", "coordinates": [ -0.268338352441788, 5.493135452270508 ] } },
{ "type": "Feature", "properties": { "particle": 73, "seed_idx": 3, "valid": true, "snap_water": false, "snap_m": 0.0 }, "geometry": { "type": "Point", "coordinates": [ -0.268871992826462, 5.492757320404053 ] } },
{ "type": "Feature", "properties": { "particle": 74, "seed_idx": 3, "valid": true, "snap_water": false, "snap_m": 0.0 }, "geometry": { "type": "Point", "coordinates": [ -0.267917573451996, 5.493398666381836 ] } },
{ "type": "Feature", "properties": { "particle": 75, "seed_idx": 3, "valid": true, "snap_water": false, "snap_m": 0.0 }, "geometry": { "type": "Point", "coordinates": [ -0.269827604293823, 5.491821765899658 ] } },
{ "type": "Feature", "properties": { "particle": 76, "seed_idx": 3, "valid": true, "snap_water": false, "snap_m": 0.0 }, "geometry": { "type": "Point", "coordinates": [ -0.267356902360916, 5.493757247924805 ] } },
{ "type": "Feature", "properties": { "particle": 77, "seed_idx": 3, "valid": true, "snap_water": false, "snap_m": 0.0 }, "geometry": { "type": "Point", "coordinates": [ -0.268130719661713, 5.493538856506348 ] } },
{ "type": "Feature", "properties": { "particle": 78, "seed_idx": 3, "valid": true, "snap_water": false, "snap_m": 0.0 }, "geometry": { "type": "Point", "coordinates": [ -0.270022690296173, 5.492394924163818 ] } },
{ "type": "Feature", "properties": { "particle": 79, "seed_idx": 3, "valid": true, "snap_water": false, "snap_m": 0.0 }, "geometry": { "type": "Point", "coordinates": [ -0.268994122743607, 5.492591857910156 ] } },
{ "type": "Feature", "properties": { "particle": 80, "seed_idx": 4, "valid": true, "snap_water": false, "snap_m": 0.0 }, "geometry": { "type": "Point", "coordinates": [ -0.251657873392105, 5.511074542999268 ] } },
{ "type": "Feature", "properties": { "particle": 81, "seed_idx": 4, "valid": true, "snap_water": false, "snap_m": 0.0 }, "geometry": { "type": "Point", "coordinates": [ -0.251238912343979, 5.51136302947998 ] } },
{ "type": "Feature", "properties": { "particle": 82, "seed_idx": 4, "valid": true, "snap_water": false, "snap_m": 0.0 }, "geometry": { "type": "Point", "coordinates": [ -0.251614332199097, 5.510995864868164 ] } },
{ "type": "Feature", "properties": { "particle": 83, "seed_idx": 4, "valid": true, "snap_water": false, "snap_m": 0.0 }, "geometry": { "type": "Point", "coordinates": [ -0.251122325658798, 5.511298179626465 ] } },
{ "type": "Feature", "properties": { "particle": 84, "seed_idx": 4, "valid": true, "snap_water": false, "snap_m": 0.0 }, "geometry": { "type": "Point", "coordinates": [ -0.251527160406113, 5.510890960693359 ] } },
{ "type": "Feature", "properties": { "particle": 85, "seed_idx": 4, "valid": true, "snap_water": false, "snap_m": 0.0 }, "geometry": { "type": "Point", "coordinates": [ -0.252940207719803, 5.511562347412109 ] } },
{ "type": "Feature", "properties": { "particle": 86, "seed_idx": 4, "valid": true, "snap_water": false, "snap_m": 0.0 }, "geometry": { "type": "Point", "coordinates": [ -0.251677304506302, 5.511393070220947 ] } },
{ "type": "Feature", "properties": { "particle": 87, "seed_idx": 4, "valid": true, "snap_water": false, "snap_m": 0.0 }, "geometry": { "type": "Point", "coordinates": [ -0.251649737358093, 5.511364459991455 ] } },
{ "type": "Feature", "properties": { "particle": 88, "seed_idx": 4, "valid": true, "snap_water": false, "snap_m": 0.0 }, "geometry": { "type": "Point", "coordinates": [ -0.251420140266418, 5.511244773864746 ] } },
{ "type": "Feature", "properties": { "particle": 89, "seed_idx": 4, "valid": true, "snap_water": false, "snap_m": 0.0 }, "geometry": { "type": "Point", "coordinates": [ -0.250565350055695, 5.511437892913818 ] } },
{ "type": "Feature", "properties": { "particle": 90, "seed_idx": 4, "valid": true, "snap_water": false, "snap_m": 0.0 }, "geometry": { "type": "Point", "coordinates": [ -0.251403987407684, 5.510687351226807 ] } },
{ "type": "Feature", "properties": { "particle": 91, "seed_idx": 4, "valid": true, "snap_water": false, "snap_m": 0.0 }, "geometry": { "type": "Point", "coordinates": [ -0.252047121524811, 5.51104211807251 ] } },
{ "type": "Feature", "properties": { "particle": 92, "seed_idx": 4, "valid": true, "snap_water": false, "snap_m": 0.0 }, "geometry": { "type": "Point", "coordinates": [ -0.252563834190369, 5.510719776153564 ] } },
{ "type": "Feature", "properties": { "particle": 93, "seed_idx": 4, "valid": true, "snap_water": false, "snap_m": 0.0 }, "geometry": { "type": "Point", "coordinates": [ -0.251033633947372, 5.511641025543213 ] } },
{ "type": "Feature", "properties": { "particle": 94, "seed_idx": 4, "valid": true, "snap_water": false, "snap_m": 0.0 }, "geometry": { "type": "Point", "coordinates": [ -0.251010417938232, 5.510953903198242 ] } },
{ "type": "Feature", "properties": { "particle": 95, "seed_idx": 4, "valid": true, "snap_water": false, "snap_m": 0.0 }, "geometry": { "type": "Point", "coordinates": [ -0.252058833837509, 5.511607646942139 ] } },
{ "type": "Feature", "properties": { "particle": 96, "seed_idx": 4, "valid": true, "snap_water": false, "snap_m": 0.0 }, "geometry": { "type": "Point", "coordinates": [ -0.251093953847885, 5.511785507202148 ] } },
{ "type": "Feature", "properties": { "particle": 97, "seed_idx": 4, "valid": true, "snap_water": false, "snap_m": 0.0 }, "geometry": { "type": "Point", "coordinates": [ -0.25053659081459, 5.511641979217529 ] } },
{ "type": "Feature", "properties": { "particle": 98, "seed_idx": 4, "valid": true, "snap_water": false, "snap_m": 0.0 }, "geometry": { "type": "Point", "coordinates": [ -0.251998215913773, 5.510929584503174 ] } },
{ "type": "Feature", "properties": { "particle": 99, "seed_idx": 4, "valid": true, "snap_water": false, "snap_m": 0.0 }, "geometry": { "type": "Point", "coordinates": [ -0.25051337480545, 5.511623859405518 ] } },
{ "type": "Feature", "properties": { "particle": 100, "seed_idx": 5, "valid": true, "snap_water": false, "snap_m": 0.0 }, "geometry": { "type": "Point", "coordinates": [ -0.264536023139954, 5.504203319549561 ] } },
{ "type": "Feature", "properties": { "particle": 101, "seed_idx": 5, "valid": true, "snap_water": false, "snap_m": 0.0 }, "geometry": { "type": "Point", "coordinates": [ -0.263239592313766, 5.505094528198242 ] } },
{ "type": "Feature", "properties": { "particle": 102, "seed_idx": 5, "valid": true, "snap_water": false, "snap_m": 0.0 }, "geometry": { "type": "Point", "coordinates": [ -0.265550851821899, 5.503134727478027 ] } },
{ "type": "Feature", "properties": { "particle": 103, "seed_idx": 5, "valid": true, "snap_water": false, "snap_m": 0.0 }, "geometry": { "type": "Point", "coordinates": [ -0.263547360897064, 5.504673957824707 ] } },
{ "type": "Feature", "properties": { "particle": 104, "seed_idx": 5, "valid": true, "snap_water": false, "snap_m": 0.0 }, "geometry": { "type": "Point", "coordinates": [ -0.263480544090271, 5.505264759063721 ] } },
{ "type": "Feature", "properties": { "particle": 105, "seed_idx": 5, "valid": true, "snap_water": false, "snap_m": 0.0 }, "geometry": { "type": "Point", "coordinates": [ -0.264509737491608, 5.50487232208252 ] } },
{ "type": "Feature", "properties": { "particle": 106, "seed_idx": 5, "valid": true, "snap_water": false, "snap_m": 0.0 }, "geometry": { "type": "Point", "coordinates": [ -0.26360097527504, 5.505282402038574 ] } },
{ "type": "Feature", "properties": { "particle": 107, "seed_idx": 5, "valid": true, "snap_water": false, "snap_m": 0.0 }, "geometry": { "type": "Point", "coordinates": [ -0.262692302465439, 5.505118370056152 ] } },
{ "type": "Feature", "properties": { "particle": 108, "seed_idx": 5, "valid": true, "snap_water": false, "snap_m": 0.0 }, "geometry": { "type": "Point", "coordinates": [ -0.262689530849457, 5.5054030418396 ] } },
{ "type": "Feature", "properties": { "particle": 109, "seed_idx": 5, "valid": true, "snap_water": false, "snap_m": 0.0 }, "geometry": { "type": "Point", "coordinates": [ -0.264335334300995, 5.504063606262207 ] } },
{ "type": "Feature", "properties": { "particle": 110, "seed_idx": 5, "valid": true, "snap_water": false, "snap_m": 0.0 }, "geometry": { "type": "Point", "coordinates": [ -0.264304906129837, 5.50490665435791 ] } },
{ "type": "Feature", "properties": { "particle": 111, "seed_idx": 5, "valid": true, "snap_water": false, "snap_m": 0.0 }, "geometry": { "type": "Point", "coordinates": [ -0.264451235532761, 5.504878520965576 ] } },
{ "type": "Feature", "properties": { "particle": 112, "seed_idx": 5, "valid": true, "snap_water": false, "snap_m": 0.0 }, "geometry": { "type": "Point", "coordinates": [ -0.263028621673584, 5.504937171936035 ] } },
{ "type": "Feature", "properties": { "particle": 113, "seed_idx": 5, "valid": true, "snap_water": false, "snap_m": 0.0 }, "geometry": { "type": "Point", "coordinates": [ -0.262426137924194, 5.505435466766357 ] } },
{ "type": "Feature", "properties": { "particle": 114, "seed_idx": 5, "valid": true, "snap_water": false, "snap_m": 0.0 }, "geometry": { "type": "Point", "coordinates": [ -0.263339132070541, 5.505038261413574 ] } },
{ "type": "Feature", "properties": { "particle": 115, "seed_idx": 5, "valid": true, "snap_water": false, "snap_m": 0.0 }, "geometry": { "type": "Point", "coordinates": [ -0.263448894023895, 5.504508018493652 ] } },
{ "type": "Feature", "properties": { "particle": 116, "seed_idx": 5, "valid": true, "snap_water": false, "snap_m": 0.0 }, "geometry": { "type": "Point", "coordinates": [ -0.262306720018387, 5.505416870117188 ] } },
{ "type": "Feature", "properties": { "particle": 117, "seed_idx": 5, "valid": true, "snap_water": false, "snap_m": 0.0 }, "geometry": { "type": "Point", "coordinates": [ -0.263227611780167, 5.504452705383301 ] } },
{ "type": "Feature", "properties": { "particle": 118, "seed_idx": 5, "valid": true, "snap_water": false, "snap_m": 0.0 }, "geometry": { "type": "Point", "coordinates": [ -0.263256788253784, 5.504496097564697 ] } },
{ "type": "Feature", "properties": { "particle": 119, "seed_idx": 5, "valid": true, "snap_water": false, "snap_m": 0.0 }, "geometry": { "type": "Point", "coordinates": [ -0.262522399425507, 5.505292415618896 ] } },
{ "type": "Feature", "properties": { "particle": 120, "seed_idx": 6, "valid": true, "snap_water": false, "snap_m": 0.0 }, "geometry": { "type": "Point", "coordinates": [ -0.32450270652771, 5.514972686767578 ] } },
{ "type": "Feature", "properties": { "particle": 121, "seed_idx": 6, "valid": true, "snap_water": false, "snap_m": 0.0 }, "geometry": { "type": "Point", "coordinates": [ -0.324513763189316, 5.516481876373291 ] } },
{ "type": "Feature", "properties": { "particle": 122, "seed_idx": 6, "valid": true, "snap_water": false, "snap_m": 0.0 }, "geometry": { "type": "Point", "coordinates": [ -0.324974924325943, 5.516370296478271 ] } },
{ "type": "Feature", "properties": { "particle": 123, "seed_idx": 6, "valid": true, "snap_water": false, "snap_m": 0.0 }, "geometry": { "type": "Point", "coordinates": [ -0.324887126684189, 5.515682220458984 ] } },
{ "type": "Feature", "properties": { "particle": 124, "seed_idx": 6, "valid": true, "snap_water": false, "snap_m": 0.0 }, "geometry": { "type": "Point", "coordinates": [ -0.323994338512421, 5.515876770019531 ] } },
{ "type": "Feature", "properties": { "particle": 125, "seed_idx": 6, "valid": true, "snap_water": false, "snap_m": 0.0 }, "geometry": { "type": "Point", "coordinates": [ -0.323935300111771, 5.516649723052979 ] } },
{ "type": "Feature", "properties": { "particle": 126, "seed_idx": 6, "valid": true, "snap_water": false, "snap_m": 0.0 }, "geometry": { "type": "Point", "coordinates": [ -0.323887050151825, 5.516383171081543 ] } },
{ "type": "Feature", "properties": { "particle": 127, "seed_idx": 6, "valid": true, "snap_water": false, "snap_m": 0.0 }, "geometry": { "type": "Point", "coordinates": [ -0.324707806110382, 5.5157470703125 ] } },
{ "type": "Feature", "properties": { "particle": 128, "seed_idx": 6, "valid": true, "snap_water": false, "snap_m": 0.0 }, "geometry": { "type": "Point", "coordinates": [ -0.323358058929443, 5.516638278961182 ] } },
{ "type": "Feature", "properties": { "particle": 129, "seed_idx": 6, "valid": true, "snap_water": false, "snap_m": 0.0 }, "geometry": { "type": "Point", "coordinates": [ -0.323439538478851, 5.516728401184082 ] } },
{ "type": "Feature", "properties": { "particle": 130, "seed_idx": 6, "valid": true, "snap_water": false, "snap_m": 0.0 }, "geometry": { "type": "Point", "coordinates": [ -0.323387086391449, 5.516831398010254 ] } },
{ "type": "Feature", "properties": { "particle": 131, "seed_idx": 6, "valid": true, "snap_water": false, "snap_m": 0.0 }, "geometry": { "type": "Point", "coordinates": [ -0.324688613414764, 5.516139030456543 ] } },
{ "type": "Feature", "properties": { "particle": 132, "seed_idx": 6, "valid": true, "snap_water": false, "snap_m": 0.0 }, "geometry": { "type": "Point", "coordinates": [ -0.324781596660614, 5.516173362731934 ] } },
{ "type": "Feature", "properties": { "particle": 133, "seed_idx": 6, "valid": true, "snap_water": false, "snap_m": 0.0 }, "geometry": { "type": "Point", "coordinates": [ -0.32596480846405, 5.514541149139404 ] } },
{ "type": "Feature", "properties": { "particle": 134, "seed_idx": 6, "valid": true, "snap_water": false, "snap_m": 0.0 }, "geometry": { "type": "Point", "coordinates": [ -0.324333161115646, 5.516051769256592 ] } },
{ "type": "Feature", "properties": { "particle": 135, "seed_idx": 6, "valid": true, "snap_water": false, "snap_m": 0.0 }, "geometry": { "type": "Point", "coordinates": [ -0.323224931955338, 5.516438484191895 ] } },
{ "type": "Feature", "properties": { "particle": 136, "seed_idx": 6, "valid": true, "snap_water": false, "snap_m": 0.0 }, "geometry": { "type": "Point", "coordinates": [ -0.323708683252335, 5.516092777252197 ] } },
{ "type": "Feature", "properties": { "particle": 137, "seed_idx": 6, "valid": true, "snap_water": false, "snap_m": 0.0 }, "geometry": { "type": "Point", "coordinates": [ -0.32398921251297, 5.516415119171143 ] } },
{ "type": "Feature", "properties": { "particle": 138, "seed_idx": 6, "valid": true, "snap_water": false, "snap_m": 0.0 }, "geometry": { "type": "Point", "coordinates": [ -0.324588358402252, 5.516622543334961 ] } },
{ "type": "Feature", "properties": { "particle": 139, "seed_idx": 6, "valid": true, "snap_water": false, "snap_m": 0.0 }, "geometry": { "type": "Point", "coordinates": [ -0.325074076652527, 5.515865802764893 ] } },
{ "type": "Feature", "properties": { "particle": 140, "seed_idx": 7, "valid": true, "snap_water": false, "snap_m": 0.0 }, "geometry": { "type": "Point", "coordinates": [ -0.343905806541443, 5.509627819061279 ] } },
{ "type": "Feature", "properties": { "particle": 141, "seed_idx": 7, "valid": true, "snap_water": false, "snap_m": 0.0 }, "geometry": { "type": "Point", "coordinates": [ -0.342340111732483, 5.510097980499268 ] } },
{ "type": "Feature", "properties": { "particle": 142, "seed_idx": 7, "valid": true, "snap_water": false, "snap_m": 0.0 }, "geometry": { "type": "Point", "coordinates": [ -0.34336119890213, 5.509506702423096 ] } },
{ "type": "Feature", "properties": { "particle": 143, "seed_idx": 7, "valid": true, "snap_water": false, "snap_m": 0.0 }, "geometry": { "type": "Point", "coordinates": [ -0.342875987291336, 5.509867668151855 ] } },
{ "type": "Feature", "properties": { "particle": 144, "seed_idx": 7, "valid": true, "snap_water": false, "snap_m": 0.0 }, "geometry": { "type": "Point", "coordinates": [ -0.34273225069046, 5.509591102600098 ] } },
{ "type": "Feature", "properties": { "particle": 145, "seed_idx": 7, "valid": true, "snap_water": false, "snap_m": 0.0 }, "geometry": { "type": "Point", "coordinates": [ -0.342763841152191, 5.509484767913818 ] } },
{ "type": "Feature", "properties": { "particle": 146, "seed_idx": 7, "valid": true, "snap_water": false, "snap_m": 0.0 }, "geometry": { "type": "Point", "coordinates": [ -0.343515962362289, 5.509578704833984 ] } },
{ "type": "Feature", "properties": { "particle": 147, "seed_idx": 7, "valid": true, "snap_water": false, "snap_m": 0.0 }, "geometry": { "type": "Point", "coordinates": [ -0.343093574047089, 5.509591102600098 ] } },
{ "type": "Feature", "properties": { "particle": 148, "seed_idx": 7, "valid": true, "snap_water": false, "snap_m": 0.0 }, "geometry": { "type": "Point", "coordinates": [ -0.342978030443192, 5.509396553039551 ] } },
{ "type": "Feature", "properties": { "particle": 149, "seed_idx": 7, "valid": true, "snap_water": false, "snap_m": 0.0 }, "geometry": { "type": "Point", "coordinates": [ -0.343630313873291, 5.509405612945557 ] } },
{ "type": "Feature", "properties": { "particle": 150, "seed_idx": 7, "valid": true, "snap_water": false, "snap_m": 0.0 }, "geometry": { "type": "Point", "coordinates": [ -0.342992037534714, 5.509544372558594 ] } },
{ "type": "Feature", "properties": { "particle": 151, "seed_idx": 7, "valid": true, "snap_water": false, "snap_m": 0.0 }, "geometry": { "type": "Point", "coordinates": [ -0.343371033668518, 5.509745121002197 ] } },
{ "type": "Feature", "properties": { "particle": 152, "seed_idx": 7, "valid": true, "snap_water": false, "snap_m": 0.0 }, "geometry": { "type": "Point", "coordinates": [ -0.343481659889221, 5.509764671325684 ] } },
{ "type": "Feature", "properties": { "particle": 153, "seed_idx": 7, "valid": true, "snap_water": false, "snap_m": 0.0 }, "geometry": { "type": "Point", "coordinates": [ -0.343176305294037, 5.509455680847168 ] } },
{ "type": "Feature", "properties": { "particle": 154, "seed_idx": 7, "valid": true, "snap_water": false, "snap_m": 0.0 }, "geometry": { "type": "Point", "coordinates": [ -0.344666540622711, 5.508825778961182 ] } },
{ "type": "Feature", "properties": { "particle": 155, "seed_idx": 7, "valid": true, "snap_water": false, "snap_m": 0.0 }, "geometry": { "type": "Point", "coordinates": [ -0.342799514532089, 5.50998592376709 ] } },
{ "type": "Feature", "properties": { "particle": 156, "seed_idx": 7, "valid": true, "snap_water": false, "snap_m": 0.0 }, "geometry": { "type": "Point", "coordinates": [ -0.343724817037582, 5.509866237640381 ] } },
{ "type": "Feature", "properties": { "particle": 157, "seed_idx": 7, "valid": true, "snap_water": false, "snap_m": 0.0 }, "geometry": { "type": "Point", "coordinates": [ -0.342574506998062, 5.509739398956299 ] } },
{ "type": "Feature", "properties": { "particle": 158, "seed_idx": 7, "valid": true, "snap_water": false, "snap_m": 0.0 }, "geometry": { "type": "Point", "coordinates": [ -0.34341761469841, 5.509677410125732 ] } },
{ "type": "Feature", "properties": { "particle": 159, "seed_idx": 7, "valid": true, "snap_water": false, "snap_m": 0.0 }, "geometry": { "type": "Point", "coordinates": [ -0.34230849146843, 5.509911060333252 ] } },
{ "type": "Feature", "properties": { "particle": 160, "seed_idx": 8, "valid": true, "snap_water": false, "snap_m": 0.0 }, "geometry": { "type": "Point", "coordinates": [ -0.329571187496185, 5.516167163848877 ] } },
{ "type": "Feature", "properties": { "particle": 161, "seed_idx": 8, "valid": true, "snap_water": false, "snap_m": 0.0 }, "geometry": { "type": "Point", "coordinates": [ -0.330200523138046, 5.516221523284912 ] } },
{ "type": "Feature", "properties": { "particle": 162, "seed_idx": 8, "valid": true, "snap_water": false, "snap_m": 0.0 }, "geometry": { "type": "Point", "coordinates": [ -0.328811556100845, 5.516476631164551 ] } },
{ "type": "Feature", "properties": { "particle": 163, "seed_idx": 8, "valid": true, "snap_water": false, "snap_m": 0.0 }, "geometry": { "type": "Point", "coordinates": [ -0.329976975917816, 5.516119003295898 ] } },
{ "type": "Feature", "properties": { "particle": 164, "seed_idx": 8, "valid": true, "snap_water": false, "snap_m": 0.0 }, "geometry": { "type": "Point", "coordinates": [ -0.329132497310638, 5.516618728637695 ] } },
{ "type": "Feature", "properties": { "particle": 165, "seed_idx": 8, "valid": true, "snap_water": false, "snap_m": 0.0 }, "geometry": { "type": "Point", "coordinates": [ -0.329970598220825, 5.515889167785645 ] } },
{ "type": "Feature", "properties": { "particle": 166, "seed_idx": 8, "valid": true, "snap_water": false, "snap_m": 0.0 }, "geometry": { "type": "Point", "coordinates": [ -0.330417305231094, 5.516352653503418 ] } },
{ "type": "Feature", "properties": { "particle": 167, "seed_idx": 8, "valid": true, "snap_water": false, "snap_m": 0.0 }, "geometry": { "type": "Point", "coordinates": [ -0.328832894563675, 5.516508102416992 ] } },
{ "type": "Feature", "properties": { "particle": 168, "seed_idx": 8, "valid": true, "snap_water": false, "snap_m": 0.0 }, "geometry": { "type": "Point", "coordinates": [ -0.328709542751312, 5.516581535339355 ] } },
{ "type": "Feature", "properties": { "particle": 169, "seed_idx": 8, "valid": true, "snap_water": false, "snap_m": 0.0 }, "geometry": { "type": "Point", "coordinates": [ -0.329238772392273, 5.51637601852417 ] } },
{ "type": "Feature", "properties": { "particle": 170, "seed_idx": 8, "valid": true, "snap_water": false, "snap_m": 0.0 }, "geometry": { "type": "Point", "coordinates": [ -0.329663693904877, 5.516379356384277 ] } },
{ "type": "Feature", "properties": { "particle": 171, "seed_idx": 8, "valid": true, "snap_water": false, "snap_m": 0.0 }, "geometry": { "type": "Point", "coordinates": [ -0.32913202047348, 5.516891956329346 ] } },
{ "type": "Feature", "properties": { "particle": 172, "seed_idx": 8, "valid": true, "snap_water": false, "snap_m": 0.0 }, "geometry": { "type": "Point", "coordinates": [ -0.328795373439789, 5.516476631164551 ] } },
{ "type": "Feature", "properties": { "particle": 173, "seed_idx": 8, "valid": true, "snap_water": false, "snap_m": 0.0 }, "geometry": { "type": "Point", "coordinates": [ -0.330002814531326, 5.515442371368408 ] } },
{ "type": "Feature", "properties": { "particle": 174, "seed_idx": 8, "valid": true, "snap_water": false, "snap_m": 0.0 }, "geometry": { "type": "Point", "coordinates": [ -0.328659683465958, 5.516995429992676 ] } },
{ "type": "Feature", "properties": { "particle": 175, "seed_idx": 8, "valid": true, "snap_water": false, "snap_m": 0.0 }, "geometry": { "type": "Point", "coordinates": [ -0.329210102558136, 5.516483783721924 ] } },
{ "type": "Feature", "properties": { "particle": 176, "seed_idx": 8, "valid": true, "snap_water": false, "snap_m": 0.0 }, "geometry": { "type": "Point", "coordinates": [ -0.329236626625061, 5.517008304595947 ] } },
{ "type": "Feature", "properties": { "particle": 177, "seed_idx": 8, "valid": true, "snap_water": false, "snap_m": 0.0 }, "geometry": { "type": "Point", "coordinates": [ -0.329168766736984, 5.516248226165771 ] } },
{ "type": "Feature", "properties": { "particle": 178, "seed_idx": 8, "valid": true, "snap_water": false, "snap_m": 0.0 }, "geometry": { "type": "Point", "coordinates": [ -0.32964238524437, 5.515878200531006 ] } },
{ "type": "Feature", "properties": { "particle": 179, "seed_idx": 8, "valid": true, "snap_water": false, "snap_m": 0.0 }, "geometry": { "type": "Point", "coordinates": [ -0.328977197408676, 5.516569137573242 ] } },
{ "type": "Feature", "properties": { "particle": 180, "seed_idx": 9, "valid": true, "snap_water": true, "snap_m": 87.961189 }, "geometry": { "type": "Point", "coordinates": [ -0.349541008472443, 5.509616851806641 ] } },
{ "type": "Feature", "properties": { "particle": 181, "seed_idx": 9, "valid": true, "snap_water": false, "snap_m": 0.0 }, "geometry": { "type": "Point", "coordinates": [ -0.347508281469345, 5.510084629058838 ] } },
{ "type": "Feature", "properties": { "particle": 182, "seed_idx": 9, "valid": true, "snap_water": false, "snap_m": 0.0 }, "geometry": { "type": "Point", "coordinates": [ -0.34654575586319, 5.50845193862915 ] } },
{ "type": "Feature", "properties": { "particle": 183, "seed_idx": 9, "valid": true, "snap_water": false, "snap_m": 0.0 }, "geometry": { "type": "Point", "coordinates": [ -0.347833216190338, 5.510311603546143 ] } },
{ "type": "Feature", "properties": { "particle": 184, "seed_idx": 9, "valid": true, "snap_water": false, "snap_m": 0.0 }, "geometry": { "type": "Point", "coordinates": [ -0.346749305725098, 5.508334636688232 ] } },
{ "type": "Feature", "properties": { "particle": 185, "seed_idx": 9, "valid": true, "snap_water": true, "snap_m": 46.859398 }, "geometry": { "type": "Point", "coordinates": [ -0.346540987491608, 5.508616924285889 ] } },
{ "type": "Feature", "properties": { "particle": 186, "seed_idx": 9, "valid": true, "snap_water": false, "snap_m": 0.0 }, "geometry": { "type": "Point", "coordinates": [ -0.347086369991302, 5.509918689727783 ] } },
{ "type": "Feature", "properties": { "particle": 187, "seed_idx": 9, "valid": true, "snap_water": false, "snap_m": 0.0 }, "geometry": { "type": "Point", "coordinates": [ -0.347029507160187, 5.509967803955078 ] } },
{ "type": "Feature", "properties": { "particle": 188, "seed_idx": 9, "valid": true, "snap_water": false, "snap_m": 0.0 }, "geometry": { "type": "Point", "coordinates": [ -0.347901284694672, 5.508357524871826 ] } },
{ "type": "Feature", "properties": { "particle": 189, "seed_idx": 9, "valid": true, "snap_water": false, "snap_m": 0.0 }, "geometry": { "type": "Point", "coordinates": [ -0.346482157707214, 5.508903980255127 ] } },
{ "type": "Feature", "properties": { "particle": 190, "seed_idx": 9, "valid": true, "snap_water": false, "snap_m": 0.0 }, "geometry": { "type": "Point", "coordinates": [ -0.346425265073776, 5.508652687072754 ] } },
{ "type": "Feature", "properties": { "particle": 191, "seed_idx": 9, "valid": true, "snap_water": false, "snap_m": 0.0 }, "geometry": { "type": "Point", "coordinates": [ -0.346647083759308, 5.508298873901367 ] } },
{ "type": "Feature", "properties": { "particle": 192, "seed_idx": 9, "valid": true, "snap_water": false, "snap_m": 0.0 }, "geometry": { "type": "Point", "coordinates": [ -0.3485347032547, 5.508562088012695 ] } },
{ "type": "Feature", "properties": { "particle": 193, "seed_idx": 9, "valid": true, "snap_water": false, "snap_m": 0.0 }, "geometry": { "type": "Point", "coordinates": [ -0.346629798412323, 5.5088791847229 ] } },
{ "type": "Feature", "properties": { "particle": 194, "seed_idx": 9, "valid": true, "snap_water": false, "snap_m": 0.0 }, "geometry": { "type": "Point", "coordinates": [ -0.347688436508179, 5.510139465332031 ] } },
{ "type": "Feature", "properties": { "particle": 195, "seed_idx": 9, "valid": true, "snap_water": false, "snap_m": 0.0 }, "geometry": { "type": "Point", "coordinates": [ -0.347263723611832, 5.508331775665283 ] } },
{ "type": "Feature", "properties": { "particle": 196, "seed_idx": 9, "valid": true, "snap_water": true, "snap_m": 52.468021 }, "geometry": { "type": "Point", "coordinates": [ -0.346540987491608, 5.508616924285889 ] } },
{ "type": "Feature", "properties": { "particle": 197, "seed_idx": 9, "valid": true, "snap_water": false, "snap_m": 0.0 }, "geometry": { "type": "Point", "coordinates": [ -0.346972465515137, 5.508348941802979 ] } },
{ "type": "Feature", "properties": { "particle": 198, "seed_idx": 9, "valid": true, "snap_water": false, "snap_m": 0.0 }, "geometry": { "type": "Point", "coordinates": [ -0.346491605043411, 5.508917331695557 ] } },
{ "type": "Feature", "properties": { "particle": 199, "seed_idx": 9, "valid": true, "snap_water": false, "snap_m": 0.0 }, "geometry": { "type": "Point", "coordinates": [ -0.349177479743958, 5.509041309356689 ] } },
{ "type": "Feature", "properties": { "particle": 200, "seed_idx": 10, "valid": true, "snap_water": false, "snap_m": 0.0 }, "geometry": { "type": "Point", "coordinates": [ -0.323304682970047, 5.512695789337158 ] } },
{ "type": "Feature", "properties": { "particle": 201, "seed_idx": 10, "valid": true, "snap_water": false, "snap_m": 0.0 }, "geometry": { "type": "Point", "coordinates": [ -0.322910040616989, 5.512821197509766 ] } },
{ "type": "Feature", "properties": { "particle": 202, "seed_idx": 10, "valid": true, "snap_water": false, "snap_m": 0.0 }, "geometry": { "type": "Point", "coordinates": [ -0.322358846664429, 5.512953281402588 ] } },
{ "type": "Feature", "properties": { "particle": 203, "seed_idx": 10, "valid": true, "snap_water": false, "snap_m": 0.0 }, "geometry": { "type": "Point", "coordinates": [ -0.323897063732147, 5.51215124130249 ] } },
{ "type": "Feature", "properties": { "particle": 204, "seed_idx": 10, "valid": true, "snap_water": false, "snap_m": 0.0 }, "geometry": { "type": "Point", "coordinates": [ -0.32312336564064, 5.512083530426025 ] } },
{ "type": "Feature", "properties": { "particle": 205, "seed_idx": 10, "valid": true, "snap_water": false, "snap_m": 0.0 }, "geometry": { "type": "Point", "coordinates": [ -0.3252032995224, 5.511885166168213 ] } },
{ "type": "Feature", "properties": { "particle": 206, "seed_idx": 10, "valid": true, "snap_water": false, "snap_m": 0.0 }, "geometry": { "type": "Point", "coordinates": [ -0.322928667068481, 5.512711048126221 ] } },
{ "type": "Feature", "properties": { "particle": 207, "seed_idx": 10, "valid": true, "snap_water": false, "snap_m": 0.0 }, "geometry": { "type": "Point", "coordinates": [ -0.32415172457695, 5.512378215789795 ] } },
{ "type": "Feature", "properties": { "particle": 208, "seed_idx": 10, "valid": true, "snap_water": false, "snap_m": 0.0 }, "geometry": { "type": "Point", "coordinates": [ -0.324427425861359, 5.511208534240723 ] } },
{ "type": "Feature", "properties": { "particle": 209, "seed_idx": 10, "valid": true, "snap_water": false, "snap_m": 0.0 }, "geometry": { "type": "Point", "coordinates": [ -0.322453886270523, 5.512829303741455 ] } },
{ "type": "Feature", "properties": { "particle": 210, "seed_idx": 10, "valid": true, "snap_water": false, "snap_m": 0.0 }, "geometry": { "type": "Point", "coordinates": [ -0.323223292827606, 5.512909412384033 ] } },
{ "type": "Feature", "properties": { "particle": 211, "seed_idx": 10, "valid": true, "snap_water": false, "snap_m": 0.0 }, "geometry": { "type": "Point", "coordinates": [ -0.323548376560211, 5.512764930725098 ] } },
{ "type": "Feature", "properties": { "particle": 212, "seed_idx": 10, "valid": true, "snap_water": false, "snap_m": 0.0 }, "geometry": { "type": "Point", "coordinates": [ -0.32395875453949, 5.511951446533203 ] } },
{ "type": "Feature", "properties": { "particle": 213, "seed_idx": 10, "valid": true, "snap_water": false, "snap_m": 0.0 }, "geometry": { "type": "Point", "coordinates": [ -0.323070794343948, 5.512392044067383 ] } },
{ "type": "Feature", "properties": { "particle": 214, "seed_idx": 10, "valid": true, "snap_water": false, "snap_m": 0.0 }, "geometry": { "type": "Point", "coordinates": [ -0.323890447616577, 5.512032508850098 ] } },
{ "type": "Feature", "properties": { "particle": 215, "seed_idx": 10, "valid": true, "snap_water": false, "snap_m": 0.0 }, "geometry": { "type": "Point", "coordinates": [ -0.323645561933517, 5.512063026428223 ] } },
{ "type": "Feature", "properties": { "particle": 216, "seed_idx": 10, "valid": true, "snap_water": false, "snap_m": 0.0 }, "geometry": { "type": "Point", "coordinates": [ -0.322847247123718, 5.51233959197998 ] } },
{ "type": "Feature", "properties": { "particle": 217, "seed_idx": 10, "valid": true, "snap_water": false, "snap_m": 0.0 }, "geometry": { "type": "Point", "coordinates": [ -0.32458883523941, 5.512210369110107 ] } },
{ "type": "Feature", "properties": { "particle": 218, "seed_idx": 10, "valid": true, "snap_water": false, "snap_m": 0.0 }, "geometry": { "type": "Point", "coordinates": [ -0.323375850915909, 5.51217794418335 ] } },
{ "type": "Feature", "properties": { "particle": 219, "seed_idx": 10, "valid": true, "snap_water": false, "snap_m": 0.0 }, "geometry": { "type": "Point", "coordinates": [ -0.32239493727684, 5.512786388397217 ] } },
{ "type": "Feature", "properties": { "particle": 220, "seed_idx": 11, "valid": true, "snap_water": false, "snap_m": 0.0 }, "geometry": { "type": "Point", "coordinates": [ -0.319046139717102, 5.510905742645264 ] } },
{ "type": "Feature", "properties": { "particle": 221, "seed_idx": 11, "valid": true, "snap_water": false, "snap_m": 0.0 }, "geometry": { "type": "Point", "coordinates": [ -0.319110870361328, 5.510651111602783 ] } },
{ "type": "Feature", "properties": { "particle": 222, "seed_idx": 11, "valid": true, "snap_water": false, "snap_m": 0.0 }, "geometry": { "type": "Point", "coordinates": [ -0.319547742605209, 5.510604381561279 ] } },
{ "type": "Feature", "properties": { "particle": 223, "seed_idx": 11, "valid": true, "snap_water": false, "snap_m": 0.0 }, "geometry": { "type": "Point", "coordinates": [ -0.319510936737061, 5.509866237640381 ] } },
{ "type": "Feature", "properties": { "particle": 224, "seed_idx": 11, "valid": true, "snap_water": false, "snap_m": 0.0 }, "geometry": { "type": "Point", "coordinates": [ -0.318078309297562, 5.511072158813477 ] } },
{ "type": "Feature", "properties": { "particle": 225, "seed_idx": 11, "valid": true, "snap_water": false, "snap_m": 0.0 }, "geometry": { "type": "Point", "coordinates": [ -0.319445997476578, 5.510555267333984 ] } },
{ "type": "Feature", "properties": { "particle": 226, "seed_idx": 11, "valid": true, "snap_water": false, "snap_m": 0.0 }, "geometry": { "type": "Point", "coordinates": [ -0.318831652402878, 5.510754108428955 ] } },
{ "type": "Feature", "properties": { "particle": 227, "seed_idx": 11, "valid": true, "snap_water": false, "snap_m": 0.0 }, "geometry": { "type": "Point", "coordinates": [ -0.319207340478897, 5.510415077209473 ] } },
{ "type": "Feature", "properties": { "particle": 228, "seed_idx": 11, "valid": true, "snap_water": false, "snap_m": 0.0 }, "geometry": { "type": "Point", "coordinates": [ -0.319927096366882, 5.510777950286865 ] } },
{ "type": "Feature", "properties": { "particle": 229, "seed_idx": 11, "valid": true, "snap_water": false, "snap_m": 0.0 }, "geometry": { "type": "Point", "coordinates": [ -0.319188117980957, 5.510768890380859 ] } },
{ "type": "Feature", "properties": { "particle": 230, "seed_idx": 11, "valid": true, "snap_water": false, "snap_m": 0.0 }, "geometry": { "type": "Point", "coordinates": [ -0.318178981542587, 5.511171340942383 ] } },
{ "type": "Feature", "properties": { "particle": 231, "seed_idx": 11, "valid": true, "snap_water": false, "snap_m": 0.0 }, "geometry": { "type": "Point", "coordinates": [ -0.318849980831146, 5.510581493377686 ] } },
{ "type": "Feature", "properties": { "particle": 232, "seed_idx": 11, "valid": true, "snap_water": false, "snap_m": 0.0 }, "geometry": { "type": "Point", "coordinates": [ -0.318971574306488, 5.510273933410645 ] } },
{ "type": "Feature", "properties": { "particle": 233, "seed_idx": 11, "valid": true, "snap_water": false, "snap_m": 0.0 }, "geometry": { "type": "Point", "coordinates": [ -0.318949550390244, 5.510889053344727 ] } },
{ "type": "Feature", "properties": { "particle": 234, "seed_idx": 11, "valid": true, "snap_water": false, "snap_m": 0.0 }, "geometry": { "type": "Point", "coordinates": [ -0.319758921861649, 5.509580612182617 ] } },
{ "type": "Feature", "properties": { "particle": 235, "seed_idx": 11, "valid": true, "snap_water": false, "snap_m": 0.0 }, "geometry": { "type": "Point", "coordinates": [ -0.320823341608047, 5.509365081787109 ] } },
{ "type": "Feature", "properties": { "particle": 236, "seed_idx": 11, "valid": true, "snap_water": false, "snap_m": 0.0 }, "geometry": { "type": "Point", "coordinates": [ -0.318416684865952, 5.511411666870117 ] } },
{ "type": "Feature", "properties": { "particle": 237, "seed_idx": 11, "valid": true, "snap_water": false, "snap_m": 0.0 }, "geometry": { "type": "Point", "coordinates": [ -0.319250851869583, 5.510550975799561 ] } },
{ "type": "Feature", "properties": { "particle": 238, "seed_idx": 11, "valid": true, "snap_water": false, "snap_m": 0.0 }, "geometry": { "type": "Point", "coordinates": [ -0.318429529666901, 5.510400295257568 ] } },
{ "type": "Feature", "properties": { "particle": 239, "seed_idx": 11, "valid": true, "snap_water": false, "snap_m": 0.0 }, "geometry": { "type": "Point", "coordinates": [ -0.318360447883606, 5.511346817016602 ] } },
{ "type": "Feature", "properties": { "particle": 240, "seed_idx": 12, "valid": true, "snap_water": false, "snap_m": 0.0 }, "geometry": { "type": "Point", "coordinates": [ -0.374159544706345, 5.483118057250977 ] } },
{ "type": "Feature", "properties": { "particle": 241, "seed_idx": 12, "valid": true, "snap_water": false, "snap_m": 0.0 }, "geometry": { "type": "Point", "coordinates": [ -0.37361815571785, 5.482777118682861 ] } },
{ "type": "Feature", "properties": { "particle": 242, "seed_idx": 12, "valid": true, "snap_water": false, "snap_m": 0.0 }, "geometry": { "type": "Point", "coordinates": [ -0.373731464147568, 5.482991695404053 ] } },
{ "type": "Feature", "properties": { "particle": 243, "seed_idx": 12, "valid": true, "snap_water": false, "snap_m": 0.0 }, "geometry": { "type": "Point", "coordinates": [ -0.373674601316452, 5.483139038085938 ] } },
{ "type": "Feature", "properties": { "particle": 244, "seed_idx": 12, "valid": true, "snap_water": false, "snap_m": 0.0 }, "geometry": { "type": "Point", "coordinates": [ -0.375643193721771, 5.481879711151123 ] } },
{ "type": "Feature", "properties": { "particle": 245, "seed_idx": 12, "valid": true, "snap_water": false, "snap_m": 0.0 }, "geometry": { "type": "Point", "coordinates": [ -0.374890357255936, 5.483146667480469 ] } },
{ "type": "Feature", "properties": { "particle": 246, "seed_idx": 12, "valid": true, "snap_water": false, "snap_m": 0.0 }, "geometry": { "type": "Point", "coordinates": [ -0.375720798969269, 5.481958389282227 ] } },
{ "type": "Feature", "properties": { "particle": 247, "seed_idx": 12, "valid": true, "snap_water": false, "snap_m": 0.0 }, "geometry": { "type": "Point", "coordinates": [ -0.374387949705124, 5.482883453369141 ] } },
{ "type": "Feature", "properties": { "particle": 248, "seed_idx": 12, "valid": true, "snap_water": false, "snap_m": 0.0 }, "geometry": { "type": "Point", "coordinates": [ -0.375901579856873, 5.482489585876465 ] } },
{ "type": "Feature", "properties": { "particle": 249, "seed_idx": 12, "valid": true, "snap_water": false, "snap_m": 0.0 }, "geometry": { "type": "Point", "coordinates": [ -0.373758286237717, 5.482792377471924 ] } },
{ "type": "Feature", "properties": { "particle": 250, "seed_idx": 12, "valid": true, "snap_water": false, "snap_m": 0.0 }, "geometry": { "type": "Point", "coordinates": [ -0.374296516180038, 5.482337951660156 ] } },
{ "type": "Feature", "properties": { "particle": 251, "seed_idx": 12, "valid": true, "snap_water": false, "snap_m": 0.0 }, "geometry": { "type": "Point", "coordinates": [ -0.37382298707962, 5.482840538024902 ] } },
{ "type": "Feature", "properties": { "particle": 252, "seed_idx": 12, "valid": true, "snap_water": false, "snap_m": 0.0 }, "geometry": { "type": "Point", "coordinates": [ -0.374453991651535, 5.482214450836182 ] } },
{ "type": "Feature", "properties": { "particle": 253, "seed_idx": 12, "valid": true, "snap_water": false, "snap_m": 0.0 }, "geometry": { "type": "Point", "coordinates": [ -0.373831480741501, 5.482855319976807 ] } },
{ "type": "Feature", "properties": { "particle": 254, "seed_idx": 12, "valid": true, "snap_water": false, "snap_m": 0.0 }, "geometry": { "type": "Point", "coordinates": [ -0.374106168746948, 5.482611656188965 ] } },
{ "type": "Feature", "properties": { "particle": 255, "seed_idx": 12, "valid": true, "snap_water": false, "snap_m": 0.0 }, "geometry": { "type": "Point", "coordinates": [ -0.374770551919937, 5.482620716094971 ] } },
{ "type": "Feature", "properties": { "particle": 256, "seed_idx": 12, "valid": true, "snap_water": false, "snap_m": 0.0 }, "geometry": { "type": "Point", "coordinates": [ -0.374555796384811, 5.482549667358398 ] } },
{ "type": "Feature", "properties": { "particle": 257, "seed_idx": 12, "valid": true, "snap_water": false, "snap_m": 0.0 }, "geometry": { "type": "Point", "coordinates": [ -0.374553948640823, 5.483055114746094 ] } },
{ "type": "Feature", "properties": { "particle": 258, "seed_idx": 12, "valid": true, "snap_water": false, "snap_m": 0.0 }, "geometry": { "type": "Point", "coordinates": [ -0.374252170324326, 5.482550621032715 ] } },
{ "type": "Feature", "properties": { "particle": 259, "seed_idx": 12, "valid": true, "snap_water": false, "snap_m": 0.0 }, "geometry": { "type": "Point", "coordinates": [ -0.373832434415817, 5.482841968536377 ] } },
{ "type": "Feature", "properties": { "particle": 260, "seed_idx": 13, "valid": true, "snap_water": false, "snap_m": 0.0 }, "geometry": { "type": "Point", "coordinates": [ -0.375885635614395, 5.47962474822998 ] } },
{ "type": "Feature", "properties": { "particle": 261, "seed_idx": 13, "valid": true, "snap_water": false, "snap_m": 0.0 }, "geometry": { "type": "Point", "coordinates": [ -0.37641453742981, 5.479983329772949 ] } },
{ "type": "Feature", "properties": { "particle": 262, "seed_idx": 13, "valid": true, "snap_water": false, "snap_m": 0.0 }, "geometry": { "type": "Point", "coordinates": [ -0.374837666749954, 5.480350494384766 ] } },
{ "type": "Feature", "properties": { "particle": 263, "seed_idx": 13, "valid": true, "snap_water": false, "snap_m": 0.0 }, "geometry": { "type": "Point", "coordinates": [ -0.376507967710495, 5.479812145233154 ] } },
{ "type": "Feature", "properties": { "particle": 264, "seed_idx": 13, "valid": true, "snap_water": false, "snap_m": 0.0 }, "geometry": { "type": "Point", "coordinates": [ -0.375515669584274, 5.480408191680908 ] } },
{ "type": "Feature", "properties": { "particle": 265, "seed_idx": 13, "valid": true, "snap_water": false, "snap_m": 0.0 }, "geometry": { "type": "Point", "coordinates": [ -0.374962359666824, 5.480327606201172 ] } },
{ "type": "Feature", "properties": { "particle": 266, "seed_idx": 13, "valid": true, "snap_water": false, "snap_m": 0.0 }, "geometry": { "type": "Point", "coordinates": [ -0.376330405473709, 5.479511737823486 ] } },
{ "type": "Feature", "properties": { "particle": 267, "seed_idx": 13, "valid": true, "snap_water": false, "snap_m": 0.0 }, "geometry": { "type": "Point", "coordinates": [ -0.375986039638519, 5.480105400085449 ] } },
{ "type": "Feature", "properties": { "particle": 268, "seed_idx": 13, "valid": true, "snap_water": false, "snap_m": 0.0 }, "geometry": { "type": "Point", "coordinates": [ -0.375657469034195, 5.480096817016602 ] } },
{ "type": "Feature", "properties": { "particle": 269, "seed_idx": 13, "valid": true, "snap_water": false, "snap_m": 0.0 }, "geometry": { "type": "Point", "coordinates": [ -0.377059251070023, 5.479056835174561 ] } },
{ "type": "Feature", "properties": { "particle": 270, "seed_idx": 13, "valid": true, "snap_water": false, "snap_m": 0.0 }, "geometry": { "type": "Point", "coordinates": [ -0.37575489282608, 5.480074405670166 ] } },
{ "type": "Feature", "properties": { "particle": 271, "seed_idx": 13, "valid": true, "snap_water": false, "snap_m": 0.0 }, "geometry": { "type": "Point", "coordinates": [ -0.375718027353287, 5.479752063751221 ] } },
{ "type": "Feature", "properties": { "particle": 272, "seed_idx": 13, "valid": true, "snap_water": false, "snap_m": 0.0 }, "geometry": { "type": "Point", "coordinates": [ -0.37613570690155, 5.480307102203369 ] } },
{ "type": "Feature", "properties": { "particle": 273, "seed_idx": 13, "valid": true, "snap_water": false, "snap_m": 0.0 }, "geometry": { "type": "Point", "coordinates": [ -0.375064671039581, 5.480205535888672 ] } },
{ "type": "Feature", "properties": { "particle": 274, "seed_idx": 13, "valid": true, "snap_water": false, "snap_m": 0.0 }, "geometry": { "type": "Point", "coordinates": [ -0.375722229480743, 5.480112552642822 ] } },
{ "type": "Feature", "properties": { "particle": 275, "seed_idx": 13, "valid": true, "snap_water": false, "snap_m": 0.0 }, "geometry": { "type": "Point", "coordinates": [ -0.376254200935364, 5.479649543762207 ] } },
{ "type": "Feature", "properties": { "particle": 276, "seed_idx": 13, "valid": true, "snap_water": false, "snap_m": 0.0 }, "geometry": { "type": "Point", "coordinates": [ -0.375931948423386, 5.480229377746582 ] } },
{ "type": "Feature", "properties": { "particle": 277, "seed_idx": 13, "valid": true, "snap_water": false, "snap_m": 0.0 }, "geometry": { "type": "Point", "coordinates": [ -0.377459496259689, 5.479879856109619 ] } },
{ "type": "Feature", "properties": { "particle": 278, "seed_idx": 13, "valid": true, "snap_water": false, "snap_m": 0.0 }, "geometry": { "type": "Point", "coordinates": [ -0.376266211271286, 5.480016231536865 ] } },
{ "type": "Feature", "properties": { "particle": 279, "seed_idx": 13, "valid": true, "snap_water": false, "snap_m": 0.0 }, "geometry": { "type": "Point", "coordinates": [ -0.376255005598068, 5.479446411132812 ] } },
{ "type": "Feature", "properties": { "particle": 280, "seed_idx": 14, "valid": true, "snap_water": false, "snap_m": 0.0 }, "geometry": { "type": "Point", "coordinates": [ -0.372069984674454, 5.482859134674072 ] } },
{ "type": "Feature", "properties": { "particle": 281, "seed_idx": 14, "valid": true, "snap_water": false, "snap_m": 0.0 }, "geometry": { "type": "Point", "coordinates": [ -0.371745735406876, 5.48346471786499 ] } },
{ "type": "Feature", "properties": { "particle": 282, "seed_idx": 14, "valid": true, "snap_water": false, "snap_m": 0.0 }, "geometry": { "type": "Point", "coordinates": [ -0.373389810323715, 5.482951641082764 ] } },
{ "type": "Feature", "properties": { "particle": 283, "seed_idx": 14, "valid": true, "snap_water": false, "snap_m": 0.0 }, "geometry": { "type": "Point", "coordinates": [ -0.37389150261879, 5.482806205749512 ] } },
{ "type": "Feature", "properties": { "particle": 284, "seed_idx": 14, "valid": true, "snap_water": false, "snap_m": 0.0 }, "geometry": { "type": "Point", "coordinates": [ -0.371585071086884, 5.483561038970947 ] } },
{ "type": "Feature", "properties": { "particle": 285, "seed_idx": 14, "valid": true, "snap_water": false, "snap_m": 0.0 }, "geometry": { "type": "Point", "coordinates": [ -0.373404026031494, 5.482621669769287 ] } },
{ "type": "Feature", "properties": { "particle": 286, "seed_idx": 14, "valid": true, "snap_water": false, "snap_m": 0.0 }, "geometry": { "type": "Point", "coordinates": [ -0.371714115142822, 5.483553886413574 ] } },
{ "type": "Feature", "properties": { "particle": 287, "seed_idx": 14, "valid": true, "snap_water": false, "snap_m": 0.0 }, "geometry": { "type": "Point", "coordinates": [ -0.372156709432602, 5.483246326446533 ] } },
{ "type": "Feature", "properties": { "particle": 288, "seed_idx": 14, "valid": true, "snap_water": false, "snap_m": 0.0 }, "geometry": { "type": "Point", "coordinates": [ -0.372187435626984, 5.483278751373291 ] } },
{ "type": "Feature", "properties": { "particle": 289, "seed_idx": 14, "valid": true, "snap_water": false, "snap_m": 0.0 }, "geometry": { "type": "Point", "coordinates": [ -0.372180670499802, 5.483191967010498 ] } },
{ "type": "Feature", "properties": { "particle": 290, "seed_idx": 14, "valid": true, "snap_water": false, "snap_m": 0.0 }, "geometry": { "type": "Point", "coordinates": [ -0.372752070426941, 5.482534408569336 ] } },
{ "type": "Feature", "properties": { "particle": 291, "seed_idx": 14, "valid": true, "snap_water": false, "snap_m": 0.0 }, "geometry": { "type": "Point", "coordinates": [ -0.372618407011032, 5.4830322265625 ] } },
{ "type": "Feature", "properties": { "particle": 292, "seed_idx": 14, "valid": true, "snap_water": false, "snap_m": 0.0 }, "geometry": { "type": "Point", "coordinates": [ -0.371940433979034, 5.483249187469482 ] } },
{ "type": "Feature", "properties": { "particle": 293, "seed_idx": 14, "valid": true, "snap_water": false, "snap_m": 0.0 }, "geometry": { "type": "Point", "coordinates": [ -0.372605323791504, 5.482748031616211 ] } },
{ "type": "Feature", "properties": { "particle": 294, "seed_idx": 14, "valid": true, "snap_water": false, "snap_m": 0.0 }, "geometry": { "type": "Point", "coordinates": [ -0.372489660978317, 5.483084201812744 ] } },
{ "type": "Feature", "properties": { "particle": 295, "seed_idx": 14, "valid": true, "snap_water": false, "snap_m": 0.0 }, "geometry": { "type": "Point", "coordinates": [ -0.373962432146072, 5.482456684112549 ] } },
{ "type": "Feature", "properties": { "particle": 296, "seed_idx": 14, "valid": true, "snap_water": false, "snap_m": 0.0 }, "geometry": { "type": "Point", "coordinates": [ -0.374488443136215, 5.482778072357178 ] } },
{ "type": "Feature", "properties": { "particle": 297, "seed_idx": 14, "valid": true, "snap_water": false, "snap_m": 0.0 }, "geometry": { "type": "Point", "coordinates": [ -0.373452335596085, 5.482665061950684 ] } },
{ "type": "Feature", "properties": { "particle": 298, "seed_idx": 14, "valid": true, "snap_water": false, "snap_m": 0.0 }, "geometry": { "type": "Point", "coordinates": [ -0.371676057577133, 5.483517646789551 ] } },
{ "type": "Feature", "properties": { "particle": 299, "seed_idx": 14, "valid": true, "snap_water": false, "snap_m": 0.0 }, "geometry": { "type": "Point", "coordinates": [ -0.373186856508255, 5.482287406921387 ] } },
{ "type": "Feature", "properties": { "particle": 300, "seed_idx": 15, "valid": true, "snap_water": false, "snap_m": 0.0 }, "geometry": { "type": "Point", "coordinates": [ -0.380038410425186, 5.476158142089844 ] } },
{ "type": "Feature", "properties": { "particle": 301, "seed_idx": 15, "valid": true, "snap_water": false, "snap_m": 0.0 }, "geometry": { "type": "Point", "coordinates": [ -0.378464192152023, 5.476903438568115 ] } },
{ "type": "Feature", "properties": { "particle": 302, "seed_idx": 15, "valid": true, "snap_water": false, "snap_m": 0.0 }, "geometry": { "type": "Point", "coordinates": [ -0.37961083650589, 5.476518154144287 ] } },
{ "type": "Feature", "properties": { "particle": 303, "seed_idx": 15, "valid": true, "snap_water": false, "snap_m": 0.0 }, "geometry": { "type": "Point", "coordinates": [ -0.379179000854492, 5.476715564727783 ] } },
{ "type": "Feature", "properties": { "particle": 304, "seed_idx": 15, "valid": true, "snap_water": false, "snap_m": 0.0 }, "geometry": { "type": "Point", "coordinates": [ -0.379259616136551, 5.476319789886475 ] } },
{ "type": "Feature", "properties": { "particle": 305, "seed_idx": 15, "valid": true, "snap_water": false, "snap_m": 0.0 }, "geometry": { "type": "Point", "coordinates": [ -0.379539370536804, 5.476996898651123 ] } },
{ "type": "Feature", "properties": { "particle": 306, "seed_idx": 15, "valid": true, "snap_water": false, "snap_m": 0.0 }, "geometry": { "type": "Point", "coordinates": [ -0.378494173288345, 5.476937770843506 ] } },
{ "type": "Feature", "properties": { "particle": 307, "seed_idx": 15, "valid": true, "snap_water": false, "snap_m": 0.0 }, "geometry": { "type": "Point", "coordinates": [ -0.380459845066071, 5.476253032684326 ] } },
{ "type": "Feature", "properties": { "particle": 308, "seed_idx": 15, "valid": true, "snap_water": false, "snap_m": 0.0 }, "geometry": { "type": "Point", "coordinates": [ -0.379792481660843, 5.476142883300781 ] } },
{ "type": "Feature", "properties": { "particle": 309, "seed_idx": 15, "valid": true, "snap_water": false, "snap_m": 0.0 }, "geometry": { "type": "Point", "coordinates": [ -0.380876511335373, 5.476362228393555 ] } },
{ "type": "Feature", "properties": { "particle": 310, "seed_idx": 15, "valid": true, "snap_water": false, "snap_m": 0.0 }, "geometry": { "type": "Point", "coordinates": [ -0.380160540342331, 5.476897716522217 ] } },
{ "type": "Feature", "properties": { "particle": 311, "seed_idx": 15, "valid": true, "snap_water": false, "snap_m": 0.0 }, "geometry": { "type": "Point", "coordinates": [ -0.38000813126564, 5.476546287536621 ] } },
{ "type": "Feature", "properties": { "particle": 312, "seed_idx": 15, "valid": true, "snap_water": false, "snap_m": 0.0 }, "geometry": { "type": "Point", "coordinates": [ -0.378869265317917, 5.476734161376953 ] } },
{ "type": "Feature", "properties": { "particle": 313, "seed_idx": 15, "valid": true, "snap_water": false, "snap_m": 0.0 }, "geometry": { "type": "Point", "coordinates": [ -0.378941923379898, 5.476444721221924 ] } },
{ "type": "Feature", "properties": { "particle": 314, "seed_idx": 15, "valid": true, "snap_water": false, "snap_m": 0.0 }, "geometry": { "type": "Point", "coordinates": [ -0.379948973655701, 5.476262092590332 ] } },
{ "type": "Feature", "properties": { "particle": 315, "seed_idx": 15, "valid": true, "snap_water": false, "snap_m": 0.0 }, "geometry": { "type": "Point", "coordinates": [ -0.379956752061844, 5.47628116607666 ] } },
{ "type": "Feature", "properties": { "particle": 316, "seed_idx": 15, "valid": true, "snap_water": false, "snap_m": 0.0 }, "geometry": { "type": "Point", "coordinates": [ -0.378623992204666, 5.476932525634766 ] } },
{ "type": "Feature", "properties": { "particle": 317, "seed_idx": 15, "valid": true, "snap_water": false, "snap_m": 0.0 }, "geometry": { "type": "Point", "coordinates": [ -0.37921079993248, 5.476934432983398 ] } },
{ "type": "Feature", "properties": { "particle": 318, "seed_idx": 15, "valid": true, "snap_water": false, "snap_m": 0.0 }, "geometry": { "type": "Point", "coordinates": [ -0.379491537809372, 5.476174831390381 ] } },
{ "type": "Feature", "properties": { "particle": 319, "seed_idx": 15, "valid": true, "snap_water": false, "snap_m": 0.0 }, "geometry": { "type": "Point", "coordinates": [ -0.379828602075577, 5.476570606231689 ] } },
{ "type": "Feature", "properties": { "particle": 320, "seed_idx": 16, "valid": true, "snap_water": false, "snap_m": 0.0 }, "geometry": { "type": "Point", "coordinates": [ -0.475349724292755, 5.393519878387451 ] } },
{ "type": "Feature", "properties": { "particle": 321, "seed_idx": 16, "valid": true, "snap_water": false, "snap_m": 0.0 }, "geometry": { "type": "Point", "coordinates": [ -0.476085603237152, 5.394001007080078 ] } },
{ "type": "Feature", "properties": { "particle": 322, "seed_idx": 16, "valid": true, "snap_water": false, "snap_m": 0.0 }, "geometry": { "type": "Point", "coordinates": [ -0.476126939058304, 5.393828868865967 ] } },
{ "type": "Feature", "properties": { "particle": 323, "seed_idx": 16, "valid": true, "snap_water": false, "snap_m": 0.0 }, "geometry": { "type": "Point", "coordinates": [ -0.475870698690414, 5.393917560577393 ] } },
{ "type": "Feature", "properties": { "particle": 324, "seed_idx": 16, "valid": true, "snap_water": false, "snap_m": 0.0 }, "geometry": { "type": "Point", "coordinates": [ -0.475028783082962, 5.393598556518555 ] } },
{ "type": "Feature", "properties": { "particle": 325, "seed_idx": 16, "valid": true, "snap_water": false, "snap_m": 0.0 }, "geometry": { "type": "Point", "coordinates": [ -0.475214511156082, 5.393690586090088 ] } },
{ "type": "Feature", "properties": { "particle": 326, "seed_idx": 16, "valid": true, "snap_water": false, "snap_m": 0.0 }, "geometry": { "type": "Point", "coordinates": [ -0.476308256387711, 5.393790721893311 ] } },
{ "type": "Feature", "properties": { "particle": 327, "seed_idx": 16, "valid": true, "snap_water": false, "snap_m": 0.0 }, "geometry": { "type": "Point", "coordinates": [ -0.475040853023529, 5.393597602844238 ] } },
{ "type": "Feature", "properties": { "particle": 328, "seed_idx": 16, "valid": true, "snap_water": false, "snap_m": 0.0 }, "geometry": { "type": "Point", "coordinates": [ -0.47559517621994, 5.393532276153564 ] } },
{ "type": "Feature", "properties": { "particle": 329, "seed_idx": 16, "valid": true, "snap_water": false, "snap_m": 0.0 }, "geometry": { "type": "Point", "coordinates": [ -0.475405871868134, 5.393599510192871 ] } },
{ "type": "Feature", "properties": { "particle": 330, "seed_idx": 16, "valid": true, "snap_water": false, "snap_m": 0.0 }, "geometry": { "type": "Point", "coordinates": [ -0.476117789745331, 5.393119335174561 ] } },
{ "type": "Feature", "properties": { "particle": 331, "seed_idx": 16, "valid": true, "snap_water": false, "snap_m": 0.0 }, "geometry": { "type": "Point", "coordinates": [ -0.475572824478149, 5.39322566986084 ] } },
{ "type": "Feature", "properties": { "particle": 332, "seed_idx": 16, "valid": true, "snap_water": false, "snap_m": 0.0 }, "geometry": { "type": "Point", "coordinates": [ -0.475192546844482, 5.393526554107666 ] } },
{ "type": "Feature", "properties": { "particle": 333, "seed_idx": 16, "valid": true, "snap_water": false, "snap_m": 0.0 }, "geometry": { "type": "Point", "coordinates": [ -0.475608855485916, 5.393577575683594 ] } },
{ "type": "Feature", "properties": { "particle": 334, "seed_idx": 16, "valid": true, "snap_water": false, "snap_m": 0.0 }, "geometry": { "type": "Point", "coordinates": [ -0.475198537111282, 5.393531322479248 ] } },
{ "type": "Feature", "properties": { "particle": 335, "seed_idx": 16, "valid": true, "snap_water": false, "snap_m": 0.0 }, "geometry": { "type": "Point", "coordinates": [ -0.475452601909637, 5.393434047698975 ] } },
{ "type": "Feature", "properties": { "particle": 336, "seed_idx": 16, "valid": true, "snap_water": false, "snap_m": 0.0 }, "geometry": { "type": "Point", "coordinates": [ -0.475281566381454, 5.39329719543457 ] } },
{ "type": "Feature", "properties": { "particle": 337, "seed_idx": 16, "valid": true, "snap_water": false, "snap_m": 0.0 }, "geometry": { "type": "Point", "coordinates": [ -0.475551456212997, 5.393102645874023 ] } },
{ "type": "Feature", "properties": { "particle": 338, "seed_idx": 16, "valid": true, "snap_water": false, "snap_m": 0.0 }, "geometry": { "type": "Point", "coordinates": [ -0.476113736629486, 5.393701553344727 ] } },
{ "type": "Feature", "properties": { "particle": 339, "seed_idx": 16, "valid": true, "snap_water": false, "snap_m": 0.0 }, "geometry": { "type": "Point", "coordinates": [ -0.475240647792816, 5.39362621307373 ] } },
{ "type": "Feature", "properties": { "particle": 340, "seed_idx": 17, "valid": true, "snap_water": false, "snap_m": 0.0 }, "geometry": { "type": "Point", "coordinates": [ -0.512530326843262, 5.379655838012695 ] } },
{ "type": "Feature", "properties": { "particle": 341, "seed_idx": 17, "valid": true, "snap_water": false, "snap_m": 0.0 }, "geometry": { "type": "Point", "coordinates": [ -0.511751294136047, 5.37963342666626 ] } },
{ "type": "Feature", "properties": { "particle": 342, "seed_idx": 17, "valid": true, "snap_water": false, "snap_m": 0.0 }, "geometry": { "type": "Point", "coordinates": [ -0.511918008327484, 5.37854528427124 ] } },
{ "type": "Feature", "properties": { "particle": 343, "seed_idx": 17, "valid": true, "snap_water": false, "snap_m": 0.0 }, "geometry": { "type": "Point", "coordinates": [ -0.510821402072906, 5.37989330291748 ] } },
{ "type": "Feature", "properties": { "particle": 344, "seed_idx": 17, "valid": true, "snap_water": false, "snap_m": 0.0 }, "geometry": { "type": "Point", "coordinates": [ -0.512010395526886, 5.37827205657959 ] } },
{ "type": "Feature", "properties": { "particle": 345, "seed_idx": 17, "valid": true, "snap_water": false, "snap_m": 0.0 }, "geometry": { "type": "Point", "coordinates": [ -0.511293351650238, 5.379714965820312 ] } },
{ "type": "Feature", "properties": { "particle": 346, "seed_idx": 17, "valid": true, "snap_water": false, "snap_m": 0.0 }, "geometry": { "type": "Point", "coordinates": [ -0.511663198471069, 5.379312515258789 ] } },
{ "type": "Feature", "properties": { "particle": 347, "seed_idx": 17, "valid": true, "snap_water": false, "snap_m": 0.0 }, "geometry": { "type": "Point", "coordinates": [ -0.51315176486969, 5.378990650177002 ] } },
{ "type": "Feature", "properties": { "particle": 348, "seed_idx": 17, "valid": true, "snap_water": false, "snap_m": 0.0 }, "geometry": { "type": "Point", "coordinates": [ -0.511569678783417, 5.379486560821533 ] } },
{ "type": "Feature", "properties": { "particle": 349, "seed_idx": 17, "valid": true, "snap_water": false, "snap_m": 0.0 }, "geometry": { "type": "Point", "coordinates": [ -0.510966062545776, 5.379790306091309 ] } },
{ "type": "Feature", "properties": { "particle": 350, "seed_idx": 17, "valid": true, "snap_water": false, "snap_m": 0.0 }, "geometry": { "type": "Point", "coordinates": [ -0.512545585632324, 5.379426956176758 ] } },
{ "type": "Feature", "properties": { "particle": 351, "seed_idx": 17, "valid": true, "snap_water": false, "snap_m": 0.0 }, "geometry": { "type": "Point", "coordinates": [ -0.511123061180115, 5.379692554473877 ] } },
{ "type": "Feature", "properties": { "particle": 352, "seed_idx": 17, "valid": true, "snap_water": false, "snap_m": 0.0 }, "geometry": { "type": "Point", "coordinates": [ -0.511016666889191, 5.379650592803955 ] } },
{ "type": "Feature", "properties": { "particle": 353, "seed_idx": 17, "valid": true, "snap_water": false, "snap_m": 0.0 }, "geometry": { "type": "Point", "coordinates": [ -0.51172798871994, 5.3791184425354 ] } },
{ "type": "Feature", "properties": { "particle": 354, "seed_idx": 17, "valid": true, "snap_water": false, "snap_m": 0.0 }, "geometry": { "type": "Point", "coordinates": [ -0.511579632759094, 5.379627704620361 ] } },
{ "type": "Feature", "properties": { "particle": 355, "seed_idx": 17, "valid": true, "snap_water": false, "snap_m": 0.0 }, "geometry": { "type": "Point", "coordinates": [ -0.511227548122406, 5.380187511444092 ] } },
{ "type": "Feature", "properties": { "particle": 356, "seed_idx": 17, "valid": true, "snap_water": false, "snap_m": 0.0 }, "geometry": { "type": "Point", "coordinates": [ -0.511390447616577, 5.380050659179688 ] } },
{ "type": "Feature", "properties": { "particle": 357, "seed_idx": 17, "valid": true, "snap_water": false, "snap_m": 0.0 }, "geometry": { "type": "Point", "coordinates": [ -0.512968003749847, 5.378588199615479 ] } },
{ "type": "Feature", "properties": { "particle": 358, "seed_idx": 17, "valid": true, "snap_water": false, "snap_m": 0.0 }, "geometry": { "type": "Point", "coordinates": [ -0.512008786201477, 5.3789381980896 ] } },
{ "type": "Feature", "properties": { "particle": 359, "seed_idx": 17, "valid": true, "snap_water": false, "snap_m": 0.0 }, "geometry": { "type": "Point", "coordinates": [ -0.51045435667038, 5.380134105682373 ] } },
{ "type": "Feature", "properties": { "particle": 360, "seed_idx": 18, "valid": true, "snap_water": false, "snap_m": 0.0 }, "geometry": { "type": "Point", "coordinates": [ -0.506454706192017, 5.382070541381836 ] } },
{ "type": "Feature", "properties": { "particle": 361, "seed_idx": 18, "valid": true, "snap_water": false, "snap_m": 0.0 }, "geometry": { "type": "Point", "coordinates": [ -0.50542414188385, 5.382355690002441 ] } },
{ "type": "Feature", "properties": { "particle": 362, "seed_idx": 18, "valid": true, "snap_water": false, "snap_m": 0.0 }, "geometry": { "type": "Point", "coordinates": [ -0.50581157207489, 5.382169723510742 ] } },
{ "type": "Feature", "properties": { "particle": 363, "seed_idx": 18, "valid": true, "snap_water": false, "snap_m": 0.0 }, "geometry": { "type": "Point", "coordinates": [ -0.505775451660156, 5.382280826568604 ] } },
{ "type": "Feature", "properties": { "particle": 364, "seed_idx": 18, "valid": true, "snap_water": false, "snap_m": 0.0 }, "geometry": { "type": "Point", "coordinates": [ -0.505921244621277, 5.381737232208252 ] } },
{ "type": "Feature", "properties": { "particle": 365, "seed_idx": 18, "valid": true, "snap_water": false, "snap_m": 0.0 }, "geometry": { "type": "Point", "coordinates": [ -0.505498707294464, 5.382271289825439 ] } },
{ "type": "Feature", "properties": { "particle": 366, "seed_idx": 18, "valid": true, "snap_water": false, "snap_m": 0.0 }, "geometry": { "type": "Point", "coordinates": [ -0.507385313510895, 5.382269859313965 ] } },
{ "type": "Feature", "properties": { "particle": 367, "seed_idx": 18, "valid": true, "snap_water": false, "snap_m": 0.0 }, "geometry": { "type": "Point", "coordinates": [ -0.5054731965065, 5.382277011871338 ] } },
{ "type": "Feature", "properties": { "particle": 368, "seed_idx": 18, "valid": true, "snap_water": false, "snap_m": 0.0 }, "geometry": { "type": "Point", "coordinates": [ -0.506026864051819, 5.381819725036621 ] } },
{ "type": "Feature", "properties": { "particle": 369, "seed_idx": 18, "valid": true, "snap_water": false, "snap_m": 0.0 }, "geometry": { "type": "Point", "coordinates": [ -0.506420314311981, 5.382126331329346 ] } },
{ "type": "Feature", "properties": { "particle": 370, "seed_idx": 18, "valid": true, "snap_water": false, "snap_m": 0.0 }, "geometry": { "type": "Point", "coordinates": [ -0.50670999288559, 5.382289409637451 ] } },
{ "type": "Feature", "properties": { "particle": 371, "seed_idx": 18, "valid": true, "snap_water": false, "snap_m": 0.0 }, "geometry": { "type": "Point", "coordinates": [ -0.506524562835693, 5.382416248321533 ] } },
{ "type": "Feature", "properties": { "particle": 372, "seed_idx": 18, "valid": true, "snap_water": false, "snap_m": 0.0 }, "geometry": { "type": "Point", "coordinates": [ -0.505935311317444, 5.382050037384033 ] } },
{ "type": "Feature", "properties": { "particle": 373, "seed_idx": 18, "valid": true, "snap_water": false, "snap_m": 0.0 }, "geometry": { "type": "Point", "coordinates": [ -0.506089448928833, 5.381782054901123 ] } },
{ "type": "Feature", "properties": { "particle": 374, "seed_idx": 18, "valid": true, "snap_water": false, "snap_m": 0.0 }, "geometry": { "type": "Point", "coordinates": [ -0.506129622459412, 5.381989002227783 ] } },
{ "type": "Feature", "properties": { "particle": 375, "seed_idx": 18, "valid": true, "snap_water": false, "snap_m": 0.0 }, "geometry": { "type": "Point", "coordinates": [ -0.506673991680145, 5.381864070892334 ] } },
{ "type": "Feature", "properties": { "particle": 376, "seed_idx": 18, "valid": true, "snap_water": false, "snap_m": 0.0 }, "geometry": { "type": "Point", "coordinates": [ -0.506020784378052, 5.382175922393799 ] } },
{ "type": "Feature", "properties": { "particle": 377, "seed_idx": 18, "valid": true, "snap_water": false, "snap_m": 0.0 }, "geometry": { "type": "Point", "coordinates": [ -0.506513893604279, 5.381926536560059 ] } },
{ "type": "Feature", "properties": { "particle": 378, "seed_idx": 18, "valid": true, "snap_water": false, "snap_m": 0.0 }, "geometry": { "type": "Point", "coordinates": [ -0.506263494491577, 5.381665229797363 ] } },
{ "type": "Feature", "properties": { "particle": 379, "seed_idx": 18, "valid": true, "snap_water": false, "snap_m": 0.0 }, "geometry": { "type": "Point", "coordinates": [ -0.505946636199951, 5.382182598114014 ] } },
{ "type": "Feature", "properties": { "particle": 380, "seed_idx": 19, "valid": true, "snap_water": false, "snap_m": 0.0 }, "geometry": { "type": "Point", "coordinates": [ -0.501096665859222, 5.383471488952637 ] } },
{ "type": "Feature", "properties": { "particle": 381, "seed_idx": 19, "valid": true, "snap_water": false, "snap_m": 0.0 }, "geometry": { "type": "Point", "coordinates": [ -0.500992596149445, 5.383489608764648 ] } },
{ "type": "Feature", "properties": { "particle": 382, "seed_idx": 19, "valid": true, "snap_water": false, "snap_m": 0.0 }, "geometry": { "type": "Point", "coordinates": [ -0.502267420291901, 5.382978439331055 ] } },
{ "type": "Feature", "properties": { "particle": 383, "seed_idx": 19, "valid": true, "snap_water": false, "snap_m": 0.0 }, "geometry": { "type": "Point", "coordinates": [ -0.501781463623047, 5.38294792175293 ] } },
{ "type": "Feature", "properties": { "particle": 384, "seed_idx": 19, "valid": true, "snap_water": false, "snap_m": 0.0 }, "geometry": { "type": "Point", "coordinates": [ -0.501943826675415, 5.383444309234619 ] } },
{ "type": "Feature", "properties": { "particle": 385, "seed_idx": 19, "valid": true, "snap_water": false, "snap_m": 0.0 }, "geometry": { "type": "Point", "coordinates": [ -0.501793324947357, 5.383164405822754 ] } },
{ "type": "Feature", "properties": { "particle": 386, "seed_idx": 19, "valid": true, "snap_water": false, "snap_m": 0.0 }, "geometry": { "type": "Point", "coordinates": [ -0.50255161523819, 5.383400917053223 ] } },
{ "type": "Feature", "properties": { "particle": 387, "seed_idx": 19, "valid": true, "snap_water": false, "snap_m": 0.0 }, "geometry": { "type": "Point", "coordinates": [ -0.501792013645172, 5.38264799118042 ] } },
{ "type": "Feature", "properties": { "particle": 388, "seed_idx": 19, "valid": true, "snap_water": false, "snap_m": 0.0 }, "geometry": { "type": "Point", "coordinates": [ -0.502668678760529, 5.38346529006958 ] } },
{ "type": "Feature", "properties": { "particle": 389, "seed_idx": 19, "valid": true, "snap_water": false, "snap_m": 0.0 }, "geometry": { "type": "Point", "coordinates": [ -0.502098858356476, 5.38292121887207 ] } },
{ "type": "Feature", "properties": { "particle": 390, "seed_idx": 19, "valid": true, "snap_water": false, "snap_m": 0.0 }, "geometry": { "type": "Point", "coordinates": [ -0.501498281955719, 5.383408069610596 ] } },
{ "type": "Feature", "properties": { "particle": 391, "seed_idx": 19, "valid": true, "snap_water": false, "snap_m": 0.0 }, "geometry": { "type": "Point", "coordinates": [ -0.501625895500183, 5.383723735809326 ] } },
{ "type": "Feature", "properties": { "particle": 392, "seed_idx": 19, "valid": true, "snap_water": false, "snap_m": 0.0 }, "geometry": { "type": "Point", "coordinates": [ -0.501442968845367, 5.383384227752686 ] } },
{ "type": "Feature", "properties": { "particle": 393, "seed_idx": 19, "valid": true, "snap_water": false, "snap_m": 0.0 }, "geometry": { "type": "Point", "coordinates": [ -0.501307547092438, 5.383400917053223 ] } },
{ "type": "Feature", "properties": { "particle": 394, "seed_idx": 19, "valid": true, "snap_water": false, "snap_m": 0.0 }, "geometry": { "type": "Point", "coordinates": [ -0.501513600349426, 5.383169174194336 ] } },
{ "type": "Feature", "properties": { "particle": 395, "seed_idx": 19, "valid": true, "snap_water": false, "snap_m": 0.0 }, "geometry": { "type": "Point", "coordinates": [ -0.500955164432526, 5.383565902709961 ] } },
{ "type": "Feature", "properties": { "particle": 396, "seed_idx": 19, "valid": true, "snap_water": false, "snap_m": 0.0 }, "geometry": { "type": "Point", "coordinates": [ -0.502170503139496, 5.382697105407715 ] } },
{ "type": "Feature", "properties": { "particle": 397, "seed_idx": 19, "valid": true, "snap_water": false, "snap_m": 0.0 }, "geometry": { "type": "Point", "coordinates": [ -0.502378880977631, 5.382957935333252 ] } },
{ "type": "Feature", "properties": { "particle": 398, "seed_idx": 19, "valid": true, "snap_water": false, "snap_m": 0.0 }, "geometry": { "type": "Point", "coordinates": [ -0.501418232917786, 5.383414268493652 ] } },
{ "type": "Feature", "properties": { "particle": 399, "seed_idx": 19, "valid": true, "snap_water": false, "snap_m": 0.0 }, "geometry": { "type": "Point", "coordinates": [ -0.501739323139191, 5.383172988891602 ] } },
{ "type": "Feature", "properties": { "particle": 400, "seed_idx": 20, "valid": true, "snap_water": false, "snap_m": 0.0 }, "geometry": { "type": "Point", "coordinates": [ -0.503985106945038, 5.38297700881958 ] } },
{ "type": "Feature", "properties": { "particle": 401, "seed_idx": 20, "valid": true, "snap_water": false, "snap_m": 0.0 }, "geometry": { "type": "Point", "coordinates": [ -0.503796458244324, 5.383203029632568 ] } },
{ "type": "Feature", "properties": { "particle": 402, "seed_idx": 20, "valid": true, "snap_water": false, "snap_m": 0.0 }, "geometry": { "type": "Point", "coordinates": [ -0.503712594509125, 5.382935523986816 ] } },
{ "type": "Feature", "properties": { "particle": 403, "seed_idx": 20, "valid": true, "snap_water": false, "snap_m": 0.0 }, "geometry": { "type": "Point", "coordinates": [ -0.502960920333862, 5.383615493774414 ] } },
{ "type": "Feature", "properties": { "particle": 404, "seed_idx": 20, "valid": true, "snap_water": false, "snap_m": 0.0 }, "geometry": { "type": "Point", "coordinates": [ -0.503490924835205, 5.383312702178955 ] } },
{ "type": "Feature", "properties": { "particle": 405, "seed_idx": 20, "valid": true, "snap_water": false, "snap_m": 0.0 }, "geometry": { "type": "Point", "coordinates": [ -0.50358635187149, 5.38291072845459 ] } },
{ "type": "Feature", "properties": { "particle": 406, "seed_idx": 20, "valid": true, "snap_water": false, "snap_m": 0.0 }, "geometry": { "type": "Point", "coordinates": [ -0.503350794315338, 5.383718013763428 ] } },
{ "type": "Feature", "properties": { "particle": 407, "seed_idx": 20, "valid": true, "snap_water": false, "snap_m": 0.0 }, "geometry": { "type": "Point", "coordinates": [ -0.503393590450287, 5.383177757263184 ] } },
{ "type": "Feature", "properties": { "particle": 408, "seed_idx": 20, "valid": true, "snap_water": false, "snap_m": 0.0 }, "geometry": { "type": "Point", "coordinates": [ -0.504468381404877, 5.383055210113525 ] } },
{ "type": "Feature", "properties": { "particle": 409, "seed_idx": 20, "valid": true, "snap_water": false, "snap_m": 0.0 }, "geometry": { "type": "Point", "coordinates": [ -0.503960072994232, 5.383266448974609 ] } },
{ "type": "Feature", "properties": { "particle": 410, "seed_idx": 20, "valid": true, "snap_water": false, "snap_m": 0.0 }, "geometry": { "type": "Point", "coordinates": [ -0.503888964653015, 5.383388042449951 ] } },
{ "type": "Feature", "properties": { "particle": 411, "seed_idx": 20, "valid": true, "snap_water": false, "snap_m": 0.0 }, "geometry": { "type": "Point", "coordinates": [ -0.503808319568634, 5.383251190185547 ] } },
{ "type": "Feature", "properties": { "particle": 412, "seed_idx": 20, "valid": true, "snap_water": false, "snap_m": 0.0 }, "geometry": { "type": "Point", "coordinates": [ -0.504922270774841, 5.382789134979248 ] } },
{ "type": "Feature", "properties": { "particle": 413, "seed_idx": 20, "valid": true, "snap_water": false, "snap_m": 0.0 }, "geometry": { "type": "Point", "coordinates": [ -0.504098951816559, 5.382709980010986 ] } },
{ "type": "Feature", "properties": { "particle": 414, "seed_idx": 20, "valid": true, "snap_water": false, "snap_m": 0.0 }, "geometry": { "type": "Point", "coordinates": [ -0.503775656223297, 5.383509635925293 ] } },
{ "type": "Feature", "properties": { "particle": 415, "seed_idx": 20, "valid": true, "snap_water": false, "snap_m": 0.0 }, "geometry": { "type": "Point", "coordinates": [ -0.50455641746521, 5.383260250091553 ] } },
{ "type": "Feature", "properties": { "particle": 416, "seed_idx": 20, "valid": true, "snap_water": false, "snap_m": 0.0 }, "geometry": { "type": "Point", "coordinates": [ -0.503624200820923, 5.383308887481689 ] } },
{ "type": "Feature", "properties": { "particle": 417, "seed_idx": 20, "valid": true, "snap_water": false, "snap_m": 0.0 }, "geometry": { "type": "Point", "coordinates": [ -0.504292488098145, 5.38332462310791 ] } },
{ "type": "Feature", "properties": { "particle": 418, "seed_idx": 20, "valid": true, "snap_water": false, "snap_m": 0.0 }, "geometry": { "type": "Point", "coordinates": [ -0.503250777721405, 5.383387565612793 ] } },
{ "type": "Feature", "properties": { "particle": 419, "seed_idx": 20, "valid": true, "snap_water": false, "snap_m": 0.0 }, "geometry": { "type": "Point", "coordinates": [ -0.503760457038879, 5.382678508758545 ] } },
{ "type": "Feature", "properties": { "particle": 420, "seed_idx": 21, "valid": true, "snap_water": false, "snap_m": 0.0 }, "geometry": { "type": "Point", "coordinates": [ -0.475721120834351, 5.402672290802002 ] } },
{ "type": "Feature", "properties": { "particle": 421, "seed_idx": 21, "valid": true, "snap_water": false, "snap_m": 0.0 }, "geometry": { "type": "Point", "coordinates": [ -0.475265800952911, 5.402545928955078 ] } },
{ "type": "Feature", "properties": { "particle": 422, "seed_idx": 21, "valid": true, "snap_water": false, "snap_m": 0.0 }, "geometry": { "type": "Point", "coordinates": [ -0.476852774620056, 5.401490211486816 ] } },
{ "type": "Feature", "properties": { "particle": 423, "seed_idx": 21, "valid": true, "snap_water": false, "snap_m": 0.0 }, "geometry": { "type": "Point", "coordinates": [ -0.476455628871918, 5.40254020690918 ] } },
{ "type": "Feature", "properties": { "particle": 424, "seed_idx": 21, "valid": true, "snap_water": false, "snap_m": 0.0 }, "geometry": { "type": "Point", "coordinates": [ -0.475786119699478, 5.402160167694092 ] } },
{ "type": "Feature", "properties": { "particle": 425, "seed_idx": 21, "valid": true, "snap_water": false, "snap_m": 0.0 }, "geometry": { "type": "Point", "coordinates": [ -0.475748836994171, 5.402247905731201 ] } },
{ "type": "Feature", "properties": { "particle": 426, "seed_idx": 21, "valid": true, "snap_water": false, "snap_m": 0.0 }, "geometry": { "type": "Point", "coordinates": [ -0.476945668458939, 5.402169227600098 ] } },
{ "type": "Feature", "properties": { "particle": 427, "seed_idx": 21, "valid": true, "snap_water": false, "snap_m": 0.0 }, "geometry": { "type": "Point", "coordinates": [ -0.475784808397293, 5.401826858520508 ] } },
{ "type": "Feature", "properties": { "particle": 428, "seed_idx": 21, "valid": true, "snap_water": false, "snap_m": 0.0 }, "geometry": { "type": "Point", "coordinates": [ -0.476173311471939, 5.402506828308105 ] } },
{ "type": "Feature", "properties": { "particle": 429, "seed_idx": 21, "valid": true, "snap_water": false, "snap_m": 0.0 }, "geometry": { "type": "Point", "coordinates": [ -0.4756198823452, 5.402464389801025 ] } },
{ "type": "Feature", "properties": { "particle": 430, "seed_idx": 21, "valid": true, "snap_water": false, "snap_m": 0.0 }, "geometry": { "type": "Point", "coordinates": [ -0.47585654258728, 5.402369976043701 ] } },
{ "type": "Feature", "properties": { "particle": 431, "seed_idx": 21, "valid": true, "snap_water": false, "snap_m": 0.0 }, "geometry": { "type": "Point", "coordinates": [ -0.475902497768402, 5.402664184570312 ] } },
{ "type": "Feature", "properties": { "particle": 432, "seed_idx": 21, "valid": true, "snap_water": false, "snap_m": 0.0 }, "geometry": { "type": "Point", "coordinates": [ -0.476943612098694, 5.402233123779297 ] } },
{ "type": "Feature", "properties": { "particle": 433, "seed_idx": 21, "valid": true, "snap_water": false, "snap_m": 0.0 }, "geometry": { "type": "Point", "coordinates": [ -0.476738899946213, 5.40259838104248 ] } },
{ "type": "Feature", "properties": { "particle": 434, "seed_idx": 21, "valid": true, "snap_water": false, "snap_m": 0.0 }, "geometry": { "type": "Point", "coordinates": [ -0.476917564868927, 5.402353763580322 ] } },
{ "type": "Feature", "properties": { "particle": 435, "seed_idx": 21, "valid": true, "snap_water": false, "snap_m": 0.0 }, "geometry": { "type": "Point", "coordinates": [ -0.475773632526398, 5.401902198791504 ] } },
{ "type": "Feature", "properties": { "particle": 436, "seed_idx": 21, "valid": true, "snap_water": false, "snap_m": 0.0 }, "geometry": { "type": "Point", "coordinates": [ -0.476185619831085, 5.401933670043945 ] } },
{ "type": "Feature", "properties": { "particle": 437, "seed_idx": 21, "valid": true, "snap_water": false, "snap_m": 0.0 }, "geometry": { "type": "Point", "coordinates": [ -0.476585686206818, 5.401920795440674 ] } },
{ "type": "Feature", "properties": { "particle": 438, "seed_idx": 21, "valid": true, "snap_water": false, "snap_m": 0.0 }, "geometry": { "type": "Point", "coordinates": [ -0.476537436246872, 5.401683807373047 ] } },
{ "type": "Feature", "properties": { "particle": 439, "seed_idx": 21, "valid": true, "snap_water": false, "snap_m": 0.0 }, "geometry": { "type": "Point", "coordinates": [ -0.475757122039795, 5.401870727539062 ] } },
{ "type": "Feature", "properties": { "particle": 440, "seed_idx": 22, "valid": true, "snap_water": false, "snap_m": 0.0 }, "geometry": { "type": "Point", "coordinates": [ -0.476326525211334, 5.40030574798584 ] } },
{ "type": "Feature", "properties": { "particle": 441, "seed_idx": 22, "valid": true, "snap_water": false, "snap_m": 0.0 }, "geometry": { "type": "Point", "coordinates": [ -0.474570035934448, 5.401131153106689 ] } },
{ "type": "Feature", "properties": { "particle": 442, "seed_idx": 22, "valid": true, "snap_water": false, "snap_m": 0.0 }, "geometry": { "type": "Point", "coordinates": [ -0.475665897130966, 5.400106906890869 ] } },
{ "type": "Feature", "properties": { "particle": 443, "seed_idx": 22, "valid": true, "snap_water": false, "snap_m": 0.0 }, "geometry": { "type": "Point", "coordinates": [ -0.476837158203125, 5.4009690284729 ] } },
{ "type": "Feature", "properties": { "particle": 444, "seed_idx": 22, "valid": true, "snap_water": false, "snap_m": 0.0 }, "geometry": { "type": "Point", "coordinates": [ -0.475500106811523, 5.401302337646484 ] } },
{ "type": "Feature", "properties": { "particle": 445, "seed_idx": 22, "valid": true, "snap_water": false, "snap_m": 0.0 }, "geometry": { "type": "Point", "coordinates": [ -0.476017564535141, 5.400784969329834 ] } },
{ "type": "Feature", "properties": { "particle": 446, "seed_idx": 22, "valid": true, "snap_water": false, "snap_m": 0.0 }, "geometry": { "type": "Point", "coordinates": [ -0.474415093660355, 5.40131950378418 ] } },
{ "type": "Feature", "properties": { "particle": 447, "seed_idx": 22, "valid": true, "snap_water": false, "snap_m": 0.0 }, "geometry": { "type": "Point", "coordinates": [ -0.475058525800705, 5.400715827941895 ] } },
{ "type": "Feature", "properties": { "particle": 448, "seed_idx": 22, "valid": true, "snap_water": false, "snap_m": 0.0 }, "geometry": { "type": "Point", "coordinates": [ -0.475626677274704, 5.401423454284668 ] } },
{ "type": "Feature", "properties": { "particle": 449, "seed_idx": 22, "valid": true, "snap_water": false, "snap_m": 0.0 }, "geometry": { "type": "Point", "coordinates": [ -0.474982023239136, 5.401244163513184 ] } },
{ "type": "Feature", "properties": { "particle": 450, "seed_idx": 22, "valid": true, "snap_water": false, "snap_m": 0.0 }, "geometry": { "type": "Point", "coordinates": [ -0.47550106048584, 5.401166439056396 ] } },
{ "type": "Feature", "properties": { "particle": 451, "seed_idx": 22, "valid": true, "snap_water": false, "snap_m": 0.0 }, "geometry": { "type": "Point", "coordinates": [ -0.475820541381836, 5.400470733642578 ] } },
{ "type": "Feature", "properties": { "particle": 452, "seed_idx": 22, "valid": true, "snap_water": false, "snap_m": 0.0 }, "geometry": { "type": "Point", "coordinates": [ -0.474922358989716, 5.401522159576416 ] } },
{ "type": "Feature", "properties": { "particle": 453, "seed_idx": 22, "valid": true, "snap_water": false, "snap_m": 0.0 }, "geometry": { "type": "Point", "coordinates": [ -0.476449966430664, 5.401116371154785 ] } },
{ "type": "Feature", "properties": { "particle": 454, "seed_idx": 22, "valid": true, "snap_water": false, "snap_m": 0.0 }, "geometry": { "type": "Point", "coordinates": [ -0.475426197052002, 5.400692462921143 ] } },
{ "type": "Feature", "properties": { "particle": 455, "seed_idx": 22, "valid": true, "snap_water": false, "snap_m": 0.0 }, "geometry": { "type": "Point", "coordinates": [ -0.475486606359482, 5.400664329528809 ] } },
{ "type": "Feature", "properties": { "particle": 456, "seed_idx": 22, "valid": true, "snap_water": false, "snap_m": 0.0 }, "geometry": { "type": "Point", "coordinates": [ -0.475283980369568, 5.400711059570312 ] } },
{ "type": "Feature", "properties": { "particle": 457, "seed_idx": 22, "valid": true, "snap_water": false, "snap_m": 0.0 }, "geometry": { "type": "Point", "coordinates": [ -0.474686682224274, 5.401176929473877 ] } },
{ "type": "Feature", "properties": { "particle": 458, "seed_idx": 22, "valid": true, "snap_water": false, "snap_m": 0.0 }, "geometry": { "type": "Point", "coordinates": [ -0.476063638925552, 5.400584697723389 ] } },
{ "type": "Feature", "properties": { "particle": 459, "seed_idx": 22, "valid": true, "snap_water": false, "snap_m": 0.0 }, "geometry": { "type": "Point", "coordinates": [ -0.475779950618744, 5.401142597198486 ] } },
{ "type": "Feature", "properties": { "particle": 460, "seed_idx": 23, "valid": true, "snap_water": false, "snap_m": 0.0 }, "geometry": { "type": "Point", "coordinates": [ -0.474787980318069, 5.400775909423828 ] } },
{ "type": "Feature", "properties": { "particle": 461, "seed_idx": 23, "valid": true, "snap_water": false, "snap_m": 0.0 }, "geometry": { "type": "Point", "coordinates": [ -0.47479572892189, 5.400887012481689 ] } },
{ "type": "Feature", "properties": { "particle": 462, "seed_idx": 23, "valid": true, "snap_water": false, "snap_m": 0.0 }, "geometry": { "type": "Point", "coordinates": [ -0.476230621337891, 5.40012264251709 ] } },
{ "type": "Feature", "properties": { "particle": 463, "seed_idx": 23, "valid": true, "snap_water": false, "snap_m": 0.0 }, "geometry": { "type": "Point", "coordinates": [ -0.475521743297577, 5.401506900787354 ] } },
{ "type": "Feature", "properties": { "particle": 464, "seed_idx": 23, "valid": true, "snap_water": false, "snap_m": 0.0 }, "geometry": { "type": "Point", "coordinates": [ -0.474410116672516, 5.401842594146729 ] } },
{ "type": "Feature", "properties": { "particle": 465, "seed_idx": 23, "valid": true, "snap_water": false, "snap_m": 0.0 }, "geometry": { "type": "Point", "coordinates": [ -0.474801182746887, 5.401635646820068 ] } },
{ "type": "Feature", "properties": { "particle": 466, "seed_idx": 23, "valid": true, "snap_water": false, "snap_m": 0.0 }, "geometry": { "type": "Point", "coordinates": [ -0.475087493658066, 5.401219844818115 ] } },
{ "type": "Feature", "properties": { "particle": 467, "seed_idx": 23, "valid": true, "snap_water": false, "snap_m": 0.0 }, "geometry": { "type": "Point", "coordinates": [ -0.474429935216904, 5.401281833648682 ] } },
{ "type": "Feature", "properties": { "particle": 468, "seed_idx": 23, "valid": true, "snap_water": false, "snap_m": 0.0 }, "geometry": { "type": "Point", "coordinates": [ -0.475087821483612, 5.401411056518555 ] } },
{ "type": "Feature", "properties": { "particle": 469, "seed_idx": 23, "valid": true, "snap_water": false, "snap_m": 0.0 }, "geometry": { "type": "Point", "coordinates": [ -0.475980550050735, 5.402817726135254 ] } },
{ "type": "Feature", "properties": { "particle": 470, "seed_idx": 23, "valid": true, "snap_water": false, "snap_m": 0.0 }, "geometry": { "type": "Point", "coordinates": [ -0.474695473909378, 5.401804447174072 ] } },
{ "type": "Feature", "properties": { "particle": 471, "seed_idx": 23, "valid": true, "snap_water": false, "snap_m": 0.0 }, "geometry": { "type": "Point", "coordinates": [ -0.474236130714417, 5.401963710784912 ] } },
{ "type": "Feature", "properties": { "particle": 472, "seed_idx": 23, "valid": true, "snap_water": false, "snap_m": 0.0 }, "geometry": { "type": "Point", "coordinates": [ -0.474634349346161, 5.401656627655029 ] } },
{ "type": "Feature", "properties": { "particle": 473, "seed_idx": 23, "valid": true, "snap_water": false, "snap_m": 0.0 }, "geometry": { "type": "Point", "coordinates": [ -0.474516421556473, 5.402154922485352 ] } },
{ "type": "Feature", "properties": { "particle": 474, "seed_idx": 23, "valid": true, "snap_water": false, "snap_m": 0.0 }, "geometry": { "type": "Point", "coordinates": [ -0.474214345216751, 5.401859760284424 ] } },
{ "type": "Feature", "properties": { "particle": 475, "seed_idx": 23, "valid": true, "snap_water": false, "snap_m": 0.0 }, "geometry": { "type": "Point", "coordinates": [ -0.475506186485291, 5.401144504547119 ] } },
{ "type": "Feature", "properties": { "particle": 476, "seed_idx": 23, "valid": true, "snap_water": false, "snap_m": 0.0 }, "geometry": { "type": "Point", "coordinates": [ -0.475545585155487, 5.401456832885742 ] } },
{ "type": "Feature", "properties": { "particle": 477, "seed_idx": 23, "valid": true, "snap_water": false, "snap_m": 0.0 }, "geometry": { "type": "Point", "coordinates": [ -0.475371450185776, 5.402655124664307 ] } },
{ "type": "Feature", "properties": { "particle": 478, "seed_idx": 23, "valid": true, "snap_water": false, "snap_m": 0.0 }, "geometry": { "type": "Point", "coordinates": [ -0.476145178079605, 5.400949954986572 ] } },
{ "type": "Feature", "properties": { "particle": 479, "seed_idx": 23, "valid": true, "snap_water": false, "snap_m": 0.0 }, "geometry": { "type": "Point", "coordinates": [ -0.474260926246643, 5.401998043060303 ] } },
{ "type": "Feature", "properties": { "particle": 480, "seed_idx": 24, "valid": true, "snap_water": false, "snap_m": 0.0 }, "geometry": { "type": "Point", "coordinates": [ -0.472382843494415, 5.405344486236572 ] } },
{ "type": "Feature", "properties": { "particle": 481, "seed_idx": 24, "valid": true, "snap_water": false, "snap_m": 0.0 }, "geometry": { "type": "Point", "coordinates": [ -0.474036872386932, 5.40446949005127 ] } },
{ "type": "Feature", "properties": { "particle": 482, "seed_idx": 24, "valid": true, "snap_water": false, "snap_m": 0.0 }, "geometry": { "type": "Point", "coordinates": [ -0.471916496753693, 5.405773639678955 ] } },
{ "type": "Feature", "properties": { "particle": 483, "seed_idx": 24, "valid": true, "snap_water": false, "snap_m": 0.0 }, "geometry": { "type": "Point", "coordinates": [ -0.472643107175827, 5.404675006866455 ] } },
{ "type": "Feature", "properties": { "particle": 484, "seed_idx": 24, "valid": true, "snap_water": false, "snap_m": 0.0 }, "geometry": { "type": "Point", "coordinates": [ -0.472447395324707, 5.40558910369873 ] } },
{ "type": "Feature", "properties": { "particle": 485, "seed_idx": 24, "valid": true, "snap_water": false, "snap_m": 0.0 }, "geometry": { "type": "Point", "coordinates": [ -0.47249698638916, 5.405600070953369 ] } },
{ "type": "Feature", "properties": { "particle": 486, "seed_idx": 24, "valid": true, "snap_water": false, "snap_m": 0.0 }, "geometry": { "type": "Point", "coordinates": [ -0.472041875123978, 5.405279159545898 ] } },
{ "type": "Feature", "properties": { "particle": 487, "seed_idx": 24, "valid": true, "snap_water": false, "snap_m": 0.0 }, "geometry": { "type": "Point", "coordinates": [ -0.473120003938675, 5.404891967773438 ] } },
{ "type": "Feature", "properties": { "particle": 488, "seed_idx": 24, "valid": true, "snap_water": false, "snap_m": 0.0 }, "geometry": { "type": "Point", "coordinates": [ -0.472803950309753, 5.405765056610107 ] } },
{ "type": "Feature", "properties": { "particle": 489, "seed_idx": 24, "valid": true, "snap_water": false, "snap_m": 0.0 }, "geometry": { "type": "Point", "coordinates": [ -0.473995983600616, 5.404749870300293 ] } },
{ "type": "Feature", "properties": { "particle": 490, "seed_idx": 24, "valid": true, "snap_water": false, "snap_m": 0.0 }, "geometry": { "type": "Point", "coordinates": [ -0.473113149404526, 5.404716014862061 ] } },
{ "type": "Feature", "properties": { "particle": 491, "seed_idx": 24, "valid": true, "snap_water": false, "snap_m": 0.0 }, "geometry": { "type": "Point", "coordinates": [ -0.473282158374786, 5.405072689056396 ] } },
{ "type": "Feature", "properties": { "particle": 492, "seed_idx": 24, "valid": true, "snap_water": false, "snap_m": 0.0 }, "geometry": { "type": "Point", "coordinates": [ -0.4721659719944, 5.405647277832031 ] } },
{ "type": "Feature", "properties": { "particle": 493, "seed_idx": 24, "valid": true, "snap_water": false, "snap_m": 0.0 }, "geometry": { "type": "Point", "coordinates": [ -0.472363978624344, 5.405519962310791 ] } },
{ "type": "Feature", "properties": { "particle": 494, "seed_idx": 24, "valid": true, "snap_water": false, "snap_m": 0.0 }, "geometry": { "type": "Point", "coordinates": [ -0.472756624221802, 5.405187606811523 ] } },
{ "type": "Feature", "properties": { "particle": 495, "seed_idx": 24, "valid": true, "snap_water": false, "snap_m": 0.0 }, "geometry": { "type": "Point", "coordinates": [ -0.47332438826561, 5.404955387115479 ] } },
{ "type": "Feature", "properties": { "particle": 496, "seed_idx": 24, "valid": true, "snap_water": false, "snap_m": 0.0 }, "geometry": { "type": "Point", "coordinates": [ -0.472555965185165, 5.405365467071533 ] } },
{ "type": "Feature", "properties": { "particle": 497, "seed_idx": 24, "valid": true, "snap_water": false, "snap_m": 0.0 }, "geometry": { "type": "Point", "coordinates": [ -0.47231325507164, 5.405476093292236 ] } },
{ "type": "Feature", "properties": { "particle": 498, "seed_idx": 24, "valid": true, "snap_water": false, "snap_m": 0.0 }, "geometry": { "type": "Point", "coordinates": [ -0.473111361265182, 5.404969215393066 ] } },
{ "type": "Feature", "properties": { "particle": 499, "seed_idx": 24, "valid": true, "snap_water": false, "snap_m": 0.0 }, "geometry": { "type": "Point", "coordinates": [ -0.472139149904251, 5.405864715576172 ] } },
{ "type": "Feature", "properties": { "particle": 500, "seed_idx": 25, "valid": true, "snap_water": false, "snap_m": 0.0 }, "geometry": { "type": "Point", "coordinates": [ -0.468840330839157, 5.411661624908447 ] } },
{ "type": "Feature", "properties": { "particle": 501, "seed_idx": 25, "valid": true, "snap_water": false, "snap_m": 0.0 }, "geometry": { "type": "Point", "coordinates": [ -0.467067241668701, 5.412168025970459 ] } },
{ "type": "Feature", "properties": { "particle": 502, "seed_idx": 25, "valid": true, "snap_water": false, "snap_m": 0.0 }, "geometry": { "type": "Point", "coordinates": [ -0.466396689414978, 5.412455081939697 ] } },
{ "type": "Feature", "properties": { "particle": 503, "seed_idx": 25, "valid": true, "snap_water": false, "snap_m": 0.0 }, "geometry": { "type": "Point", "coordinates": [ -0.467932373285294, 5.412366390228271 ] } },
{ "type": "Feature", "properties": { "particle": 504, "seed_idx": 25, "valid": true, "snap_water": false, "snap_m": 0.0 }, "geometry": { "type": "Point", "coordinates": [ -0.466837972402573, 5.412378311157227 ] } },
{ "type": "Feature", "properties": { "particle": 505, "seed_idx": 25, "valid": true, "snap_water": false, "snap_m": 0.0 }, "geometry": { "type": "Point", "coordinates": [ -0.466720759868622, 5.41205358505249 ] } },
{ "type": "Feature", "properties": { "particle": 506, "seed_idx": 25, "valid": true, "snap_water": false, "snap_m": 0.0 }, "geometry": { "type": "Point", "coordinates": [ -0.467717200517654, 5.411120414733887 ] } },
{ "type": "Feature", "properties": { "particle": 507, "seed_idx": 25, "valid": true, "snap_water": false, "snap_m": 0.0 }, "geometry": { "type": "Point", "coordinates": [ -0.46747362613678, 5.411683082580566 ] } },
{ "type": "Feature", "properties": { "particle": 508, "seed_idx": 25, "valid": true, "snap_water": false, "snap_m": 0.0 }, "geometry": { "type": "Point", "coordinates": [ -0.468809694051743, 5.411942958831787 ] } },
{ "type": "Feature", "properties": { "particle": 509, "seed_idx": 25, "valid": true, "snap_water": false, "snap_m": 0.0 }, "geometry": { "type": "Point", "coordinates": [ -0.468180954456329, 5.412022590637207 ] } },
{ "type": "Feature", "properties": { "particle": 510, "seed_idx": 25, "valid": true, "snap_water": false, "snap_m": 0.0 }, "geometry": { "type": "Point", "coordinates": [ -0.467835754156113, 5.411270618438721 ] } },
{ "type": "Feature", "properties": { "particle": 511, "seed_idx": 25, "valid": true, "snap_water": false, "snap_m": 0.0 }, "geometry": { "type": "Point", "coordinates": [ -0.466427594423294, 5.412315845489502 ] } },
{ "type": "Feature", "properties": { "particle": 512, "seed_idx": 25, "valid": true, "snap_water": false, "snap_m": 0.0 }, "geometry": { "type": "Point", "coordinates": [ -0.467843383550644, 5.411357402801514 ] } },
{ "type": "Feature", "properties": { "particle": 513, "seed_idx": 25, "valid": true, "snap_water": false, "snap_m": 0.0 }, "geometry": { "type": "Point", "coordinates": [ -0.466913402080536, 5.411865234375 ] } },
{ "type": "Feature", "properties": { "particle": 514, "seed_idx": 25, "valid": true, "snap_water": false, "snap_m": 0.0 }, "geometry": { "type": "Point", "coordinates": [ -0.468571364879608, 5.411941051483154 ] } },
{ "type": "Feature", "properties": { "particle": 515, "seed_idx": 25, "valid": true, "snap_water": false, "snap_m": 0.0 }, "geometry": { "type": "Point", "coordinates": [ -0.466863125562668, 5.412561893463135 ] } },
{ "type": "Feature", "properties": { "particle": 516, "seed_idx": 25, "valid": true, "snap_water": false, "snap_m": 0.0 }, "geometry": { "type": "Point", "coordinates": [ -0.468497514724731, 5.412052154541016 ] } },
{ "type": "Feature", "properties": { "particle": 517, "seed_idx": 25, "valid": true, "snap_water": false, "snap_m": 0.0 }, "geometry": { "type": "Point", "coordinates": [ -0.467149496078491, 5.411844730377197 ] } },
{ "type": "Feature", "properties": { "particle": 518, "seed_idx": 25, "valid": true, "snap_water": false, "snap_m": 0.0 }, "geometry": { "type": "Point", "coordinates": [ -0.466538935899734, 5.412362575531006 ] } },
{ "type": "Feature", "properties": { "particle": 519, "seed_idx": 25, "valid": true, "snap_water": false, "snap_m": 0.0 }, "geometry": { "type": "Point", "coordinates": [ -0.467601627111435, 5.411900043487549 ] } },
{ "type": "Feature", "properties": { "particle": 520, "seed_idx": 26, "valid": true, "snap_water": false, "snap_m": 0.0 }, "geometry": { "type": "Point", "coordinates": [ -0.470306128263474, 5.409132480621338 ] } },
{ "type": "Feature", "properties": { "particle": 521, "seed_idx": 26, "valid": true, "snap_water": false, "snap_m": 0.0 }, "geometry": { "type": "Point", "coordinates": [ -0.467995464801788, 5.410411834716797 ] } },
{ "type": "Feature", "properties": { "particle": 522, "seed_idx": 26, "valid": true, "snap_water": false, "snap_m": 0.0 }, "geometry": { "type": "Point", "coordinates": [ -0.469125121831894, 5.410087585449219 ] } },
{ "type": "Feature", "properties": { "particle": 523, "seed_idx": 26, "valid": true, "snap_water": false, "snap_m": 0.0 }, "geometry": { "type": "Point", "coordinates": [ -0.468288421630859, 5.409934520721436 ] } },
{ "type": "Feature", "properties": { "particle": 524, "seed_idx": 26, "valid": true, "snap_water": false, "snap_m": 0.0 }, "geometry": { "type": "Point", "coordinates": [ -0.468397110700607, 5.410045146942139 ] } },
{ "type": "Feature", "properties": { "particle": 525, "seed_idx": 26, "valid": true, "snap_water": false, "snap_m": 0.0 }, "geometry": { "type": "Point", "coordinates": [ -0.470524787902832, 5.409490585327148 ] } },
{ "type": "Feature", "properties": { "particle": 526, "seed_idx": 26, "valid": true, "snap_water": false, "snap_m": 0.0 }, "geometry": { "type": "Point", "coordinates": [ -0.468007951974869, 5.409984588623047 ] } },
{ "type": "Feature", "properties": { "particle": 527, "seed_idx": 26, "valid": true, "snap_water": false, "snap_m": 0.0 }, "geometry": { "type": "Point", "coordinates": [ -0.468679457902908, 5.409623622894287 ] } },
{ "type": "Feature", "properties": { "particle": 528, "seed_idx": 26, "valid": true, "snap_water": false, "snap_m": 0.0 }, "geometry": { "type": "Point", "coordinates": [ -0.470284640789032, 5.409502029418945 ] } },
{ "type": "Feature", "properties": { "particle": 529, "seed_idx": 26, "valid": true, "snap_water": false, "snap_m": 0.0 }, "geometry": { "type": "Point", "coordinates": [ -0.467779129743576, 5.410301685333252 ] } },
{ "type": "Feature", "properties": { "particle": 530, "seed_idx": 26, "valid": true, "snap_water": false, "snap_m": 0.0 }, "geometry": { "type": "Point", "coordinates": [ -0.468593657016754, 5.409328937530518 ] } },
{ "type": "Feature", "properties": { "particle": 531, "seed_idx": 26, "valid": true, "snap_water": false, "snap_m": 0.0 }, "geometry": { "type": "Point", "coordinates": [ -0.469142556190491, 5.409786224365234 ] } },
{ "type": "Feature", "properties": { "particle": 532, "seed_idx": 26, "valid": true, "snap_water": false, "snap_m": 0.0 }, "geometry": { "type": "Point", "coordinates": [ -0.46934786438942, 5.409385681152344 ] } },
{ "type": "Feature", "properties": { "particle": 533, "seed_idx": 26, "valid": true, "snap_water": false, "snap_m": 0.0 }, "geometry": { "type": "Point", "coordinates": [ -0.469108700752258, 5.409934043884277 ] } },
{ "type": "Feature", "properties": { "particle": 534, "seed_idx": 26, "valid": true, "snap_water": false, "snap_m": 0.0 }, "geometry": { "type": "Point", "coordinates": [ -0.468943536281586, 5.409906387329102 ] } },
{ "type": "Feature", "properties": { "particle": 535, "seed_idx": 26, "valid": true, "snap_water": false, "snap_m": 0.0 }, "geometry": { "type": "Point", "coordinates": [ -0.470415502786636, 5.410558223724365 ] } },
{ "type": "Feature", "properties": { "particle": 536, "seed_idx": 26, "valid": true, "snap_water": false, "snap_m": 0.0 }, "geometry": { "type": "Point", "coordinates": [ -0.468739032745361, 5.40964412689209 ] } },
{ "type": "Feature", "properties": { "particle": 537, "seed_idx": 26, "valid": true, "snap_water": false, "snap_m": 0.0 }, "geometry": { "type": "Point", "coordinates": [ -0.469058752059937, 5.409255027770996 ] } },
{ "type": "Feature", "properties": { "particle": 538, "seed_idx": 26, "valid": true, "snap_water": false, "snap_m": 0.0 }, "geometry": { "type": "Point", "coordinates": [ -0.471043169498444, 5.410491466522217 ] } },
{ "type": "Feature", "properties": { "particle": 539, "seed_idx": 26, "valid": true, "snap_water": false, "snap_m": 0.0 }, "geometry": { "type": "Point", "coordinates": [ -0.467922747135162, 5.410066604614258 ] } },
{ "type": "Feature", "properties": { "particle": 540, "seed_idx": 27, "valid": true, "snap_water": false, "snap_m": 0.0 }, "geometry": { "type": "Point", "coordinates": [ -0.456494897603989, 5.415824890136719 ] } },
{ "type": "Feature", "properties": { "particle": 541, "seed_idx": 27, "valid": true, "snap_water": false, "snap_m": 0.0 }, "geometry": { "type": "Point", "coordinates": [ -0.458005100488663, 5.415085315704346 ] } },
{ "type": "Feature", "properties": { "particle": 542, "seed_idx": 27, "valid": true, "snap_water": false, "snap_m": 0.0 }, "geometry": { "type": "Point", "coordinates": [ -0.456307947635651, 5.415574073791504 ] } },
{ "type": "Feature", "properties": { "particle": 543, "seed_idx": 27, "valid": true, "snap_water": false, "snap_m": 0.0 }, "geometry": { "type": "Point", "coordinates": [ -0.45608976483345, 5.415641784667969 ] } },
{ "type": "Feature", "properties": { "particle": 544, "seed_idx": 27, "valid": true, "snap_water": false, "snap_m": 0.0 }, "geometry": { "type": "Point", "coordinates": [ -0.456458389759064, 5.415762424468994 ] } },
{ "type": "Feature", "properties": { "particle": 545, "seed_idx": 27, "valid": true, "snap_water": false, "snap_m": 0.0 }, "geometry": { "type": "Point", "coordinates": [ -0.458687990903854, 5.414106845855713 ] } },
{ "type": "Feature", "properties": { "particle": 546, "seed_idx": 27, "valid": true, "snap_water": false, "snap_m": 0.0 }, "geometry": { "type": "Point", "coordinates": [ -0.455857694149017, 5.415659427642822 ] } },
{ "type": "Feature", "properties": { "particle": 547, "seed_idx": 27, "valid": true, "snap_water": false, "snap_m": 0.0 }, "geometry": { "type": "Point", "coordinates": [ -0.456538140773773, 5.415555000305176 ] } },
{ "type": "Feature", "properties": { "particle": 548, "seed_idx": 27, "valid": true, "snap_water": false, "snap_m": 0.0 }, "geometry": { "type": "Point", "coordinates": [ -0.457155346870422, 5.415108203887939 ] } },
{ "type": "Feature", "properties": { "particle": 549, "seed_idx": 27, "valid": true, "snap_water": false, "snap_m": 0.0 }, "geometry": { "type": "Point", "coordinates": [ -0.457010477781296, 5.415715217590332 ] } },
{ "type": "Feature", "properties": { "particle": 550, "seed_idx": 27, "valid": true, "snap_water": false, "snap_m": 0.0 }, "geometry": { "type": "Point", "coordinates": [ -0.456525146961212, 5.415297985076904 ] } },
{ "type": "Feature", "properties": { "particle": 551, "seed_idx": 27, "valid": true, "snap_water": false, "snap_m": 0.0 }, "geometry": { "type": "Point", "coordinates": [ -0.456150442361832, 5.415374755859375 ] } },
{ "type": "Feature", "properties": { "particle": 552, "seed_idx": 27, "valid": true, "snap_water": false, "snap_m": 0.0 }, "geometry": { "type": "Point", "coordinates": [ -0.456979513168335, 5.416089534759521 ] } },
{ "type": "Feature", "properties": { "particle": 553, "seed_idx": 27, "valid": true, "snap_water": false, "snap_m": 0.0 }, "geometry": { "type": "Point", "coordinates": [ -0.457504898309708, 5.415377616882324 ] } },
{ "type": "Feature", "properties": { "particle": 554, "seed_idx": 27, "valid": true, "snap_water": false, "snap_m": 0.0 }, "geometry": { "type": "Point", "coordinates": [ -0.456341743469238, 5.415654182434082 ] } },
{ "type": "Feature", "properties": { "particle": 555, "seed_idx": 27, "valid": true, "snap_water": false, "snap_m": 0.0 }, "geometry": { "type": "Point", "coordinates": [ -0.457092642784119, 5.415544509887695 ] } },
{ "type": "Feature", "properties": { "particle": 556, "seed_idx": 27, "valid": true, "snap_water": false, "snap_m": 0.0 }, "geometry": { "type": "Point", "coordinates": [ -0.456850200891495, 5.415478229522705 ] } },
{ "type": "Feature", "properties": { "particle": 557, "seed_idx": 27, "valid": true, "snap_water": false, "snap_m": 0.0 }, "geometry": { "type": "Point", "coordinates": [ -0.455822288990021, 5.415785789489746 ] } },
{ "type": "Feature", "properties": { "particle": 558, "seed_idx": 27, "valid": true, "snap_water": false, "snap_m": 0.0 }, "geometry": { "type": "Point", "coordinates": [ -0.457138359546661, 5.415622234344482 ] } },
{ "type": "Feature", "properties": { "particle": 559, "seed_idx": 27, "valid": true, "snap_water": false, "snap_m": 0.0 }, "geometry": { "type": "Point", "coordinates": [ -0.457801163196564, 5.415843486785889 ] } },
{ "type": "Feature", "properties": { "particle": 560, "seed_idx": 28, "valid": true, "snap_water": false, "snap_m": 0.0 }, "geometry": { "type": "Point", "coordinates": [ -0.463586807250977, 5.416123867034912 ] } },
{ "type": "Feature", "properties": { "particle": 561, "seed_idx": 28, "valid": true, "snap_water": false, "snap_m": 0.0 }, "geometry": { "type": "Point", "coordinates": [ -0.463078498840332, 5.416001796722412 ] } },
{ "type": "Feature", "properties": { "particle": 562, "seed_idx": 28, "valid": true, "snap_water": false, "snap_m": 0.0 }, "geometry": { "type": "Point", "coordinates": [ -0.46299284696579, 5.415979385375977 ] } },
{ "type": "Feature", "properties": { "particle": 563, "seed_idx": 28, "valid": true, "snap_water": false, "snap_m": 0.0 }, "geometry": { "type": "Point", "coordinates": [ -0.463513940572739, 5.415791511535645 ] } },
{ "type": "Feature", "properties": { "particle": 564, "seed_idx": 28, "valid": true, "snap_water": false, "snap_m": 0.0 }, "geometry": { "type": "Point", "coordinates": [ -0.463802933692932, 5.415817260742188 ] } },
{ "type": "Feature", "properties": { "particle": 565, "seed_idx": 28, "valid": true, "snap_water": false, "snap_m": 0.0 }, "geometry": { "type": "Point", "coordinates": [ -0.462918847799301, 5.415927410125732 ] } },
{ "type": "Feature", "properties": { "particle": 566, "seed_idx": 28, "valid": true, "snap_water": false, "snap_m": 0.0 }, "geometry": { "type": "Point", "coordinates": [ -0.464173048734665, 5.415296077728271 ] } },
{ "type": "Feature", "properties": { "particle": 567, "seed_idx": 28, "valid": true, "snap_water": false, "snap_m": 0.0 }, "geometry": { "type": "Point", "coordinates": [ -0.463083058595657, 5.415802478790283 ] } },
{ "type": "Feature", "properties": { "particle": 568, "seed_idx": 28, "valid": true, "snap_water": false, "snap_m": 0.0 }, "geometry": { "type": "Point", "coordinates": [ -0.4632248878479, 5.415737628936768 ] } },
{ "type": "Feature", "properties": { "particle": 569, "seed_idx": 28, "valid": true, "snap_water": false, "snap_m": 0.0 }, "geometry": { "type": "Point", "coordinates": [ -0.463830471038818, 5.415732383728027 ] } },
{ "type": "Feature", "properties": { "particle": 570, "seed_idx": 28, "valid": true, "snap_water": false, "snap_m": 0.0 }, "geometry": { "type": "Point", "coordinates": [ -0.464153558015823, 5.415657520294189 ] } },
{ "type": "Feature", "properties": { "particle": 571, "seed_idx": 28, "valid": true, "snap_water": false, "snap_m": 0.0 }, "geometry": { "type": "Point", "coordinates": [ -0.463159531354904, 5.415818691253662 ] } },
{ "type": "Feature", "properties": { "particle": 572, "seed_idx": 28, "valid": true, "snap_water": false, "snap_m": 0.0 }, "geometry": { "type": "Point", "coordinates": [ -0.463858544826508, 5.41544246673584 ] } },
{ "type": "Feature", "properties": { "particle": 573, "seed_idx": 28, "valid": true, "snap_water": false, "snap_m": 0.0 }, "geometry": { "type": "Point", "coordinates": [ -0.463902682065964, 5.41491174697876 ] } },
{ "type": "Feature", "properties": { "particle": 574, "seed_idx": 28, "valid": true, "snap_water": false, "snap_m": 0.0 }, "geometry": { "type": "Point", "coordinates": [ -0.465014845132828, 5.416111946105957 ] } },
{ "type": "Feature", "properties": { "particle": 575, "seed_idx": 28, "valid": true, "snap_water": false, "snap_m": 0.0 }, "geometry": { "type": "Point", "coordinates": [ -0.46347588300705, 5.415714263916016 ] } },
{ "type": "Feature", "properties": { "particle": 576, "seed_idx": 28, "valid": true, "snap_water": false, "snap_m": 0.0 }, "geometry": { "type": "Point", "coordinates": [ -0.463799059391022, 5.416186809539795 ] } },
{ "type": "Feature", "properties": { "particle": 577, "seed_idx": 28, "valid": true, "snap_water": false, "snap_m": 0.0 }, "geometry": { "type": "Point", "coordinates": [ -0.464403420686722, 5.415692806243896 ] } },
{ "type": "Feature", "properties": { "particle": 578, "seed_idx": 28, "valid": true, "snap_water": false, "snap_m": 0.0 }, "geometry": { "type": "Point", "coordinates": [ -0.463622063398361, 5.415462970733643 ] } },
{ "type": "Feature", "properties": { "particle": 579, "seed_idx": 28, "valid": true, "snap_water": false, "snap_m": 0.0 }, "geometry": { "type": "Point", "coordinates": [ -0.463288992643356, 5.415844917297363 ] } },
{ "type": "Feature", "properties": { "particle": 580, "seed_idx": 29, "valid": true, "snap_water": false, "snap_m": 0.0 }, "geometry": { "type": "Point", "coordinates": [ -0.753225386142731, 5.240922927856445 ] } },
{ "type": "Feature", "properties": { "particle": 581, "seed_idx": 29, "valid": true, "snap_water": false, "snap_m": 0.0 }, "geometry": { "type": "Point", "coordinates": [ -0.756133198738098, 5.238551616668701 ] } },
{ "type": "Feature", "properties": { "particle": 582, "seed_idx": 29, "valid": true, "snap_water": false, "snap_m": 0.0 }, "geometry": { "type": "Point", "coordinates": [ -0.753825426101685, 5.240602016448975 ] } },
{ "type": "Feature", "properties": { "particle": 583, "seed_idx": 29, "valid": true, "snap_water": false, "snap_m": 0.0 }, "geometry": { "type": "Point", "coordinates": [ -0.753151476383209, 5.240829944610596 ] } },
{ "type": "Feature", "properties": { "particle": 584, "seed_idx": 29, "valid": true, "snap_water": false, "snap_m": 0.0 }, "geometry": { "type": "Point", "coordinates": [ -0.753955900669098, 5.239742279052734 ] } },
{ "type": "Feature", "properties": { "particle": 585, "seed_idx": 29, "valid": true, "snap_water": false, "snap_m": 0.0 }, "geometry": { "type": "Point", "coordinates": [ -0.753347456455231, 5.240885257720947 ] } },
{ "type": "Feature", "properties": { "particle": 586, "seed_idx": 29, "valid": true, "snap_water": false, "snap_m": 0.0 }, "geometry": { "type": "Point", "coordinates": [ -0.753976166248322, 5.240413188934326 ] } },
{ "type": "Feature", "properties": { "particle": 587, "seed_idx": 29, "valid": true, "snap_water": false, "snap_m": 0.0 }, "geometry": { "type": "Point", "coordinates": [ -0.753289997577667, 5.24070405960083 ] } },
{ "type": "Feature", "properties": { "particle": 588, "seed_idx": 29, "valid": true, "snap_water": false, "snap_m": 0.0 }, "geometry": { "type": "Point", "coordinates": [ -0.75484162569046, 5.240003108978271 ] } },
{ "type": "Feature", "properties": { "particle": 589, "seed_idx": 29, "valid": true, "snap_water": false, "snap_m": 0.0 }, "geometry": { "type": "Point", "coordinates": [ -0.753997623920441, 5.239834308624268 ] } },
{ "type": "Feature", "properties": { "particle": 590, "seed_idx": 29, "valid": true, "snap_water": false, "snap_m": 0.0 }, "geometry": { "type": "Point", "coordinates": [ -0.754483759403229, 5.239525318145752 ] } },
{ "type": "Feature", "properties": { "particle": 591, "seed_idx": 29, "valid": true, "snap_water": false, "snap_m": 0.0 }, "geometry": { "type": "Point", "coordinates": [ -0.754828035831451, 5.239507675170898 ] } },
{ "type": "Feature", "properties": { "particle": 592, "seed_idx": 29, "valid": true, "snap_water": false, "snap_m": 0.0 }, "geometry": { "type": "Point", "coordinates": [ -0.75441974401474, 5.240353107452393 ] } },
{ "type": "Feature", "properties": { "particle": 593, "seed_idx": 29, "valid": true, "snap_water": false, "snap_m": 0.0 }, "geometry": { "type": "Point", "coordinates": [ -0.753222167491913, 5.240758895874023 ] } },
{ "type": "Feature", "properties": { "particle": 594, "seed_idx": 29, "valid": true, "snap_water": false, "snap_m": 0.0 }, "geometry": { "type": "Point", "coordinates": [ -0.754036009311676, 5.23945951461792 ] } },
{ "type": "Feature", "properties": { "particle": 595, "seed_idx": 29, "valid": true, "snap_water": false, "snap_m": 0.0 }, "geometry": { "type": "Point", "coordinates": [ -0.754664599895477, 5.239739418029785 ] } },
{ "type": "Feature", "properties": { "particle": 596, "seed_idx": 29, "valid": true, "snap_water": false, "snap_m": 0.0 }, "geometry": { "type": "Point", "coordinates": [ -0.753515005111694, 5.240341663360596 ] } },
{ "type": "Feature", "properties": { "particle": 597, "seed_idx": 29, "valid": true, "snap_water": false, "snap_m": 0.0 }, "geometry": { "type": "Point", "coordinates": [ -0.75387567281723, 5.24051570892334 ] } },
{ "type": "Feature", "properties": { "particle": 598, "seed_idx": 29, "valid": true, "snap_water": false, "snap_m": 0.0 }, "geometry": { "type": "Point", "coordinates": [ -0.753691732883453, 5.240723609924316 ] } },
{ "type": "Feature", "properties": { "particle": 599, "seed_idx": 29, "valid": true, "snap_water": false, "snap_m": 0.0 }, "geometry": { "type": "Point", "coordinates": [ -0.754083693027496, 5.2399001121521 ] } },
{ "type": "Feature", "properties": { "particle": 600, "seed_idx": 30, "valid": true, "snap_water": false, "snap_m": 0.0 }, "geometry": { "type": "Point", "coordinates": [ -0.751756846904755, 5.238609790802002 ] } },
{ "type": "Feature", "properties": { "particle": 601, "seed_idx": 30, "valid": true, "snap_water": false, "snap_m": 0.0 }, "geometry": { "type": "Point", "coordinates": [ -0.751371026039124, 5.239692687988281 ] } },
{ "type": "Feature", "properties": { "particle": 602, "seed_idx": 30, "valid": true, "snap_water": false, "snap_m": 0.0 }, "geometry": { "type": "Point", "coordinates": [ -0.751644909381866, 5.239227294921875 ] } },
{ "type": "Feature", "properties": { "particle": 603, "seed_idx": 30, "valid": true, "snap_water": false, "snap_m": 0.0 }, "geometry": { "type": "Point", "coordinates": [ -0.751469969749451, 5.239157199859619 ] } },
{ "type": "Feature", "properties": { "particle": 604, "seed_idx": 30, "valid": true, "snap_water": false, "snap_m": 0.0 }, "geometry": { "type": "Point", "coordinates": [ -0.751538932323456, 5.239357948303223 ] } },
{ "type": "Feature", "properties": { "particle": 605, "seed_idx": 30, "valid": true, "snap_water": false, "snap_m": 0.0 }, "geometry": { "type": "Point", "coordinates": [ -0.752258241176605, 5.239265918731689 ] } },
{ "type": "Feature", "properties": { "particle": 606, "seed_idx": 30, "valid": true, "snap_water": false, "snap_m": 0.0 }, "geometry": { "type": "Point", "coordinates": [ -0.751223564147949, 5.239209175109863 ] } },
{ "type": "Feature", "properties": { "particle": 607, "seed_idx": 30, "valid": true, "snap_water": false, "snap_m": 0.0 }, "geometry": { "type": "Point", "coordinates": [ -0.750965714454651, 5.239657878875732 ] } },
{ "type": "Feature", "properties": { "particle": 608, "seed_idx": 30, "valid": true, "snap_water": false, "snap_m": 0.0 }, "geometry": { "type": "Point", "coordinates": [ -0.751607954502106, 5.238977432250977 ] } },
{ "type": "Feature", "properties": { "particle": 609, "seed_idx": 30, "valid": true, "snap_water": false, "snap_m": 0.0 }, "geometry": { "type": "Point", "coordinates": [ -0.751203536987305, 5.239492416381836 ] } },
{ "type": "Feature", "properties": { "particle": 610, "seed_idx": 30, "valid": true, "snap_water": false, "snap_m": 0.0 }, "geometry": { "type": "Point", "coordinates": [ -0.751607418060303, 5.238883972167969 ] } },
{ "type": "Feature", "properties": { "particle": 611, "seed_idx": 30, "valid": true, "snap_water": false, "snap_m": 0.0 }, "geometry": { "type": "Point", "coordinates": [ -0.751333236694336, 5.239050388336182 ] } },
{ "type": "Feature", "properties": { "particle": 612, "seed_idx": 30, "valid": true, "snap_water": false, "snap_m": 0.0 }, "geometry": { "type": "Point", "coordinates": [ -0.751533567905426, 5.239346981048584 ] } },
{ "type": "Feature", "properties": { "particle": 613, "seed_idx": 30, "valid": true, "snap_water": false, "snap_m": 0.0 }, "geometry": { "type": "Point", "coordinates": [ -0.751280665397644, 5.239349365234375 ] } },
{ "type": "Feature", "properties": { "particle": 614, "seed_idx": 30, "valid": true, "snap_water": false, "snap_m": 0.0 }, "geometry": { "type": "Point", "coordinates": [ -0.752054512500763, 5.238927364349365 ] } },
{ "type": "Feature", "properties": { "particle": 615, "seed_idx": 30, "valid": true, "snap_water": false, "snap_m": 0.0 }, "geometry": { "type": "Point", "coordinates": [ -0.751697778701782, 5.2389817237854 ] } },
{ "type": "Feature", "properties": { "particle": 616, "seed_idx": 30, "valid": true, "snap_water": false, "snap_m": 0.0 }, "geometry": { "type": "Point", "coordinates": [ -0.751087427139282, 5.239456653594971 ] } },
{ "type": "Feature", "properties": { "particle": 617, "seed_idx": 30, "valid": true, "snap_water": false, "snap_m": 0.0 }, "geometry": { "type": "Point", "coordinates": [ -0.751895666122437, 5.238917827606201 ] } },
{ "type": "Feature", "properties": { "particle": 618, "seed_idx": 30, "valid": true, "snap_water": false, "snap_m": 0.0 }, "geometry": { "type": "Point", "coordinates": [ -0.751565098762512, 5.239395141601562 ] } },
{ "type": "Feature", "properties": { "particle": 619, "seed_idx": 30, "valid": true, "snap_water": false, "snap_m": 0.0 }, "geometry": { "type": "Point", "coordinates": [ -0.751685380935669, 5.239251136779785 ] } },
{ "type": "Feature", "properties": { "particle": 620, "seed_idx": 31, "valid": true, "snap_water": false, "snap_m": 0.0 }, "geometry": { "type": "Point", "coordinates": [ -0.747627317905426, 5.247764587402344 ] } },
{ "type": "Feature", "properties": { "particle": 621, "seed_idx": 31, "valid": true, "snap_water": false, "snap_m": 0.0 }, "geometry": { "type": "Point", "coordinates": [ -0.748472929000854, 5.246849536895752 ] } },
{ "type": "Feature", "properties": { "particle": 622, "seed_idx": 31, "valid": true, "snap_water": false, "snap_m": 0.0 }, "geometry": { "type": "Point", "coordinates": [ -0.748480677604675, 5.24699878692627 ] } },
{ "type": "Feature", "properties": { "particle": 623, "seed_idx": 31, "valid": true, "snap_water": false, "snap_m": 0.0 }, "geometry": { "type": "Point", "coordinates": [ -0.749804019927979, 5.24606466293335 ] } },
{ "type": "Feature", "properties": { "particle": 624, "seed_idx": 31, "valid": true, "snap_water": false, "snap_m": 0.0 }, "geometry": { "type": "Point", "coordinates": [ -0.749295711517334, 5.24621057510376 ] } },
{ "type": "Feature", "properties": { "particle": 625, "seed_idx": 31, "valid": true, "snap_water": false, "snap_m": 0.0 }, "geometry": { "type": "Point", "coordinates": [ -0.747862040996552, 5.247634887695312 ] } },
{ "type": "Feature", "properties": { "particle": 626, "seed_idx": 31, "valid": true, "snap_water": false, "snap_m": 0.0 }, "geometry": { "type": "Point", "coordinates": [ -0.749170899391174, 5.246252059936523 ] } },
{ "type": "Feature", "properties": { "particle": 627, "seed_idx": 31, "valid": true, "snap_water": false, "snap_m": 0.0 }, "geometry": { "type": "Point", "coordinates": [ -0.749035716056824, 5.246183395385742 ] } },
{ "type": "Feature", "properties": { "particle": 628, "seed_idx": 31, "valid": true, "snap_water": false, "snap_m": 0.0 }, "geometry": { "type": "Point", "coordinates": [ -0.748004972934723, 5.247327327728271 ] } },
{ "type": "Feature", "properties": { "particle": 629, "seed_idx": 31, "valid": true, "snap_water": false, "snap_m": 0.0 }, "geometry": { "type": "Point", "coordinates": [ -0.748977422714233, 5.246363639831543 ] } },
{ "type": "Feature", "properties": { "particle": 630, "seed_idx": 31, "valid": true, "snap_water": false, "snap_m": 0.0 }, "geometry": { "type": "Point", "coordinates": [ -0.748814761638641, 5.246891021728516 ] } },
{ "type": "Feature", "properties": { "particle": 631, "seed_idx": 31, "valid": true, "snap_water": false, "snap_m": 0.0 }, "geometry": { "type": "Point", "coordinates": [ -0.749415397644043, 5.246759414672852 ] } },
{ "type": "Feature", "properties": { "particle": 632, "seed_idx": 31, "valid": true, "snap_water": false, "snap_m": 0.0 }, "geometry": { "type": "Point", "coordinates": [ -0.747714936733246, 5.247649192810059 ] } },
{ "type": "Feature", "properties": { "particle": 633, "seed_idx": 31, "valid": true, "snap_water": false, "snap_m": 0.0 }, "geometry": { "type": "Point", "coordinates": [ -0.748661041259766, 5.24697732925415 ] } },
{ "type": "Feature", "properties": { "particle": 634, "seed_idx": 31, "valid": true, "snap_water": false, "snap_m": 0.0 }, "geometry": { "type": "Point", "coordinates": [ -0.747590959072113, 5.247780323028564 ] } },
{ "type": "Feature", "properties": { "particle": 635, "seed_idx": 31, "valid": true, "snap_water": false, "snap_m": 0.0 }, "geometry": { "type": "Point", "coordinates": [ -0.748483598232269, 5.246520519256592 ] } },
{ "type": "Feature", "properties": { "particle": 636, "seed_idx": 31, "valid": true, "snap_water": false, "snap_m": 0.0 }, "geometry": { "type": "Point", "coordinates": [ -0.747895956039429, 5.247464656829834 ] } },
{ "type": "Feature", "properties": { "particle": 637, "seed_idx": 31, "valid": true, "snap_water": false, "snap_m": 0.0 }, "geometry": { "type": "Point", "coordinates": [ -0.747863531112671, 5.247601985931396 ] } },
{ "type": "Feature", "properties": { "particle": 638, "seed_idx": 31, "valid": true, "snap_water": false, "snap_m": 0.0 }, "geometry": { "type": "Point", "coordinates": [ -0.748036503791809, 5.24743127822876 ] } },
{ "type": "Feature", "properties": { "particle": 639, "seed_idx": 31, "valid": true, "snap_water": false, "snap_m": 0.0 }, "geometry": { "type": "Point", "coordinates": [ -0.748153626918793, 5.247094631195068 ] } },
{ "type": "Feature", "properties": { "particle": 640, "seed_idx": 32, "valid": true, "snap_water": false, "snap_m": 0.0 }, "geometry": { "type": "Point", "coordinates": [ -0.749060153961182, 5.248257637023926 ] } },
{ "type": "Feature", "properties": { "particle": 641, "seed_idx": 32, "valid": true, "snap_water": false, "snap_m": 0.0 }, "geometry": { "type": "Point", "coordinates": [ -0.749289095401764, 5.248530864715576 ] } },
{ "type": "Feature", "properties": { "particle": 642, "seed_idx": 32, "valid": true, "snap_water": false, "snap_m": 0.0 }, "geometry": { "type": "Point", "coordinates": [ -0.74869441986084, 5.248830318450928 ] } },
{ "type": "Feature", "properties": { "particle": 643, "seed_idx": 32, "valid": true, "snap_water": false, "snap_m": 0.0 }, "geometry": { "type": "Point", "coordinates": [ -0.749528169631958, 5.2486252784729 ] } },
{ "type": "Feature", "properties": { "particle": 644, "seed_idx": 32, "valid": true, "snap_water": false, "snap_m": 0.0 }, "geometry": { "type": "Point", "coordinates": [ -0.748643577098846, 5.24907398223877 ] } },
{ "type": "Feature", "properties": { "particle": 645, "seed_idx": 32, "valid": true, "snap_water": false, "snap_m": 0.0 }, "geometry": { "type": "Point", "coordinates": [ -0.749933302402496, 5.247807502746582 ] } },
{ "type": "Feature", "properties": { "particle": 646, "seed_idx": 32, "valid": true, "snap_water": false, "snap_m": 0.0 }, "geometry": { "type": "Point", "coordinates": [ -0.749161660671234, 5.248486042022705 ] } },
{ "type": "Feature", "properties": { "particle": 647, "seed_idx": 32, "valid": true, "snap_water": false, "snap_m": 0.0 }, "geometry": { "type": "Point", "coordinates": [ -0.749608159065247, 5.248059749603271 ] } },
{ "type": "Feature", "properties": { "particle": 648, "seed_idx": 32, "valid": true, "snap_water": false, "snap_m": 0.0 }, "geometry": { "type": "Point", "coordinates": [ -0.749493777751923, 5.248128414154053 ] } },
{ "type": "Feature", "properties": { "particle": 649, "seed_idx": 32, "valid": true, "snap_water": false, "snap_m": 0.0 }, "geometry": { "type": "Point", "coordinates": [ -0.748883247375488, 5.248553276062012 ] } },
{ "type": "Feature", "properties": { "particle": 650, "seed_idx": 32, "valid": true, "snap_water": false, "snap_m": 0.0 }, "geometry": { "type": "Point", "coordinates": [ -0.748987317085266, 5.24901008605957 ] } },
{ "type": "Feature", "properties": { "particle": 651, "seed_idx": 32, "valid": true, "snap_water": false, "snap_m": 0.0 }, "geometry": { "type": "Point", "coordinates": [ -0.74978893995285, 5.248589992523193 ] } },
{ "type": "Feature", "properties": { "particle": 652, "seed_idx": 32, "valid": true, "snap_water": false, "snap_m": 0.0 }, "geometry": { "type": "Point", "coordinates": [ -0.748434543609619, 5.249330997467041 ] } },
{ "type": "Feature", "properties": { "particle": 653, "seed_idx": 32, "valid": true, "snap_water": false, "snap_m": 0.0 }, "geometry": { "type": "Point", "coordinates": [ -0.749210476875305, 5.248077392578125 ] } },
{ "type": "Feature", "properties": { "particle": 654, "seed_idx": 32, "valid": true, "snap_water": false, "snap_m": 0.0 }, "geometry": { "type": "Point", "coordinates": [ -0.748950839042664, 5.249168395996094 ] } },
{ "type": "Feature", "properties": { "particle": 655, "seed_idx": 32, "valid": true, "snap_water": false, "snap_m": 0.0 }, "geometry": { "type": "Point", "coordinates": [ -0.748703420162201, 5.24912166595459 ] } },
{ "type": "Feature", "properties": { "particle": 656, "seed_idx": 32, "valid": true, "snap_water": false, "snap_m": 0.0 }, "geometry": { "type": "Point", "coordinates": [ -0.748566567897797, 5.249055862426758 ] } },
{ "type": "Feature", "properties": { "particle": 657, "seed_idx": 32, "valid": true, "snap_water": false, "snap_m": 0.0 }, "geometry": { "type": "Point", "coordinates": [ -0.749343156814575, 5.248501300811768 ] } },
{ "type": "Feature", "properties": { "particle": 658, "seed_idx": 32, "valid": true, "snap_water": false, "snap_m": 0.0 }, "geometry": { "type": "Point", "coordinates": [ -0.750347197055817, 5.247461795806885 ] } },
{ "type": "Feature", "properties": { "particle": 659, "seed_idx": 32, "valid": true, "snap_water": false, "snap_m": 0.0 }, "geometry": { "type": "Point", "coordinates": [ -0.748579740524292, 5.24918794631958 ] } },
{ "type": "Feature", "properties": { "particle": 660, "seed_idx": 33, "valid": true, "snap_water": false, "snap_m": 0.0 }, "geometry": { "type": "Point", "coordinates": [ -0.734694421291351, 5.266120433807373 ] } },
{ "type": "Feature", "properties": { "particle": 661, "seed_idx": 33, "valid": true, "snap_water": false, "snap_m": 0.0 }, "geometry": { "type": "Point", "coordinates": [ -0.734081029891968, 5.266658306121826 ] } },
{ "type": "Feature", "properties": { "particle": 662, "seed_idx": 33, "valid": true, "snap_water": false, "snap_m": 0.0 }, "geometry": { "type": "Point", "coordinates": [ -0.73501992225647, 5.266229629516602 ] } },
{ "type": "Feature", "properties": { "particle": 663, "seed_idx": 33, "valid": true, "snap_water": false, "snap_m": 0.0 }, "geometry": { "type": "Point", "coordinates": [ -0.735268771648407, 5.265810012817383 ] } },
{ "type": "Feature", "properties": { "particle": 664, "seed_idx": 33, "valid": true, "snap_water": false, "snap_m": 0.0 }, "geometry": { "type": "Point", "coordinates": [ -0.734493494033813, 5.266473770141602 ] } },
{ "type": "Feature", "properties": { "particle": 665, "seed_idx": 33, "valid": true, "snap_water": false, "snap_m": 0.0 }, "geometry": { "type": "Point", "coordinates": [ -0.73492842912674, 5.265889167785645 ] } },
{ "type": "Feature", "properties": { "particle": 666, "seed_idx": 33, "valid": true, "snap_water": false, "snap_m": 0.0 }, "geometry": { "type": "Point", "coordinates": [ -0.735073268413544, 5.26616382598877 ] } },
{ "type": "Feature", "properties": { "particle": 667, "seed_idx": 33, "valid": true, "snap_water": false, "snap_m": 0.0 }, "geometry": { "type": "Point", "coordinates": [ -0.734988331794739, 5.265692710876465 ] } },
{ "type": "Feature", "properties": { "particle": 668, "seed_idx": 33, "valid": true, "snap_water": false, "snap_m": 0.0 }, "geometry": { "type": "Point", "coordinates": [ -0.733880341053009, 5.266772747039795 ] } },
{ "type": "Feature", "properties": { "particle": 669, "seed_idx": 33, "valid": true, "snap_water": false, "snap_m": 0.0 }, "geometry": { "type": "Point", "coordinates": [ -0.733870565891266, 5.267099857330322 ] } },
{ "type": "Feature", "properties": { "particle": 670, "seed_idx": 33, "valid": true, "snap_water": false, "snap_m": 0.0 }, "geometry": { "type": "Point", "coordinates": [ -0.73426616191864, 5.266728401184082 ] } },
{ "type": "Feature", "properties": { "particle": 671, "seed_idx": 33, "valid": true, "snap_water": false, "snap_m": 0.0 }, "geometry": { "type": "Point", "coordinates": [ -0.733999967575073, 5.26657772064209 ] } },
{ "type": "Feature", "properties": { "particle": 672, "seed_idx": 33, "valid": true, "snap_water": false, "snap_m": 0.0 }, "geometry": { "type": "Point", "coordinates": [ -0.734092235565186, 5.266885757446289 ] } },
{ "type": "Feature", "properties": { "particle": 673, "seed_idx": 33, "valid": true, "snap_water": false, "snap_m": 0.0 }, "geometry": { "type": "Point", "coordinates": [ -0.734022498130798, 5.266932010650635 ] } },
{ "type": "Feature", "properties": { "particle": 674, "seed_idx": 33, "valid": true, "snap_water": false, "snap_m": 0.0 }, "geometry": { "type": "Point", "coordinates": [ -0.733913004398346, 5.266893863677979 ] } },
{ "type": "Feature", "properties": { "particle": 675, "seed_idx": 33, "valid": true, "snap_water": false, "snap_m": 0.0 }, "geometry": { "type": "Point", "coordinates": [ -0.7356036901474, 5.265050888061523 ] } },
{ "type": "Feature", "properties": { "particle": 676, "seed_idx": 33, "valid": true, "snap_water": false, "snap_m": 0.0 }, "geometry": { "type": "Point", "coordinates": [ -0.734072208404541, 5.266788959503174 ] } },
{ "type": "Feature", "properties": { "particle": 677, "seed_idx": 33, "valid": true, "snap_water": false, "snap_m": 0.0 }, "geometry": { "type": "Point", "coordinates": [ -0.734088659286499, 5.266621589660645 ] } },
{ "type": "Feature", "properties": { "particle": 678, "seed_idx": 33, "valid": true, "snap_water": false, "snap_m": 0.0 }, "geometry": { "type": "Point", "coordinates": [ -0.736114144325256, 5.266021251678467 ] } },
{ "type": "Feature", "properties": { "particle": 679, "seed_idx": 33, "valid": true, "snap_water": false, "snap_m": 0.0 }, "geometry": { "type": "Point", "coordinates": [ -0.734418153762817, 5.266456604003906 ] } },
{ "type": "Feature", "properties": { "particle": 680, "seed_idx": 34, "valid": true, "snap_water": false, "snap_m": 0.0 }, "geometry": { "type": "Point", "coordinates": [ -0.738074719905853, 5.265542507171631 ] } },
{ "type": "Feature", "properties": { "particle": 681, "seed_idx": 34, "valid": true, "snap_water": false, "snap_m": 0.0 }, "geometry": { "type": "Point", "coordinates": [ -0.737551033496857, 5.265995979309082 ] } },
{ "type": "Feature", "properties": { "particle": 682, "seed_idx": 34, "valid": true, "snap_water": false, "snap_m": 0.0 }, "geometry": { "type": "Point", "coordinates": [ -0.737495601177216, 5.265944957733154 ] } },
{ "type": "Feature", "properties": { "particle": 683, "seed_idx": 34, "valid": true, "snap_water": false, "snap_m": 0.0 }, "geometry": { "type": "Point", "coordinates": [ -0.737335562705994, 5.266343116760254 ] } },
{ "type": "Feature", "properties": { "particle": 684, "seed_idx": 34, "valid": true, "snap_water": false, "snap_m": 0.0 }, "geometry": { "type": "Point", "coordinates": [ -0.73830109834671, 5.265901565551758 ] } },
{ "type": "Feature", "properties": { "particle": 685, "seed_idx": 34, "valid": true, "snap_water": false, "snap_m": 0.0 }, "geometry": { "type": "Point", "coordinates": [ -0.736718833446503, 5.26673412322998 ] } },
{ "type": "Feature", "properties": { "particle": 686, "seed_idx": 34, "valid": true, "snap_water": false, "snap_m": 0.0 }, "geometry": { "type": "Point", "coordinates": [ -0.737865269184113, 5.265208721160889 ] } },
{ "type": "Feature", "properties": { "particle": 687, "seed_idx": 34, "valid": true, "snap_water": false, "snap_m": 0.0 }, "geometry": { "type": "Point", "coordinates": [ -0.737717151641846, 5.265925407409668 ] } },
{ "type": "Feature", "properties": { "particle": 688, "seed_idx": 34, "valid": true, "snap_water": false, "snap_m": 0.0 }, "geometry": { "type": "Point", "coordinates": [ -0.738083362579346, 5.265722751617432 ] } },
{ "type": "Feature", "properties": { "particle": 689, "seed_idx": 34, "valid": true, "snap_water": false, "snap_m": 0.0 }, "geometry": { "type": "Point", "coordinates": [ -0.737784922122955, 5.265798091888428 ] } },
{ "type": "Feature", "properties": { "particle": 690, "seed_idx": 34, "valid": true, "snap_water": false, "snap_m": 0.0 }, "geometry": { "type": "Point", "coordinates": [ -0.737629234790802, 5.2663254737854 ] } },
{ "type": "Feature", "properties": { "particle": 691, "seed_idx": 34, "valid": true, "snap_water": false, "snap_m": 0.0 }, "geometry": { "type": "Point", "coordinates": [ -0.737677931785583, 5.265573978424072 ] } },
{ "type": "Feature", "properties": { "particle": 692, "seed_idx": 34, "valid": true, "snap_water": false, "snap_m": 0.0 }, "geometry": { "type": "Point", "coordinates": [ -0.738630414009094, 5.265191555023193 ] } },
{ "type": "Feature", "properties": { "particle": 693, "seed_idx": 34, "valid": true, "snap_water": false, "snap_m": 0.0 }, "geometry": { "type": "Point", "coordinates": [ -0.736756324768066, 5.266908645629883 ] } },
{ "type": "Feature", "properties": { "particle": 694, "seed_idx": 34, "valid": true, "snap_water": false, "snap_m": 0.0 }, "geometry": { "type": "Point", "coordinates": [ -0.736789584159851, 5.266825675964355 ] } },
{ "type": "Feature", "properties": { "particle": 695, "seed_idx": 34, "valid": true, "snap_water": false, "snap_m": 0.0 }, "geometry": { "type": "Point", "coordinates": [ -0.736929655075073, 5.266748905181885 ] } },
{ "type": "Feature", "properties": { "particle": 696, "seed_idx": 34, "valid": true, "snap_water": false, "snap_m": 0.0 }, "geometry": { "type": "Point", "coordinates": [ -0.737482070922852, 5.265986442565918 ] } },
{ "type": "Feature", "properties": { "particle": 697, "seed_idx": 34, "valid": true, "snap_water": false, "snap_m": 0.0 }, "geometry": { "type": "Point", "coordinates": [ -0.737712383270264, 5.266292572021484 ] } },
{ "type": "Feature", "properties": { "particle": 698, "seed_idx": 34, "valid": true, "snap_water": false, "snap_m": 0.0 }, "geometry": { "type": "Point", "coordinates": [ -0.737664461135864, 5.265817642211914 ] } },
{ "type": "Feature", "properties": { "particle": 699, "seed_idx": 34, "valid": true, "snap_water": false, "snap_m": 0.0 }, "geometry": { "type": "Point", "coordinates": [ -0.738229393959045, 5.265799999237061 ] } },
{ "type": "Feature", "properties": { "particle": 700, "seed_idx": 35, "valid": true, "snap_water": false, "snap_m": 0.0 }, "geometry": { "type": "Point", "coordinates": [ -0.733921587467194, 5.268994808197021 ] } },
{ "type": "Feature", "properties": { "particle": 701, "seed_idx": 35, "valid": true, "snap_water": false, "snap_m": 0.0 }, "geometry": { "type": "Point", "coordinates": [ -0.73647803068161, 5.26709508895874 ] } },
{ "type": "Feature", "properties": { "particle": 702, "seed_idx": 35, "valid": true, "snap_water": false, "snap_m": 0.0 }, "geometry": { "type": "Point", "coordinates": [ -0.735574841499329, 5.267196655273438 ] } },
{ "type": "Feature", "properties": { "particle": 703, "seed_idx": 35, "valid": true, "snap_water": false, "snap_m": 0.0 }, "geometry": { "type": "Point", "coordinates": [ -0.735347807407379, 5.268091201782227 ] } },
{ "type": "Feature", "properties": { "particle": 704, "seed_idx": 35, "valid": true, "snap_water": false, "snap_m": 0.0 }, "geometry": { "type": "Point", "coordinates": [ -0.735282242298126, 5.268091678619385 ] } },
{ "type": "Feature", "properties": { "particle": 705, "seed_idx": 35, "valid": true, "snap_water": false, "snap_m": 0.0 }, "geometry": { "type": "Point", "coordinates": [ -0.734522521495819, 5.268070220947266 ] } },
{ "type": "Feature", "properties": { "particle": 706, "seed_idx": 35, "valid": true, "snap_water": false, "snap_m": 0.0 }, "geometry": { "type": "Point", "coordinates": [ -0.734977722167969, 5.268448352813721 ] } },
{ "type": "Feature", "properties": { "particle": 707, "seed_idx": 35, "valid": true, "snap_water": false, "snap_m": 0.0 }, "geometry": { "type": "Point", "coordinates": [ -0.735271453857422, 5.268284797668457 ] } },
{ "type": "Feature", "properties": { "particle": 708, "seed_idx": 35, "valid": true, "snap_water": false, "snap_m": 0.0 }, "geometry": { "type": "Point", "coordinates": [ -0.735806286334991, 5.267601013183594 ] } },
{ "type": "Feature", "properties": { "particle": 709, "seed_idx": 35, "valid": true, "snap_water": false, "snap_m": 0.0 }, "geometry": { "type": "Point", "coordinates": [ -0.735180497169495, 5.267808437347412 ] } },
{ "type": "Feature", "properties": { "particle": 710, "seed_idx": 35, "valid": true, "snap_water": false, "snap_m": 0.0 }, "geometry": { "type": "Point", "coordinates": [ -0.734889686107635, 5.267982959747314 ] } },
{ "type": "Feature", "properties": { "particle": 711, "seed_idx": 35, "valid": true, "snap_water": false, "snap_m": 0.0 }, "geometry": { "type": "Point", "coordinates": [ -0.73477977514267, 5.268287658691406 ] } },
{ "type": "Feature", "properties": { "particle": 712, "seed_idx": 35, "valid": true, "snap_water": false, "snap_m": 0.0 }, "geometry": { "type": "Point", "coordinates": [ -0.735271215438843, 5.267417907714844 ] } },
{ "type": "Feature", "properties": { "particle": 713, "seed_idx": 35, "valid": true, "snap_water": false, "snap_m": 0.0 }, "geometry": { "type": "Point", "coordinates": [ -0.735103130340576, 5.267875671386719 ] } },
{ "type": "Feature", "properties": { "particle": 714, "seed_idx": 35, "valid": true, "snap_water": false, "snap_m": 0.0 }, "geometry": { "type": "Point", "coordinates": [ -0.734609484672546, 5.26801872253418 ] } },
{ "type": "Feature", "properties": { "particle": 715, "seed_idx": 35, "valid": true, "snap_water": false, "snap_m": 0.0 }, "geometry": { "type": "Point", "coordinates": [ -0.735316753387451, 5.267950057983398 ] } },
{ "type": "Feature", "properties": { "particle": 716, "seed_idx": 35, "valid": true, "snap_water": false, "snap_m": 0.0 }, "geometry": { "type": "Point", "coordinates": [ -0.734304547309875, 5.268412113189697 ] } },
{ "type": "Feature", "properties": { "particle": 717, "seed_idx": 35, "valid": true, "snap_water": false, "snap_m": 0.0 }, "geometry": { "type": "Point", "coordinates": [ -0.73652046918869, 5.267405986785889 ] } },
{ "type": "Feature", "properties": { "particle": 718, "seed_idx": 35, "valid": true, "snap_water": false, "snap_m": 0.0 }, "geometry": { "type": "Point", "coordinates": [ -0.734682142734528, 5.268492698669434 ] } },
{ "type": "Feature", "properties": { "particle": 719, "seed_idx": 35, "valid": true, "snap_water": false, "snap_m": 0.0 }, "geometry": { "type": "Point", "coordinates": [ -0.735792994499207, 5.267775535583496 ] } },
{ "type": "Feature", "properties": { "particle": 720, "seed_idx": 36, "valid": true, "snap_water": false, "snap_m": 0.0 }, "geometry": { "type": "Point", "coordinates": [ -0.732205808162689, 5.270219802856445 ] } },
{ "type": "Feature", "properties": { "particle": 721, "seed_idx": 36, "valid": true, "snap_water": false, "snap_m": 0.0 }, "geometry": { "type": "Point", "coordinates": [ -0.733300507068634, 5.268996238708496 ] } },
{ "type": "Feature", "properties": { "particle": 722, "seed_idx": 36, "valid": true, "snap_water": false, "snap_m": 0.0 }, "geometry": { "type": "Point", "coordinates": [ -0.731840074062347, 5.270413398742676 ] } },
{ "type": "Feature", "properties": { "particle": 723, "seed_idx": 36, "valid": true, "snap_water": false, "snap_m": 0.0 }, "geometry": { "type": "Point", "coordinates": [ -0.732302248477936, 5.269951343536377 ] } },
{ "type": "Feature", "properties": { "particle": 724, "seed_idx": 36, "valid": true, "snap_water": false, "snap_m": 0.0 }, "geometry": { "type": "Point", "coordinates": [ -0.732117831707001, 5.270212173461914 ] } },
{ "type": "Feature", "properties": { "particle": 725, "seed_idx": 36, "valid": true, "snap_water": false, "snap_m": 0.0 }, "geometry": { "type": "Point", "coordinates": [ -0.732520520687103, 5.270011901855469 ] } },
{ "type": "Feature", "properties": { "particle": 726, "seed_idx": 36, "valid": true, "snap_water": false, "snap_m": 0.0 }, "geometry": { "type": "Point", "coordinates": [ -0.731388688087463, 5.271244049072266 ] } },
{ "type": "Feature", "properties": { "particle": 727, "seed_idx": 36, "valid": true, "snap_water": false, "snap_m": 0.0 }, "geometry": { "type": "Point", "coordinates": [ -0.73156064748764, 5.270528793334961 ] } },
{ "type": "Feature", "properties": { "particle": 728, "seed_idx": 36, "valid": true, "snap_water": false, "snap_m": 0.0 }, "geometry": { "type": "Point", "coordinates": [ -0.731639623641968, 5.270749092102051 ] } },
{ "type": "Feature", "properties": { "particle": 729, "seed_idx": 36, "valid": true, "snap_water": false, "snap_m": 0.0 }, "geometry": { "type": "Point", "coordinates": [ -0.731695115566254, 5.270725250244141 ] } },
{ "type": "Feature", "properties": { "particle": 730, "seed_idx": 36, "valid": true, "snap_water": false, "snap_m": 0.0 }, "geometry": { "type": "Point", "coordinates": [ -0.732156991958618, 5.270949363708496 ] } },
{ "type": "Feature", "properties": { "particle": 731, "seed_idx": 36, "valid": true, "snap_water": false, "snap_m": 0.0 }, "geometry": { "type": "Point", "coordinates": [ -0.732384920120239, 5.270349502563477 ] } },
{ "type": "Feature", "properties": { "particle": 732, "seed_idx": 36, "valid": true, "snap_water": false, "snap_m": 0.0 }, "geometry": { "type": "Point", "coordinates": [ -0.732092678546906, 5.270636558532715 ] } },
{ "type": "Feature", "properties": { "particle": 733, "seed_idx": 36, "valid": true, "snap_water": false, "snap_m": 0.0 }, "geometry": { "type": "Point", "coordinates": [ -0.732637345790863, 5.270269393920898 ] } },
{ "type": "Feature", "properties": { "particle": 734, "seed_idx": 36, "valid": true, "snap_water": false, "snap_m": 0.0 }, "geometry": { "type": "Point", "coordinates": [ -0.731953740119934, 5.270371913909912 ] } },
{ "type": "Feature", "properties": { "particle": 735, "seed_idx": 36, "valid": true, "snap_water": false, "snap_m": 0.0 }, "geometry": { "type": "Point", "coordinates": [ -0.732036173343658, 5.270486831665039 ] } },
{ "type": "Feature", "properties": { "particle": 736, "seed_idx": 36, "valid": true, "snap_water": false, "snap_m": 0.0 }, "geometry": { "type": "Point", "coordinates": [ -0.731466591358185, 5.271081924438477 ] } },
{ "type": "Feature", "properties": { "particle": 737, "seed_idx": 36, "valid": true, "snap_water": false, "snap_m": 0.0 }, "geometry": { "type": "Point", "coordinates": [ -0.732007741928101, 5.270030498504639 ] } },
{ "type": "Feature", "properties": { "particle": 738, "seed_idx": 36, "valid": true, "snap_water": false, "snap_m": 0.0 }, "geometry": { "type": "Point", "coordinates": [ -0.732291698455811, 5.270099639892578 ] } },
{ "type": "Feature", "properties": { "particle": 739, "seed_idx": 36, "valid": true, "snap_water": false, "snap_m": 0.0 }, "geometry": { "type": "Point", "coordinates": [ -0.732230305671692, 5.269872188568115 ] } },
{ "type": "Feature", "properties": { "particle": 740, "seed_idx": 37, "valid": true, "snap_water": false, "snap_m": 0.0 }, "geometry": { "type": "Point", "coordinates": [ -0.698985278606415, 5.296751499176025 ] } },
{ "type": "Feature", "properties": { "particle": 741, "seed_idx": 37, "valid": true, "snap_water": false, "snap_m": 0.0 }, "geometry": { "type": "Point", "coordinates": [ -0.698531210422516, 5.297214031219482 ] } },
{ "type": "Feature", "properties": { "particle": 742, "seed_idx": 37, "valid": true, "snap_water": false, "snap_m": 0.0 }, "geometry": { "type": "Point", "coordinates": [ -0.698328912258148, 5.297524929046631 ] } },
{ "type": "Feature", "properties": { "particle": 743, "seed_idx": 37, "valid": true, "snap_water": false, "snap_m": 0.0 }, "geometry": { "type": "Point", "coordinates": [ -0.698475480079651, 5.297396659851074 ] } },
{ "type": "Feature", "properties": { "particle": 744, "seed_idx": 37, "valid": true, "snap_water": false, "snap_m": 0.0 }, "geometry": { "type": "Point", "coordinates": [ -0.698700964450836, 5.297410011291504 ] } },
{ "type": "Feature", "properties": { "particle": 745, "seed_idx": 37, "valid": true, "snap_water": false, "snap_m": 0.0 }, "geometry": { "type": "Point", "coordinates": [ -0.699779152870178, 5.296181678771973 ] } },
{ "type": "Feature", "properties": { "particle": 746, "seed_idx": 37, "valid": true, "snap_water": false, "snap_m": 0.0 }, "geometry": { "type": "Point", "coordinates": [ -0.69879287481308, 5.296628475189209 ] } },
{ "type": "Feature", "properties": { "particle": 747, "seed_idx": 37, "valid": true, "snap_water": false, "snap_m": 0.0 }, "geometry": { "type": "Point", "coordinates": [ -0.700526356697083, 5.295343399047852 ] } },
{ "type": "Feature", "properties": { "particle": 748, "seed_idx": 37, "valid": true, "snap_water": false, "snap_m": 0.0 }, "geometry": { "type": "Point", "coordinates": [ -0.699364066123962, 5.296675682067871 ] } },
{ "type": "Feature", "properties": { "particle": 749, "seed_idx": 37, "valid": true, "snap_water": false, "snap_m": 0.0 }, "geometry": { "type": "Point", "coordinates": [ -0.69892144203186, 5.296762466430664 ] } },
{ "type": "Feature", "properties": { "particle": 750, "seed_idx": 37, "valid": true, "snap_water": false, "snap_m": 0.0 }, "geometry": { "type": "Point", "coordinates": [ -0.698991537094116, 5.296819686889648 ] } },
{ "type": "Feature", "properties": { "particle": 751, "seed_idx": 37, "valid": true, "snap_water": false, "snap_m": 0.0 }, "geometry": { "type": "Point", "coordinates": [ -0.699520111083984, 5.29631519317627 ] } },
{ "type": "Feature", "properties": { "particle": 752, "seed_idx": 37, "valid": true, "snap_water": false, "snap_m": 0.0 }, "geometry": { "type": "Point", "coordinates": [ -0.698885381221771, 5.296964645385742 ] } },
{ "type": "Feature", "properties": { "particle": 753, "seed_idx": 37, "valid": true, "snap_water": false, "snap_m": 0.0 }, "geometry": { "type": "Point", "coordinates": [ -0.699925184249878, 5.29606294631958 ] } },
{ "type": "Feature", "properties": { "particle": 754, "seed_idx": 37, "valid": true, "snap_water": false, "snap_m": 0.0 }, "geometry": { "type": "Point", "coordinates": [ -0.699892699718475, 5.296119689941406 ] } },
{ "type": "Feature", "properties": { "particle": 755, "seed_idx": 37, "valid": true, "snap_water": false, "snap_m": 0.0 }, "geometry": { "type": "Point", "coordinates": [ -0.698929309844971, 5.296942234039307 ] } },
{ "type": "Feature", "properties": { "particle": 756, "seed_idx": 37, "valid": true, "snap_water": false, "snap_m": 0.0 }, "geometry": { "type": "Point", "coordinates": [ -0.699163854122162, 5.2968430519104 ] } },
{ "type": "Feature", "properties": { "particle": 757, "seed_idx": 37, "valid": true, "snap_water": false, "snap_m": 0.0 }, "geometry": { "type": "Point", "coordinates": [ -0.69872635602951, 5.296989440917969 ] } },
{ "type": "Feature", "properties": { "particle": 758, "seed_idx": 37, "valid": true, "snap_water": false, "snap_m": 0.0 }, "geometry": { "type": "Point", "coordinates": [ -0.699099600315094, 5.297178268432617 ] } },
{ "type": "Feature", "properties": { "particle": 759, "seed_idx": 37, "valid": true, "snap_water": false, "snap_m": 0.0 }, "geometry": { "type": "Point", "coordinates": [ -0.699116408824921, 5.297057151794434 ] } },
{ "type": "Feature", "properties": { "particle": 760, "seed_idx": 38, "valid": true, "snap_water": false, "snap_m": 0.0 }, "geometry": { "type": "Point", "coordinates": [ -0.701081097126007, 5.298408031463623 ] } },
{ "type": "Feature", "properties": { "particle": 761, "seed_idx": 38, "valid": true, "snap_water": false, "snap_m": 0.0 }, "geometry": { "type": "Point", "coordinates": [ -0.700703382492065, 5.298904895782471 ] } },
{ "type": "Feature", "properties": { "particle": 762, "seed_idx": 38, "valid": true, "snap_water": false, "snap_m": 0.0 }, "geometry": { "type": "Point", "coordinates": [ -0.700984179973602, 5.298724174499512 ] } },
{ "type": "Feature", "properties": { "particle": 763, "seed_idx": 38, "valid": true, "snap_water": false, "snap_m": 0.0 }, "geometry": { "type": "Point", "coordinates": [ -0.701691448688507, 5.297635555267334 ] } },
{ "type": "Feature", "properties": { "particle": 764, "seed_idx": 38, "valid": true, "snap_water": false, "snap_m": 0.0 }, "geometry": { "type": "Point", "coordinates": [ -0.701544225215912, 5.298732757568359 ] } },
{ "type": "Feature", "properties": { "particle": 765, "seed_idx": 38, "valid": true, "snap_water": false, "snap_m": 0.0 }, "geometry": { "type": "Point", "coordinates": [ -0.70195347070694, 5.297364234924316 ] } },
{ "type": "Feature", "properties": { "particle": 766, "seed_idx": 38, "valid": true, "snap_water": false, "snap_m": 0.0 }, "geometry": { "type": "Point", "coordinates": [ -0.702349781990051, 5.297008991241455 ] } },
{ "type": "Feature", "properties": { "particle": 767, "seed_idx": 38, "valid": true, "snap_water": false, "snap_m": 0.0 }, "geometry": { "type": "Point", "coordinates": [ -0.702715158462524, 5.297010898590088 ] } },
{ "type": "Feature", "properties": { "particle": 768, "seed_idx": 38, "valid": true, "snap_water": false, "snap_m": 0.0 }, "geometry": { "type": "Point", "coordinates": [ -0.703013896942139, 5.29723596572876 ] } },
{ "type": "Feature", "properties": { "particle": 769, "seed_idx": 38, "valid": true, "snap_water": false, "snap_m": 0.0 }, "geometry": { "type": "Point", "coordinates": [ -0.700559020042419, 5.299027919769287 ] } },
{ "type": "Feature", "properties": { "particle": 770, "seed_idx": 38, "valid": true, "snap_water": false, "snap_m": 0.0 }, "geometry": { "type": "Point", "coordinates": [ -0.702522158622742, 5.29749059677124 ] } },
{ "type": "Feature", "properties": { "particle": 771, "seed_idx": 38, "valid": true, "snap_water": false, "snap_m": 0.0 }, "geometry": { "type": "Point", "coordinates": [ -0.702057480812073, 5.297806739807129 ] } },
{ "type": "Feature", "properties": { "particle": 772, "seed_idx": 38, "valid": true, "snap_water": false, "snap_m": 0.0 }, "geometry": { "type": "Point", "coordinates": [ -0.701269626617432, 5.298113346099854 ] } },
{ "type": "Feature", "properties": { "particle": 773, "seed_idx": 38, "valid": true, "snap_water": false, "snap_m": 0.0 }, "geometry": { "type": "Point", "coordinates": [ -0.701749324798584, 5.298454761505127 ] } },
{ "type": "Feature", "properties": { "particle": 774, "seed_idx": 38, "valid": true, "snap_water": false, "snap_m": 0.0 }, "geometry": { "type": "Point", "coordinates": [ -0.701517999172211, 5.297550678253174 ] } },
{ "type": "Feature", "properties": { "particle": 775, "seed_idx": 38, "valid": true, "snap_water": false, "snap_m": 0.0 }, "geometry": { "type": "Point", "coordinates": [ -0.702208578586578, 5.297346591949463 ] } },
{ "type": "Feature", "properties": { "particle": 776, "seed_idx": 38, "valid": true, "snap_water": false, "snap_m": 0.0 }, "geometry": { "type": "Point", "coordinates": [ -0.701626181602478, 5.298516273498535 ] } },
{ "type": "Feature", "properties": { "particle": 777, "seed_idx": 38, "valid": true, "snap_water": false, "snap_m": 0.0 }, "geometry": { "type": "Point", "coordinates": [ -0.701580822467804, 5.298461437225342 ] } },
{ "type": "Feature", "properties": { "particle": 778, "seed_idx": 38, "valid": true, "snap_water": false, "snap_m": 0.0 }, "geometry": { "type": "Point", "coordinates": [ -0.701330065727234, 5.298607349395752 ] } },
{ "type": "Feature", "properties": { "particle": 779, "seed_idx": 38, "valid": true, "snap_water": false, "snap_m": 0.0 }, "geometry": { "type": "Point", "coordinates": [ -0.701404929161072, 5.298174381256104 ] } },
{ "type": "Feature", "properties": { "particle": 780, "seed_idx": 39, "valid": true, "snap_water": false, "snap_m": 0.0 }, "geometry": { "type": "Point", "coordinates": [ -0.700551807880402, 5.295079708099365 ] } },
{ "type": "Feature", "properties": { "particle": 781, "seed_idx": 39, "valid": true, "snap_water": false, "snap_m": 0.0 }, "geometry": { "type": "Point", "coordinates": [ -0.700892567634583, 5.295272350311279 ] } },
{ "type": "Feature", "properties": { "particle": 782, "seed_idx": 39, "valid": true, "snap_water": false, "snap_m": 0.0 }, "geometry": { "type": "Point", "coordinates": [ -0.701468229293823, 5.294317722320557 ] } },
{ "type": "Feature", "properties": { "particle": 783, "seed_idx": 39, "valid": true, "snap_water": false, "snap_m": 0.0 }, "geometry": { "type": "Point", "coordinates": [ -0.700731217861176, 5.294888496398926 ] } },
{ "type": "Feature", "properties": { "particle": 784, "seed_idx": 39, "valid": true, "snap_water": false, "snap_m": 0.0 }, "geometry": { "type": "Point", "coordinates": [ -0.700904548168182, 5.294629573822021 ] } },
{ "type": "Feature", "properties": { "particle": 785, "seed_idx": 39, "valid": true, "snap_water": false, "snap_m": 0.0 }, "geometry": { "type": "Point", "coordinates": [ -0.701820909976959, 5.293651103973389 ] } },
{ "type": "Feature", "properties": { "particle": 786, "seed_idx": 39, "valid": true, "snap_water": false, "snap_m": 0.0 }, "geometry": { "type": "Point", "coordinates": [ -0.700861990451813, 5.295173645019531 ] } },
{ "type": "Feature", "properties": { "particle": 787, "seed_idx": 39, "valid": true, "snap_water": false, "snap_m": 0.0 }, "geometry": { "type": "Point", "coordinates": [ -0.700431168079376, 5.29518985748291 ] } },
{ "type": "Feature", "properties": { "particle": 788, "seed_idx": 39, "valid": true, "snap_water": false, "snap_m": 0.0 }, "geometry": { "type": "Point", "coordinates": [ -0.701033473014832, 5.29441499710083 ] } },
{ "type": "Feature", "properties": { "particle": 789, "seed_idx": 39, "valid": true, "snap_water": false, "snap_m": 0.0 }, "geometry": { "type": "Point", "coordinates": [ -0.701329529285431, 5.293892860412598 ] } },
{ "type": "Feature", "properties": { "particle": 790, "seed_idx": 39, "valid": true, "snap_water": false, "snap_m": 0.0 }, "geometry": { "type": "Point", "coordinates": [ -0.701608538627625, 5.294822216033936 ] } },
{ "type": "Feature", "properties": { "particle": 791, "seed_idx": 39, "valid": true, "snap_water": false, "snap_m": 0.0 }, "geometry": { "type": "Point", "coordinates": [ -0.700700342655182, 5.29485559463501 ] } },
{ "type": "Feature", "properties": { "particle": 792, "seed_idx": 39, "valid": true, "snap_water": false, "snap_m": 0.0 }, "geometry": { "type": "Point", "coordinates": [ -0.701155185699463, 5.295063972473145 ] } },
{ "type": "Feature", "properties": { "particle": 793, "seed_idx": 39, "valid": true, "snap_water": false, "snap_m": 0.0 }, "geometry": { "type": "Point", "coordinates": [ -0.70037966966629, 5.295283794403076 ] } },
{ "type": "Feature", "properties": { "particle": 794, "seed_idx": 39, "valid": true, "snap_water": false, "snap_m": 0.0 }, "geometry": { "type": "Point", "coordinates": [ -0.700489938259125, 5.295169830322266 ] } },
{ "type": "Feature", "properties": { "particle": 795, "seed_idx": 39, "valid": true, "snap_water": false, "snap_m": 0.0 }, "geometry": { "type": "Point", "coordinates": [ -0.700563430786133, 5.294910907745361 ] } },
{ "type": "Feature", "properties": { "particle": 796, "seed_idx": 39, "valid": true, "snap_water": false, "snap_m": 0.0 }, "geometry": { "type": "Point", "coordinates": [ -0.700421214103699, 5.29522705078125 ] } },
{ "type": "Feature", "properties": { "particle": 797, "seed_idx": 39, "valid": true, "snap_water": false, "snap_m": 0.0 }, "geometry": { "type": "Point", "coordinates": [ -0.700960457324982, 5.294924259185791 ] } },
{ "type": "Feature", "properties": { "particle": 798, "seed_idx": 39, "valid": true, "snap_water": false, "snap_m": 0.0 }, "geometry": { "type": "Point", "coordinates": [ -0.701054275035858, 5.294551372528076 ] } },
{ "type": "Feature", "properties": { "particle": 799, "seed_idx": 39, "valid": true, "snap_water": false, "snap_m": 0.0 }, "geometry": { "type": "Point", "coordinates": [ -0.700992166996002, 5.294615268707275 ] } },
{ "type": "Feature", "properties": { "particle": 800, "seed_idx": 40, "valid": true, "snap_water": false, "snap_m": 0.0 }, "geometry": { "type": "Point", "coordinates": [ -0.707573175430298, 5.290923118591309 ] } },
{ "type": "Feature", "properties": { "particle": 801, "seed_idx": 40, "valid": true, "snap_water": false, "snap_m": 0.0 }, "geometry": { "type": "Point", "coordinates": [ -0.708753883838654, 5.290574073791504 ] } },
{ "type": "Feature", "properties": { "particle": 802, "seed_idx": 40, "valid": true, "snap_water": false, "snap_m": 0.0 }, "geometry": { "type": "Point", "coordinates": [ -0.707103610038757, 5.291424751281738 ] } },
{ "type": "Feature", "properties": { "particle": 803, "seed_idx": 40, "valid": true, "snap_water": false, "snap_m": 0.0 }, "geometry": { "type": "Point", "coordinates": [ -0.707245826721191, 5.29119348526001 ] } },
{ "type": "Feature", "properties": { "particle": 804, "seed_idx": 40, "valid": true, "snap_water": false, "snap_m": 0.0 }, "geometry": { "type": "Point", "coordinates": [ -0.707268118858337, 5.29136323928833 ] } },
{ "type": "Feature", "properties": { "particle": 805, "seed_idx": 40, "valid": true, "snap_water": false, "snap_m": 0.0 }, "geometry": { "type": "Point", "coordinates": [ -0.707056820392609, 5.291494369506836 ] } },
{ "type": "Feature", "properties": { "particle": 806, "seed_idx": 40, "valid": true, "snap_water": false, "snap_m": 0.0 }, "geometry": { "type": "Point", "coordinates": [ -0.707197546958923, 5.291595458984375 ] } },
{ "type": "Feature", "properties": { "particle": 807, "seed_idx": 40, "valid": true, "snap_water": false, "snap_m": 0.0 }, "geometry": { "type": "Point", "coordinates": [ -0.708296656608582, 5.290388584136963 ] } },
{ "type": "Feature", "properties": { "particle": 808, "seed_idx": 40, "valid": true, "snap_water": false, "snap_m": 0.0 }, "geometry": { "type": "Point", "coordinates": [ -0.708351194858551, 5.289651393890381 ] } },
{ "type": "Feature", "properties": { "particle": 809, "seed_idx": 40, "valid": true, "snap_water": false, "snap_m": 0.0 }, "geometry": { "type": "Point", "coordinates": [ -0.707955300807953, 5.290765285491943 ] } },
{ "type": "Feature", "properties": { "particle": 810, "seed_idx": 40, "valid": true, "snap_water": false, "snap_m": 0.0 }, "geometry": { "type": "Point", "coordinates": [ -0.707921624183655, 5.290695667266846 ] } },
{ "type": "Feature", "properties": { "particle": 811, "seed_idx": 40, "valid": true, "snap_water": false, "snap_m": 0.0 }, "geometry": { "type": "Point", "coordinates": [ -0.707444310188293, 5.291104316711426 ] } },
{ "type": "Feature", "properties": { "particle": 812, "seed_idx": 40, "valid": true, "snap_water": false, "snap_m": 0.0 }, "geometry": { "type": "Point", "coordinates": [ -0.707625508308411, 5.290558815002441 ] } },
{ "type": "Feature", "properties": { "particle": 813, "seed_idx": 40, "valid": true, "snap_water": false, "snap_m": 0.0 }, "geometry": { "type": "Point", "coordinates": [ -0.708329081535339, 5.290696620941162 ] } },
{ "type": "Feature", "properties": { "particle": 814, "seed_idx": 40, "valid": true, "snap_water": false, "snap_m": 0.0 }, "geometry": { "type": "Point", "coordinates": [ -0.709701716899872, 5.289910316467285 ] } },
{ "type": "Feature", "properties": { "particle": 815, "seed_idx": 40, "valid": true, "snap_water": false, "snap_m": 0.0 }, "geometry": { "type": "Point", "coordinates": [ -0.707663834095001, 5.291094779968262 ] } },
{ "type": "Feature", "properties": { "particle": 816, "seed_idx": 40, "valid": true, "snap_water": false, "snap_m": 0.0 }, "geometry": { "type": "Point", "coordinates": [ -0.708303391933441, 5.290201663970947 ] } },
{ "type": "Feature", "properties": { "particle": 817, "seed_idx": 40, "valid": true, "snap_water": false, "snap_m": 0.0 }, "geometry": { "type": "Point", "coordinates": [ -0.70854127407074, 5.290948867797852 ] } },
{ "type": "Feature", "properties": { "particle": 818, "seed_idx": 40, "valid": true, "snap_water": false, "snap_m": 0.0 }, "geometry": { "type": "Point", "coordinates": [ -0.707512378692627, 5.290731906890869 ] } },
{ "type": "Feature", "properties": { "particle": 819, "seed_idx": 40, "valid": true, "snap_water": false, "snap_m": 0.0 }, "geometry": { "type": "Point", "coordinates": [ -0.708615124225616, 5.29045295715332 ] } },
{ "type": "Feature", "properties": { "particle": 820, "seed_idx": 41, "valid": true, "snap_water": false, "snap_m": 0.0 }, "geometry": { "type": "Point", "coordinates": [ -0.700108170509338, 5.299411773681641 ] } },
{ "type": "Feature", "properties": { "particle": 821, "seed_idx": 41, "valid": true, "snap_water": false, "snap_m": 0.0 }, "geometry": { "type": "Point", "coordinates": [ -0.69682776927948, 5.301733493804932 ] } },
{ "type": "Feature", "properties": { "particle": 822, "seed_idx": 41, "valid": true, "snap_water": false, "snap_m": 0.0 }, "geometry": { "type": "Point", "coordinates": [ -0.69761323928833, 5.300744533538818 ] } },
{ "type": "Feature", "properties": { "particle": 823, "seed_idx": 41, "valid": true, "snap_water": false, "snap_m": 0.0 }, "geometry": { "type": "Point", "coordinates": [ -0.697696805000305, 5.300854682922363 ] } },
{ "type": "Feature", "properties": { "particle": 824, "seed_idx": 41, "valid": true, "snap_water": false, "snap_m": 0.0 }, "geometry": { "type": "Point", "coordinates": [ -0.697008311748505, 5.301524639129639 ] } },
{ "type": "Feature", "properties": { "particle": 825, "seed_idx": 41, "valid": true, "snap_water": false, "snap_m": 0.0 }, "geometry": { "type": "Point", "coordinates": [ -0.698284864425659, 5.301092147827148 ] } },
{ "type": "Feature", "properties": { "particle": 826, "seed_idx": 41, "valid": true, "snap_water": false, "snap_m": 0.0 }, "geometry": { "type": "Point", "coordinates": [ -0.69886702299118, 5.300892353057861 ] } },
{ "type": "Feature", "properties": { "particle": 827, "seed_idx": 41, "valid": true, "snap_water": false, "snap_m": 0.0 }, "geometry": { "type": "Point", "coordinates": [ -0.698368787765503, 5.301037311553955 ] } },
{ "type": "Feature", "properties": { "particle": 828, "seed_idx": 41, "valid": true, "snap_water": false, "snap_m": 0.0 }, "geometry": { "type": "Point", "coordinates": [ -0.698043942451477, 5.3006911277771 ] } },
{ "type": "Feature", "properties": { "particle": 829, "seed_idx": 41, "valid": true, "snap_water": false, "snap_m": 0.0 }, "geometry": { "type": "Point", "coordinates": [ -0.696710288524628, 5.301804542541504 ] } },
{ "type": "Feature", "properties": { "particle": 830, "seed_idx": 41, "valid": true, "snap_water": false, "snap_m": 0.0 }, "geometry": { "type": "Point", "coordinates": [ -0.696724891662598, 5.301638603210449 ] } },
{ "type": "Feature", "properties": { "particle": 831, "seed_idx": 41, "valid": true, "snap_water": false, "snap_m": 0.0 }, "geometry": { "type": "Point", "coordinates": [ -0.696580767631531, 5.30183219909668 ] } },
{ "type": "Feature", "properties": { "particle": 832, "seed_idx": 41, "valid": true, "snap_water": false, "snap_m": 0.0 }, "geometry": { "type": "Point", "coordinates": [ -0.69831520318985, 5.30108118057251 ] } },
{ "type": "Feature", "properties": { "particle": 833, "seed_idx": 41, "valid": true, "snap_water": false, "snap_m": 0.0 }, "geometry": { "type": "Point", "coordinates": [ -0.697738766670227, 5.301292419433594 ] } },
{ "type": "Feature", "properties": { "particle": 834, "seed_idx": 41, "valid": true, "snap_water": false, "snap_m": 0.0 }, "geometry": { "type": "Point", "coordinates": [ -0.697660446166992, 5.301352024078369 ] } },
{ "type": "Feature", "properties": { "particle": 835, "seed_idx": 41, "valid": true, "snap_water": false, "snap_m": 0.0 }, "geometry": { "type": "Point", "coordinates": [ -0.698484897613525, 5.300501346588135 ] } },
{ "type": "Feature", "properties": { "particle": 836, "seed_idx": 41, "valid": true, "snap_water": false, "snap_m": 0.0 }, "geometry": { "type": "Point", "coordinates": [ -0.697790920734406, 5.301222801208496 ] } },
{ "type": "Feature", "properties": { "particle": 837, "seed_idx": 41, "valid": true, "snap_water": false, "snap_m": 0.0 }, "geometry": { "type": "Point", "coordinates": [ -0.697953581809998, 5.300537586212158 ] } },
{ "type": "Feature", "properties": { "particle": 838, "seed_idx": 41, "valid": true, "snap_water": false, "snap_m": 0.0 }, "geometry": { "type": "Point", "coordinates": [ -0.698968768119812, 5.299700736999512 ] } },
{ "type": "Feature", "properties": { "particle": 839, "seed_idx": 41, "valid": true, "snap_water": false, "snap_m": 0.0 }, "geometry": { "type": "Point", "coordinates": [ -0.697355091571808, 5.301109313964844 ] } },
{ "type": "Feature", "properties": { "particle": 840, "seed_idx": 42, "valid": true, "snap_water": false, "snap_m": 0.0 }, "geometry": { "type": "Point", "coordinates": [ -0.729519486427307, 5.277112483978271 ] } },
{ "type": "Feature", "properties": { "particle": 841, "seed_idx": 42, "valid": true, "snap_water": false, "snap_m": 0.0 }, "geometry": { "type": "Point", "coordinates": [ -0.729352116584778, 5.277196407318115 ] } },
{ "type": "Feature", "properties": { "particle": 842, "seed_idx": 42, "valid": true, "snap_water": false, "snap_m": 0.0 }, "geometry": { "type": "Point", "coordinates": [ -0.730706810951233, 5.27603816986084 ] } },
{ "type": "Feature", "properties": { "particle": 843, "seed_idx": 42, "valid": true, "snap_water": false, "snap_m": 0.0 }, "geometry": { "type": "Point", "coordinates": [ -0.729023575782776, 5.277552127838135 ] } },
{ "type": "Feature", "properties": { "particle": 844, "seed_idx": 42, "valid": true, "snap_water": false, "snap_m": 0.0 }, "geometry": { "type": "Point", "coordinates": [ -0.72930771112442, 5.277364730834961 ] } },
{ "type": "Feature", "properties": { "particle": 845, "seed_idx": 42, "valid": true, "snap_water": false, "snap_m": 0.0 }, "geometry": { "type": "Point", "coordinates": [ -0.728827297687531, 5.27777099609375 ] } },
{ "type": "Feature", "properties": { "particle": 846, "seed_idx": 42, "valid": true, "snap_water": false, "snap_m": 0.0 }, "geometry": { "type": "Point", "coordinates": [ -0.729703664779663, 5.276543617248535 ] } },
{ "type": "Feature", "properties": { "particle": 847, "seed_idx": 42, "valid": true, "snap_water": false, "snap_m": 0.0 }, "geometry": { "type": "Point", "coordinates": [ -0.729775726795197, 5.276504993438721 ] } },
{ "type": "Feature", "properties": { "particle": 848, "seed_idx": 42, "valid": true, "snap_water": false, "snap_m": 0.0 }, "geometry": { "type": "Point", "coordinates": [ -0.729871988296509, 5.276817321777344 ] } },
{ "type": "Feature", "properties": { "particle": 849, "seed_idx": 42, "valid": true, "snap_water": false, "snap_m": 0.0 }, "geometry": { "type": "Point", "coordinates": [ -0.728813350200653, 5.27749490737915 ] } },
{ "type": "Feature", "properties": { "particle": 850, "seed_idx": 42, "valid": true, "snap_water": false, "snap_m": 0.0 }, "geometry": { "type": "Point", "coordinates": [ -0.728911340236664, 5.277585983276367 ] } },
{ "type": "Feature", "properties": { "particle": 851, "seed_idx": 42, "valid": true, "snap_water": false, "snap_m": 0.0 }, "geometry": { "type": "Point", "coordinates": [ -0.730501770973206, 5.276289939880371 ] } },
{ "type": "Feature", "properties": { "particle": 852, "seed_idx": 42, "valid": true, "snap_water": false, "snap_m": 0.0 }, "geometry": { "type": "Point", "coordinates": [ -0.728979408740997, 5.277729511260986 ] } },
{ "type": "Feature", "properties": { "particle": 853, "seed_idx": 42, "valid": true, "snap_water": false, "snap_m": 0.0 }, "geometry": { "type": "Point", "coordinates": [ -0.729422211647034, 5.276889324188232 ] } },
{ "type": "Feature", "properties": { "particle": 854, "seed_idx": 42, "valid": true, "snap_water": false, "snap_m": 0.0 }, "geometry": { "type": "Point", "coordinates": [ -0.728712856769562, 5.277639389038086 ] } },
{ "type": "Feature", "properties": { "particle": 855, "seed_idx": 42, "valid": true, "snap_water": false, "snap_m": 0.0 }, "geometry": { "type": "Point", "coordinates": [ -0.731168568134308, 5.276165008544922 ] } },
{ "type": "Feature", "properties": { "particle": 856, "seed_idx": 42, "valid": true, "snap_water": false, "snap_m": 0.0 }, "geometry": { "type": "Point", "coordinates": [ -0.729795932769775, 5.277032375335693 ] } },
{ "type": "Feature", "properties": { "particle": 857, "seed_idx": 42, "valid": true, "snap_water": false, "snap_m": 0.0 }, "geometry": { "type": "Point", "coordinates": [ -0.729293167591095, 5.277331352233887 ] } },
{ "type": "Feature", "properties": { "particle": 858, "seed_idx": 42, "valid": true, "snap_water": false, "snap_m": 0.0 }, "geometry": { "type": "Point", "coordinates": [ -0.729955852031708, 5.276651382446289 ] } },
{ "type": "Feature", "properties": { "particle": 859, "seed_idx": 42, "valid": true, "snap_water": false, "snap_m": 0.0 }, "geometry": { "type": "Point", "coordinates": [ -0.72921222448349, 5.277469635009766 ] } },
{ "type": "Feature", "properties": { "particle": 860, "seed_idx": 43, "valid": true, "snap_water": false, "snap_m": 0.0 }, "geometry": { "type": "Point", "coordinates": [ -0.724254131317139, 5.276649475097656 ] } },
{ "type": "Feature", "properties": { "particle": 861, "seed_idx": 43, "valid": true, "snap_water": false, "snap_m": 0.0 }, "geometry": { "type": "Point", "coordinates": [ -0.723158478736877, 5.277312278747559 ] } },
{ "type": "Feature", "properties": { "particle": 862, "seed_idx": 43, "valid": true, "snap_water": false, "snap_m": 0.0 }, "geometry": { "type": "Point", "coordinates": [ -0.724010944366455, 5.27627420425415 ] } },
{ "type": "Feature", "properties": { "particle": 863, "seed_idx": 43, "valid": true, "snap_water": false, "snap_m": 0.0 }, "geometry": { "type": "Point", "coordinates": [ -0.722868919372559, 5.277673721313477 ] } },
{ "type": "Feature", "properties": { "particle": 864, "seed_idx": 43, "valid": true, "snap_water": false, "snap_m": 0.0 }, "geometry": { "type": "Point", "coordinates": [ -0.723979592323303, 5.276489734649658 ] } },
{ "type": "Feature", "properties": { "particle": 865, "seed_idx": 43, "valid": true, "snap_water": false, "snap_m": 0.0 }, "geometry": { "type": "Point", "coordinates": [ -0.724459171295166, 5.276552677154541 ] } },
{ "type": "Feature", "properties": { "particle": 866, "seed_idx": 43, "valid": true, "snap_water": false, "snap_m": 0.0 }, "geometry": { "type": "Point", "coordinates": [ -0.723693668842316, 5.276305675506592 ] } },
{ "type": "Feature", "properties": { "particle": 867, "seed_idx": 43, "valid": true, "snap_water": false, "snap_m": 0.0 }, "geometry": { "type": "Point", "coordinates": [ -0.724011778831482, 5.277186870574951 ] } },
{ "type": "Feature", "properties": { "particle": 868, "seed_idx": 43, "valid": true, "snap_water": false, "snap_m": 0.0 }, "geometry": { "type": "Point", "coordinates": [ -0.723919808864594, 5.27696418762207 ] } },
{ "type": "Feature", "properties": { "particle": 869, "seed_idx": 43, "valid": true, "snap_water": false, "snap_m": 0.0 }, "geometry": { "type": "Point", "coordinates": [ -0.724282026290894, 5.276839256286621 ] } },
{ "type": "Feature", "properties": { "particle": 870, "seed_idx": 43, "valid": true, "snap_water": false, "snap_m": 0.0 }, "geometry": { "type": "Point", "coordinates": [ -0.72389280796051, 5.276734352111816 ] } },
{ "type": "Feature", "properties": { "particle": 871, "seed_idx": 43, "valid": true, "snap_water": false, "snap_m": 0.0 }, "geometry": { "type": "Point", "coordinates": [ -0.722989678382874, 5.277410507202148 ] } },
{ "type": "Feature", "properties": { "particle": 872, "seed_idx": 43, "valid": true, "snap_water": false, "snap_m": 0.0 }, "geometry": { "type": "Point", "coordinates": [ -0.723594665527344, 5.277055740356445 ] } },
{ "type": "Feature", "properties": { "particle": 873, "seed_idx": 43, "valid": true, "snap_water": false, "snap_m": 0.0 }, "geometry": { "type": "Point", "coordinates": [ -0.723968863487244, 5.276906490325928 ] } },
{ "type": "Feature", "properties": { "particle": 874, "seed_idx": 43, "valid": true, "snap_water": false, "snap_m": 0.0 }, "geometry": { "type": "Point", "coordinates": [ -0.723700046539307, 5.276459693908691 ] } },
{ "type": "Feature", "properties": { "particle": 875, "seed_idx": 43, "valid": true, "snap_water": false, "snap_m": 0.0 }, "geometry": { "type": "Point", "coordinates": [ -0.723649501800537, 5.276716232299805 ] } },
{ "type": "Feature", "properties": { "particle": 876, "seed_idx": 43, "valid": true, "snap_water": false, "snap_m": 0.0 }, "geometry": { "type": "Point", "coordinates": [ -0.722990334033966, 5.277384757995605 ] } },
{ "type": "Feature", "properties": { "particle": 877, "seed_idx": 43, "valid": true, "snap_water": false, "snap_m": 0.0 }, "geometry": { "type": "Point", "coordinates": [ -0.723952233791351, 5.276817798614502 ] } },
{ "type": "Feature", "properties": { "particle": 878, "seed_idx": 43, "valid": true, "snap_water": false, "snap_m": 0.0 }, "geometry": { "type": "Point", "coordinates": [ -0.723574936389923, 5.276832103729248 ] } },
{ "type": "Feature", "properties": { "particle": 879, "seed_idx": 43, "valid": true, "snap_water": false, "snap_m": 0.0 }, "geometry": { "type": "Point", "coordinates": [ -0.723041951656342, 5.277491569519043 ] } },
{ "type": "Feature", "properties": { "particle": 880, "seed_idx": 44, "valid": true, "snap_water": false, "snap_m": 0.0 }, "geometry": { "type": "Point", "coordinates": [ -0.730147123336792, 5.273443222045898 ] } },
{ "type": "Feature", "properties": { "particle": 881, "seed_idx": 44, "valid": true, "snap_water": false, "snap_m": 0.0 }, "geometry": { "type": "Point", "coordinates": [ -0.7304328083992, 5.273582935333252 ] } },
{ "type": "Feature", "properties": { "particle": 882, "seed_idx": 44, "valid": true, "snap_water": false, "snap_m": 0.0 }, "geometry": { "type": "Point", "coordinates": [ -0.731090366840363, 5.272922992706299 ] } },
{ "type": "Feature", "properties": { "particle": 883, "seed_idx": 44, "valid": true, "snap_water": false, "snap_m": 0.0 }, "geometry": { "type": "Point", "coordinates": [ -0.731432616710663, 5.272514820098877 ] } },
{ "type": "Feature", "properties": { "particle": 884, "seed_idx": 44, "valid": true, "snap_water": false, "snap_m": 0.0 }, "geometry": { "type": "Point", "coordinates": [ -0.730434358119965, 5.272954940795898 ] } },
{ "type": "Feature", "properties": { "particle": 885, "seed_idx": 44, "valid": true, "snap_water": false, "snap_m": 0.0 }, "geometry": { "type": "Point", "coordinates": [ -0.731386780738831, 5.272770404815674 ] } },
{ "type": "Feature", "properties": { "particle": 886, "seed_idx": 44, "valid": true, "snap_water": false, "snap_m": 0.0 }, "geometry": { "type": "Point", "coordinates": [ -0.731199204921722, 5.272891998291016 ] } },
{ "type": "Feature", "properties": { "particle": 887, "seed_idx": 44, "valid": true, "snap_water": false, "snap_m": 0.0 }, "geometry": { "type": "Point", "coordinates": [ -0.730672359466553, 5.273606777191162 ] } },
{ "type": "Feature", "properties": { "particle": 888, "seed_idx": 44, "valid": true, "snap_water": false, "snap_m": 0.0 }, "geometry": { "type": "Point", "coordinates": [ -0.731040000915527, 5.272822856903076 ] } },
{ "type": "Feature", "properties": { "particle": 889, "seed_idx": 44, "valid": true, "snap_water": false, "snap_m": 0.0 }, "geometry": { "type": "Point", "coordinates": [ -0.73163378238678, 5.272876739501953 ] } },
{ "type": "Feature", "properties": { "particle": 890, "seed_idx": 44, "valid": true, "snap_water": false, "snap_m": 0.0 }, "geometry": { "type": "Point", "coordinates": [ -0.730987429618835, 5.27260160446167 ] } },
{ "type": "Feature", "properties": { "particle": 891, "seed_idx": 44, "valid": true, "snap_water": false, "snap_m": 0.0 }, "geometry": { "type": "Point", "coordinates": [ -0.730733036994934, 5.273333072662354 ] } },
{ "type": "Feature", "properties": { "particle": 892, "seed_idx": 44, "valid": true, "snap_water": false, "snap_m": 0.0 }, "geometry": { "type": "Point", "coordinates": [ -0.730647921562195, 5.273568153381348 ] } },
{ "type": "Feature", "properties": { "particle": 893, "seed_idx": 44, "valid": true, "snap_water": false, "snap_m": 0.0 }, "geometry": { "type": "Point", "coordinates": [ -0.730432152748108, 5.27289342880249 ] } },
{ "type": "Feature", "properties": { "particle": 894, "seed_idx": 44, "valid": true, "snap_water": false, "snap_m": 0.0 }, "geometry": { "type": "Point", "coordinates": [ -0.730958104133606, 5.27289867401123 ] } },
{ "type": "Feature", "properties": { "particle": 895, "seed_idx": 44, "valid": true, "snap_water": false, "snap_m": 0.0 }, "geometry": { "type": "Point", "coordinates": [ -0.73033481836319, 5.273423194885254 ] } },
{ "type": "Feature", "properties": { "particle": 896, "seed_idx": 44, "valid": true, "snap_water": false, "snap_m": 0.0 }, "geometry": { "type": "Point", "coordinates": [ -0.731714427471161, 5.272441864013672 ] } },
{ "type": "Feature", "properties": { "particle": 897, "seed_idx": 44, "valid": true, "snap_water": false, "snap_m": 0.0 }, "geometry": { "type": "Point", "coordinates": [ -0.730055272579193, 5.273775100708008 ] } },
{ "type": "Feature", "properties": { "particle": 898, "seed_idx": 44, "valid": true, "snap_water": false, "snap_m": 0.0 }, "geometry": { "type": "Point", "coordinates": [ -0.730409204959869, 5.273449897766113 ] } },
{ "type": "Feature", "properties": { "particle": 899, "seed_idx": 44, "valid": true, "snap_water": false, "snap_m": 0.0 }, "geometry": { "type": "Point", "coordinates": [ -0.731043219566345, 5.271992206573486 ] } },
{ "type": "Feature", "properties": { "particle": 900, "seed_idx": 45, "valid": true, "snap_water": false, "snap_m": 0.0 }, "geometry": { "type": "Point", "coordinates": [ -0.712216794490814, 5.288806915283203 ] } },
{ "type": "Feature", "properties": { "particle": 901, "seed_idx": 45, "valid": true, "snap_water": false, "snap_m": 0.0 }, "geometry": { "type": "Point", "coordinates": [ -0.711345672607422, 5.289397716522217 ] } },
{ "type": "Feature", "properties": { "particle": 902, "seed_idx": 45, "valid": true, "snap_water": false, "snap_m": 0.0 }, "geometry": { "type": "Point", "coordinates": [ -0.712211549282074, 5.289278030395508 ] } },
{ "type": "Feature", "properties": { "particle": 903, "seed_idx": 45, "valid": true, "snap_water": false, "snap_m": 0.0 }, "geometry": { "type": "Point", "coordinates": [ -0.712268531322479, 5.289186000823975 ] } },
{ "type": "Feature", "properties": { "particle": 904, "seed_idx": 45, "valid": true, "snap_water": false, "snap_m": 0.0 }, "geometry": { "type": "Point", "coordinates": [ -0.711968123912811, 5.289483070373535 ] } },
{ "type": "Feature", "properties": { "particle": 905, "seed_idx": 45, "valid": true, "snap_water": false, "snap_m": 0.0 }, "geometry": { "type": "Point", "coordinates": [ -0.711297333240509, 5.289447784423828 ] } },
{ "type": "Feature", "properties": { "particle": 906, "seed_idx": 45, "valid": true, "snap_water": false, "snap_m": 0.0 }, "geometry": { "type": "Point", "coordinates": [ -0.712166011333466, 5.289081573486328 ] } },
{ "type": "Feature", "properties": { "particle": 907, "seed_idx": 45, "valid": true, "snap_water": false, "snap_m": 0.0 }, "geometry": { "type": "Point", "coordinates": [ -0.712506413459778, 5.288230895996094 ] } },
{ "type": "Feature", "properties": { "particle": 908, "seed_idx": 45, "valid": true, "snap_water": false, "snap_m": 0.0 }, "geometry": { "type": "Point", "coordinates": [ -0.713153421878815, 5.288134574890137 ] } },
{ "type": "Feature", "properties": { "particle": 909, "seed_idx": 45, "valid": true, "snap_water": false, "snap_m": 0.0 }, "geometry": { "type": "Point", "coordinates": [ -0.71194052696228, 5.289085865020752 ] } },
{ "type": "Feature", "properties": { "particle": 910, "seed_idx": 45, "valid": true, "snap_water": false, "snap_m": 0.0 }, "geometry": { "type": "Point", "coordinates": [ -0.711450219154358, 5.289130210876465 ] } },
{ "type": "Feature", "properties": { "particle": 911, "seed_idx": 45, "valid": true, "snap_water": false, "snap_m": 0.0 }, "geometry": { "type": "Point", "coordinates": [ -0.711618006229401, 5.28926944732666 ] } },
{ "type": "Feature", "properties": { "particle": 912, "seed_idx": 45, "valid": true, "snap_water": false, "snap_m": 0.0 }, "geometry": { "type": "Point", "coordinates": [ -0.712164759635925, 5.289089679718018 ] } },
{ "type": "Feature", "properties": { "particle": 913, "seed_idx": 45, "valid": true, "snap_water": false, "snap_m": 0.0 }, "geometry": { "type": "Point", "coordinates": [ -0.711470305919647, 5.28938102722168 ] } },
{ "type": "Feature", "properties": { "particle": 914, "seed_idx": 45, "valid": true, "snap_water": false, "snap_m": 0.0 }, "geometry": { "type": "Point", "coordinates": [ -0.711334347724915, 5.289422988891602 ] } },
{ "type": "Feature", "properties": { "particle": 915, "seed_idx": 45, "valid": true, "snap_water": false, "snap_m": 0.0 }, "geometry": { "type": "Point", "coordinates": [ -0.711122930049896, 5.289916515350342 ] } },
{ "type": "Feature", "properties": { "particle": 916, "seed_idx": 45, "valid": true, "snap_water": false, "snap_m": 0.0 }, "geometry": { "type": "Point", "coordinates": [ -0.711358666419983, 5.289677619934082 ] } },
{ "type": "Feature", "properties": { "particle": 917, "seed_idx": 45, "valid": true, "snap_water": false, "snap_m": 0.0 }, "geometry": { "type": "Point", "coordinates": [ -0.712356269359589, 5.288129806518555 ] } },
{ "type": "Feature", "properties": { "particle": 918, "seed_idx": 45, "valid": true, "snap_water": false, "snap_m": 0.0 }, "geometry": { "type": "Point", "coordinates": [ -0.711671590805054, 5.288872241973877 ] } },
{ "type": "Feature", "properties": { "particle": 919, "seed_idx": 45, "valid": true, "snap_water": false, "snap_m": 0.0 }, "geometry": { "type": "Point", "coordinates": [ -0.71127450466156, 5.289648532867432 ] } },
{ "type": "Feature", "properties": { "particle": 920, "seed_idx": 46, "valid": true, "snap_water": false, "snap_m": 0.0 }, "geometry": { "type": "Point", "coordinates": [ -0.742033302783966, 5.260286808013916 ] } },
{ "type": "Feature", "properties": { "particle": 921, "seed_idx": 46, "valid": true, "snap_water": false, "snap_m": 0.0 }, "geometry": { "type": "Point", "coordinates": [ -0.742464184761047, 5.260154724121094 ] } },
{ "type": "Feature", "properties": { "particle": 922, "seed_idx": 46, "valid": true, "snap_water": false, "snap_m": 0.0 }, "geometry": { "type": "Point", "coordinates": [ -0.742192447185516, 5.260187149047852 ] } },
{ "type": "Feature", "properties": { "particle": 923, "seed_idx": 46, "valid": true, "snap_water": false, "snap_m": 0.0 }, "geometry": { "type": "Point", "coordinates": [ -0.742443203926086, 5.260206699371338 ] } },
{ "type": "Feature", "properties": { "particle": 924, "seed_idx": 46, "valid": true, "snap_water": false, "snap_m": 0.0 }, "geometry": { "type": "Point", "coordinates": [ -0.742191314697266, 5.260138511657715 ] } },
{ "type": "Feature", "properties": { "particle": 925, "seed_idx": 46, "valid": true, "snap_water": false, "snap_m": 0.0 }, "geometry": { "type": "Point", "coordinates": [ -0.742445707321167, 5.259741306304932 ] } },
{ "type": "Feature", "properties": { "particle": 926, "seed_idx": 46, "valid": true, "snap_water": false, "snap_m": 0.0 }, "geometry": { "type": "Point", "coordinates": [ -0.741738498210907, 5.260828971862793 ] } },
{ "type": "Feature", "properties": { "particle": 927, "seed_idx": 46, "valid": true, "snap_water": false, "snap_m": 0.0 }, "geometry": { "type": "Point", "coordinates": [ -0.741809129714966, 5.260626792907715 ] } },
{ "type": "Feature", "properties": { "particle": 928, "seed_idx": 46, "valid": true, "snap_water": false, "snap_m": 0.0 }, "geometry": { "type": "Point", "coordinates": [ -0.742036163806915, 5.260185718536377 ] } },
{ "type": "Feature", "properties": { "particle": 929, "seed_idx": 46, "valid": true, "snap_water": false, "snap_m": 0.0 }, "geometry": { "type": "Point", "coordinates": [ -0.742585122585297, 5.259964466094971 ] } },
{ "type": "Feature", "properties": { "particle": 930, "seed_idx": 46, "valid": true, "snap_water": false, "snap_m": 0.0 }, "geometry": { "type": "Point", "coordinates": [ -0.74181467294693, 5.260472297668457 ] } },
{ "type": "Feature", "properties": { "particle": 931, "seed_idx": 46, "valid": true, "snap_water": false, "snap_m": 0.0 }, "geometry": { "type": "Point", "coordinates": [ -0.742921829223633, 5.259853363037109 ] } },
{ "type": "Feature", "properties": { "particle": 932, "seed_idx": 46, "valid": true, "snap_water": false, "snap_m": 0.0 }, "geometry": { "type": "Point", "coordinates": [ -0.742276787757874, 5.260067939758301 ] } },
{ "type": "Feature", "properties": { "particle": 933, "seed_idx": 46, "valid": true, "snap_water": false, "snap_m": 0.0 }, "geometry": { "type": "Point", "coordinates": [ -0.742972850799561, 5.259615898132324 ] } },
{ "type": "Feature", "properties": { "particle": 934, "seed_idx": 46, "valid": true, "snap_water": false, "snap_m": 0.0 }, "geometry": { "type": "Point", "coordinates": [ -0.741869986057281, 5.260515213012695 ] } },
{ "type": "Feature", "properties": { "particle": 935, "seed_idx": 46, "valid": true, "snap_water": false, "snap_m": 0.0 }, "geometry": { "type": "Point", "coordinates": [ -0.742220461368561, 5.260341644287109 ] } },
{ "type": "Feature", "properties": { "particle": 936, "seed_idx": 46, "valid": true, "snap_water": false, "snap_m": 0.0 }, "geometry": { "type": "Point", "coordinates": [ -0.742399036884308, 5.2599196434021 ] } },
{ "type": "Feature", "properties": { "particle": 937, "seed_idx": 46, "valid": true, "snap_water": false, "snap_m": 0.0 }, "geometry": { "type": "Point", "coordinates": [ -0.742863237857819, 5.259587287902832 ] } },
{ "type": "Feature", "properties": { "particle": 938, "seed_idx": 46, "valid": true, "snap_water": false, "snap_m": 0.0 }, "geometry": { "type": "Point", "coordinates": [ -0.741849541664124, 5.260609149932861 ] } },
{ "type": "Feature", "properties": { "particle": 939, "seed_idx": 46, "valid": true, "snap_water": false, "snap_m": 0.0 }, "geometry": { "type": "Point", "coordinates": [ -0.742682158946991, 5.259669303894043 ] } },
{ "type": "Feature", "properties": { "particle": 940, "seed_idx": 47, "valid": true, "snap_water": false, "snap_m": 0.0 }, "geometry": { "type": "Point", "coordinates": [ -0.742655515670776, 5.255762577056885 ] } },
{ "type": "Feature", "properties": { "particle": 941, "seed_idx": 47, "valid": true, "snap_water": false, "snap_m": 0.0 }, "geometry": { "type": "Point", "coordinates": [ -0.742142736911774, 5.256117820739746 ] } },
{ "type": "Feature", "properties": { "particle": 942, "seed_idx": 47, "valid": true, "snap_water": false, "snap_m": 0.0 }, "geometry": { "type": "Point", "coordinates": [ -0.742774903774261, 5.256095886230469 ] } },
{ "type": "Feature", "properties": { "particle": 943, "seed_idx": 47, "valid": true, "snap_water": false, "snap_m": 0.0 }, "geometry": { "type": "Point", "coordinates": [ -0.743332624435425, 5.255404472351074 ] } },
{ "type": "Feature", "properties": { "particle": 944, "seed_idx": 47, "valid": true, "snap_water": false, "snap_m": 0.0 }, "geometry": { "type": "Point", "coordinates": [ -0.744621276855469, 5.254182815551758 ] } },
{ "type": "Feature", "properties": { "particle": 945, "seed_idx": 47, "valid": true, "snap_water": false, "snap_m": 0.0 }, "geometry": { "type": "Point", "coordinates": [ -0.742183148860931, 5.256190299987793 ] } },
{ "type": "Feature", "properties": { "particle": 946, "seed_idx": 47, "valid": true, "snap_water": false, "snap_m": 0.0 }, "geometry": { "type": "Point", "coordinates": [ -0.742926239967346, 5.255822658538818 ] } },
{ "type": "Feature", "properties": { "particle": 947, "seed_idx": 47, "valid": true, "snap_water": false, "snap_m": 0.0 }, "geometry": { "type": "Point", "coordinates": [ -0.742279827594757, 5.256139278411865 ] } },
{ "type": "Feature", "properties": { "particle": 948, "seed_idx": 47, "valid": true, "snap_water": false, "snap_m": 0.0 }, "geometry": { "type": "Point", "coordinates": [ -0.742205679416656, 5.255913257598877 ] } },
{ "type": "Feature", "properties": { "particle": 949, "seed_idx": 47, "valid": true, "snap_water": false, "snap_m": 0.0 }, "geometry": { "type": "Point", "coordinates": [ -0.742734491825104, 5.255373477935791 ] } },
{ "type": "Feature", "properties": { "particle": 950, "seed_idx": 47, "valid": true, "snap_water": false, "snap_m": 0.0 }, "geometry": { "type": "Point", "coordinates": [ -0.742627441883087, 5.25612735748291 ] } },
{ "type": "Feature", "properties": { "particle": 951, "seed_idx": 47, "valid": true, "snap_water": false, "snap_m": 0.0 }, "geometry": { "type": "Point", "coordinates": [ -0.742813050746918, 5.255871295928955 ] } },
{ "type": "Feature", "properties": { "particle": 952, "seed_idx": 47, "valid": true, "snap_water": false, "snap_m": 0.0 }, "geometry": { "type": "Point", "coordinates": [ -0.742486119270325, 5.255868911743164 ] } },
{ "type": "Feature", "properties": { "particle": 953, "seed_idx": 47, "valid": true, "snap_water": false, "snap_m": 0.0 }, "geometry": { "type": "Point", "coordinates": [ -0.742999732494354, 5.255325317382812 ] } },
{ "type": "Feature", "properties": { "particle": 954, "seed_idx": 47, "valid": true, "snap_water": false, "snap_m": 0.0 }, "geometry": { "type": "Point", "coordinates": [ -0.743302881717682, 5.255054473876953 ] } },
{ "type": "Feature", "properties": { "particle": 955, "seed_idx": 47, "valid": true, "snap_water": false, "snap_m": 0.0 }, "geometry": { "type": "Point", "coordinates": [ -0.742019534111023, 5.255973339080811 ] } },
{ "type": "Feature", "properties": { "particle": 956, "seed_idx": 47, "valid": true, "snap_water": false, "snap_m": 0.0 }, "geometry": { "type": "Point", "coordinates": [ -0.742834091186523, 5.255746364593506 ] } },
{ "type": "Feature", "properties": { "particle": 957, "seed_idx": 47, "valid": true, "snap_water": false, "snap_m": 0.0 }, "geometry": { "type": "Point", "coordinates": [ -0.742756009101868, 5.255414485931396 ] } },
{ "type": "Feature", "properties": { "particle": 958, "seed_idx": 47, "valid": true, "snap_water": false, "snap_m": 0.0 }, "geometry": { "type": "Point", "coordinates": [ -0.74253237247467, 5.255399227142334 ] } },
{ "type": "Feature", "properties": { "particle": 959, "seed_idx": 47, "valid": true, "snap_water": false, "snap_m": 0.0 }, "geometry": { "type": "Point", "coordinates": [ -0.743713557720184, 5.254429817199707 ] } },
{ "type": "Feature", "properties": { "particle": 960, "seed_idx": 48, "valid": true, "snap_water": false, "snap_m": 0.0 }, "geometry": { "type": "Point", "coordinates": [ -0.75457090139389, 5.206590175628662 ] } },
{ "type": "Feature", "properties": { "particle": 961, "seed_idx": 48, "valid": true, "snap_water": false, "snap_m": 0.0 }, "geometry": { "type": "Point", "coordinates": [ -0.754192650318146, 5.206470966339111 ] } },
{ "type": "Feature", "properties": { "particle": 962, "seed_idx": 48, "valid": true, "snap_water": false, "snap_m": 0.0 }, "geometry": { "type": "Point", "coordinates": [ -0.754082977771759, 5.206608772277832 ] } },
{ "type": "Feature", "properties": { "particle": 963, "seed_idx": 48, "valid": true, "snap_water": false, "snap_m": 0.0 }, "geometry": { "type": "Point", "coordinates": [ -0.754271924495697, 5.206242084503174 ] } },
{ "type": "Feature", "properties": { "particle": 964, "seed_idx": 48, "valid": true, "snap_water": false, "snap_m": 0.0 }, "geometry": { "type": "Point", "coordinates": [ -0.755708038806915, 5.205582141876221 ] } },
{ "type": "Feature", "properties": { "particle": 965, "seed_idx": 48, "valid": true, "snap_water": false, "snap_m": 0.0 }, "geometry": { "type": "Point", "coordinates": [ -0.754369735717773, 5.206284999847412 ] } },
{ "type": "Feature", "properties": { "particle": 966, "seed_idx": 48, "valid": true, "snap_water": false, "snap_m": 0.0 }, "geometry": { "type": "Point", "coordinates": [ -0.754606783390045, 5.206111431121826 ] } },
{ "type": "Feature", "properties": { "particle": 967, "seed_idx": 48, "valid": true, "snap_water": false, "snap_m": 0.0 }, "geometry": { "type": "Point", "coordinates": [ -0.755398035049438, 5.206223487854004 ] } },
{ "type": "Feature", "properties": { "particle": 968, "seed_idx": 48, "valid": true, "snap_water": false, "snap_m": 0.0 }, "geometry": { "type": "Point", "coordinates": [ -0.75475662946701, 5.205874443054199 ] } },
{ "type": "Feature", "properties": { "particle": 969, "seed_idx": 48, "valid": true, "snap_water": false, "snap_m": 0.0 }, "geometry": { "type": "Point", "coordinates": [ -0.754591882228851, 5.205977439880371 ] } },
{ "type": "Feature", "properties": { "particle": 970, "seed_idx": 48, "valid": true, "snap_water": false, "snap_m": 0.0 }, "geometry": { "type": "Point", "coordinates": [ -0.756046950817108, 5.204756736755371 ] } },
{ "type": "Feature", "properties": { "particle": 971, "seed_idx": 48, "valid": true, "snap_water": false, "snap_m": 0.0 }, "geometry": { "type": "Point", "coordinates": [ -0.755477547645569, 5.204580307006836 ] } },
{ "type": "Feature", "properties": { "particle": 972, "seed_idx": 48, "valid": true, "snap_water": false, "snap_m": 0.0 }, "geometry": { "type": "Point", "coordinates": [ -0.753829300403595, 5.206690788269043 ] } },
{ "type": "Feature", "properties": { "particle": 973, "seed_idx": 48, "valid": true, "snap_water": false, "snap_m": 0.0 }, "geometry": { "type": "Point", "coordinates": [ -0.753902912139893, 5.206589221954346 ] } },
{ "type": "Feature", "properties": { "particle": 974, "seed_idx": 48, "valid": true, "snap_water": false, "snap_m": 0.0 }, "geometry": { "type": "Point", "coordinates": [ -0.754721879959106, 5.206447124481201 ] } },
{ "type": "Feature", "properties": { "particle": 975, "seed_idx": 48, "valid": true, "snap_water": false, "snap_m": 0.0 }, "geometry": { "type": "Point", "coordinates": [ -0.753701031208038, 5.207194328308105 ] } },
{ "type": "Feature", "properties": { "particle": 976, "seed_idx": 48, "valid": true, "snap_water": false, "snap_m": 0.0 }, "geometry": { "type": "Point", "coordinates": [ -0.754357695579529, 5.205945014953613 ] } },
{ "type": "Feature", "properties": { "particle": 977, "seed_idx": 48, "valid": true, "snap_water": false, "snap_m": 0.0 }, "geometry": { "type": "Point", "coordinates": [ -0.753938138484955, 5.206703186035156 ] } },
{ "type": "Feature", "properties": { "particle": 978, "seed_idx": 48, "valid": true, "snap_water": false, "snap_m": 0.0 }, "geometry": { "type": "Point", "coordinates": [ -0.75455117225647, 5.206532001495361 ] } },
{ "type": "Feature", "properties": { "particle": 979, "seed_idx": 48, "valid": true, "snap_water": false, "snap_m": 0.0 }, "geometry": { "type": "Point", "coordinates": [ -0.75411719083786, 5.206657886505127 ] } },
{ "type": "Feature", "properties": { "particle": 980, "seed_idx": 49, "valid": true, "snap_water": false, "snap_m": 0.0 }, "geometry": { "type": "Point", "coordinates": [ -0.756546676158905, 5.200490474700928 ] } },
{ "type": "Feature", "properties": { "particle": 981, "seed_idx": 49, "valid": true, "snap_water": false, "snap_m": 0.0 }, "geometry": { "type": "Point", "coordinates": [ -0.755825459957123, 5.201436042785645 ] } },
{ "type": "Feature", "properties": { "particle": 982, "seed_idx": 49, "valid": true, "snap_water": false, "snap_m": 0.0 }, "geometry": { "type": "Point", "coordinates": [ -0.755235075950623, 5.201740741729736 ] } },
{ "type": "Feature", "properties": { "particle": 983, "seed_idx": 49, "valid": true, "snap_water": false, "snap_m": 0.0 }, "geometry": { "type": "Point", "coordinates": [ -0.756729185581207, 5.200267791748047 ] } },
{ "type": "Feature", "properties": { "particle": 984, "seed_idx": 49, "valid": true, "snap_water": false, "snap_m": 0.0 }, "geometry": { "type": "Point", "coordinates": [ -0.755469799041748, 5.201054573059082 ] } },
{ "type": "Feature", "properties": { "particle": 985, "seed_idx": 49, "valid": true, "snap_water": false, "snap_m": 0.0 }, "geometry": { "type": "Point", "coordinates": [ -0.75539630651474, 5.201640605926514 ] } },
{ "type": "Feature", "properties": { "particle": 986, "seed_idx": 49, "valid": true, "snap_water": false, "snap_m": 0.0 }, "geometry": { "type": "Point", "coordinates": [ -0.756601691246033, 5.199437618255615 ] } },
{ "type": "Feature", "properties": { "particle": 987, "seed_idx": 49, "valid": true, "snap_water": false, "snap_m": 0.0 }, "geometry": { "type": "Point", "coordinates": [ -0.756597757339478, 5.200335502624512 ] } },
{ "type": "Feature", "properties": { "particle": 988, "seed_idx": 49, "valid": true, "snap_water": false, "snap_m": 0.0 }, "geometry": { "type": "Point", "coordinates": [ -0.755692601203918, 5.201379299163818 ] } },
{ "type": "Feature", "properties": { "particle": 989, "seed_idx": 49, "valid": true, "snap_water": false, "snap_m": 0.0 }, "geometry": { "type": "Point", "coordinates": [ -0.756039381027222, 5.201410293579102 ] } },
{ "type": "Feature", "properties": { "particle": 990, "seed_idx": 49, "valid": true, "snap_water": false, "snap_m": 0.0 }, "geometry": { "type": "Point", "coordinates": [ -0.75648295879364, 5.201064586639404 ] } },
{ "type": "Feature", "properties": { "particle": 991, "seed_idx": 49, "valid": true, "snap_water": false, "snap_m": 0.0 }, "geometry": { "type": "Point", "coordinates": [ -0.756278991699219, 5.201028823852539 ] } },
{ "type": "Feature", "properties": { "particle": 992, "seed_idx": 49, "valid": true, "snap_water": false, "snap_m": 0.0 }, "geometry": { "type": "Point", "coordinates": [ -0.756996750831604, 5.20012378692627 ] } },
{ "type": "Feature", "properties": { "particle": 993, "seed_idx": 49, "valid": true, "snap_water": false, "snap_m": 0.0 }, "geometry": { "type": "Point", "coordinates": [ -0.755457520484924, 5.201611518859863 ] } },
{ "type": "Feature", "properties": { "particle": 994, "seed_idx": 49, "valid": true, "snap_water": false, "snap_m": 0.0 }, "geometry": { "type": "Point", "coordinates": [ -0.756670236587524, 5.200263023376465 ] } },
{ "type": "Feature", "properties": { "particle": 995, "seed_idx": 49, "valid": true, "snap_water": false, "snap_m": 0.0 }, "geometry": { "type": "Point", "coordinates": [ -0.755144357681274, 5.201711654663086 ] } },
{ "type": "Feature", "properties": { "particle": 996, "seed_idx": 49, "valid": true, "snap_water": false, "snap_m": 0.0 }, "geometry": { "type": "Point", "coordinates": [ -0.756159901618958, 5.20058536529541 ] } },
{ "type": "Feature", "properties": { "particle": 997, "seed_idx": 49, "valid": true, "snap_water": false, "snap_m": 0.0 }, "geometry": { "type": "Point", "coordinates": [ -0.755214273929596, 5.201858520507812 ] } },
{ "type": "Feature", "properties": { "particle": 998, "seed_idx": 49, "valid": true, "snap_water": false, "snap_m": 0.0 }, "geometry": { "type": "Point", "coordinates": [ -0.756564676761627, 5.200390815734863 ] } },
{ "type": "Feature", "properties": { "particle": 999, "seed_idx": 49, "valid": true, "snap_water": false, "snap_m": 0.0 }, "geometry": { "type": "Point", "coordinates": [ -0.755334794521332, 5.201689720153809 ] } },
{ "type": "Feature", "properties": { "particle": 1000, "seed_idx": 50, "valid": true, "snap_water": false, "snap_m": 0.0 }, "geometry": { "type": "Point", "coordinates": [ -0.7555291056633, 5.219603061676025 ] } },
{ "type": "Feature", "properties": { "particle": 1001, "seed_idx": 50, "valid": true, "snap_water": false, "snap_m": 0.0 }, "geometry": { "type": "Point", "coordinates": [ -0.754195988178253, 5.220279693603516 ] } },
{ "type": "Feature", "properties": { "particle": 1002, "seed_idx": 50, "valid": true, "snap_water": false, "snap_m": 0.0 }, "geometry": { "type": "Point", "coordinates": [ -0.754881680011749, 5.220224380493164 ] } },
{ "type": "Feature", "properties": { "particle": 1003, "seed_idx": 50, "valid": true, "snap_water": false, "snap_m": 0.0 }, "geometry": { "type": "Point", "coordinates": [ -0.754714071750641, 5.220010280609131 ] } },
{ "type": "Feature", "properties": { "particle": 1004, "seed_idx": 50, "valid": true, "snap_water": false, "snap_m": 0.0 }, "geometry": { "type": "Point", "coordinates": [ -0.754933059215546, 5.219935417175293 ] } },
{ "type": "Feature", "properties": { "particle": 1005, "seed_idx": 50, "valid": true, "snap_water": false, "snap_m": 0.0 }, "geometry": { "type": "Point", "coordinates": [ -0.754820227622986, 5.219821453094482 ] } },
{ "type": "Feature", "properties": { "particle": 1006, "seed_idx": 50, "valid": true, "snap_water": false, "snap_m": 0.0 }, "geometry": { "type": "Point", "coordinates": [ -0.754701793193817, 5.220349788665771 ] } },
{ "type": "Feature", "properties": { "particle": 1007, "seed_idx": 50, "valid": true, "snap_water": false, "snap_m": 0.0 }, "geometry": { "type": "Point", "coordinates": [ -0.754631102085114, 5.220480442047119 ] } },
{ "type": "Feature", "properties": { "particle": 1008, "seed_idx": 50, "valid": true, "snap_water": false, "snap_m": 0.0 }, "geometry": { "type": "Point", "coordinates": [ -0.755070626735687, 5.220031261444092 ] } },
{ "type": "Feature", "properties": { "particle": 1009, "seed_idx": 50, "valid": true, "snap_water": false, "snap_m": 0.0 }, "geometry": { "type": "Point", "coordinates": [ -0.755704283714294, 5.219265937805176 ] } },
{ "type": "Feature", "properties": { "particle": 1010, "seed_idx": 50, "valid": true, "snap_water": false, "snap_m": 0.0 }, "geometry": { "type": "Point", "coordinates": [ -0.755346179008484, 5.220049858093262 ] } },
{ "type": "Feature", "properties": { "particle": 1011, "seed_idx": 50, "valid": true, "snap_water": false, "snap_m": 0.0 }, "geometry": { "type": "Point", "coordinates": [ -0.754834592342377, 5.220226764678955 ] } },
{ "type": "Feature", "properties": { "particle": 1012, "seed_idx": 50, "valid": true, "snap_water": false, "snap_m": 0.0 }, "geometry": { "type": "Point", "coordinates": [ -0.75516939163208, 5.219682693481445 ] } },
{ "type": "Feature", "properties": { "particle": 1013, "seed_idx": 50, "valid": true, "snap_water": false, "snap_m": 0.0 }, "geometry": { "type": "Point", "coordinates": [ -0.755204916000366, 5.220298290252686 ] } },
{ "type": "Feature", "properties": { "particle": 1014, "seed_idx": 50, "valid": true, "snap_water": false, "snap_m": 0.0 }, "geometry": { "type": "Point", "coordinates": [ -0.754413783550262, 5.220383167266846 ] } },
{ "type": "Feature", "properties": { "particle": 1015, "seed_idx": 50, "valid": true, "snap_water": false, "snap_m": 0.0 }, "geometry": { "type": "Point", "coordinates": [ -0.755407214164734, 5.219464778900146 ] } },
{ "type": "Feature", "properties": { "particle": 1016, "seed_idx": 50, "valid": true, "snap_water": false, "snap_m": 0.0 }, "geometry": { "type": "Point", "coordinates": [ -0.754168212413788, 5.220558643341064 ] } },
{ "type": "Feature", "properties": { "particle": 1017, "seed_idx": 50, "valid": true, "snap_water": false, "snap_m": 0.0 }, "geometry": { "type": "Point", "coordinates": [ -0.754438757896423, 5.220366477966309 ] } },
{ "type": "Feature", "properties": { "particle": 1018, "seed_idx": 50, "valid": true, "snap_water": false, "snap_m": 0.0 }, "geometry": { "type": "Point", "coordinates": [ -0.754691660404205, 5.220369338989258 ] } },
{ "type": "Feature", "properties": { "particle": 1019, "seed_idx": 50, "valid": true, "snap_water": false, "snap_m": 0.0 }, "geometry": { "type": "Point", "coordinates": [ -0.754175543785095, 5.220752239227295 ] } },
{ "type": "Feature", "properties": { "particle": 1020, "seed_idx": 51, "valid": true, "snap_water": false, "snap_m": 0.0 }, "geometry": { "type": "Point", "coordinates": [ -0.755036234855652, 5.215007781982422 ] } },
{ "type": "Feature", "properties": { "particle": 1021, "seed_idx": 51, "valid": true, "snap_water": false, "snap_m": 0.0 }, "geometry": { "type": "Point", "coordinates": [ -0.755316317081451, 5.214876174926758 ] } },
{ "type": "Feature", "properties": { "particle": 1022, "seed_idx": 51, "valid": true, "snap_water": false, "snap_m": 0.0 }, "geometry": { "type": "Point", "coordinates": [ -0.755040884017944, 5.215109825134277 ] } },
{ "type": "Feature", "properties": { "particle": 1023, "seed_idx": 51, "valid": true, "snap_water": false, "snap_m": 0.0 }, "geometry": { "type": "Point", "coordinates": [ -0.755577623844147, 5.214608192443848 ] } },
{ "type": "Feature", "properties": { "particle": 1024, "seed_idx": 51, "valid": true, "snap_water": false, "snap_m": 0.0 }, "geometry": { "type": "Point", "coordinates": [ -0.757312834262848, 5.212984561920166 ] } },
{ "type": "Feature", "properties": { "particle": 1025, "seed_idx": 51, "valid": true, "snap_water": false, "snap_m": 0.0 }, "geometry": { "type": "Point", "coordinates": [ -0.755167603492737, 5.214794635772705 ] } },
{ "type": "Feature", "properties": { "particle": 1026, "seed_idx": 51, "valid": true, "snap_water": false, "snap_m": 0.0 }, "geometry": { "type": "Point", "coordinates": [ -0.755309581756592, 5.214993953704834 ] } },
{ "type": "Feature", "properties": { "particle": 1027, "seed_idx": 51, "valid": true, "snap_water": false, "snap_m": 0.0 }, "geometry": { "type": "Point", "coordinates": [ -0.755178332328796, 5.21485710144043 ] } },
{ "type": "Feature", "properties": { "particle": 1028, "seed_idx": 51, "valid": true, "snap_water": false, "snap_m": 0.0 }, "geometry": { "type": "Point", "coordinates": [ -0.755503714084625, 5.214536666870117 ] } },
{ "type": "Feature", "properties": { "particle": 1029, "seed_idx": 51, "valid": true, "snap_water": false, "snap_m": 0.0 }, "geometry": { "type": "Point", "coordinates": [ -0.756067395210266, 5.214675903320312 ] } },
{ "type": "Feature", "properties": { "particle": 1030, "seed_idx": 51, "valid": true, "snap_water": false, "snap_m": 0.0 }, "geometry": { "type": "Point", "coordinates": [ -0.755118429660797, 5.214661598205566 ] } },
{ "type": "Feature", "properties": { "particle": 1031, "seed_idx": 51, "valid": true, "snap_water": false, "snap_m": 0.0 }, "geometry": { "type": "Point", "coordinates": [ -0.754705667495728, 5.215421676635742 ] } },
{ "type": "Feature", "properties": { "particle": 1032, "seed_idx": 51, "valid": true, "snap_water": false, "snap_m": 0.0 }, "geometry": { "type": "Point", "coordinates": [ -0.755027174949646, 5.2149658203125 ] } },
{ "type": "Feature", "properties": { "particle": 1033, "seed_idx": 51, "valid": true, "snap_water": false, "snap_m": 0.0 }, "geometry": { "type": "Point", "coordinates": [ -0.75589644908905, 5.214051723480225 ] } },
{ "type": "Feature", "properties": { "particle": 1034, "seed_idx": 51, "valid": true, "snap_water": false, "snap_m": 0.0 }, "geometry": { "type": "Point", "coordinates": [ -0.756167769432068, 5.21441650390625 ] } },
{ "type": "Feature", "properties": { "particle": 1035, "seed_idx": 51, "valid": true, "snap_water": false, "snap_m": 0.0 }, "geometry": { "type": "Point", "coordinates": [ -0.755707383155823, 5.214647769927979 ] } },
{ "type": "Feature", "properties": { "particle": 1036, "seed_idx": 51, "valid": true, "snap_water": false, "snap_m": 0.0 }, "geometry": { "type": "Point", "coordinates": [ -0.755766034126282, 5.214583873748779 ] } },
{ "type": "Feature", "properties": { "particle": 1037, "seed_idx": 51, "valid": true, "snap_water": false, "snap_m": 0.0 }, "geometry": { "type": "Point", "coordinates": [ -0.755001664161682, 5.215165615081787 ] } },
{ "type": "Feature", "properties": { "particle": 1038, "seed_idx": 51, "valid": true, "snap_water": false, "snap_m": 0.0 }, "geometry": { "type": "Point", "coordinates": [ -0.755657076835632, 5.214284896850586 ] } },
{ "type": "Feature", "properties": { "particle": 1039, "seed_idx": 51, "valid": true, "snap_water": false, "snap_m": 0.0 }, "geometry": { "type": "Point", "coordinates": [ -0.754867017269135, 5.215408325195312 ] } },
{ "type": "Feature", "properties": { "particle": 1040, "seed_idx": 52, "valid": true, "snap_water": false, "snap_m": 0.0 }, "geometry": { "type": "Point", "coordinates": [ -0.751399517059326, 5.230234146118164 ] } },
{ "type": "Feature", "properties": { "particle": 1041, "seed_idx": 52, "valid": true, "snap_water": false, "snap_m": 0.0 }, "geometry": { "type": "Point", "coordinates": [ -0.751250982284546, 5.230430126190186 ] } },
{ "type": "Feature", "properties": { "particle": 1042, "seed_idx": 52, "valid": true, "snap_water": false, "snap_m": 0.0 }, "geometry": { "type": "Point", "coordinates": [ -0.751799166202545, 5.230474472045898 ] } },
{ "type": "Feature", "properties": { "particle": 1043, "seed_idx": 52, "valid": true, "snap_water": false, "snap_m": 0.0 }, "geometry": { "type": "Point", "coordinates": [ -0.751984894275665, 5.230049610137939 ] } },
{ "type": "Feature", "properties": { "particle": 1044, "seed_idx": 52, "valid": true, "snap_water": false, "snap_m": 0.0 }, "geometry": { "type": "Point", "coordinates": [ -0.751408517360687, 5.230379581451416 ] } },
{ "type": "Feature", "properties": { "particle": 1045, "seed_idx": 52, "valid": true, "snap_water": false, "snap_m": 0.0 }, "geometry": { "type": "Point", "coordinates": [ -0.751855254173279, 5.229817390441895 ] } },
{ "type": "Feature", "properties": { "particle": 1046, "seed_idx": 52, "valid": true, "snap_water": false, "snap_m": 0.0 }, "geometry": { "type": "Point", "coordinates": [ -0.75245589017868, 5.229020595550537 ] } },
{ "type": "Feature", "properties": { "particle": 1047, "seed_idx": 52, "valid": true, "snap_water": false, "snap_m": 0.0 }, "geometry": { "type": "Point", "coordinates": [ -0.751178860664368, 5.230393409729004 ] } },
{ "type": "Feature", "properties": { "particle": 1048, "seed_idx": 52, "valid": true, "snap_water": false, "snap_m": 0.0 }, "geometry": { "type": "Point", "coordinates": [ -0.752642393112183, 5.229999542236328 ] } },
{ "type": "Feature", "properties": { "particle": 1049, "seed_idx": 52, "valid": true, "snap_water": false, "snap_m": 0.0 }, "geometry": { "type": "Point", "coordinates": [ -0.752317786216736, 5.229790687561035 ] } },
{ "type": "Feature", "properties": { "particle": 1050, "seed_idx": 52, "valid": true, "snap_water": false, "snap_m": 0.0 }, "geometry": { "type": "Point", "coordinates": [ -0.75111722946167, 5.230692863464355 ] } },
{ "type": "Feature", "properties": { "particle": 1051, "seed_idx": 52, "valid": true, "snap_water": false, "snap_m": 0.0 }, "geometry": { "type": "Point", "coordinates": [ -0.750970363616943, 5.230841636657715 ] } },
{ "type": "Feature", "properties": { "particle": 1052, "seed_idx": 52, "valid": true, "snap_water": false, "snap_m": 0.0 }, "geometry": { "type": "Point", "coordinates": [ -0.752323687076569, 5.229236602783203 ] } },
{ "type": "Feature", "properties": { "particle": 1053, "seed_idx": 52, "valid": true, "snap_water": false, "snap_m": 0.0 }, "geometry": { "type": "Point", "coordinates": [ -0.751855969429016, 5.230459690093994 ] } },
{ "type": "Feature", "properties": { "particle": 1054, "seed_idx": 52, "valid": true, "snap_water": false, "snap_m": 0.0 }, "geometry": { "type": "Point", "coordinates": [ -0.751808822154999, 5.229937076568604 ] } },
{ "type": "Feature", "properties": { "particle": 1055, "seed_idx": 52, "valid": true, "snap_water": false, "snap_m": 0.0 }, "geometry": { "type": "Point", "coordinates": [ -0.75223171710968, 5.229586124420166 ] } },
{ "type": "Feature", "properties": { "particle": 1056, "seed_idx": 52, "valid": true, "snap_water": false, "snap_m": 0.0 }, "geometry": { "type": "Point", "coordinates": [ -0.751154780387878, 5.230412006378174 ] } },
{ "type": "Feature", "properties": { "particle": 1057, "seed_idx": 52, "valid": true, "snap_water": false, "snap_m": 0.0 }, "geometry": { "type": "Point", "coordinates": [ -0.751563787460327, 5.230058193206787 ] } },
{ "type": "Feature", "properties": { "particle": 1058, "seed_idx": 52, "valid": true, "snap_water": false, "snap_m": 0.0 }, "geometry": { "type": "Point", "coordinates": [ -0.751799821853638, 5.229849815368652 ] } },
{ "type": "Feature", "properties": { "particle": 1059, "seed_idx": 52, "valid": true, "snap_water": false, "snap_m": 0.0 }, "geometry": { "type": "Point", "coordinates": [ -0.751743912696838, 5.229602813720703 ] } },
{ "type": "Feature", "properties": { "particle": 1060, "seed_idx": 53, "valid": true, "snap_water": false, "snap_m": 0.0 }, "geometry": { "type": "Point", "coordinates": [ -0.752971649169922, 5.224178314208984 ] } },
{ "type": "Feature", "properties": { "particle": 1061, "seed_idx": 53, "valid": true, "snap_water": false, "snap_m": 0.0 }, "geometry": { "type": "Point", "coordinates": [ -0.751696407794952, 5.225148677825928 ] } },
{ "type": "Feature", "properties": { "particle": 1062, "seed_idx": 53, "valid": true, "snap_water": false, "snap_m": 0.0 }, "geometry": { "type": "Point", "coordinates": [ -0.751616418361664, 5.225378513336182 ] } },
{ "type": "Feature", "properties": { "particle": 1063, "seed_idx": 53, "valid": true, "snap_water": false, "snap_m": 0.0 }, "geometry": { "type": "Point", "coordinates": [ -0.751909613609314, 5.22536039352417 ] } },
{ "type": "Feature", "properties": { "particle": 1064, "seed_idx": 53, "valid": true, "snap_water": false, "snap_m": 0.0 }, "geometry": { "type": "Point", "coordinates": [ -0.752322673797607, 5.224597930908203 ] } },
{ "type": "Feature", "properties": { "particle": 1065, "seed_idx": 53, "valid": true, "snap_water": false, "snap_m": 0.0 }, "geometry": { "type": "Point", "coordinates": [ -0.7525674700737, 5.224419593811035 ] } },
{ "type": "Feature", "properties": { "particle": 1066, "seed_idx": 53, "valid": true, "snap_water": false, "snap_m": 0.0 }, "geometry": { "type": "Point", "coordinates": [ -0.752022981643677, 5.225341320037842 ] } },
{ "type": "Feature", "properties": { "particle": 1067, "seed_idx": 53, "valid": true, "snap_water": false, "snap_m": 0.0 }, "geometry": { "type": "Point", "coordinates": [ -0.751886546611786, 5.225191116333008 ] } },
{ "type": "Feature", "properties": { "particle": 1068, "seed_idx": 53, "valid": true, "snap_water": false, "snap_m": 0.0 }, "geometry": { "type": "Point", "coordinates": [ -0.752696454524994, 5.22486686706543 ] } },
{ "type": "Feature", "properties": { "particle": 1069, "seed_idx": 53, "valid": true, "snap_water": false, "snap_m": 0.0 }, "geometry": { "type": "Point", "coordinates": [ -0.751833200454712, 5.225374698638916 ] } },
{ "type": "Feature", "properties": { "particle": 1070, "seed_idx": 53, "valid": true, "snap_water": false, "snap_m": 0.0 }, "geometry": { "type": "Point", "coordinates": [ -0.752114653587341, 5.224568367004395 ] } },
{ "type": "Feature", "properties": { "particle": 1071, "seed_idx": 53, "valid": true, "snap_water": false, "snap_m": 0.0 }, "geometry": { "type": "Point", "coordinates": [ -0.751914620399475, 5.225230693817139 ] } },
{ "type": "Feature", "properties": { "particle": 1072, "seed_idx": 53, "valid": true, "snap_water": false, "snap_m": 0.0 }, "geometry": { "type": "Point", "coordinates": [ -0.751506805419922, 5.225554466247559 ] } },
{ "type": "Feature", "properties": { "particle": 1073, "seed_idx": 53, "valid": true, "snap_water": false, "snap_m": 0.0 }, "geometry": { "type": "Point", "coordinates": [ -0.752046883106232, 5.224956035614014 ] } },
{ "type": "Feature", "properties": { "particle": 1074, "seed_idx": 53, "valid": true, "snap_water": false, "snap_m": 0.0 }, "geometry": { "type": "Point", "coordinates": [ -0.752677857875824, 5.224475860595703 ] } },
{ "type": "Feature", "properties": { "particle": 1075, "seed_idx": 53, "valid": true, "snap_water": false, "snap_m": 0.0 }, "geometry": { "type": "Point", "coordinates": [ -0.754382967948914, 5.223262310028076 ] } },
{ "type": "Feature", "properties": { "particle": 1076, "seed_idx": 53, "valid": true, "snap_water": false, "snap_m": 0.0 }, "geometry": { "type": "Point", "coordinates": [ -0.75178200006485, 5.22490119934082 ] } },
{ "type": "Feature", "properties": { "particle": 1077, "seed_idx": 53, "valid": true, "snap_water": false, "snap_m": 0.0 }, "geometry": { "type": "Point", "coordinates": [ -0.751908600330353, 5.225170612335205 ] } },
{ "type": "Feature", "properties": { "particle": 1078, "seed_idx": 53, "valid": true, "snap_water": false, "snap_m": 0.0 }, "geometry": { "type": "Point", "coordinates": [ -0.751703321933746, 5.225512027740479 ] } },
{ "type": "Feature", "properties": { "particle": 1079, "seed_idx": 53, "valid": true, "snap_water": false, "snap_m": 0.0 }, "geometry": { "type": "Point", "coordinates": [ -0.751601815223694, 5.225376129150391 ] } },
{ "type": "Feature", "properties": { "particle": 1080, "seed_idx": 54, "valid": true, "snap_water": false, "snap_m": 0.0 }, "geometry": { "type": "Point", "coordinates": [ -0.681239664554596, 5.311573505401611 ] } },
{ "type": "Feature", "properties": { "particle": 1081, "seed_idx": 54, "valid": true, "snap_water": false, "snap_m": 0.0 }, "geometry": { "type": "Point", "coordinates": [ -0.681563377380371, 5.311824321746826 ] } },
{ "type": "Feature", "properties": { "particle": 1082, "seed_idx": 54, "valid": true, "snap_water": false, "snap_m": 0.0 }, "geometry": { "type": "Point", "coordinates": [ -0.68107533454895, 5.312321186065674 ] } },
{ "type": "Feature", "properties": { "particle": 1083, "seed_idx": 54, "valid": true, "snap_water": false, "snap_m": 0.0 }, "geometry": { "type": "Point", "coordinates": [ -0.67997682094574, 5.312679290771484 ] } },
{ "type": "Feature", "properties": { "particle": 1084, "seed_idx": 54, "valid": true, "snap_water": false, "snap_m": 0.0 }, "geometry": { "type": "Point", "coordinates": [ -0.680717706680298, 5.312010765075684 ] } },
{ "type": "Feature", "properties": { "particle": 1085, "seed_idx": 54, "valid": true, "snap_water": false, "snap_m": 0.0 }, "geometry": { "type": "Point", "coordinates": [ -0.680370986461639, 5.312125682830811 ] } },
{ "type": "Feature", "properties": { "particle": 1086, "seed_idx": 54, "valid": true, "snap_water": false, "snap_m": 0.0 }, "geometry": { "type": "Point", "coordinates": [ -0.680765450000763, 5.312270641326904 ] } },
{ "type": "Feature", "properties": { "particle": 1087, "seed_idx": 54, "valid": true, "snap_water": false, "snap_m": 0.0 }, "geometry": { "type": "Point", "coordinates": [ -0.681886374950409, 5.311866283416748 ] } },
{ "type": "Feature", "properties": { "particle": 1088, "seed_idx": 54, "valid": true, "snap_water": false, "snap_m": 0.0 }, "geometry": { "type": "Point", "coordinates": [ -0.681380391120911, 5.311986923217773 ] } },
{ "type": "Feature", "properties": { "particle": 1089, "seed_idx": 54, "valid": true, "snap_water": false, "snap_m": 0.0 }, "geometry": { "type": "Point", "coordinates": [ -0.681792974472046, 5.31118631362915 ] } },
{ "type": "Feature", "properties": { "particle": 1090, "seed_idx": 54, "valid": true, "snap_water": false, "snap_m": 0.0 }, "geometry": { "type": "Point", "coordinates": [ -0.680376648902893, 5.31203031539917 ] } },
{ "type": "Feature", "properties": { "particle": 1091, "seed_idx": 54, "valid": true, "snap_water": false, "snap_m": 0.0 }, "geometry": { "type": "Point", "coordinates": [ -0.679960668087006, 5.312831878662109 ] } },
{ "type": "Feature", "properties": { "particle": 1092, "seed_idx": 54, "valid": true, "snap_water": false, "snap_m": 0.0 }, "geometry": { "type": "Point", "coordinates": [ -0.680379033088684, 5.312416076660156 ] } },
{ "type": "Feature", "properties": { "particle": 1093, "seed_idx": 54, "valid": true, "snap_water": false, "snap_m": 0.0 }, "geometry": { "type": "Point", "coordinates": [ -0.680155873298645, 5.312479496002197 ] } },
{ "type": "Feature", "properties": { "particle": 1094, "seed_idx": 54, "valid": true, "snap_water": false, "snap_m": 0.0 }, "geometry": { "type": "Point", "coordinates": [ -0.681512355804443, 5.31179666519165 ] } },
{ "type": "Feature", "properties": { "particle": 1095, "seed_idx": 54, "valid": true, "snap_water": false, "snap_m": 0.0 }, "geometry": { "type": "Point", "coordinates": [ -0.680322825908661, 5.31257963180542 ] } },
{ "type": "Feature", "properties": { "particle": 1096, "seed_idx": 54, "valid": true, "snap_water": false, "snap_m": 0.0 }, "geometry": { "type": "Point", "coordinates": [ -0.680472791194916, 5.312444686889648 ] } },
{ "type": "Feature", "properties": { "particle": 1097, "seed_idx": 54, "valid": true, "snap_water": false, "snap_m": 0.0 }, "geometry": { "type": "Point", "coordinates": [ -0.681216597557068, 5.312045574188232 ] } },
{ "type": "Feature", "properties": { "particle": 1098, "seed_idx": 54, "valid": true, "snap_water": false, "snap_m": 0.0 }, "geometry": { "type": "Point", "coordinates": [ -0.68099570274353, 5.311991214752197 ] } },
{ "type": "Feature", "properties": { "particle": 1099, "seed_idx": 54, "valid": true, "snap_water": false, "snap_m": 0.0 }, "geometry": { "type": "Point", "coordinates": [ -0.679823338985443, 5.312705993652344 ] } },
{ "type": "Feature", "properties": { "particle": 1100, "seed_idx": 55, "valid": true, "snap_water": false, "snap_m": 0.0 }, "geometry": { "type": "Point", "coordinates": [ -0.684912979602814, 5.311355113983154 ] } },
{ "type": "Feature", "properties": { "particle": 1101, "seed_idx": 55, "valid": true, "snap_water": false, "snap_m": 0.0 }, "geometry": { "type": "Point", "coordinates": [ -0.685349583625793, 5.311523914337158 ] } },
{ "type": "Feature", "properties": { "particle": 1102, "seed_idx": 55, "valid": true, "snap_water": false, "snap_m": 0.0 }, "geometry": { "type": "Point", "coordinates": [ -0.686401844024658, 5.309709072113037 ] } },
{ "type": "Feature", "properties": { "particle": 1103, "seed_idx": 55, "valid": true, "snap_water": false, "snap_m": 0.0 }, "geometry": { "type": "Point", "coordinates": [ -0.686008930206299, 5.310638904571533 ] } },
{ "type": "Feature", "properties": { "particle": 1104, "seed_idx": 55, "valid": true, "snap_water": false, "snap_m": 0.0 }, "geometry": { "type": "Point", "coordinates": [ -0.685774862766266, 5.310049057006836 ] } },
{ "type": "Feature", "properties": { "particle": 1105, "seed_idx": 55, "valid": true, "snap_water": false, "snap_m": 0.0 }, "geometry": { "type": "Point", "coordinates": [ -0.684895038604736, 5.311598777770996 ] } },
{ "type": "Feature", "properties": { "particle": 1106, "seed_idx": 55, "valid": true, "snap_water": false, "snap_m": 0.0 }, "geometry": { "type": "Point", "coordinates": [ -0.685723066329956, 5.31116247177124 ] } },
{ "type": "Feature", "properties": { "particle": 1107, "seed_idx": 55, "valid": true, "snap_water": false, "snap_m": 0.0 }, "geometry": { "type": "Point", "coordinates": [ -0.685945510864258, 5.310668468475342 ] } },
{ "type": "Feature", "properties": { "particle": 1108, "seed_idx": 55, "valid": true, "snap_water": false, "snap_m": 0.0 }, "geometry": { "type": "Point", "coordinates": [ -0.686094760894775, 5.310495376586914 ] } },
{ "type": "Feature", "properties": { "particle": 1109, "seed_idx": 55, "valid": true, "snap_water": false, "snap_m": 0.0 }, "geometry": { "type": "Point", "coordinates": [ -0.684767723083496, 5.311446666717529 ] } },
{ "type": "Feature", "properties": { "particle": 1110, "seed_idx": 55, "valid": true, "snap_water": false, "snap_m": 0.0 }, "geometry": { "type": "Point", "coordinates": [ -0.685175716876984, 5.311381340026855 ] } },
{ "type": "Feature", "properties": { "particle": 1111, "seed_idx": 55, "valid": true, "snap_water": false, "snap_m": 0.0 }, "geometry": { "type": "Point", "coordinates": [ -0.685627579689026, 5.311477661132812 ] } },
{ "type": "Feature", "properties": { "particle": 1112, "seed_idx": 55, "valid": true, "snap_water": false, "snap_m": 0.0 }, "geometry": { "type": "Point", "coordinates": [ -0.685286641120911, 5.311012744903564 ] } },
{ "type": "Feature", "properties": { "particle": 1113, "seed_idx": 55, "valid": true, "snap_water": false, "snap_m": 0.0 }, "geometry": { "type": "Point", "coordinates": [ -0.684779644012451, 5.311481475830078 ] } },
{ "type": "Feature", "properties": { "particle": 1114, "seed_idx": 55, "valid": true, "snap_water": false, "snap_m": 0.0 }, "geometry": { "type": "Point", "coordinates": [ -0.684738278388977, 5.311273574829102 ] } },
{ "type": "Feature", "properties": { "particle": 1115, "seed_idx": 55, "valid": true, "snap_water": false, "snap_m": 0.0 }, "geometry": { "type": "Point", "coordinates": [ -0.685147106647491, 5.310966491699219 ] } },
{ "type": "Feature", "properties": { "particle": 1116, "seed_idx": 55, "valid": true, "snap_water": false, "snap_m": 0.0 }, "geometry": { "type": "Point", "coordinates": [ -0.685000717639923, 5.311647891998291 ] } },
{ "type": "Feature", "properties": { "particle": 1117, "seed_idx": 55, "valid": true, "snap_water": false, "snap_m": 0.0 }, "geometry": { "type": "Point", "coordinates": [ -0.686335563659668, 5.310834884643555 ] } },
{ "type": "Feature", "properties": { "particle": 1118, "seed_idx": 55, "valid": true, "snap_water": false, "snap_m": 0.0 }, "geometry": { "type": "Point", "coordinates": [ -0.685999691486359, 5.310792922973633 ] } },
{ "type": "Feature", "properties": { "particle": 1119, "seed_idx": 55, "valid": true, "snap_water": false, "snap_m": 0.0 }, "geometry": { "type": "Point", "coordinates": [ -0.686380088329315, 5.31032133102417 ] } },
{ "type": "Feature", "properties": { "particle": 1120, "seed_idx": 56, "valid": true, "snap_water": false, "snap_m": 0.0 }, "geometry": { "type": "Point", "coordinates": [ -0.688546240329742, 5.307974815368652 ] } },
{ "type": "Feature", "properties": { "particle": 1121, "seed_idx": 56, "valid": true, "snap_water": false, "snap_m": 0.0 }, "geometry": { "type": "Point", "coordinates": [ -0.688252329826355, 5.308475971221924 ] } },
{ "type": "Feature", "properties": { "particle": 1122, "seed_idx": 56, "valid": true, "snap_water": false, "snap_m": 0.0 }, "geometry": { "type": "Point", "coordinates": [ -0.688484251499176, 5.308502197265625 ] } },
{ "type": "Feature", "properties": { "particle": 1123, "seed_idx": 56, "valid": true, "snap_water": false, "snap_m": 0.0 }, "geometry": { "type": "Point", "coordinates": [ -0.68913334608078, 5.30707311630249 ] } },
{ "type": "Feature", "properties": { "particle": 1124, "seed_idx": 56, "valid": true, "snap_water": false, "snap_m": 0.0 }, "geometry": { "type": "Point", "coordinates": [ -0.687982678413391, 5.308628082275391 ] } },
{ "type": "Feature", "properties": { "particle": 1125, "seed_idx": 56, "valid": true, "snap_water": false, "snap_m": 0.0 }, "geometry": { "type": "Point", "coordinates": [ -0.688441276550293, 5.30810546875 ] } },
{ "type": "Feature", "properties": { "particle": 1126, "seed_idx": 56, "valid": true, "snap_water": false, "snap_m": 0.0 }, "geometry": { "type": "Point", "coordinates": [ -0.688949882984161, 5.30836820602417 ] } },
{ "type": "Feature", "properties": { "particle": 1127, "seed_idx": 56, "valid": true, "snap_water": false, "snap_m": 0.0 }, "geometry": { "type": "Point", "coordinates": [ -0.688584387302399, 5.308103084564209 ] } },
{ "type": "Feature", "properties": { "particle": 1128, "seed_idx": 56, "valid": true, "snap_water": false, "snap_m": 0.0 }, "geometry": { "type": "Point", "coordinates": [ -0.687669098377228, 5.308913230895996 ] } },
{ "type": "Feature", "properties": { "particle": 1129, "seed_idx": 56, "valid": true, "snap_water": false, "snap_m": 0.0 }, "geometry": { "type": "Point", "coordinates": [ -0.687625527381897, 5.308894634246826 ] } },
{ "type": "Feature", "properties": { "particle": 1130, "seed_idx": 56, "valid": true, "snap_water": false, "snap_m": 0.0 }, "geometry": { "type": "Point", "coordinates": [ -0.687900543212891, 5.309090614318848 ] } },
{ "type": "Feature", "properties": { "particle": 1131, "seed_idx": 56, "valid": true, "snap_water": false, "snap_m": 0.0 }, "geometry": { "type": "Point", "coordinates": [ -0.687710523605347, 5.308894634246826 ] } },
{ "type": "Feature", "properties": { "particle": 1132, "seed_idx": 56, "valid": true, "snap_water": false, "snap_m": 0.0 }, "geometry": { "type": "Point", "coordinates": [ -0.688145220279694, 5.3086256980896 ] } },
{ "type": "Feature", "properties": { "particle": 1133, "seed_idx": 56, "valid": true, "snap_water": false, "snap_m": 0.0 }, "geometry": { "type": "Point", "coordinates": [ -0.688779413700104, 5.308216571807861 ] } },
{ "type": "Feature", "properties": { "particle": 1134, "seed_idx": 56, "valid": true, "snap_water": false, "snap_m": 0.0 }, "geometry": { "type": "Point", "coordinates": [ -0.688894629478455, 5.307728290557861 ] } },
{ "type": "Feature", "properties": { "particle": 1135, "seed_idx": 56, "valid": true, "snap_water": false, "snap_m": 0.0 }, "geometry": { "type": "Point", "coordinates": [ -0.688487470149994, 5.308286190032959 ] } },
{ "type": "Feature", "properties": { "particle": 1136, "seed_idx": 56, "valid": true, "snap_water": false, "snap_m": 0.0 }, "geometry": { "type": "Point", "coordinates": [ -0.689075231552124, 5.307973861694336 ] } },
{ "type": "Feature", "properties": { "particle": 1137, "seed_idx": 56, "valid": true, "snap_water": false, "snap_m": 0.0 }, "geometry": { "type": "Point", "coordinates": [ -0.688897013664246, 5.308473110198975 ] } },
{ "type": "Feature", "properties": { "particle": 1138, "seed_idx": 56, "valid": true, "snap_water": false, "snap_m": 0.0 }, "geometry": { "type": "Point", "coordinates": [ -0.68895024061203, 5.307929039001465 ] } },
{ "type": "Feature", "properties": { "particle": 1139, "seed_idx": 56, "valid": true, "snap_water": false, "snap_m": 0.0 }, "geometry": { "type": "Point", "coordinates": [ -0.687396824359894, 5.30907154083252 ] } },
{ "type": "Feature", "properties": { "particle": 1140, "seed_idx": 57, "valid": true, "snap_water": false, "snap_m": 0.0 }, "geometry": { "type": "Point", "coordinates": [ -0.671893119812012, 5.317984104156494 ] } },
{ "type": "Feature", "properties": { "particle": 1141, "seed_idx": 57, "valid": true, "snap_water": false, "snap_m": 0.0 }, "geometry": { "type": "Point", "coordinates": [ -0.672611594200134, 5.317496299743652 ] } },
{ "type": "Feature", "properties": { "particle": 1142, "seed_idx": 57, "valid": true, "snap_water": false, "snap_m": 0.0 }, "geometry": { "type": "Point", "coordinates": [ -0.673492252826691, 5.316857814788818 ] } },
{ "type": "Feature", "properties": { "particle": 1143, "seed_idx": 57, "valid": true, "snap_water": false, "snap_m": 0.0 }, "geometry": { "type": "Point", "coordinates": [ -0.672563672065735, 5.31784200668335 ] } },
{ "type": "Feature", "properties": { "particle": 1144, "seed_idx": 57, "valid": true, "snap_water": false, "snap_m": 0.0 }, "geometry": { "type": "Point", "coordinates": [ -0.673438489437103, 5.317213535308838 ] } },
{ "type": "Feature", "properties": { "particle": 1145, "seed_idx": 57, "valid": true, "snap_water": false, "snap_m": 0.0 }, "geometry": { "type": "Point", "coordinates": [ -0.672160983085632, 5.317968368530273 ] } },
{ "type": "Feature", "properties": { "particle": 1146, "seed_idx": 57, "valid": true, "snap_water": false, "snap_m": 0.0 }, "geometry": { "type": "Point", "coordinates": [ -0.673124194145203, 5.316868305206299 ] } },
{ "type": "Feature", "properties": { "particle": 1147, "seed_idx": 57, "valid": true, "snap_water": false, "snap_m": 0.0 }, "geometry": { "type": "Point", "coordinates": [ -0.672041237354279, 5.317859172821045 ] } },
{ "type": "Feature", "properties": { "particle": 1148, "seed_idx": 57, "valid": true, "snap_water": false, "snap_m": 0.0 }, "geometry": { "type": "Point", "coordinates": [ -0.67359983921051, 5.316473007202148 ] } },
{ "type": "Feature", "properties": { "particle": 1149, "seed_idx": 57, "valid": true, "snap_water": false, "snap_m": 0.0 }, "geometry": { "type": "Point", "coordinates": [ -0.672533869743347, 5.317724704742432 ] } },
{ "type": "Feature", "properties": { "particle": 1150, "seed_idx": 57, "valid": true, "snap_water": false, "snap_m": 0.0 }, "geometry": { "type": "Point", "coordinates": [ -0.672448575496674, 5.317302227020264 ] } },
{ "type": "Feature", "properties": { "particle": 1151, "seed_idx": 57, "valid": true, "snap_water": false, "snap_m": 0.0 }, "geometry": { "type": "Point", "coordinates": [ -0.67175829410553, 5.318161010742188 ] } },
{ "type": "Feature", "properties": { "particle": 1152, "seed_idx": 57, "valid": true, "snap_water": false, "snap_m": 0.0 }, "geometry": { "type": "Point", "coordinates": [ -0.672261953353882, 5.317460060119629 ] } },
{ "type": "Feature", "properties": { "particle": 1153, "seed_idx": 57, "valid": true, "snap_water": false, "snap_m": 0.0 }, "geometry": { "type": "Point", "coordinates": [ -0.67213374376297, 5.31754732131958 ] } },
{ "type": "Feature", "properties": { "particle": 1154, "seed_idx": 57, "valid": true, "snap_water": false, "snap_m": 0.0 }, "geometry": { "type": "Point", "coordinates": [ -0.673932194709778, 5.315969944000244 ] } },
{ "type": "Feature", "properties": { "particle": 1155, "seed_idx": 57, "valid": true, "snap_water": false, "snap_m": 0.0 }, "geometry": { "type": "Point", "coordinates": [ -0.673996984958649, 5.317130565643311 ] } },
{ "type": "Feature", "properties": { "particle": 1156, "seed_idx": 57, "valid": true, "snap_water": false, "snap_m": 0.0 }, "geometry": { "type": "Point", "coordinates": [ -0.672713279724121, 5.317150115966797 ] } },
{ "type": "Feature", "properties": { "particle": 1157, "seed_idx": 57, "valid": true, "snap_water": false, "snap_m": 0.0 }, "geometry": { "type": "Point", "coordinates": [ -0.672666013240814, 5.316885471343994 ] } },
{ "type": "Feature", "properties": { "particle": 1158, "seed_idx": 57, "valid": true, "snap_water": false, "snap_m": 0.0 }, "geometry": { "type": "Point", "coordinates": [ -0.671956121921539, 5.317814350128174 ] } },
{ "type": "Feature", "properties": { "particle": 1159, "seed_idx": 57, "valid": true, "snap_water": false, "snap_m": 0.0 }, "geometry": { "type": "Point", "coordinates": [ -0.672488570213318, 5.317832469940186 ] } },
{ "type": "Feature", "properties": { "particle": 1160, "seed_idx": 58, "valid": true, "snap_water": false, "snap_m": 0.0 }, "geometry": { "type": "Point", "coordinates": [ -0.672639966011047, 5.319020748138428 ] } },
{ "type": "Feature", "properties": { "particle": 1161, "seed_idx": 58, "valid": true, "snap_water": false, "snap_m": 0.0 }, "geometry": { "type": "Point", "coordinates": [ -0.671822190284729, 5.319307804107666 ] } },
{ "type": "Feature", "properties": { "particle": 1162, "seed_idx": 58, "valid": true, "snap_water": false, "snap_m": 0.0 }, "geometry": { "type": "Point", "coordinates": [ -0.672092854976654, 5.318906784057617 ] } },
{ "type": "Feature", "properties": { "particle": 1163, "seed_idx": 58, "valid": true, "snap_water": false, "snap_m": 0.0 }, "geometry": { "type": "Point", "coordinates": [ -0.673052906990051, 5.318019866943359 ] } },
{ "type": "Feature", "properties": { "particle": 1164, "seed_idx": 58, "valid": true, "snap_water": false, "snap_m": 0.0 }, "geometry": { "type": "Point", "coordinates": [ -0.672614097595215, 5.318368911743164 ] } },
{ "type": "Feature", "properties": { "particle": 1165, "seed_idx": 58, "valid": true, "snap_water": false, "snap_m": 0.0 }, "geometry": { "type": "Point", "coordinates": [ -0.673583924770355, 5.318561553955078 ] } },
{ "type": "Feature", "properties": { "particle": 1166, "seed_idx": 58, "valid": true, "snap_water": false, "snap_m": 0.0 }, "geometry": { "type": "Point", "coordinates": [ -0.67244678735733, 5.318892478942871 ] } },
{ "type": "Feature", "properties": { "particle": 1167, "seed_idx": 58, "valid": true, "snap_water": false, "snap_m": 0.0 }, "geometry": { "type": "Point", "coordinates": [ -0.673178493976593, 5.318670272827148 ] } },
{ "type": "Feature", "properties": { "particle": 1168, "seed_idx": 58, "valid": true, "snap_water": false, "snap_m": 0.0 }, "geometry": { "type": "Point", "coordinates": [ -0.672508299350739, 5.31842041015625 ] } },
{ "type": "Feature", "properties": { "particle": 1169, "seed_idx": 58, "valid": true, "snap_water": false, "snap_m": 0.0 }, "geometry": { "type": "Point", "coordinates": [ -0.672360479831696, 5.318778038024902 ] } },
{ "type": "Feature", "properties": { "particle": 1170, "seed_idx": 58, "valid": true, "snap_water": false, "snap_m": 0.0 }, "geometry": { "type": "Point", "coordinates": [ -0.671962678432465, 5.319228172302246 ] } },
{ "type": "Feature", "properties": { "particle": 1171, "seed_idx": 58, "valid": true, "snap_water": false, "snap_m": 0.0 }, "geometry": { "type": "Point", "coordinates": [ -0.673419892787933, 5.318262577056885 ] } },
{ "type": "Feature", "properties": { "particle": 1172, "seed_idx": 58, "valid": true, "snap_water": false, "snap_m": 0.0 }, "geometry": { "type": "Point", "coordinates": [ -0.672410547733307, 5.319262027740479 ] } },
{ "type": "Feature", "properties": { "particle": 1173, "seed_idx": 58, "valid": true, "snap_water": false, "snap_m": 0.0 }, "geometry": { "type": "Point", "coordinates": [ -0.672142863273621, 5.31926155090332 ] } },
{ "type": "Feature", "properties": { "particle": 1174, "seed_idx": 58, "valid": true, "snap_water": false, "snap_m": 0.0 }, "geometry": { "type": "Point", "coordinates": [ -0.672677397727966, 5.318964004516602 ] } },
{ "type": "Feature", "properties": { "particle": 1175, "seed_idx": 58, "valid": true, "snap_water": false, "snap_m": 0.0 }, "geometry": { "type": "Point", "coordinates": [ -0.67360132932663, 5.317914962768555 ] } },
{ "type": "Feature", "properties": { "particle": 1176, "seed_idx": 58, "valid": true, "snap_water": false, "snap_m": 0.0 }, "geometry": { "type": "Point", "coordinates": [ -0.672061085700989, 5.319023132324219 ] } },
{ "type": "Feature", "properties": { "particle": 1177, "seed_idx": 58, "valid": true, "snap_water": false, "snap_m": 0.0 }, "geometry": { "type": "Point", "coordinates": [ -0.672163248062134, 5.318754196166992 ] } },
{ "type": "Feature", "properties": { "particle": 1178, "seed_idx": 58, "valid": true, "snap_water": false, "snap_m": 0.0 }, "geometry": { "type": "Point", "coordinates": [ -0.673071503639221, 5.318346500396729 ] } },
{ "type": "Feature", "properties": { "particle": 1179, "seed_idx": 58, "valid": true, "snap_water": false, "snap_m": 0.0 }, "geometry": { "type": "Point", "coordinates": [ -0.673089206218719, 5.318387985229492 ] } },
{ "type": "Feature", "properties": { "particle": 1180, "seed_idx": 59, "valid": true, "snap_water": false, "snap_m": 0.0 }, "geometry": { "type": "Point", "coordinates": [ -0.673772573471069, 5.315209865570068 ] } },
{ "type": "Feature", "properties": { "particle": 1181, "seed_idx": 59, "valid": true, "snap_water": false, "snap_m": 0.0 }, "geometry": { "type": "Point", "coordinates": [ -0.673283338546753, 5.315793514251709 ] } },
{ "type": "Feature", "properties": { "particle": 1182, "seed_idx": 59, "valid": true, "snap_water": false, "snap_m": 0.0 }, "geometry": { "type": "Point", "coordinates": [ -0.673989593982697, 5.315587043762207 ] } },
{ "type": "Feature", "properties": { "particle": 1183, "seed_idx": 59, "valid": true, "snap_water": false, "snap_m": 0.0 }, "geometry": { "type": "Point", "coordinates": [ -0.673720300197601, 5.315391540527344 ] } },
{ "type": "Feature", "properties": { "particle": 1184, "seed_idx": 59, "valid": true, "snap_water": false, "snap_m": 0.0 }, "geometry": { "type": "Point", "coordinates": [ -0.67377096414566, 5.315623760223389 ] } },
{ "type": "Feature", "properties": { "particle": 1185, "seed_idx": 59, "valid": true, "snap_water": false, "snap_m": 0.0 }, "geometry": { "type": "Point", "coordinates": [ -0.674299299716949, 5.314651489257812 ] } },
{ "type": "Feature", "properties": { "particle": 1186, "seed_idx": 59, "valid": true, "snap_water": false, "snap_m": 0.0 }, "geometry": { "type": "Point", "coordinates": [ -0.673587262630463, 5.31519889831543 ] } },
{ "type": "Feature", "properties": { "particle": 1187, "seed_idx": 59, "valid": true, "snap_water": false, "snap_m": 0.0 }, "geometry": { "type": "Point", "coordinates": [ -0.674017667770386, 5.314749717712402 ] } },
{ "type": "Feature", "properties": { "particle": 1188, "seed_idx": 59, "valid": true, "snap_water": false, "snap_m": 0.0 }, "geometry": { "type": "Point", "coordinates": [ -0.67534077167511, 5.314119815826416 ] } },
{ "type": "Feature", "properties": { "particle": 1189, "seed_idx": 59, "valid": true, "snap_water": false, "snap_m": 0.0 }, "geometry": { "type": "Point", "coordinates": [ -0.673511862754822, 5.315554618835449 ] } },
{ "type": "Feature", "properties": { "particle": 1190, "seed_idx": 59, "valid": true, "snap_water": false, "snap_m": 0.0 }, "geometry": { "type": "Point", "coordinates": [ -0.673311173915863, 5.315947532653809 ] } },
{ "type": "Feature", "properties": { "particle": 1191, "seed_idx": 59, "valid": true, "snap_water": false, "snap_m": 0.0 }, "geometry": { "type": "Point", "coordinates": [ -0.673945009708405, 5.315616607666016 ] } },
{ "type": "Feature", "properties": { "particle": 1192, "seed_idx": 59, "valid": true, "snap_water": false, "snap_m": 0.0 }, "geometry": { "type": "Point", "coordinates": [ -0.673011839389801, 5.315954685211182 ] } },
{ "type": "Feature", "properties": { "particle": 1193, "seed_idx": 59, "valid": true, "snap_water": false, "snap_m": 0.0 }, "geometry": { "type": "Point", "coordinates": [ -0.67352294921875, 5.315552711486816 ] } },
{ "type": "Feature", "properties": { "particle": 1194, "seed_idx": 59, "valid": true, "snap_water": false, "snap_m": 0.0 }, "geometry": { "type": "Point", "coordinates": [ -0.674391508102417, 5.314966678619385 ] } },
{ "type": "Feature", "properties": { "particle": 1195, "seed_idx": 59, "valid": true, "snap_water": false, "snap_m": 0.0 }, "geometry": { "type": "Point", "coordinates": [ -0.673852205276489, 5.315266132354736 ] } },
{ "type": "Feature", "properties": { "particle": 1196, "seed_idx": 59, "valid": true, "snap_water": false, "snap_m": 0.0 }, "geometry": { "type": "Point", "coordinates": [ -0.67452609539032, 5.314767360687256 ] } },
{ "type": "Feature", "properties": { "particle": 1197, "seed_idx": 59, "valid": true, "snap_water": false, "snap_m": 0.0 }, "geometry": { "type": "Point", "coordinates": [ -0.674872756004333, 5.314936637878418 ] } },
{ "type": "Feature", "properties": { "particle": 1198, "seed_idx": 59, "valid": true, "snap_water": false, "snap_m": 0.0 }, "geometry": { "type": "Point", "coordinates": [ -0.674712002277374, 5.315151691436768 ] } },
{ "type": "Feature", "properties": { "particle": 1199, "seed_idx": 59, "valid": true, "snap_water": false, "snap_m": 0.0 }, "geometry": { "type": "Point", "coordinates": [ -0.673633396625519, 5.315627098083496 ] } },
{ "type": "Feature", "properties": { "particle": 1200, "seed_idx": 60, "valid": true, "snap_water": false, "snap_m": 0.0 }, "geometry": { "type": "Point", "coordinates": [ -0.662345886230469, 5.317795753479004 ] } },
{ "type": "Feature", "properties": { "particle": 1201, "seed_idx": 60, "valid": true, "snap_water": false, "snap_m": 0.0 }, "geometry": { "type": "Point", "coordinates": [ -0.662754952907562, 5.317169189453125 ] } },
{ "type": "Feature", "properties": { "particle": 1202, "seed_idx": 60, "valid": true, "snap_water": false, "snap_m": 0.0 }, "geometry": { "type": "Point", "coordinates": [ -0.662528693675995, 5.317855358123779 ] } },
{ "type": "Feature", "properties": { "particle": 1203, "seed_idx": 60, "valid": true, "snap_water": false, "snap_m": 0.0 }, "geometry": { "type": "Point", "coordinates": [ -0.664540886878967, 5.316576480865479 ] } },
{ "type": "Feature", "properties": { "particle": 1204, "seed_idx": 60, "valid": true, "snap_water": false, "snap_m": 0.0 }, "geometry": { "type": "Point", "coordinates": [ -0.662054598331451, 5.3182692527771 ] } },
{ "type": "Feature", "properties": { "particle": 1205, "seed_idx": 60, "valid": true, "snap_water": false, "snap_m": 0.0 }, "geometry": { "type": "Point", "coordinates": [ -0.663461208343506, 5.317512512207031 ] } },
{ "type": "Feature", "properties": { "particle": 1206, "seed_idx": 60, "valid": true, "snap_water": false, "snap_m": 0.0 }, "geometry": { "type": "Point", "coordinates": [ -0.663806557655334, 5.317576885223389 ] } },
{ "type": "Feature", "properties": { "particle": 1207, "seed_idx": 60, "valid": true, "snap_water": false, "snap_m": 0.0 }, "geometry": { "type": "Point", "coordinates": [ -0.664320170879364, 5.316600799560547 ] } },
{ "type": "Feature", "properties": { "particle": 1208, "seed_idx": 60, "valid": true, "snap_water": false, "snap_m": 0.0 }, "geometry": { "type": "Point", "coordinates": [ -0.663058161735535, 5.317415714263916 ] } },
{ "type": "Feature", "properties": { "particle": 1209, "seed_idx": 60, "valid": true, "snap_water": false, "snap_m": 0.0 }, "geometry": { "type": "Point", "coordinates": [ -0.66351979970932, 5.317615032196045 ] } },
{ "type": "Feature", "properties": { "particle": 1210, "seed_idx": 60, "valid": true, "snap_water": false, "snap_m": 0.0 }, "geometry": { "type": "Point", "coordinates": [ -0.663243174552917, 5.317294597625732 ] } },
{ "type": "Feature", "properties": { "particle": 1211, "seed_idx": 60, "valid": true, "snap_water": false, "snap_m": 0.0 }, "geometry": { "type": "Point", "coordinates": [ -0.662269175052643, 5.318251132965088 ] } },
{ "type": "Feature", "properties": { "particle": 1212, "seed_idx": 60, "valid": true, "snap_water": false, "snap_m": 0.0 }, "geometry": { "type": "Point", "coordinates": [ -0.662656843662262, 5.317455291748047 ] } },
{ "type": "Feature", "properties": { "particle": 1213, "seed_idx": 60, "valid": true, "snap_water": false, "snap_m": 0.0 }, "geometry": { "type": "Point", "coordinates": [ -0.662490427494049, 5.317877292633057 ] } },
{ "type": "Feature", "properties": { "particle": 1214, "seed_idx": 60, "valid": true, "snap_water": false, "snap_m": 0.0 }, "geometry": { "type": "Point", "coordinates": [ -0.662707209587097, 5.31801700592041 ] } },
{ "type": "Feature", "properties": { "particle": 1215, "seed_idx": 60, "valid": true, "snap_water": false, "snap_m": 0.0 }, "geometry": { "type": "Point", "coordinates": [ -0.662972629070282, 5.317846775054932 ] } },
{ "type": "Feature", "properties": { "particle": 1216, "seed_idx": 60, "valid": true, "snap_water": false, "snap_m": 0.0 }, "geometry": { "type": "Point", "coordinates": [ -0.66251939535141, 5.318017482757568 ] } },
{ "type": "Feature", "properties": { "particle": 1217, "seed_idx": 60, "valid": true, "snap_water": false, "snap_m": 0.0 }, "geometry": { "type": "Point", "coordinates": [ -0.6649449467659, 5.316291332244873 ] } },
{ "type": "Feature", "properties": { "particle": 1218, "seed_idx": 60, "valid": true, "snap_water": false, "snap_m": 0.0 }, "geometry": { "type": "Point", "coordinates": [ -0.663314878940582, 5.317443370819092 ] } },
{ "type": "Feature", "properties": { "particle": 1219, "seed_idx": 60, "valid": true, "snap_water": false, "snap_m": 0.0 }, "geometry": { "type": "Point", "coordinates": [ -0.6628577709198, 5.318001747131348 ] } },
{ "type": "Feature", "properties": { "particle": 1220, "seed_idx": 61, "valid": true, "snap_water": false, "snap_m": 0.0 }, "geometry": { "type": "Point", "coordinates": [ -0.663866460323334, 5.31708288192749 ] } },
{ "type": "Feature", "properties": { "particle": 1221, "seed_idx": 61, "valid": true, "snap_water": false, "snap_m": 0.0 }, "geometry": { "type": "Point", "coordinates": [ -0.663771629333496, 5.317773818969727 ] } },
{ "type": "Feature", "properties": { "particle": 1222, "seed_idx": 61, "valid": true, "snap_water": false, "snap_m": 0.0 }, "geometry": { "type": "Point", "coordinates": [ -0.664112865924835, 5.317091941833496 ] } },
{ "type": "Feature", "properties": { "particle": 1223, "seed_idx": 61, "valid": true, "snap_water": false, "snap_m": 0.0 }, "geometry": { "type": "Point", "coordinates": [ -0.664536118507385, 5.31788444519043 ] } },
{ "type": "Feature", "properties": { "particle": 1224, "seed_idx": 61, "valid": true, "snap_water": false, "snap_m": 0.0 }, "geometry": { "type": "Point", "coordinates": [ -0.663273334503174, 5.317698955535889 ] } },
{ "type": "Feature", "properties": { "particle": 1225, "seed_idx": 61, "valid": true, "snap_water": false, "snap_m": 0.0 }, "geometry": { "type": "Point", "coordinates": [ -0.663567900657654, 5.317811012268066 ] } },
{ "type": "Feature", "properties": { "particle": 1226, "seed_idx": 61, "valid": true, "snap_water": false, "snap_m": 0.0 }, "geometry": { "type": "Point", "coordinates": [ -0.66441684961319, 5.317127704620361 ] } },
{ "type": "Feature", "properties": { "particle": 1227, "seed_idx": 61, "valid": true, "snap_water": false, "snap_m": 0.0 }, "geometry": { "type": "Point", "coordinates": [ -0.662968575954437, 5.31830883026123 ] } },
{ "type": "Feature", "properties": { "particle": 1228, "seed_idx": 61, "valid": true, "snap_water": false, "snap_m": 0.0 }, "geometry": { "type": "Point", "coordinates": [ -0.663796961307526, 5.317379474639893 ] } },
{ "type": "Feature", "properties": { "particle": 1229, "seed_idx": 61, "valid": true, "snap_water": false, "snap_m": 0.0 }, "geometry": { "type": "Point", "coordinates": [ -0.664239406585693, 5.317068099975586 ] } },
{ "type": "Feature", "properties": { "particle": 1230, "seed_idx": 61, "valid": true, "snap_water": false, "snap_m": 0.0 }, "geometry": { "type": "Point", "coordinates": [ -0.663142383098602, 5.318121433258057 ] } },
{ "type": "Feature", "properties": { "particle": 1231, "seed_idx": 61, "valid": true, "snap_water": false, "snap_m": 0.0 }, "geometry": { "type": "Point", "coordinates": [ -0.66423624753952, 5.317162036895752 ] } },
{ "type": "Feature", "properties": { "particle": 1232, "seed_idx": 61, "valid": true, "snap_water": false, "snap_m": 0.0 }, "geometry": { "type": "Point", "coordinates": [ -0.663816690444946, 5.317979335784912 ] } },
{ "type": "Feature", "properties": { "particle": 1233, "seed_idx": 61, "valid": true, "snap_water": false, "snap_m": 0.0 }, "geometry": { "type": "Point", "coordinates": [ -0.663679361343384, 5.317785739898682 ] } },
{ "type": "Feature", "properties": { "particle": 1234, "seed_idx": 61, "valid": true, "snap_water": false, "snap_m": 0.0 }, "geometry": { "type": "Point", "coordinates": [ -0.662880599498749, 5.318397521972656 ] } },
{ "type": "Feature", "properties": { "particle": 1235, "seed_idx": 61, "valid": true, "snap_water": false, "snap_m": 0.0 }, "geometry": { "type": "Point", "coordinates": [ -0.664092719554901, 5.317139625549316 ] } },
{ "type": "Feature", "properties": { "particle": 1236, "seed_idx": 61, "valid": true, "snap_water": false, "snap_m": 0.0 }, "geometry": { "type": "Point", "coordinates": [ -0.663719296455383, 5.317858219146729 ] } },
{ "type": "Feature", "properties": { "particle": 1237, "seed_idx": 61, "valid": true, "snap_water": false, "snap_m": 0.0 }, "geometry": { "type": "Point", "coordinates": [ -0.664335250854492, 5.316632747650146 ] } },
{ "type": "Feature", "properties": { "particle": 1238, "seed_idx": 61, "valid": true, "snap_water": false, "snap_m": 0.0 }, "geometry": { "type": "Point", "coordinates": [ -0.662520051002502, 5.318557739257812 ] } },
{ "type": "Feature", "properties": { "particle": 1239, "seed_idx": 61, "valid": true, "snap_water": false, "snap_m": 0.0 }, "geometry": { "type": "Point", "coordinates": [ -0.663176834583282, 5.318217277526855 ] } },
{ "type": "Feature", "properties": { "particle": 1240, "seed_idx": 62, "valid": true, "snap_water": false, "snap_m": 0.0 }, "geometry": { "type": "Point", "coordinates": [ -0.665484726428986, 5.318554401397705 ] } },
{ "type": "Feature", "properties": { "particle": 1241, "seed_idx": 62, "valid": true, "snap_water": false, "snap_m": 0.0 }, "geometry": { "type": "Point", "coordinates": [ -0.666646242141724, 5.317544937133789 ] } },
{ "type": "Feature", "properties": { "particle": 1242, "seed_idx": 62, "valid": true, "snap_water": false, "snap_m": 0.0 }, "geometry": { "type": "Point", "coordinates": [ -0.666341185569763, 5.317489147186279 ] } },
{ "type": "Feature", "properties": { "particle": 1243, "seed_idx": 62, "valid": true, "snap_water": false, "snap_m": 0.0 }, "geometry": { "type": "Point", "coordinates": [ -0.667495965957642, 5.317587375640869 ] } },
{ "type": "Feature", "properties": { "particle": 1244, "seed_idx": 62, "valid": true, "snap_water": false, "snap_m": 0.0 }, "geometry": { "type": "Point", "coordinates": [ -0.665915250778198, 5.318025588989258 ] } },
{ "type": "Feature", "properties": { "particle": 1245, "seed_idx": 62, "valid": true, "snap_water": false, "snap_m": 0.0 }, "geometry": { "type": "Point", "coordinates": [ -0.667755782604218, 5.317835330963135 ] } },
{ "type": "Feature", "properties": { "particle": 1246, "seed_idx": 62, "valid": true, "snap_water": false, "snap_m": 0.0 }, "geometry": { "type": "Point", "coordinates": [ -0.665858805179596, 5.318148136138916 ] } },
{ "type": "Feature", "properties": { "particle": 1247, "seed_idx": 62, "valid": true, "snap_water": false, "snap_m": 0.0 }, "geometry": { "type": "Point", "coordinates": [ -0.666296780109406, 5.317399501800537 ] } },
{ "type": "Feature", "properties": { "particle": 1248, "seed_idx": 62, "valid": true, "snap_water": false, "snap_m": 0.0 }, "geometry": { "type": "Point", "coordinates": [ -0.665323257446289, 5.318688869476318 ] } },
{ "type": "Feature", "properties": { "particle": 1249, "seed_idx": 62, "valid": true, "snap_water": false, "snap_m": 0.0 }, "geometry": { "type": "Point", "coordinates": [ -0.66676527261734, 5.317830562591553 ] } },
{ "type": "Feature", "properties": { "particle": 1250, "seed_idx": 62, "valid": true, "snap_water": false, "snap_m": 0.0 }, "geometry": { "type": "Point", "coordinates": [ -0.666226983070374, 5.318086624145508 ] } },
{ "type": "Feature", "properties": { "particle": 1251, "seed_idx": 62, "valid": true, "snap_water": false, "snap_m": 0.0 }, "geometry": { "type": "Point", "coordinates": [ -0.667500793933868, 5.316965103149414 ] } },
{ "type": "Feature", "properties": { "particle": 1252, "seed_idx": 62, "valid": true, "snap_water": false, "snap_m": 0.0 }, "geometry": { "type": "Point", "coordinates": [ -0.66591489315033, 5.318198204040527 ] } },
{ "type": "Feature", "properties": { "particle": 1253, "seed_idx": 62, "valid": true, "snap_water": false, "snap_m": 0.0 }, "geometry": { "type": "Point", "coordinates": [ -0.666125297546387, 5.317666053771973 ] } },
{ "type": "Feature", "properties": { "particle": 1254, "seed_idx": 62, "valid": true, "snap_water": false, "snap_m": 0.0 }, "geometry": { "type": "Point", "coordinates": [ -0.6659095287323, 5.318448543548584 ] } },
{ "type": "Feature", "properties": { "particle": 1255, "seed_idx": 62, "valid": true, "snap_water": false, "snap_m": 0.0 }, "geometry": { "type": "Point", "coordinates": [ -0.667494595050812, 5.317764282226562 ] } },
{ "type": "Feature", "properties": { "particle": 1256, "seed_idx": 62, "valid": true, "snap_water": false, "snap_m": 0.0 }, "geometry": { "type": "Point", "coordinates": [ -0.665491223335266, 5.318400859832764 ] } },
{ "type": "Feature", "properties": { "particle": 1257, "seed_idx": 62, "valid": true, "snap_water": false, "snap_m": 0.0 }, "geometry": { "type": "Point", "coordinates": [ -0.666966259479523, 5.317430019378662 ] } },
{ "type": "Feature", "properties": { "particle": 1258, "seed_idx": 62, "valid": true, "snap_water": false, "snap_m": 0.0 }, "geometry": { "type": "Point", "coordinates": [ -0.665624141693115, 5.31826114654541 ] } },
{ "type": "Feature", "properties": { "particle": 1259, "seed_idx": 62, "valid": true, "snap_water": false, "snap_m": 0.0 }, "geometry": { "type": "Point", "coordinates": [ -0.665766537189484, 5.318099975585938 ] } },
{ "type": "Feature", "properties": { "particle": 1260, "seed_idx": 63, "valid": true, "snap_water": false, "snap_m": 0.0 }, "geometry": { "type": "Point", "coordinates": [ -0.660060882568359, 5.318821907043457 ] } },
{ "type": "Feature", "properties": { "particle": 1261, "seed_idx": 63, "valid": true, "snap_water": false, "snap_m": 0.0 }, "geometry": { "type": "Point", "coordinates": [ -0.661244690418243, 5.318395137786865 ] } },
{ "type": "Feature", "properties": { "particle": 1262, "seed_idx": 63, "valid": true, "snap_water": false, "snap_m": 0.0 }, "geometry": { "type": "Point", "coordinates": [ -0.660266876220703, 5.318589687347412 ] } },
{ "type": "Feature", "properties": { "particle": 1263, "seed_idx": 63, "valid": true, "snap_water": false, "snap_m": 0.0 }, "geometry": { "type": "Point", "coordinates": [ -0.660082757472992, 5.318692207336426 ] } },
{ "type": "Feature", "properties": { "particle": 1264, "seed_idx": 63, "valid": true, "snap_water": false, "snap_m": 0.0 }, "geometry": { "type": "Point", "coordinates": [ -0.660645127296448, 5.317883491516113 ] } },
{ "type": "Feature", "properties": { "particle": 1265, "seed_idx": 63, "valid": true, "snap_water": false, "snap_m": 0.0 }, "geometry": { "type": "Point", "coordinates": [ -0.659892380237579, 5.318580627441406 ] } },
{ "type": "Feature", "properties": { "particle": 1266, "seed_idx": 63, "valid": true, "snap_water": false, "snap_m": 0.0 }, "geometry": { "type": "Point", "coordinates": [ -0.660001397132874, 5.318996906280518 ] } },
{ "type": "Feature", "properties": { "particle": 1267, "seed_idx": 63, "valid": true, "snap_water": false, "snap_m": 0.0 }, "geometry": { "type": "Point", "coordinates": [ -0.659681499004364, 5.318821430206299 ] } },
{ "type": "Feature", "properties": { "particle": 1268, "seed_idx": 63, "valid": true, "snap_water": false, "snap_m": 0.0 }, "geometry": { "type": "Point", "coordinates": [ -0.6605064868927, 5.318102836608887 ] } },
{ "type": "Feature", "properties": { "particle": 1269, "seed_idx": 63, "valid": true, "snap_water": false, "snap_m": 0.0 }, "geometry": { "type": "Point", "coordinates": [ -0.659933745861053, 5.318581104278564 ] } },
{ "type": "Feature", "properties": { "particle": 1270, "seed_idx": 63, "valid": true, "snap_water": false, "snap_m": 0.0 }, "geometry": { "type": "Point", "coordinates": [ -0.659907758235931, 5.318567276000977 ] } },
{ "type": "Feature", "properties": { "particle": 1271, "seed_idx": 63, "valid": true, "snap_water": false, "snap_m": 0.0 }, "geometry": { "type": "Point", "coordinates": [ -0.661571681499481, 5.317557334899902 ] } },
{ "type": "Feature", "properties": { "particle": 1272, "seed_idx": 63, "valid": true, "snap_water": false, "snap_m": 0.0 }, "geometry": { "type": "Point", "coordinates": [ -0.660761117935181, 5.317884922027588 ] } },
{ "type": "Feature", "properties": { "particle": 1273, "seed_idx": 63, "valid": true, "snap_water": false, "snap_m": 0.0 }, "geometry": { "type": "Point", "coordinates": [ -0.659572005271912, 5.319118976593018 ] } },
{ "type": "Feature", "properties": { "particle": 1274, "seed_idx": 63, "valid": true, "snap_water": false, "snap_m": 0.0 }, "geometry": { "type": "Point", "coordinates": [ -0.660194218158722, 5.31882905960083 ] } },
{ "type": "Feature", "properties": { "particle": 1275, "seed_idx": 63, "valid": true, "snap_water": false, "snap_m": 0.0 }, "geometry": { "type": "Point", "coordinates": [ -0.659543991088867, 5.319044589996338 ] } },
{ "type": "Feature", "properties": { "particle": 1276, "seed_idx": 63, "valid": true, "snap_water": false, "snap_m": 0.0 }, "geometry": { "type": "Point", "coordinates": [ -0.66084611415863, 5.317512035369873 ] } },
{ "type": "Feature", "properties": { "particle": 1277, "seed_idx": 63, "valid": true, "snap_water": false, "snap_m": 0.0 }, "geometry": { "type": "Point", "coordinates": [ -0.660790383815765, 5.318318367004395 ] } },
{ "type": "Feature", "properties": { "particle": 1278, "seed_idx": 63, "valid": true, "snap_water": false, "snap_m": 0.0 }, "geometry": { "type": "Point", "coordinates": [ -0.660604298114777, 5.318600654602051 ] } },
{ "type": "Feature", "properties": { "particle": 1279, "seed_idx": 63, "valid": true, "snap_water": false, "snap_m": 0.0 }, "geometry": { "type": "Point", "coordinates": [ -0.660298526287079, 5.318079948425293 ] } },
{ "type": "Feature", "properties": { "particle": 1280, "seed_idx": 64, "valid": true, "snap_water": false, "snap_m": 0.0 }, "geometry": { "type": "Point", "coordinates": [ -0.667697608470917, 5.317984104156494 ] } },
{ "type": "Feature", "properties": { "particle": 1281, "seed_idx": 64, "valid": true, "snap_water": false, "snap_m": 0.0 }, "geometry": { "type": "Point", "coordinates": [ -0.667362451553345, 5.318177700042725 ] } },
{ "type": "Feature", "properties": { "particle": 1282, "seed_idx": 64, "valid": true, "snap_water": false, "snap_m": 0.0 }, "geometry": { "type": "Point", "coordinates": [ -0.666908740997314, 5.31820011138916 ] } },
{ "type": "Feature", "properties": { "particle": 1283, "seed_idx": 64, "valid": true, "snap_water": false, "snap_m": 0.0 }, "geometry": { "type": "Point", "coordinates": [ -0.666663289070129, 5.318214893341064 ] } },
{ "type": "Feature", "properties": { "particle": 1284, "seed_idx": 64, "valid": true, "snap_water": false, "snap_m": 0.0 }, "geometry": { "type": "Point", "coordinates": [ -0.667482495307922, 5.317811489105225 ] } },
{ "type": "Feature", "properties": { "particle": 1285, "seed_idx": 64, "valid": true, "snap_water": false, "snap_m": 0.0 }, "geometry": { "type": "Point", "coordinates": [ -0.666557312011719, 5.318465709686279 ] } },
{ "type": "Feature", "properties": { "particle": 1286, "seed_idx": 64, "valid": true, "snap_water": false, "snap_m": 0.0 }, "geometry": { "type": "Point", "coordinates": [ -0.667859315872192, 5.317673683166504 ] } },
{ "type": "Feature", "properties": { "particle": 1287, "seed_idx": 64, "valid": true, "snap_water": false, "snap_m": 0.0 }, "geometry": { "type": "Point", "coordinates": [ -0.667939603328705, 5.317619800567627 ] } },
{ "type": "Feature", "properties": { "particle": 1288, "seed_idx": 64, "valid": true, "snap_water": false, "snap_m": 0.0 }, "geometry": { "type": "Point", "coordinates": [ -0.666508197784424, 5.318301200866699 ] } },
{ "type": "Feature", "properties": { "particle": 1289, "seed_idx": 64, "valid": true, "snap_water": false, "snap_m": 0.0 }, "geometry": { "type": "Point", "coordinates": [ -0.667461037635803, 5.317903518676758 ] } },
{ "type": "Feature", "properties": { "particle": 1290, "seed_idx": 64, "valid": true, "snap_water": false, "snap_m": 0.0 }, "geometry": { "type": "Point", "coordinates": [ -0.667300999164581, 5.318076133728027 ] } },
{ "type": "Feature", "properties": { "particle": 1291, "seed_idx": 64, "valid": true, "snap_water": false, "snap_m": 0.0 }, "geometry": { "type": "Point", "coordinates": [ -0.667522192001343, 5.317911148071289 ] } },
{ "type": "Feature", "properties": { "particle": 1292, "seed_idx": 64, "valid": true, "snap_water": false, "snap_m": 0.0 }, "geometry": { "type": "Point", "coordinates": [ -0.66683954000473, 5.318166255950928 ] } },
{ "type": "Feature", "properties": { "particle": 1293, "seed_idx": 64, "valid": true, "snap_water": false, "snap_m": 0.0 }, "geometry": { "type": "Point", "coordinates": [ -0.666680514812469, 5.318364143371582 ] } },
{ "type": "Feature", "properties": { "particle": 1294, "seed_idx": 64, "valid": true, "snap_water": false, "snap_m": 0.0 }, "geometry": { "type": "Point", "coordinates": [ -0.66766220331192, 5.317559719085693 ] } },
{ "type": "Feature", "properties": { "particle": 1295, "seed_idx": 64, "valid": true, "snap_water": false, "snap_m": 0.0 }, "geometry": { "type": "Point", "coordinates": [ -0.667901754379272, 5.316928863525391 ] } },
{ "type": "Feature", "properties": { "particle": 1296, "seed_idx": 64, "valid": true, "snap_water": false, "snap_m": 0.0 }, "geometry": { "type": "Point", "coordinates": [ -0.666735470294952, 5.318123340606689 ] } },
{ "type": "Feature", "properties": { "particle": 1297, "seed_idx": 64, "valid": true, "snap_water": false, "snap_m": 0.0 }, "geometry": { "type": "Point", "coordinates": [ -0.666775047779083, 5.318019390106201 ] } },
{ "type": "Feature", "properties": { "particle": 1298, "seed_idx": 64, "valid": true, "snap_water": false, "snap_m": 0.0 }, "geometry": { "type": "Point", "coordinates": [ -0.668885707855225, 5.317122936248779 ] } },
{ "type": "Feature", "properties": { "particle": 1299, "seed_idx": 64, "valid": true, "snap_water": false, "snap_m": 0.0 }, "geometry": { "type": "Point", "coordinates": [ -0.6672003865242, 5.317700386047363 ] } },
{ "type": "Feature", "properties": { "particle": 1300, "seed_idx": 65, "valid": true, "snap_water": false, "snap_m": 0.0 }, "geometry": { "type": "Point", "coordinates": [ -0.661848843097687, 5.321893692016602 ] } },
{ "type": "Feature", "properties": { "particle": 1301, "seed_idx": 65, "valid": true, "snap_water": false, "snap_m": 0.0 }, "geometry": { "type": "Point", "coordinates": [ -0.662676751613617, 5.321476936340332 ] } },
{ "type": "Feature", "properties": { "particle": 1302, "seed_idx": 65, "valid": true, "snap_water": false, "snap_m": 0.0 }, "geometry": { "type": "Point", "coordinates": [ -0.66172844171524, 5.322100162506104 ] } },
{ "type": "Feature", "properties": { "particle": 1303, "seed_idx": 65, "valid": true, "snap_water": false, "snap_m": 0.0 }, "geometry": { "type": "Point", "coordinates": [ -0.661065757274628, 5.322259902954102 ] } },
{ "type": "Feature", "properties": { "particle": 1304, "seed_idx": 65, "valid": true, "snap_water": false, "snap_m": 0.0 }, "geometry": { "type": "Point", "coordinates": [ -0.662968337535858, 5.320006847381592 ] } },
{ "type": "Feature", "properties": { "particle": 1305, "seed_idx": 65, "valid": true, "snap_water": false, "snap_m": 0.0 }, "geometry": { "type": "Point", "coordinates": [ -0.661535143852234, 5.322273731231689 ] } },
{ "type": "Feature", "properties": { "particle": 1306, "seed_idx": 65, "valid": true, "snap_water": false, "snap_m": 0.0 }, "geometry": { "type": "Point", "coordinates": [ -0.661909103393555, 5.321447849273682 ] } },
{ "type": "Feature", "properties": { "particle": 1307, "seed_idx": 65, "valid": true, "snap_water": false, "snap_m": 0.0 }, "geometry": { "type": "Point", "coordinates": [ -0.661584556102753, 5.321572780609131 ] } },
{ "type": "Feature", "properties": { "particle": 1308, "seed_idx": 65, "valid": true, "snap_water": false, "snap_m": 0.0 }, "geometry": { "type": "Point", "coordinates": [ -0.662789344787598, 5.321042537689209 ] } },
{ "type": "Feature", "properties": { "particle": 1309, "seed_idx": 65, "valid": true, "snap_water": false, "snap_m": 0.0 }, "geometry": { "type": "Point", "coordinates": [ -0.661330580711365, 5.322214603424072 ] } },
{ "type": "Feature", "properties": { "particle": 1310, "seed_idx": 65, "valid": true, "snap_water": false, "snap_m": 0.0 }, "geometry": { "type": "Point", "coordinates": [ -0.662907063961029, 5.320044040679932 ] } },
{ "type": "Feature", "properties": { "particle": 1311, "seed_idx": 65, "valid": true, "snap_water": false, "snap_m": 0.0 }, "geometry": { "type": "Point", "coordinates": [ -0.661176145076752, 5.322264671325684 ] } },
{ "type": "Feature", "properties": { "particle": 1312, "seed_idx": 65, "valid": true, "snap_water": false, "snap_m": 0.0 }, "geometry": { "type": "Point", "coordinates": [ -0.661168575286865, 5.322116374969482 ] } },
{ "type": "Feature", "properties": { "particle": 1313, "seed_idx": 65, "valid": true, "snap_water": false, "snap_m": 0.0 }, "geometry": { "type": "Point", "coordinates": [ -0.660882711410522, 5.322361946105957 ] } },
{ "type": "Feature", "properties": { "particle": 1314, "seed_idx": 65, "valid": true, "snap_water": false, "snap_m": 0.0 }, "geometry": { "type": "Point", "coordinates": [ -0.661840319633484, 5.321855068206787 ] } },
{ "type": "Feature", "properties": { "particle": 1315, "seed_idx": 65, "valid": true, "snap_water": false, "snap_m": 0.0 }, "geometry": { "type": "Point", "coordinates": [ -0.66110634803772, 5.32227611541748 ] } },
{ "type": "Feature", "properties": { "particle": 1316, "seed_idx": 65, "valid": true, "snap_water": false, "snap_m": 0.0 }, "geometry": { "type": "Point", "coordinates": [ -0.66381847858429, 5.320160388946533 ] } },
{ "type": "Feature", "properties": { "particle": 1317, "seed_idx": 65, "valid": true, "snap_water": false, "snap_m": 0.0 }, "geometry": { "type": "Point", "coordinates": [ -0.662001013755798, 5.322060585021973 ] } },
{ "type": "Feature", "properties": { "particle": 1318, "seed_idx": 65, "valid": true, "snap_water": false, "snap_m": 0.0 }, "geometry": { "type": "Point", "coordinates": [ -0.663121461868286, 5.320377826690674 ] } },
{ "type": "Feature", "properties": { "particle": 1319, "seed_idx": 65, "valid": true, "snap_water": false, "snap_m": 0.0 }, "geometry": { "type": "Point", "coordinates": [ -0.661956191062927, 5.322075843811035 ] } },
{ "type": "Feature", "properties": { "particle": 1320, "seed_idx": 66, "valid": true, "snap_water": false, "snap_m": 0.0 }, "geometry": { "type": "Point", "coordinates": [ -0.655359148979187, 5.329816818237305 ] } },
{ "type": "Feature", "properties": { "particle": 1321, "seed_idx": 66, "valid": true, "snap_water": false, "snap_m": 0.0 }, "geometry": { "type": "Point", "coordinates": [ -0.655292630195618, 5.329702854156494 ] } },
{ "type": "Feature", "properties": { "particle": 1322, "seed_idx": 66, "valid": true, "snap_water": false, "snap_m": 0.0 }, "geometry": { "type": "Point", "coordinates": [ -0.655035436153412, 5.329654216766357 ] } },
{ "type": "Feature", "properties": { "particle": 1323, "seed_idx": 66, "valid": true, "snap_water": false, "snap_m": 0.0 }, "geometry": { "type": "Point", "coordinates": [ -0.655823111534119, 5.329250335693359 ] } },
{ "type": "Feature", "properties": { "particle": 1324, "seed_idx": 66, "valid": true, "snap_water": false, "snap_m": 0.0 }, "geometry": { "type": "Point", "coordinates": [ -0.6550133228302, 5.329720497131348 ] } },
{ "type": "Feature", "properties": { "particle": 1325, "seed_idx": 66, "valid": true, "snap_water": false, "snap_m": 0.0 }, "geometry": { "type": "Point", "coordinates": [ -0.65583461523056, 5.329193592071533 ] } },
{ "type": "Feature", "properties": { "particle": 1326, "seed_idx": 66, "valid": true, "snap_water": false, "snap_m": 0.0 }, "geometry": { "type": "Point", "coordinates": [ -0.65497750043869, 5.330269813537598 ] } },
{ "type": "Feature", "properties": { "particle": 1327, "seed_idx": 66, "valid": true, "snap_water": false, "snap_m": 0.0 }, "geometry": { "type": "Point", "coordinates": [ -0.654837906360626, 5.330008029937744 ] } },
{ "type": "Feature", "properties": { "particle": 1328, "seed_idx": 66, "valid": true, "snap_water": false, "snap_m": 0.0 }, "geometry": { "type": "Point", "coordinates": [ -0.655506372451782, 5.329954624176025 ] } },
{ "type": "Feature", "properties": { "particle": 1329, "seed_idx": 66, "valid": true, "snap_water": false, "snap_m": 0.0 }, "geometry": { "type": "Point", "coordinates": [ -0.655861496925354, 5.329514980316162 ] } },
{ "type": "Feature", "properties": { "particle": 1330, "seed_idx": 66, "valid": true, "snap_water": false, "snap_m": 0.0 }, "geometry": { "type": "Point", "coordinates": [ -0.65624988079071, 5.328906536102295 ] } },
{ "type": "Feature", "properties": { "particle": 1331, "seed_idx": 66, "valid": true, "snap_water": false, "snap_m": 0.0 }, "geometry": { "type": "Point", "coordinates": [ -0.656029343605042, 5.328997135162354 ] } },
{ "type": "Feature", "properties": { "particle": 1332, "seed_idx": 66, "valid": true, "snap_water": false, "snap_m": 0.0 }, "geometry": { "type": "Point", "coordinates": [ -0.655037045478821, 5.3299880027771 ] } },
{ "type": "Feature", "properties": { "particle": 1333, "seed_idx": 66, "valid": true, "snap_water": false, "snap_m": 0.0 }, "geometry": { "type": "Point", "coordinates": [ -0.655345678329468, 5.329548835754395 ] } },
{ "type": "Feature", "properties": { "particle": 1334, "seed_idx": 66, "valid": true, "snap_water": false, "snap_m": 0.0 }, "geometry": { "type": "Point", "coordinates": [ -0.655243396759033, 5.329990863800049 ] } },
{ "type": "Feature", "properties": { "particle": 1335, "seed_idx": 66, "valid": true, "snap_water": false, "snap_m": 0.0 }, "geometry": { "type": "Point", "coordinates": [ -0.654904007911682, 5.330074310302734 ] } },
{ "type": "Feature", "properties": { "particle": 1336, "seed_idx": 66, "valid": true, "snap_water": false, "snap_m": 0.0 }, "geometry": { "type": "Point", "coordinates": [ -0.655894756317139, 5.32927942276001 ] } },
{ "type": "Feature", "properties": { "particle": 1337, "seed_idx": 66, "valid": true, "snap_water": false, "snap_m": 0.0 }, "geometry": { "type": "Point", "coordinates": [ -0.65524822473526, 5.329979419708252 ] } },
{ "type": "Feature", "properties": { "particle": 1338, "seed_idx": 66, "valid": true, "snap_water": false, "snap_m": 0.0 }, "geometry": { "type": "Point", "coordinates": [ -0.655615210533142, 5.329356670379639 ] } },
{ "type": "Feature", "properties": { "particle": 1339, "seed_idx": 66, "valid": true, "snap_water": false, "snap_m": 0.0 }, "geometry": { "type": "Point", "coordinates": [ -0.655341148376465, 5.329574108123779 ] } },
{ "type": "Feature", "properties": { "particle": 1340, "seed_idx": 67, "valid": true, "snap_water": false, "snap_m": 0.0 }, "geometry": { "type": "Point", "coordinates": [ -0.658625423908234, 5.32061243057251 ] } },
{ "type": "Feature", "properties": { "particle": 1341, "seed_idx": 67, "valid": true, "snap_water": false, "snap_m": 0.0 }, "geometry": { "type": "Point", "coordinates": [ -0.657932341098785, 5.321096897125244 ] } },
{ "type": "Feature", "properties": { "particle": 1342, "seed_idx": 67, "valid": true, "snap_water": false, "snap_m": 0.0 }, "geometry": { "type": "Point", "coordinates": [ -0.657987236976624, 5.320757865905762 ] } },
{ "type": "Feature", "properties": { "particle": 1343, "seed_idx": 67, "valid": true, "snap_water": false, "snap_m": 0.0 }, "geometry": { "type": "Point", "coordinates": [ -0.659321248531342, 5.320456981658936 ] } },
{ "type": "Feature", "properties": { "particle": 1344, "seed_idx": 67, "valid": true, "snap_water": false, "snap_m": 0.0 }, "geometry": { "type": "Point", "coordinates": [ -0.658228516578674, 5.321052551269531 ] } },
{ "type": "Feature", "properties": { "particle": 1345, "seed_idx": 67, "valid": true, "snap_water": false, "snap_m": 0.0 }, "geometry": { "type": "Point", "coordinates": [ -0.658034026622772, 5.320898532867432 ] } },
{ "type": "Feature", "properties": { "particle": 1346, "seed_idx": 67, "valid": true, "snap_water": false, "snap_m": 0.0 }, "geometry": { "type": "Point", "coordinates": [ -0.659483075141907, 5.320644855499268 ] } },
{ "type": "Feature", "properties": { "particle": 1347, "seed_idx": 67, "valid": true, "snap_water": false, "snap_m": 0.0 }, "geometry": { "type": "Point", "coordinates": [ -0.658399641513824, 5.320791244506836 ] } },
{ "type": "Feature", "properties": { "particle": 1348, "seed_idx": 67, "valid": true, "snap_water": false, "snap_m": 0.0 }, "geometry": { "type": "Point", "coordinates": [ -0.658618092536926, 5.320312023162842 ] } },
{ "type": "Feature", "properties": { "particle": 1349, "seed_idx": 67, "valid": true, "snap_water": false, "snap_m": 0.0 }, "geometry": { "type": "Point", "coordinates": [ -0.658904612064362, 5.320514678955078 ] } },
{ "type": "Feature", "properties": { "particle": 1350, "seed_idx": 67, "valid": true, "snap_water": false, "snap_m": 0.0 }, "geometry": { "type": "Point", "coordinates": [ -0.658480703830719, 5.32062292098999 ] } },
{ "type": "Feature", "properties": { "particle": 1351, "seed_idx": 67, "valid": true, "snap_water": false, "snap_m": 0.0 }, "geometry": { "type": "Point", "coordinates": [ -0.658554017543793, 5.320345401763916 ] } },
{ "type": "Feature", "properties": { "particle": 1352, "seed_idx": 67, "valid": true, "snap_water": false, "snap_m": 0.0 }, "geometry": { "type": "Point", "coordinates": [ -0.659254968166351, 5.319917678833008 ] } },
{ "type": "Feature", "properties": { "particle": 1353, "seed_idx": 67, "valid": true, "snap_water": false, "snap_m": 0.0 }, "geometry": { "type": "Point", "coordinates": [ -0.658850252628326, 5.320902824401855 ] } },
{ "type": "Feature", "properties": { "particle": 1354, "seed_idx": 67, "valid": true, "snap_water": false, "snap_m": 0.0 }, "geometry": { "type": "Point", "coordinates": [ -0.658888578414917, 5.320056915283203 ] } },
{ "type": "Feature", "properties": { "particle": 1355, "seed_idx": 67, "valid": true, "snap_water": false, "snap_m": 0.0 }, "geometry": { "type": "Point", "coordinates": [ -0.658698081970215, 5.320874214172363 ] } },
{ "type": "Feature", "properties": { "particle": 1356, "seed_idx": 67, "valid": true, "snap_water": false, "snap_m": 0.0 }, "geometry": { "type": "Point", "coordinates": [ -0.659054398536682, 5.320400238037109 ] } },
{ "type": "Feature", "properties": { "particle": 1357, "seed_idx": 67, "valid": true, "snap_water": false, "snap_m": 0.0 }, "geometry": { "type": "Point", "coordinates": [ -0.659644663333893, 5.320127487182617 ] } },
{ "type": "Feature", "properties": { "particle": 1358, "seed_idx": 67, "valid": true, "snap_water": false, "snap_m": 0.0 }, "geometry": { "type": "Point", "coordinates": [ -0.657989203929901, 5.32068395614624 ] } },
{ "type": "Feature", "properties": { "particle": 1359, "seed_idx": 67, "valid": true, "snap_water": false, "snap_m": 0.0 }, "geometry": { "type": "Point", "coordinates": [ -0.657654464244843, 5.321227073669434 ] } },
{ "type": "Feature", "properties": { "particle": 1360, "seed_idx": 68, "valid": true, "snap_water": false, "snap_m": 0.0 }, "geometry": { "type": "Point", "coordinates": [ -0.657439053058624, 5.321117401123047 ] } },
{ "type": "Feature", "properties": { "particle": 1361, "seed_idx": 68, "valid": true, "snap_water": false, "snap_m": 0.0 }, "geometry": { "type": "Point", "coordinates": [ -0.657917857170105, 5.321164131164551 ] } },
{ "type": "Feature", "properties": { "particle": 1362, "seed_idx": 68, "valid": true, "snap_water": false, "snap_m": 0.0 }, "geometry": { "type": "Point", "coordinates": [ -0.656913459300995, 5.321230888366699 ] } },
{ "type": "Feature", "properties": { "particle": 1363, "seed_idx": 68, "valid": true, "snap_water": false, "snap_m": 0.0 }, "geometry": { "type": "Point", "coordinates": [ -0.657015562057495, 5.32136058807373 ] } },
{ "type": "Feature", "properties": { "particle": 1364, "seed_idx": 68, "valid": true, "snap_water": false, "snap_m": 0.0 }, "geometry": { "type": "Point", "coordinates": [ -0.658880412578583, 5.319449901580811 ] } },
{ "type": "Feature", "properties": { "particle": 1365, "seed_idx": 68, "valid": true, "snap_water": false, "snap_m": 0.0 }, "geometry": { "type": "Point", "coordinates": [ -0.657061815261841, 5.321252822875977 ] } },
{ "type": "Feature", "properties": { "particle": 1366, "seed_idx": 68, "valid": true, "snap_water": false, "snap_m": 0.0 }, "geometry": { "type": "Point", "coordinates": [ -0.656385838985443, 5.321865081787109 ] } },
{ "type": "Feature", "properties": { "particle": 1367, "seed_idx": 68, "valid": true, "snap_water": false, "snap_m": 0.0 }, "geometry": { "type": "Point", "coordinates": [ -0.657178342342377, 5.320976734161377 ] } },
{ "type": "Feature", "properties": { "particle": 1368, "seed_idx": 68, "valid": true, "snap_water": false, "snap_m": 0.0 }, "geometry": { "type": "Point", "coordinates": [ -0.657838702201843, 5.320049285888672 ] } },
{ "type": "Feature", "properties": { "particle": 1369, "seed_idx": 68, "valid": true, "snap_water": false, "snap_m": 0.0 }, "geometry": { "type": "Point", "coordinates": [ -0.657179236412048, 5.321075439453125 ] } },
{ "type": "Feature", "properties": { "particle": 1370, "seed_idx": 68, "valid": true, "snap_water": false, "snap_m": 0.0 }, "geometry": { "type": "Point", "coordinates": [ -0.657033324241638, 5.321159362792969 ] } },
{ "type": "Feature", "properties": { "particle": 1371, "seed_idx": 68, "valid": true, "snap_water": false, "snap_m": 0.0 }, "geometry": { "type": "Point", "coordinates": [ -0.65836489200592, 5.320174694061279 ] } },
{ "type": "Feature", "properties": { "particle": 1372, "seed_idx": 68, "valid": true, "snap_water": false, "snap_m": 0.0 }, "geometry": { "type": "Point", "coordinates": [ -0.657456159591675, 5.320414066314697 ] } },
{ "type": "Feature", "properties": { "particle": 1373, "seed_idx": 68, "valid": true, "snap_water": false, "snap_m": 0.0 }, "geometry": { "type": "Point", "coordinates": [ -0.657022058963776, 5.321194171905518 ] } },
{ "type": "Feature", "properties": { "particle": 1374, "seed_idx": 68, "valid": true, "snap_water": false, "snap_m": 0.0 }, "geometry": { "type": "Point", "coordinates": [ -0.658818542957306, 5.319506168365479 ] } },
{ "type": "Feature", "properties": { "particle": 1375, "seed_idx": 68, "valid": true, "snap_water": false, "snap_m": 0.0 }, "geometry": { "type": "Point", "coordinates": [ -0.657614290714264, 5.320734977722168 ] } },
{ "type": "Feature", "properties": { "particle": 1376, "seed_idx": 68, "valid": true, "snap_water": false, "snap_m": 0.0 }, "geometry": { "type": "Point", "coordinates": [ -0.657559335231781, 5.320621490478516 ] } },
{ "type": "Feature", "properties": { "particle": 1377, "seed_idx": 68, "valid": true, "snap_water": false, "snap_m": 0.0 }, "geometry": { "type": "Point", "coordinates": [ -0.656873226165771, 5.321254253387451 ] } },
{ "type": "Feature", "properties": { "particle": 1378, "seed_idx": 68, "valid": true, "snap_water": false, "snap_m": 0.0 }, "geometry": { "type": "Point", "coordinates": [ -0.657307267189026, 5.320448398590088 ] } },
{ "type": "Feature", "properties": { "particle": 1379, "seed_idx": 68, "valid": true, "snap_water": false, "snap_m": 0.0 }, "geometry": { "type": "Point", "coordinates": [ -0.658810198307037, 5.320592403411865 ] } },
{ "type": "Feature", "properties": { "particle": 1380, "seed_idx": 69, "valid": true, "snap_water": false, "snap_m": 0.0 }, "geometry": { "type": "Point", "coordinates": [ -0.659058213233948, 5.321182250976562 ] } },
{ "type": "Feature", "properties": { "particle": 1381, "seed_idx": 69, "valid": true, "snap_water": false, "snap_m": 0.0 }, "geometry": { "type": "Point", "coordinates": [ -0.659660398960114, 5.320794582366943 ] } },
{ "type": "Feature", "properties": { "particle": 1382, "seed_idx": 69, "valid": true, "snap_water": false, "snap_m": 0.0 }, "geometry": { "type": "Point", "coordinates": [ -0.659182488918304, 5.321107864379883 ] } },
{ "type": "Feature", "properties": { "particle": 1383, "seed_idx": 69, "valid": true, "snap_water": false, "snap_m": 0.0 }, "geometry": { "type": "Point", "coordinates": [ -0.65931499004364, 5.320939540863037 ] } },
{ "type": "Feature", "properties": { "particle": 1384, "seed_idx": 69, "valid": true, "snap_water": false, "snap_m": 0.0 }, "geometry": { "type": "Point", "coordinates": [ -0.660195767879486, 5.320814609527588 ] } },
{ "type": "Feature", "properties": { "particle": 1385, "seed_idx": 69, "valid": true, "snap_water": false, "snap_m": 0.0 }, "geometry": { "type": "Point", "coordinates": [ -0.660060346126556, 5.320348262786865 ] } },
{ "type": "Feature", "properties": { "particle": 1386, "seed_idx": 69, "valid": true, "snap_water": false, "snap_m": 0.0 }, "geometry": { "type": "Point", "coordinates": [ -0.659061551094055, 5.321236610412598 ] } },
{ "type": "Feature", "properties": { "particle": 1387, "seed_idx": 69, "valid": true, "snap_water": false, "snap_m": 0.0 }, "geometry": { "type": "Point", "coordinates": [ -0.659626662731171, 5.320844650268555 ] } },
{ "type": "Feature", "properties": { "particle": 1388, "seed_idx": 69, "valid": true, "snap_water": false, "snap_m": 0.0 }, "geometry": { "type": "Point", "coordinates": [ -0.661295115947723, 5.31988000869751 ] } },
{ "type": "Feature", "properties": { "particle": 1389, "seed_idx": 69, "valid": true, "snap_water": false, "snap_m": 0.0 }, "geometry": { "type": "Point", "coordinates": [ -0.66016286611557, 5.32050609588623 ] } },
{ "type": "Feature", "properties": { "particle": 1390, "seed_idx": 69, "valid": true, "snap_water": false, "snap_m": 0.0 }, "geometry": { "type": "Point", "coordinates": [ -0.659871757030487, 5.320659160614014 ] } },
{ "type": "Feature", "properties": { "particle": 1391, "seed_idx": 69, "valid": true, "snap_water": false, "snap_m": 0.0 }, "geometry": { "type": "Point", "coordinates": [ -0.659477174282074, 5.320919990539551 ] } },
{ "type": "Feature", "properties": { "particle": 1392, "seed_idx": 69, "valid": true, "snap_water": false, "snap_m": 0.0 }, "geometry": { "type": "Point", "coordinates": [ -0.659471571445465, 5.321029186248779 ] } },
{ "type": "Feature", "properties": { "particle": 1393, "seed_idx": 69, "valid": true, "snap_water": false, "snap_m": 0.0 }, "geometry": { "type": "Point", "coordinates": [ -0.661100745201111, 5.32043981552124 ] } },
{ "type": "Feature", "properties": { "particle": 1394, "seed_idx": 69, "valid": true, "snap_water": false, "snap_m": 0.0 }, "geometry": { "type": "Point", "coordinates": [ -0.661233067512512, 5.319068431854248 ] } },
{ "type": "Feature", "properties": { "particle": 1395, "seed_idx": 69, "valid": true, "snap_water": false, "snap_m": 0.0 }, "geometry": { "type": "Point", "coordinates": [ -0.659682810306549, 5.32023286819458 ] } },
{ "type": "Feature", "properties": { "particle": 1396, "seed_idx": 69, "valid": true, "snap_water": false, "snap_m": 0.0 }, "geometry": { "type": "Point", "coordinates": [ -0.65933221578598, 5.321011066436768 ] } },
{ "type": "Feature", "properties": { "particle": 1397, "seed_idx": 69, "valid": true, "snap_water": false, "snap_m": 0.0 }, "geometry": { "type": "Point", "coordinates": [ -0.660787582397461, 5.319796562194824 ] } },
{ "type": "Feature", "properties": { "particle": 1398, "seed_idx": 69, "valid": true, "snap_water": false, "snap_m": 0.0 }, "geometry": { "type": "Point", "coordinates": [ -0.659468650817871, 5.320980548858643 ] } },
{ "type": "Feature", "properties": { "particle": 1399, "seed_idx": 69, "valid": true, "snap_water": false, "snap_m": 0.0 }, "geometry": { "type": "Point", "coordinates": [ -0.659697234630585, 5.320731639862061 ] } },
{ "type": "Feature", "properties": { "particle": 1400, "seed_idx": 70, "valid": true, "snap_water": false, "snap_m": 0.0 }, "geometry": { "type": "Point", "coordinates": [ -0.65640926361084, 5.327269554138184 ] } },
{ "type": "Feature", "properties": { "particle": 1401, "seed_idx": 70, "valid": true, "snap_water": false, "snap_m": 0.0 }, "geometry": { "type": "Point", "coordinates": [ -0.656603753566742, 5.326794624328613 ] } },
{ "type": "Feature", "properties": { "particle": 1402, "seed_idx": 70, "valid": true, "snap_water": false, "snap_m": 0.0 }, "geometry": { "type": "Point", "coordinates": [ -0.657944738864899, 5.32633113861084 ] } },
{ "type": "Feature", "properties": { "particle": 1403, "seed_idx": 70, "valid": true, "snap_water": false, "snap_m": 0.0 }, "geometry": { "type": "Point", "coordinates": [ -0.657145082950592, 5.325996875762939 ] } },
{ "type": "Feature", "properties": { "particle": 1404, "seed_idx": 70, "valid": true, "snap_water": false, "snap_m": 0.0 }, "geometry": { "type": "Point", "coordinates": [ -0.657035946846008, 5.327645301818848 ] } },
{ "type": "Feature", "properties": { "particle": 1405, "seed_idx": 70, "valid": true, "snap_water": false, "snap_m": 0.0 }, "geometry": { "type": "Point", "coordinates": [ -0.656412541866302, 5.327435970306396 ] } },
{ "type": "Feature", "properties": { "particle": 1406, "seed_idx": 70, "valid": true, "snap_water": false, "snap_m": 0.0 }, "geometry": { "type": "Point", "coordinates": [ -0.656594097614288, 5.327499389648438 ] } },
{ "type": "Feature", "properties": { "particle": 1407, "seed_idx": 70, "valid": true, "snap_water": false, "snap_m": 0.0 }, "geometry": { "type": "Point", "coordinates": [ -0.657198548316956, 5.327792167663574 ] } },
{ "type": "Feature", "properties": { "particle": 1408, "seed_idx": 70, "valid": true, "snap_water": false, "snap_m": 0.0 }, "geometry": { "type": "Point", "coordinates": [ -0.65620094537735, 5.327438831329346 ] } },
{ "type": "Feature", "properties": { "particle": 1409, "seed_idx": 70, "valid": true, "snap_water": false, "snap_m": 0.0 }, "geometry": { "type": "Point", "coordinates": [ -0.6566241979599, 5.327629089355469 ] } },
{ "type": "Feature", "properties": { "particle": 1410, "seed_idx": 70, "valid": true, "snap_water": false, "snap_m": 0.0 }, "geometry": { "type": "Point", "coordinates": [ -0.656583368778229, 5.327478885650635 ] } },
{ "type": "Feature", "properties": { "particle": 1411, "seed_idx": 70, "valid": true, "snap_water": false, "snap_m": 0.0 }, "geometry": { "type": "Point", "coordinates": [ -0.656452715396881, 5.327142238616943 ] } },
{ "type": "Feature", "properties": { "particle": 1412, "seed_idx": 70, "valid": true, "snap_water": false, "snap_m": 0.0 }, "geometry": { "type": "Point", "coordinates": [ -0.656800925731659, 5.327303886413574 ] } },
{ "type": "Feature", "properties": { "particle": 1413, "seed_idx": 70, "valid": true, "snap_water": false, "snap_m": 0.0 }, "geometry": { "type": "Point", "coordinates": [ -0.655886173248291, 5.327974796295166 ] } },
{ "type": "Feature", "properties": { "particle": 1414, "seed_idx": 70, "valid": true, "snap_water": false, "snap_m": 0.0 }, "geometry": { "type": "Point", "coordinates": [ -0.656939685344696, 5.326890468597412 ] } },
{ "type": "Feature", "properties": { "particle": 1415, "seed_idx": 70, "valid": true, "snap_water": false, "snap_m": 0.0 }, "geometry": { "type": "Point", "coordinates": [ -0.656885147094727, 5.327452182769775 ] } },
{ "type": "Feature", "properties": { "particle": 1416, "seed_idx": 70, "valid": true, "snap_water": false, "snap_m": 0.0 }, "geometry": { "type": "Point", "coordinates": [ -0.656616508960724, 5.327092170715332 ] } },
{ "type": "Feature", "properties": { "particle": 1417, "seed_idx": 70, "valid": true, "snap_water": false, "snap_m": 0.0 }, "geometry": { "type": "Point", "coordinates": [ -0.656233608722687, 5.327436447143555 ] } },
{ "type": "Feature", "properties": { "particle": 1418, "seed_idx": 70, "valid": true, "snap_water": false, "snap_m": 0.0 }, "geometry": { "type": "Point", "coordinates": [ -0.656482756137848, 5.327334880828857 ] } },
{ "type": "Feature", "properties": { "particle": 1419, "seed_idx": 70, "valid": true, "snap_water": false, "snap_m": 0.0 }, "geometry": { "type": "Point", "coordinates": [ -0.656960964202881, 5.327193260192871 ] } },
{ "type": "Feature", "properties": { "particle": 1420, "seed_idx": 71, "valid": true, "snap_water": false, "snap_m": 0.0 }, "geometry": { "type": "Point", "coordinates": [ -0.650987029075623, 5.335170269012451 ] } },
{ "type": "Feature", "properties": { "particle": 1421, "seed_idx": 71, "valid": true, "snap_water": false, "snap_m": 0.0 }, "geometry": { "type": "Point", "coordinates": [ -0.651986658573151, 5.334783554077148 ] } },
{ "type": "Feature", "properties": { "particle": 1422, "seed_idx": 71, "valid": true, "snap_water": false, "snap_m": 0.0 }, "geometry": { "type": "Point", "coordinates": [ -0.650829195976257, 5.335317611694336 ] } },
{ "type": "Feature", "properties": { "particle": 1423, "seed_idx": 71, "valid": true, "snap_water": false, "snap_m": 0.0 }, "geometry": { "type": "Point", "coordinates": [ -0.650627136230469, 5.335494041442871 ] } },
{ "type": "Feature", "properties": { "particle": 1424, "seed_idx": 71, "valid": true, "snap_water": false, "snap_m": 0.0 }, "geometry": { "type": "Point", "coordinates": [ -0.650999248027802, 5.335436344146729 ] } },
{ "type": "Feature", "properties": { "particle": 1425, "seed_idx": 71, "valid": true, "snap_water": false, "snap_m": 0.0 }, "geometry": { "type": "Point", "coordinates": [ -0.651556313037872, 5.335330963134766 ] } },
{ "type": "Feature", "properties": { "particle": 1426, "seed_idx": 71, "valid": true, "snap_water": false, "snap_m": 0.0 }, "geometry": { "type": "Point", "coordinates": [ -0.650433778762817, 5.335631847381592 ] } },
{ "type": "Feature", "properties": { "particle": 1427, "seed_idx": 71, "valid": true, "snap_water": false, "snap_m": 0.0 }, "geometry": { "type": "Point", "coordinates": [ -0.650466859340668, 5.335416316986084 ] } },
{ "type": "Feature", "properties": { "particle": 1428, "seed_idx": 71, "valid": true, "snap_water": false, "snap_m": 0.0 }, "geometry": { "type": "Point", "coordinates": [ -0.651661574840546, 5.334977149963379 ] } },
{ "type": "Feature", "properties": { "particle": 1429, "seed_idx": 71, "valid": true, "snap_water": false, "snap_m": 0.0 }, "geometry": { "type": "Point", "coordinates": [ -0.651070177555084, 5.335331916809082 ] } },
{ "type": "Feature", "properties": { "particle": 1430, "seed_idx": 71, "valid": true, "snap_water": false, "snap_m": 0.0 }, "geometry": { "type": "Point", "coordinates": [ -0.6521315574646, 5.334414958953857 ] } },
{ "type": "Feature", "properties": { "particle": 1431, "seed_idx": 71, "valid": true, "snap_water": false, "snap_m": 0.0 }, "geometry": { "type": "Point", "coordinates": [ -0.651416480541229, 5.335339546203613 ] } },
{ "type": "Feature", "properties": { "particle": 1432, "seed_idx": 71, "valid": true, "snap_water": false, "snap_m": 0.0 }, "geometry": { "type": "Point", "coordinates": [ -0.650681138038635, 5.33549690246582 ] } },
{ "type": "Feature", "properties": { "particle": 1433, "seed_idx": 71, "valid": true, "snap_water": false, "snap_m": 0.0 }, "geometry": { "type": "Point", "coordinates": [ -0.65091860294342, 5.335737705230713 ] } },
{ "type": "Feature", "properties": { "particle": 1434, "seed_idx": 71, "valid": true, "snap_water": false, "snap_m": 0.0 }, "geometry": { "type": "Point", "coordinates": [ -0.652993857860565, 5.333939075469971 ] } },
{ "type": "Feature", "properties": { "particle": 1435, "seed_idx": 71, "valid": true, "snap_water": false, "snap_m": 0.0 }, "geometry": { "type": "Point", "coordinates": [ -0.652891099452972, 5.333631992340088 ] } },
{ "type": "Feature", "properties": { "particle": 1436, "seed_idx": 71, "valid": true, "snap_water": false, "snap_m": 0.0 }, "geometry": { "type": "Point", "coordinates": [ -0.651850581169128, 5.334058284759521 ] } },
{ "type": "Feature", "properties": { "particle": 1437, "seed_idx": 71, "valid": true, "snap_water": false, "snap_m": 0.0 }, "geometry": { "type": "Point", "coordinates": [ -0.651245355606079, 5.335485935211182 ] } },
{ "type": "Feature", "properties": { "particle": 1438, "seed_idx": 71, "valid": true, "snap_water": false, "snap_m": 0.0 }, "geometry": { "type": "Point", "coordinates": [ -0.650900721549988, 5.335274696350098 ] } },
{ "type": "Feature", "properties": { "particle": 1439, "seed_idx": 71, "valid": true, "snap_water": false, "snap_m": 0.0 }, "geometry": { "type": "Point", "coordinates": [ -0.651897609233856, 5.334897518157959 ] } },
{ "type": "Feature", "properties": { "particle": 1440, "seed_idx": 72, "valid": true, "snap_water": false, "snap_m": 0.0 }, "geometry": { "type": "Point", "coordinates": [ -0.655776977539062, 5.335055351257324 ] } },
{ "type": "Feature", "properties": { "particle": 1441, "seed_idx": 72, "valid": true, "snap_water": false, "snap_m": 0.0 }, "geometry": { "type": "Point", "coordinates": [ -0.655452370643616, 5.33583927154541 ] } },
{ "type": "Feature", "properties": { "particle": 1442, "seed_idx": 72, "valid": true, "snap_water": false, "snap_m": 0.0 }, "geometry": { "type": "Point", "coordinates": [ -0.655348598957062, 5.335433483123779 ] } },
{ "type": "Feature", "properties": { "particle": 1443, "seed_idx": 72, "valid": true, "snap_water": false, "snap_m": 0.0 }, "geometry": { "type": "Point", "coordinates": [ -0.65522825717926, 5.33562183380127 ] } },
{ "type": "Feature", "properties": { "particle": 1444, "seed_idx": 72, "valid": true, "snap_water": false, "snap_m": 0.0 }, "geometry": { "type": "Point", "coordinates": [ -0.655521035194397, 5.33547830581665 ] } },
{ "type": "Feature", "properties": { "particle": 1445, "seed_idx": 72, "valid": true, "snap_water": false, "snap_m": 0.0 }, "geometry": { "type": "Point", "coordinates": [ -0.655590057373047, 5.335350513458252 ] } },
{ "type": "Feature", "properties": { "particle": 1446, "seed_idx": 72, "valid": true, "snap_water": false, "snap_m": 0.0 }, "geometry": { "type": "Point", "coordinates": [ -0.654940545558929, 5.335930347442627 ] } },
{ "type": "Feature", "properties": { "particle": 1447, "seed_idx": 72, "valid": true, "snap_water": false, "snap_m": 0.0 }, "geometry": { "type": "Point", "coordinates": [ -0.655617892742157, 5.335687160491943 ] } },
{ "type": "Feature", "properties": { "particle": 1448, "seed_idx": 72, "valid": true, "snap_water": false, "snap_m": 0.0 }, "geometry": { "type": "Point", "coordinates": [ -0.656694233417511, 5.334436416625977 ] } },
{ "type": "Feature", "properties": { "particle": 1449, "seed_idx": 72, "valid": true, "snap_water": false, "snap_m": 0.0 }, "geometry": { "type": "Point", "coordinates": [ -0.655272483825684, 5.336014747619629 ] } },
{ "type": "Feature", "properties": { "particle": 1450, "seed_idx": 72, "valid": true, "snap_water": false, "snap_m": 0.0 }, "geometry": { "type": "Point", "coordinates": [ -0.654791116714478, 5.336003303527832 ] } },
{ "type": "Feature", "properties": { "particle": 1451, "seed_idx": 72, "valid": true, "snap_water": false, "snap_m": 0.0 }, "geometry": { "type": "Point", "coordinates": [ -0.655862510204315, 5.335821628570557 ] } },
{ "type": "Feature", "properties": { "particle": 1452, "seed_idx": 72, "valid": true, "snap_water": false, "snap_m": 0.0 }, "geometry": { "type": "Point", "coordinates": [ -0.656143963336945, 5.335362911224365 ] } },
{ "type": "Feature", "properties": { "particle": 1453, "seed_idx": 72, "valid": true, "snap_water": false, "snap_m": 0.0 }, "geometry": { "type": "Point", "coordinates": [ -0.654914379119873, 5.336043834686279 ] } },
{ "type": "Feature", "properties": { "particle": 1454, "seed_idx": 72, "valid": true, "snap_water": false, "snap_m": 0.0 }, "geometry": { "type": "Point", "coordinates": [ -0.655536234378815, 5.335596561431885 ] } },
{ "type": "Feature", "properties": { "particle": 1455, "seed_idx": 72, "valid": true, "snap_water": false, "snap_m": 0.0 }, "geometry": { "type": "Point", "coordinates": [ -0.655401766300201, 5.335435390472412 ] } },
{ "type": "Feature", "properties": { "particle": 1456, "seed_idx": 72, "valid": true, "snap_water": false, "snap_m": 0.0 }, "geometry": { "type": "Point", "coordinates": [ -0.65631103515625, 5.335329532623291 ] } },
{ "type": "Feature", "properties": { "particle": 1457, "seed_idx": 72, "valid": true, "snap_water": false, "snap_m": 0.0 }, "geometry": { "type": "Point", "coordinates": [ -0.654723107814789, 5.336184024810791 ] } },
{ "type": "Feature", "properties": { "particle": 1458, "seed_idx": 72, "valid": true, "snap_water": false, "snap_m": 0.0 }, "geometry": { "type": "Point", "coordinates": [ -0.655840754508972, 5.335457801818848 ] } },
{ "type": "Feature", "properties": { "particle": 1459, "seed_idx": 72, "valid": true, "snap_water": false, "snap_m": 0.0 }, "geometry": { "type": "Point", "coordinates": [ -0.65442281961441, 5.336181163787842 ] } },
{ "type": "Feature", "properties": { "particle": 1460, "seed_idx": 73, "valid": true, "snap_water": false, "snap_m": 0.0 }, "geometry": { "type": "Point", "coordinates": [ -0.653715848922729, 5.327516078948975 ] } },
{ "type": "Feature", "properties": { "particle": 1461, "seed_idx": 73, "valid": true, "snap_water": false, "snap_m": 0.0 }, "geometry": { "type": "Point", "coordinates": [ -0.654190957546234, 5.327173709869385 ] } },
{ "type": "Feature", "properties": { "particle": 1462, "seed_idx": 73, "valid": true, "snap_water": false, "snap_m": 0.0 }, "geometry": { "type": "Point", "coordinates": [ -0.654557168483734, 5.326908111572266 ] } },
{ "type": "Feature", "properties": { "particle": 1463, "seed_idx": 73, "valid": true, "snap_water": false, "snap_m": 0.0 }, "geometry": { "type": "Point", "coordinates": [ -0.655389010906219, 5.32659387588501 ] } },
{ "type": "Feature", "properties": { "particle": 1464, "seed_idx": 73, "valid": true, "snap_water": false, "snap_m": 0.0 }, "geometry": { "type": "Point", "coordinates": [ -0.653761327266693, 5.327639102935791 ] } },
{ "type": "Feature", "properties": { "particle": 1465, "seed_idx": 73, "valid": true, "snap_water": false, "snap_m": 0.0 }, "geometry": { "type": "Point", "coordinates": [ -0.653689324855804, 5.32763671875 ] } },
{ "type": "Feature", "properties": { "particle": 1466, "seed_idx": 73, "valid": true, "snap_water": false, "snap_m": 0.0 }, "geometry": { "type": "Point", "coordinates": [ -0.655428111553192, 5.326334476470947 ] } },
{ "type": "Feature", "properties": { "particle": 1467, "seed_idx": 73, "valid": true, "snap_water": false, "snap_m": 0.0 }, "geometry": { "type": "Point", "coordinates": [ -0.654374301433563, 5.327468872070312 ] } },
{ "type": "Feature", "properties": { "particle": 1468, "seed_idx": 73, "valid": true, "snap_water": false, "snap_m": 0.0 }, "geometry": { "type": "Point", "coordinates": [ -0.65511953830719, 5.326672077178955 ] } },
{ "type": "Feature", "properties": { "particle": 1469, "seed_idx": 73, "valid": true, "snap_water": false, "snap_m": 0.0 }, "geometry": { "type": "Point", "coordinates": [ -0.655132710933685, 5.326860904693604 ] } },
{ "type": "Feature", "properties": { "particle": 1470, "seed_idx": 73, "valid": true, "snap_water": false, "snap_m": 0.0 }, "geometry": { "type": "Point", "coordinates": [ -0.654198825359344, 5.32758617401123 ] } },
{ "type": "Feature", "properties": { "particle": 1471, "seed_idx": 73, "valid": true, "snap_water": false, "snap_m": 0.0 }, "geometry": { "type": "Point", "coordinates": [ -0.653607428073883, 5.32811975479126 ] } },
{ "type": "Feature", "properties": { "particle": 1472, "seed_idx": 73, "valid": true, "snap_water": false, "snap_m": 0.0 }, "geometry": { "type": "Point", "coordinates": [ -0.653444349765778, 5.327861309051514 ] } },
{ "type": "Feature", "properties": { "particle": 1473, "seed_idx": 73, "valid": true, "snap_water": false, "snap_m": 0.0 }, "geometry": { "type": "Point", "coordinates": [ -0.654858529567719, 5.326606750488281 ] } },
{ "type": "Feature", "properties": { "particle": 1474, "seed_idx": 73, "valid": true, "snap_water": false, "snap_m": 0.0 }, "geometry": { "type": "Point", "coordinates": [ -0.654693484306335, 5.32719087600708 ] } },
{ "type": "Feature", "properties": { "particle": 1475, "seed_idx": 73, "valid": true, "snap_water": false, "snap_m": 0.0 }, "geometry": { "type": "Point", "coordinates": [ -0.654642760753632, 5.327221870422363 ] } },
{ "type": "Feature", "properties": { "particle": 1476, "seed_idx": 73, "valid": true, "snap_water": false, "snap_m": 0.0 }, "geometry": { "type": "Point", "coordinates": [ -0.654252469539642, 5.327294826507568 ] } },
{ "type": "Feature", "properties": { "particle": 1477, "seed_idx": 73, "valid": true, "snap_water": false, "snap_m": 0.0 }, "geometry": { "type": "Point", "coordinates": [ -0.653277575969696, 5.327935218811035 ] } },
{ "type": "Feature", "properties": { "particle": 1478, "seed_idx": 73, "valid": true, "snap_water": false, "snap_m": 0.0 }, "geometry": { "type": "Point", "coordinates": [ -0.65353000164032, 5.327717781066895 ] } },
{ "type": "Feature", "properties": { "particle": 1479, "seed_idx": 73, "valid": true, "snap_water": false, "snap_m": 0.0 }, "geometry": { "type": "Point", "coordinates": [ -0.654029548168182, 5.327174186706543 ] } },
{ "type": "Feature", "properties": { "particle": 1480, "seed_idx": 74, "valid": true, "snap_water": false, "snap_m": 0.0 }, "geometry": { "type": "Point", "coordinates": [ -0.654354631900787, 5.33197546005249 ] } },
{ "type": "Feature", "properties": { "particle": 1481, "seed_idx": 74, "valid": true, "snap_water": false, "snap_m": 0.0 }, "geometry": { "type": "Point", "coordinates": [ -0.654961228370667, 5.331472873687744 ] } },
{ "type": "Feature", "properties": { "particle": 1482, "seed_idx": 74, "valid": true, "snap_water": false, "snap_m": 0.0 }, "geometry": { "type": "Point", "coordinates": [ -0.654660403728485, 5.331901550292969 ] } },
{ "type": "Feature", "properties": { "particle": 1483, "seed_idx": 74, "valid": true, "snap_water": false, "snap_m": 0.0 }, "geometry": { "type": "Point", "coordinates": [ -0.655952870845795, 5.33068323135376 ] } },
{ "type": "Feature", "properties": { "particle": 1484, "seed_idx": 74, "valid": true, "snap_water": false, "snap_m": 0.0 }, "geometry": { "type": "Point", "coordinates": [ -0.656274378299713, 5.33040189743042 ] } },
{ "type": "Feature", "properties": { "particle": 1485, "seed_idx": 74, "valid": true, "snap_water": false, "snap_m": 0.0 }, "geometry": { "type": "Point", "coordinates": [ -0.654392063617706, 5.331948280334473 ] } },
{ "type": "Feature", "properties": { "particle": 1486, "seed_idx": 74, "valid": true, "snap_water": false, "snap_m": 0.0 }, "geometry": { "type": "Point", "coordinates": [ -0.655684351921082, 5.33095121383667 ] } },
{ "type": "Feature", "properties": { "particle": 1487, "seed_idx": 74, "valid": true, "snap_water": false, "snap_m": 0.0 }, "geometry": { "type": "Point", "coordinates": [ -0.655539989471436, 5.330893993377686 ] } },
{ "type": "Feature", "properties": { "particle": 1488, "seed_idx": 74, "valid": true, "snap_water": false, "snap_m": 0.0 }, "geometry": { "type": "Point", "coordinates": [ -0.654715180397034, 5.33203125 ] } },
{ "type": "Feature", "properties": { "particle": 1489, "seed_idx": 74, "valid": true, "snap_water": false, "snap_m": 0.0 }, "geometry": { "type": "Point", "coordinates": [ -0.655285775661469, 5.331402778625488 ] } },
{ "type": "Feature", "properties": { "particle": 1490, "seed_idx": 74, "valid": true, "snap_water": false, "snap_m": 0.0 }, "geometry": { "type": "Point", "coordinates": [ -0.656421720981598, 5.329891204833984 ] } },
{ "type": "Feature", "properties": { "particle": 1491, "seed_idx": 74, "valid": true, "snap_water": false, "snap_m": 0.0 }, "geometry": { "type": "Point", "coordinates": [ -0.655171811580658, 5.330689430236816 ] } },
{ "type": "Feature", "properties": { "particle": 1492, "seed_idx": 74, "valid": true, "snap_water": false, "snap_m": 0.0 }, "geometry": { "type": "Point", "coordinates": [ -0.65437513589859, 5.332062721252441 ] } },
{ "type": "Feature", "properties": { "particle": 1493, "seed_idx": 74, "valid": true, "snap_water": false, "snap_m": 0.0 }, "geometry": { "type": "Point", "coordinates": [ -0.654509723186493, 5.332018375396729 ] } },
{ "type": "Feature", "properties": { "particle": 1494, "seed_idx": 74, "valid": true, "snap_water": false, "snap_m": 0.0 }, "geometry": { "type": "Point", "coordinates": [ -0.654677987098694, 5.331653594970703 ] } },
{ "type": "Feature", "properties": { "particle": 1495, "seed_idx": 74, "valid": true, "snap_water": false, "snap_m": 0.0 }, "geometry": { "type": "Point", "coordinates": [ -0.656128883361816, 5.330379962921143 ] } },
{ "type": "Feature", "properties": { "particle": 1496, "seed_idx": 74, "valid": true, "snap_water": false, "snap_m": 0.0 }, "geometry": { "type": "Point", "coordinates": [ -0.654533445835114, 5.331926822662354 ] } },
{ "type": "Feature", "properties": { "particle": 1497, "seed_idx": 74, "valid": true, "snap_water": false, "snap_m": 0.0 }, "geometry": { "type": "Point", "coordinates": [ -0.654581785202026, 5.331779956817627 ] } },
{ "type": "Feature", "properties": { "particle": 1498, "seed_idx": 74, "valid": true, "snap_water": false, "snap_m": 0.0 }, "geometry": { "type": "Point", "coordinates": [ -0.654871761798859, 5.331378936767578 ] } },
{ "type": "Feature", "properties": { "particle": 1499, "seed_idx": 74, "valid": true, "snap_water": false, "snap_m": 0.0 }, "geometry": { "type": "Point", "coordinates": [ -0.65497624874115, 5.331019401550293 ] } },
{ "type": "Feature", "properties": { "particle": 1500, "seed_idx": 75, "valid": true, "snap_water": false, "snap_m": 0.0 }, "geometry": { "type": "Point", "coordinates": [ -0.652296245098114, 5.332659244537354 ] } },
{ "type": "Feature", "properties": { "particle": 1501, "seed_idx": 75, "valid": true, "snap_water": false, "snap_m": 0.0 }, "geometry": { "type": "Point", "coordinates": [ -0.65317714214325, 5.33221960067749 ] } },
{ "type": "Feature", "properties": { "particle": 1502, "seed_idx": 75, "valid": true, "snap_water": false, "snap_m": 0.0 }, "geometry": { "type": "Point", "coordinates": [ -0.652216851711273, 5.333049297332764 ] } },
{ "type": "Feature", "properties": { "particle": 1503, "seed_idx": 75, "valid": true, "snap_water": false, "snap_m": 0.0 }, "geometry": { "type": "Point", "coordinates": [ -0.65300464630127, 5.332074642181396 ] } },
{ "type": "Feature", "properties": { "particle": 1504, "seed_idx": 75, "valid": true, "snap_water": false, "snap_m": 0.0 }, "geometry": { "type": "Point", "coordinates": [ -0.652870774269104, 5.332653522491455 ] } },
{ "type": "Feature", "properties": { "particle": 1505, "seed_idx": 75, "valid": true, "snap_water": false, "snap_m": 0.0 }, "geometry": { "type": "Point", "coordinates": [ -0.652072548866272, 5.333253860473633 ] } },
{ "type": "Feature", "properties": { "particle": 1506, "seed_idx": 75, "valid": true, "snap_water": false, "snap_m": 0.0 }, "geometry": { "type": "Point", "coordinates": [ -0.652383029460907, 5.333165645599365 ] } },
{ "type": "Feature", "properties": { "particle": 1507, "seed_idx": 75, "valid": true, "snap_water": false, "snap_m": 0.0 }, "geometry": { "type": "Point", "coordinates": [ -0.651602506637573, 5.333290100097656 ] } },
{ "type": "Feature", "properties": { "particle": 1508, "seed_idx": 75, "valid": true, "snap_water": false, "snap_m": 0.0 }, "geometry": { "type": "Point", "coordinates": [ -0.652127742767334, 5.333037853240967 ] } },
{ "type": "Feature", "properties": { "particle": 1509, "seed_idx": 75, "valid": true, "snap_water": false, "snap_m": 0.0 }, "geometry": { "type": "Point", "coordinates": [ -0.652126491069794, 5.33282995223999 ] } },
{ "type": "Feature", "properties": { "particle": 1510, "seed_idx": 75, "valid": true, "snap_water": false, "snap_m": 0.0 }, "geometry": { "type": "Point", "coordinates": [ -0.65235310792923, 5.333187103271484 ] } },
{ "type": "Feature", "properties": { "particle": 1511, "seed_idx": 75, "valid": true, "snap_water": false, "snap_m": 0.0 }, "geometry": { "type": "Point", "coordinates": [ -0.651593744754791, 5.333528995513916 ] } },
{ "type": "Feature", "properties": { "particle": 1512, "seed_idx": 75, "valid": true, "snap_water": false, "snap_m": 0.0 }, "geometry": { "type": "Point", "coordinates": [ -0.651964962482452, 5.333066940307617 ] } },
{ "type": "Feature", "properties": { "particle": 1513, "seed_idx": 75, "valid": true, "snap_water": false, "snap_m": 0.0 }, "geometry": { "type": "Point", "coordinates": [ -0.651850581169128, 5.333556175231934 ] } },
{ "type": "Feature", "properties": { "particle": 1514, "seed_idx": 75, "valid": true, "snap_water": false, "snap_m": 0.0 }, "geometry": { "type": "Point", "coordinates": [ -0.652439951896667, 5.333268642425537 ] } },
{ "type": "Feature", "properties": { "particle": 1515, "seed_idx": 75, "valid": true, "snap_water": false, "snap_m": 0.0 }, "geometry": { "type": "Point", "coordinates": [ -0.652672410011292, 5.333202838897705 ] } },
{ "type": "Feature", "properties": { "particle": 1516, "seed_idx": 75, "valid": true, "snap_water": false, "snap_m": 0.0 }, "geometry": { "type": "Point", "coordinates": [ -0.653352916240692, 5.332372188568115 ] } },
{ "type": "Feature", "properties": { "particle": 1517, "seed_idx": 75, "valid": true, "snap_water": false, "snap_m": 0.0 }, "geometry": { "type": "Point", "coordinates": [ -0.653106153011322, 5.332422733306885 ] } },
{ "type": "Feature", "properties": { "particle": 1518, "seed_idx": 75, "valid": true, "snap_water": false, "snap_m": 0.0 }, "geometry": { "type": "Point", "coordinates": [ -0.652302622795105, 5.333001613616943 ] } },
{ "type": "Feature", "properties": { "particle": 1519, "seed_idx": 75, "valid": true, "snap_water": false, "snap_m": 0.0 }, "geometry": { "type": "Point", "coordinates": [ -0.652142643928528, 5.332716941833496 ] } },
{ "type": "Feature", "properties": { "particle": 1520, "seed_idx": 76, "valid": true, "snap_water": false, "snap_m": 0.0 }, "geometry": { "type": "Point", "coordinates": [ -0.648020565509796, 5.334747791290283 ] } },
{ "type": "Feature", "properties": { "particle": 1521, "seed_idx": 76, "valid": true, "snap_water": false, "snap_m": 0.0 }, "geometry": { "type": "Point", "coordinates": [ -0.648462414741516, 5.334073543548584 ] } },
{ "type": "Feature", "properties": { "particle": 1522, "seed_idx": 76, "valid": true, "snap_water": false, "snap_m": 0.0 }, "geometry": { "type": "Point", "coordinates": [ -0.650303661823273, 5.333569049835205 ] } },
{ "type": "Feature", "properties": { "particle": 1523, "seed_idx": 76, "valid": true, "snap_water": false, "snap_m": 0.0 }, "geometry": { "type": "Point", "coordinates": [ -0.647687315940857, 5.334829807281494 ] } },
{ "type": "Feature", "properties": { "particle": 1524, "seed_idx": 76, "valid": true, "snap_water": false, "snap_m": 0.0 }, "geometry": { "type": "Point", "coordinates": [ -0.647579312324524, 5.334877014160156 ] } },
{ "type": "Feature", "properties": { "particle": 1525, "seed_idx": 76, "valid": true, "snap_water": false, "snap_m": 0.0 }, "geometry": { "type": "Point", "coordinates": [ -0.649635374546051, 5.333080291748047 ] } },
{ "type": "Feature", "properties": { "particle": 1526, "seed_idx": 76, "valid": true, "snap_water": false, "snap_m": 0.0 }, "geometry": { "type": "Point", "coordinates": [ -0.648569345474243, 5.334655284881592 ] } },
{ "type": "Feature", "properties": { "particle": 1527, "seed_idx": 76, "valid": true, "snap_water": false, "snap_m": 0.0 }, "geometry": { "type": "Point", "coordinates": [ -0.647937417030334, 5.334751605987549 ] } },
{ "type": "Feature", "properties": { "particle": 1528, "seed_idx": 76, "valid": true, "snap_water": false, "snap_m": 0.0 }, "geometry": { "type": "Point", "coordinates": [ -0.647267282009125, 5.335292816162109 ] } },
{ "type": "Feature", "properties": { "particle": 1529, "seed_idx": 76, "valid": true, "snap_water": false, "snap_m": 0.0 }, "geometry": { "type": "Point", "coordinates": [ -0.6491579413414, 5.333738803863525 ] } },
{ "type": "Feature", "properties": { "particle": 1530, "seed_idx": 76, "valid": true, "snap_water": false, "snap_m": 0.0 }, "geometry": { "type": "Point", "coordinates": [ -0.648536920547485, 5.334008693695068 ] } },
{ "type": "Feature", "properties": { "particle": 1531, "seed_idx": 76, "valid": true, "snap_water": false, "snap_m": 0.0 }, "geometry": { "type": "Point", "coordinates": [ -0.648780822753906, 5.333716869354248 ] } },
{ "type": "Feature", "properties": { "particle": 1532, "seed_idx": 76, "valid": true, "snap_water": false, "snap_m": 0.0 }, "geometry": { "type": "Point", "coordinates": [ -0.649005532264709, 5.334295749664307 ] } },
{ "type": "Feature", "properties": { "particle": 1533, "seed_idx": 76, "valid": true, "snap_water": false, "snap_m": 0.0 }, "geometry": { "type": "Point", "coordinates": [ -0.649599075317383, 5.333792686462402 ] } },
{ "type": "Feature", "properties": { "particle": 1534, "seed_idx": 76, "valid": true, "snap_water": false, "snap_m": 0.0 }, "geometry": { "type": "Point", "coordinates": [ -0.647638976573944, 5.334935665130615 ] } },
{ "type": "Feature", "properties": { "particle": 1535, "seed_idx": 76, "valid": true, "snap_water": false, "snap_m": 0.0 }, "geometry": { "type": "Point", "coordinates": [ -0.648042917251587, 5.334620475769043 ] } },
{ "type": "Feature", "properties": { "particle": 1536, "seed_idx": 76, "valid": true, "snap_water": false, "snap_m": 0.0 }, "geometry": { "type": "Point", "coordinates": [ -0.64771842956543, 5.334968090057373 ] } },
{ "type": "Feature", "properties": { "particle": 1537, "seed_idx": 76, "valid": true, "snap_water": false, "snap_m": 0.0 }, "geometry": { "type": "Point", "coordinates": [ -0.647413432598114, 5.335076332092285 ] } },
{ "type": "Feature", "properties": { "particle": 1538, "seed_idx": 76, "valid": true, "snap_water": false, "snap_m": 0.0 }, "geometry": { "type": "Point", "coordinates": [ -0.647941648960114, 5.334548473358154 ] } },
{ "type": "Feature", "properties": { "particle": 1539, "seed_idx": 76, "valid": true, "snap_water": false, "snap_m": 0.0 }, "geometry": { "type": "Point", "coordinates": [ -0.647975385189056, 5.334980010986328 ] } }
]
}
