{
"type": "FeatureCollection",
"name": "predicted_particle_points",
"crs": { "type": "name", "properties": { "name": "urn:ogc:def:crs:OGC:1.3:CRS84" } },
"features": [
{ "type": "Feature", "properties": { "particle": 0, "seed_idx": 0, "valid": true }, "geometry": { "type": "Point", "coordinates": [ -0.312984615564346, 5.504370212554932 ] } },
{ "type": "Feature", "properties": { "particle": 1, "seed_idx": 0, "valid": true }, "geometry": { "type": "Point", "coordinates": [ -0.313576489686966, 5.503892421722412 ] } },
{ "type": "Feature", "properties": { "particle": 2, "seed_idx": 0, "valid": true }, "geometry": { "type": "Point", "coordinates": [ -0.312689214944839, 5.504775047302246 ] } },
{ "type": "Feature", "properties": { "particle": 3, "seed_idx": 0, "valid": true }, "geometry": { "type": "Point", "coordinates": [ -0.312990754842758, 5.504627227783203 ] } },
{ "type": "Feature", "properties": { "particle": 4, "seed_idx": 0, "valid": true }, "geometry": { "type": "Point", "coordinates": [ -0.31305456161499, 5.504902839660645 ] } },
{ "type": "Feature", "properties": { "particle": 5, "seed_idx": 0, "valid": true }, "geometry": { "type": "Point", "coordinates": [ -0.312858730554581, 5.504884243011475 ] } },
{ "type": "Feature", "properties": { "particle": 6, "seed_idx": 0, "valid": true }, "geometry": { "type": "Point", "coordinates": [ -0.312989234924316, 5.504426002502441 ] } },
{ "type": "Feature", "properties": { "particle": 7, "seed_idx": 0, "valid": true }, "geometry": { "type": "Point", "coordinates": [ -0.316704422235489, 5.503879070281982 ] } },
{ "type": "Feature", "properties": { "particle": 8, "seed_idx": 0, "valid": true }, "geometry": { "type": "Point", "coordinates": [ -0.312875658273697, 5.504301071166992 ] } },
{ "type": "Feature", "properties": { "particle": 9, "seed_idx": 0, "valid": true }, "geometry": { "type": "Point", "coordinates": [ -0.315798938274384, 5.50520133972168 ] } },
{ "type": "Feature", "properties": { "particle": 10, "seed_idx": 0, "valid": true }, "geometry": { "type": "Point", "coordinates": [ -0.315758407115936, 5.504545211791992 ] } },
{ "type": "Feature", "properties": { "particle": 11, "seed_idx": 0, "valid": true }, "geometry": { "type": "Point", "coordinates": [ -0.312961935997009, 5.50382137298584 ] } },
{ "type": "Feature", "properties": { "particle": 12, "seed_idx": 0, "valid": true }, "geometry": { "type": "Point", "coordinates": [ -0.322090893983841, 5.508918762207031 ] } },
{ "type": "Feature", "properties": { "particle": 13, "seed_idx": 0, "valid": true }, "geometry": { "type": "Point", "coordinates": [ -0.312917798757553, 5.503771305084229 ] } },
{ "type": "Feature", "properties": { "particle": 14, "seed_idx": 0, "valid": true }, "geometry": { "type": "Point", "coordinates": [ -0.312895536422729, 5.504677295684814 ] } },
{ "type": "Feature", "properties": { "particle": 15, "seed_idx": 0, "valid": true }, "geometry": { "type": "Point", "coordinates": [ -0.313224107027054, 5.503909587860107 ] } },
{ "type": "Feature", "properties": { "particle": 16, "seed_idx": 0, "valid": true }, "geometry": { "type": "Point", "coordinates": [ -0.312906682491302, 5.504646301269531 ] } },
{ "type": "Feature", "properties": { "particle": 17, "seed_idx": 0, "valid": true }, "geometry": { "type": "Point", "coordinates": [ -0.312974721193314, 5.504370212554932 ] } },
{ "type": "Feature", "properties": { "particle": 18, "seed_idx": 0, "valid": true }, "geometry": { "type": "Point", "coordinates": [ -0.313024967908859, 5.504965305328369 ] } },
{ "type": "Feature", "properties": { "particle": 19, "seed_idx": 0, "valid": true }, "geometry": { "type": "Point", "coordinates": [ -0.312650114297867, 5.504785060882568 ] } },
{ "type": "Feature", "properties": { "particle": 20, "seed_idx": 1, "valid": true }, "geometry": { "type": "Point", "coordinates": [ -0.316249072551727, 5.505293846130371 ] } },
{ "type": "Feature", "properties": { "particle": 21, "seed_idx": 1, "valid": true }, "geometry": { "type": "Point", "coordinates": [ -0.312908440828323, 5.503986835479736 ] } },
{ "type": "Feature", "properties": { "particle": 22, "seed_idx": 1, "valid": true }, "geometry": { "type": "Point", "coordinates": [ -0.313406854867935, 5.503933906555176 ] } },
{ "type": "Feature", "properties": { "particle": 23, "seed_idx": 1, "valid": true }, "geometry": { "type": "Point", "coordinates": [ -0.312876969575882, 5.50446081161499 ] } },
{ "type": "Feature", "properties": { "particle": 24, "seed_idx": 1, "valid": true }, "geometry": { "type": "Point", "coordinates": [ -0.313446700572968, 5.503873825073242 ] } },
{ "type": "Feature", "properties": { "particle": 25, "seed_idx": 1, "valid": true }, "geometry": { "type": "Point", "coordinates": [ -0.312806606292725, 5.504237651824951 ] } },
{ "type": "Feature", "properties": { "particle": 26, "seed_idx": 1, "valid": true }, "geometry": { "type": "Point", "coordinates": [ -0.319009006023407, 5.507759094238281 ] } },
{ "type": "Feature", "properties": { "particle": 27, "seed_idx": 1, "valid": true }, "geometry": { "type": "Point", "coordinates": [ -0.312877118587494, 5.504134654998779 ] } },
{ "type": "Feature", "properties": { "particle": 28, "seed_idx": 1, "valid": true }, "geometry": { "type": "Point", "coordinates": [ -0.316784739494324, 5.505508422851562 ] } },
{ "type": "Feature", "properties": { "particle": 29, "seed_idx": 1, "valid": true }, "geometry": { "type": "Point", "coordinates": [ -0.306774944067001, 5.499593257904053 ] } },
{ "type": "Feature", "properties": { "particle": 30, "seed_idx": 1, "valid": true }, "geometry": { "type": "Point", "coordinates": [ -0.314475923776627, 5.503942012786865 ] } },
{ "type": "Feature", "properties": { "particle": 31, "seed_idx": 1, "valid": true }, "geometry": { "type": "Point", "coordinates": [ -0.312764018774033, 5.504119873046875 ] } },
{ "type": "Feature", "properties": { "particle": 32, "seed_idx": 1, "valid": true }, "geometry": { "type": "Point", "coordinates": [ -0.31275549530983, 5.504547595977783 ] } },
{ "type": "Feature", "properties": { "particle": 33, "seed_idx": 1, "valid": true }, "geometry": { "type": "Point", "coordinates": [ -0.312965154647827, 5.504118919372559 ] } },
{ "type": "Feature", "properties": { "particle": 34, "seed_idx": 1, "valid": true }, "geometry": { "type": "Point", "coordinates": [ -0.312975615262985, 5.504162788391113 ] } },
{ "type": "Feature", "properties": { "particle": 35, "seed_idx": 1, "valid": true }, "geometry": { "type": "Point", "coordinates": [ -0.313290804624557, 5.503934860229492 ] } },
{ "type": "Feature", "properties": { "particle": 36, "seed_idx": 1, "valid": true }, "geometry": { "type": "Point", "coordinates": [ -0.312788039445877, 5.504562854766846 ] } },
{ "type": "Feature", "properties": { "particle": 37, "seed_idx": 1, "valid": true }, "geometry": { "type": "Point", "coordinates": [ -0.306990325450897, 5.499702930450439 ] } },
{ "type": "Feature", "properties": { "particle": 38, "seed_idx": 1, "valid": true }, "geometry": { "type": "Point", "coordinates": [ -0.313007712364197, 5.504884719848633 ] } },
{ "type": "Feature", "properties": { "particle": 39, "seed_idx": 1, "valid": true }, "geometry": { "type": "Point", "coordinates": [ -0.312901198863983, 5.504501342773438 ] } },
{ "type": "Feature", "properties": { "particle": 40, "seed_idx": 2, "valid": true }, "geometry": { "type": "Point", "coordinates": [ -0.314968168735504, 5.504906177520752 ] } },
{ "type": "Feature", "properties": { "particle": 41, "seed_idx": 2, "valid": true }, "geometry": { "type": "Point", "coordinates": [ -0.315858483314514, 5.50438928604126 ] } },
{ "type": "Feature", "properties": { "particle": 42, "seed_idx": 2, "valid": true }, "geometry": { "type": "Point", "coordinates": [ -0.312957316637039, 5.504255771636963 ] } },
{ "type": "Feature", "properties": { "particle": 43, "seed_idx": 2, "valid": true }, "geometry": { "type": "Point", "coordinates": [ -0.313071757555008, 5.504481315612793 ] } },
{ "type": "Feature", "properties": { "particle": 44, "seed_idx": 2, "valid": true }, "geometry": { "type": "Point", "coordinates": [ -0.31299015879631, 5.504504680633545 ] } },
{ "type": "Feature", "properties": { "particle": 45, "seed_idx": 2, "valid": true }, "geometry": { "type": "Point", "coordinates": [ -0.316861897706985, 5.505611419677734 ] } },
{ "type": "Feature", "properties": { "particle": 46, "seed_idx": 2, "valid": true }, "geometry": { "type": "Point", "coordinates": [ -0.316993921995163, 5.505804538726807 ] } },
{ "type": "Feature", "properties": { "particle": 47, "seed_idx": 2, "valid": true }, "geometry": { "type": "Point", "coordinates": [ -0.313273221254349, 5.503876209259033 ] } },
{ "type": "Feature", "properties": { "particle": 48, "seed_idx": 2, "valid": true }, "geometry": { "type": "Point", "coordinates": [ -0.307095319032669, 5.499897003173828 ] } },
{ "type": "Feature", "properties": { "particle": 49, "seed_idx": 2, "valid": true }, "geometry": { "type": "Point", "coordinates": [ -0.313063502311707, 5.504285335540771 ] } },
{ "type": "Feature", "properties": { "particle": 50, "seed_idx": 2, "valid": true }, "geometry": { "type": "Point", "coordinates": [ -0.31566995382309, 5.504822254180908 ] } },
{ "type": "Feature", "properties": { "particle": 51, "seed_idx": 2, "valid": true }, "geometry": { "type": "Point", "coordinates": [ -0.319936275482178, 5.508138179779053 ] } },
{ "type": "Feature", "properties": { "particle": 52, "seed_idx": 2, "valid": true }, "geometry": { "type": "Point", "coordinates": [ -0.312856048345566, 5.504473209381104 ] } },
{ "type": "Feature", "properties": { "particle": 53, "seed_idx": 2, "valid": true }, "geometry": { "type": "Point", "coordinates": [ -0.306860774755478, 5.499660491943359 ] } },
{ "type": "Feature", "properties": { "particle": 54, "seed_idx": 2, "valid": true }, "geometry": { "type": "Point", "coordinates": [ -0.312920033931732, 5.504155158996582 ] } },
{ "type": "Feature", "properties": { "particle": 55, "seed_idx": 2, "valid": true }, "geometry": { "type": "Point", "coordinates": [ -0.312841057777405, 5.504123687744141 ] } },
{ "type": "Feature", "properties": { "particle": 56, "seed_idx": 2, "valid": true }, "geometry": { "type": "Point", "coordinates": [ -0.320837944746017, 5.508728981018066 ] } },
{ "type": "Feature", "properties": { "particle": 57, "seed_idx": 2, "valid": true }, "geometry": { "type": "Point", "coordinates": [ -0.312931776046753, 5.503855228424072 ] } },
{ "type": "Feature", "properties": { "particle": 58, "seed_idx": 2, "valid": true }, "geometry": { "type": "Point", "coordinates": [ -0.316337823867798, 5.505714893341064 ] } },
{ "type": "Feature", "properties": { "particle": 59, "seed_idx": 2, "valid": true }, "geometry": { "type": "Point", "coordinates": [ -0.312802344560623, 5.503874778747559 ] } },
{ "type": "Feature", "properties": { "particle": 60, "seed_idx": 3, "valid": true }, "geometry": { "type": "Point", "coordinates": [ -0.306897073984146, 5.499270915985107 ] } },
{ "type": "Feature", "properties": { "particle": 61, "seed_idx": 3, "valid": true }, "geometry": { "type": "Point", "coordinates": [ -0.306869238615036, 5.499285697937012 ] } },
{ "type": "Feature", "properties": { "particle": 62, "seed_idx": 3, "valid": true }, "geometry": { "type": "Point", "coordinates": [ -0.306710779666901, 5.499395847320557 ] } },
{ "type": "Feature", "properties": { "particle": 63, "seed_idx": 3, "valid": true }, "geometry": { "type": "Point", "coordinates": [ -0.305981904268265, 5.498560428619385 ] } },
{ "type": "Feature", "properties": { "particle": 64, "seed_idx": 3, "valid": true }, "geometry": { "type": "Point", "coordinates": [ -0.306781232357025, 5.499214649200439 ] } },
{ "type": "Feature", "properties": { "particle": 65, "seed_idx": 3, "valid": true }, "geometry": { "type": "Point", "coordinates": [ -0.306066036224365, 5.498647212982178 ] } },
{ "type": "Feature", "properties": { "particle": 66, "seed_idx": 3, "valid": true }, "geometry": { "type": "Point", "coordinates": [ -0.306822031736374, 5.499375820159912 ] } },
{ "type": "Feature", "properties": { "particle": 67, "seed_idx": 3, "valid": true }, "geometry": { "type": "Point", "coordinates": [ -0.306844025850296, 5.499560356140137 ] } },
{ "type": "Feature", "properties": { "particle": 68, "seed_idx": 3, "valid": true }, "geometry": { "type": "Point", "coordinates": [ -0.316919565200806, 5.50559139251709 ] } },
{ "type": "Feature", "properties": { "particle": 69, "seed_idx": 3, "valid": true }, "geometry": { "type": "Point", "coordinates": [ -0.306055665016174, 5.498920440673828 ] } },
{ "type": "Feature", "properties": { "particle": 70, "seed_idx": 3, "valid": true }, "geometry": { "type": "Point", "coordinates": [ -0.306966602802277, 5.499388217926025 ] } },
{ "type": "Feature", "properties": { "particle": 71, "seed_idx": 3, "valid": true }, "geometry": { "type": "Point", "coordinates": [ -0.306798279285431, 5.49937629699707 ] } },
{ "type": "Feature", "properties": { "particle": 72, "seed_idx": 3, "valid": true }, "geometry": { "type": "Point", "coordinates": [ -0.315950363874435, 5.50513744354248 ] } },
{ "type": "Feature", "properties": { "particle": 73, "seed_idx": 3, "valid": true }, "geometry": { "type": "Point", "coordinates": [ -0.306819438934326, 5.499548435211182 ] } },
{ "type": "Feature", "properties": { "particle": 74, "seed_idx": 3, "valid": true }, "geometry": { "type": "Point", "coordinates": [ -0.316967964172363, 5.505651473999023 ] } },
{ "type": "Feature", "properties": { "particle": 75, "seed_idx": 3, "valid": true }, "geometry": { "type": "Point", "coordinates": [ -0.306980431079865, 5.499580860137939 ] } },
{ "type": "Feature", "properties": { "particle": 76, "seed_idx": 3, "valid": true }, "geometry": { "type": "Point", "coordinates": [ -0.306819081306458, 5.499447822570801 ] } },
{ "type": "Feature", "properties": { "particle": 77, "seed_idx": 3, "valid": true }, "geometry": { "type": "Point", "coordinates": [ -0.305983364582062, 5.498629570007324 ] } },
{ "type": "Feature", "properties": { "particle": 78, "seed_idx": 3, "valid": true }, "geometry": { "type": "Point", "coordinates": [ -0.313105642795563, 5.503977298736572 ] } },
{ "type": "Feature", "properties": { "particle": 79, "seed_idx": 3, "valid": true }, "geometry": { "type": "Point", "coordinates": [ -0.316781729459763, 5.505467891693115 ] } },
{ "type": "Feature", "properties": { "particle": 80, "seed_idx": 4, "valid": true }, "geometry": { "type": "Point", "coordinates": [ -0.306966155767441, 5.499498844146729 ] } },
{ "type": "Feature", "properties": { "particle": 81, "seed_idx": 4, "valid": true }, "geometry": { "type": "Point", "coordinates": [ -0.318165928125381, 5.506697654724121 ] } },
{ "type": "Feature", "properties": { "particle": 82, "seed_idx": 4, "valid": true }, "geometry": { "type": "Point", "coordinates": [ -0.316752642393112, 5.505597591400146 ] } },
{ "type": "Feature", "properties": { "particle": 83, "seed_idx": 4, "valid": true }, "geometry": { "type": "Point", "coordinates": [ -0.30695703625679, 5.499554634094238 ] } },
{ "type": "Feature", "properties": { "particle": 84, "seed_idx": 4, "valid": true }, "geometry": { "type": "Point", "coordinates": [ -0.316859275102615, 5.505577564239502 ] } },
{ "type": "Feature", "properties": { "particle": 85, "seed_idx": 4, "valid": true }, "geometry": { "type": "Point", "coordinates": [ -0.31575745344162, 5.504161834716797 ] } },
{ "type": "Feature", "properties": { "particle": 86, "seed_idx": 4, "valid": true }, "geometry": { "type": "Point", "coordinates": [ -0.30704203248024, 5.499682903289795 ] } },
{ "type": "Feature", "properties": { "particle": 87, "seed_idx": 4, "valid": true }, "geometry": { "type": "Point", "coordinates": [ -0.305933892726898, 5.498650074005127 ] } },
{ "type": "Feature", "properties": { "particle": 88, "seed_idx": 4, "valid": true }, "geometry": { "type": "Point", "coordinates": [ -0.306906849145889, 5.499695777893066 ] } },
{ "type": "Feature", "properties": { "particle": 89, "seed_idx": 4, "valid": true }, "geometry": { "type": "Point", "coordinates": [ -0.306868553161621, 5.499526023864746 ] } },
{ "type": "Feature", "properties": { "particle": 90, "seed_idx": 4, "valid": true }, "geometry": { "type": "Point", "coordinates": [ -0.316065847873688, 5.503719329833984 ] } },
{ "type": "Feature", "properties": { "particle": 91, "seed_idx": 4, "valid": true }, "geometry": { "type": "Point", "coordinates": [ -0.316618263721466, 5.506074905395508 ] } },
{ "type": "Feature", "properties": { "particle": 92, "seed_idx": 4, "valid": true }, "geometry": { "type": "Point", "coordinates": [ -0.313414752483368, 5.503924369812012 ] } },
{ "type": "Feature", "properties": { "particle": 93, "seed_idx": 4, "valid": true }, "geometry": { "type": "Point", "coordinates": [ -0.306814938783646, 5.499579429626465 ] } },
{ "type": "Feature", "properties": { "particle": 94, "seed_idx": 4, "valid": true }, "geometry": { "type": "Point", "coordinates": [ -0.305863082408905, 5.498716831207275 ] } },
{ "type": "Feature", "properties": { "particle": 95, "seed_idx": 4, "valid": true }, "geometry": { "type": "Point", "coordinates": [ -0.306861191987991, 5.49934196472168 ] } },
{ "type": "Feature", "properties": { "particle": 96, "seed_idx": 4, "valid": true }, "geometry": { "type": "Point", "coordinates": [ -0.306825309991837, 5.499607086181641 ] } },
{ "type": "Feature", "properties": { "particle": 97, "seed_idx": 4, "valid": true }, "geometry": { "type": "Point", "coordinates": [ -0.306532293558121, 5.498027324676514 ] } },
{ "type": "Feature", "properties": { "particle": 98, "seed_idx": 4, "valid": true }, "geometry": { "type": "Point", "coordinates": [ -0.30700945854187, 5.499277591705322 ] } },
{ "type": "Feature", "properties": { "particle": 99, "seed_idx": 4, "valid": true }, "geometry": { "type": "Point", "coordinates": [ -0.316971004009247, 5.505772113800049 ] } },
{ "type": "Feature", "properties": { "particle": 100, "seed_idx": 5, "valid": true }, "geometry": { "type": "Point", "coordinates": [ -0.312516778707504, 5.504889488220215 ] } },
{ "type": "Feature", "properties": { "particle": 101, "seed_idx": 5, "valid": true }, "geometry": { "type": "Point", "coordinates": [ -0.312336951494217, 5.50493049621582 ] } },
{ "type": "Feature", "properties": { "particle": 102, "seed_idx": 5, "valid": true }, "geometry": { "type": "Point", "coordinates": [ -0.312868028879166, 5.504543304443359 ] } },
{ "type": "Feature", "properties": { "particle": 103, "seed_idx": 5, "valid": true }, "geometry": { "type": "Point", "coordinates": [ -0.312895089387894, 5.504687309265137 ] } },
{ "type": "Feature", "properties": { "particle": 104, "seed_idx": 5, "valid": true }, "geometry": { "type": "Point", "coordinates": [ -0.312362164258957, 5.504786014556885 ] } },
{ "type": "Feature", "properties": { "particle": 105, "seed_idx": 5, "valid": true }, "geometry": { "type": "Point", "coordinates": [ -0.312490731477737, 5.504868030548096 ] } },
{ "type": "Feature", "properties": { "particle": 106, "seed_idx": 5, "valid": true }, "geometry": { "type": "Point", "coordinates": [ -0.312869280576706, 5.504979610443115 ] } },
{ "type": "Feature", "properties": { "particle": 107, "seed_idx": 5, "valid": true }, "geometry": { "type": "Point", "coordinates": [ -0.312847942113876, 5.504302501678467 ] } },
{ "type": "Feature", "properties": { "particle": 108, "seed_idx": 5, "valid": true }, "geometry": { "type": "Point", "coordinates": [ -0.312939047813416, 5.504934787750244 ] } },
{ "type": "Feature", "properties": { "particle": 109, "seed_idx": 5, "valid": true }, "geometry": { "type": "Point", "coordinates": [ -0.312955558300018, 5.504941940307617 ] } },
{ "type": "Feature", "properties": { "particle": 110, "seed_idx": 5, "valid": true }, "geometry": { "type": "Point", "coordinates": [ -0.312989413738251, 5.504927635192871 ] } },
{ "type": "Feature", "properties": { "particle": 111, "seed_idx": 5, "valid": true }, "geometry": { "type": "Point", "coordinates": [ -0.312241852283478, 5.504898548126221 ] } },
{ "type": "Feature", "properties": { "particle": 112, "seed_idx": 5, "valid": true }, "geometry": { "type": "Point", "coordinates": [ -0.312804371118546, 5.504526138305664 ] } },
{ "type": "Feature", "properties": { "particle": 113, "seed_idx": 5, "valid": true }, "geometry": { "type": "Point", "coordinates": [ -0.312899947166443, 5.504410743713379 ] } },
{ "type": "Feature", "properties": { "particle": 114, "seed_idx": 5, "valid": true }, "geometry": { "type": "Point", "coordinates": [ -0.312503188848495, 5.504923343658447 ] } },
{ "type": "Feature", "properties": { "particle": 115, "seed_idx": 5, "valid": true }, "geometry": { "type": "Point", "coordinates": [ -0.312423229217529, 5.504830837249756 ] } },
{ "type": "Feature", "properties": { "particle": 116, "seed_idx": 5, "valid": true }, "geometry": { "type": "Point", "coordinates": [ -0.312850326299667, 5.504793643951416 ] } },
{ "type": "Feature", "properties": { "particle": 117, "seed_idx": 5, "valid": true }, "geometry": { "type": "Point", "coordinates": [ -0.312637090682983, 5.504770278930664 ] } },
{ "type": "Feature", "properties": { "particle": 118, "seed_idx": 5, "valid": true }, "geometry": { "type": "Point", "coordinates": [ -0.313408017158508, 5.503908634185791 ] } },
{ "type": "Feature", "properties": { "particle": 119, "seed_idx": 5, "valid": true }, "geometry": { "type": "Point", "coordinates": [ -0.313334375619888, 5.503885269165039 ] } },
{ "type": "Feature", "properties": { "particle": 120, "seed_idx": 6, "valid": true }, "geometry": { "type": "Point", "coordinates": [ -0.312950253486633, 5.504171848297119 ] } },
{ "type": "Feature", "properties": { "particle": 121, "seed_idx": 6, "valid": true }, "geometry": { "type": "Point", "coordinates": [ -0.313067585229874, 5.504982948303223 ] } },
{ "type": "Feature", "properties": { "particle": 122, "seed_idx": 6, "valid": true }, "geometry": { "type": "Point", "coordinates": [ -0.312835931777954, 5.504603385925293 ] } },
{ "type": "Feature", "properties": { "particle": 123, "seed_idx": 6, "valid": true }, "geometry": { "type": "Point", "coordinates": [ -0.31292998790741, 5.504910469055176 ] } },
{ "type": "Feature", "properties": { "particle": 124, "seed_idx": 6, "valid": true }, "geometry": { "type": "Point", "coordinates": [ -0.322022795677185, 5.509500503540039 ] } },
{ "type": "Feature", "properties": { "particle": 125, "seed_idx": 6, "valid": true }, "geometry": { "type": "Point", "coordinates": [ -0.313361287117004, 5.503843784332275 ] } },
{ "type": "Feature", "properties": { "particle": 126, "seed_idx": 6, "valid": true }, "geometry": { "type": "Point", "coordinates": [ -0.315772205591202, 5.504648685455322 ] } },
{ "type": "Feature", "properties": { "particle": 127, "seed_idx": 6, "valid": true }, "geometry": { "type": "Point", "coordinates": [ -0.312865912914276, 5.504654407501221 ] } },
{ "type": "Feature", "properties": { "particle": 128, "seed_idx": 6, "valid": true }, "geometry": { "type": "Point", "coordinates": [ -0.313581824302673, 5.503885746002197 ] } },
{ "type": "Feature", "properties": { "particle": 129, "seed_idx": 6, "valid": true }, "geometry": { "type": "Point", "coordinates": [ -0.312877297401428, 5.504892349243164 ] } },
{ "type": "Feature", "properties": { "particle": 130, "seed_idx": 6, "valid": true }, "geometry": { "type": "Point", "coordinates": [ -0.312944352626801, 5.504912376403809 ] } },
{ "type": "Feature", "properties": { "particle": 131, "seed_idx": 6, "valid": true }, "geometry": { "type": "Point", "coordinates": [ -0.312483370304108, 5.504917144775391 ] } },
{ "type": "Feature", "properties": { "particle": 132, "seed_idx": 6, "valid": true }, "geometry": { "type": "Point", "coordinates": [ -0.314813703298569, 5.504567623138428 ] } },
{ "type": "Feature", "properties": { "particle": 133, "seed_idx": 6, "valid": true }, "geometry": { "type": "Point", "coordinates": [ -0.313077241182327, 5.504786968231201 ] } },
{ "type": "Feature", "properties": { "particle": 134, "seed_idx": 6, "valid": true }, "geometry": { "type": "Point", "coordinates": [ -0.312821418046951, 5.504702568054199 ] } },
{ "type": "Feature", "properties": { "particle": 135, "seed_idx": 6, "valid": true }, "geometry": { "type": "Point", "coordinates": [ -0.312977254390717, 5.504924297332764 ] } },
{ "type": "Feature", "properties": { "particle": 136, "seed_idx": 6, "valid": true }, "geometry": { "type": "Point", "coordinates": [ -0.312906891107559, 5.504627704620361 ] } },
{ "type": "Feature", "properties": { "particle": 137, "seed_idx": 6, "valid": true }, "geometry": { "type": "Point", "coordinates": [ -0.312779575586319, 5.504915714263916 ] } },
{ "type": "Feature", "properties": { "particle": 138, "seed_idx": 6, "valid": true }, "geometry": { "type": "Point", "coordinates": [ -0.312355846166611, 5.504748821258545 ] } },
{ "type": "Feature", "properties": { "particle": 139, "seed_idx": 6, "valid": true }, "geometry": { "type": "Point", "coordinates": [ -0.313422024250031, 5.503878593444824 ] } },
{ "type": "Feature", "properties": { "particle": 140, "seed_idx": 7, "valid": true }, "geometry": { "type": "Point", "coordinates": [ -0.312981009483337, 5.504232406616211 ] } },
{ "type": "Feature", "properties": { "particle": 141, "seed_idx": 7, "valid": true }, "geometry": { "type": "Point", "coordinates": [ -0.316655397415161, 5.505629539489746 ] } },
{ "type": "Feature", "properties": { "particle": 142, "seed_idx": 7, "valid": true }, "geometry": { "type": "Point", "coordinates": [ -0.312850624322891, 5.504907608032227 ] } },
{ "type": "Feature", "properties": { "particle": 143, "seed_idx": 7, "valid": true }, "geometry": { "type": "Point", "coordinates": [ -0.312786549329758, 5.503901958465576 ] } },
{ "type": "Feature", "properties": { "particle": 144, "seed_idx": 7, "valid": true }, "geometry": { "type": "Point", "coordinates": [ -0.313079357147217, 5.504857063293457 ] } },
{ "type": "Feature", "properties": { "particle": 145, "seed_idx": 7, "valid": true }, "geometry": { "type": "Point", "coordinates": [ -0.31369087100029, 5.503914833068848 ] } },
{ "type": "Feature", "properties": { "particle": 146, "seed_idx": 7, "valid": true }, "geometry": { "type": "Point", "coordinates": [ -0.313634634017944, 5.503914356231689 ] } },
{ "type": "Feature", "properties": { "particle": 147, "seed_idx": 7, "valid": true }, "geometry": { "type": "Point", "coordinates": [ -0.313076019287109, 5.504802703857422 ] } },
{ "type": "Feature", "properties": { "particle": 148, "seed_idx": 7, "valid": true }, "geometry": { "type": "Point", "coordinates": [ -0.312989979982376, 5.504268646240234 ] } },
{ "type": "Feature", "properties": { "particle": 149, "seed_idx": 7, "valid": true }, "geometry": { "type": "Point", "coordinates": [ -0.313060104846954, 5.504655838012695 ] } },
{ "type": "Feature", "properties": { "particle": 150, "seed_idx": 7, "valid": true }, "geometry": { "type": "Point", "coordinates": [ -0.312687307596207, 5.504855155944824 ] } },
{ "type": "Feature", "properties": { "particle": 151, "seed_idx": 7, "valid": true }, "geometry": { "type": "Point", "coordinates": [ -0.316968590021133, 5.505575180053711 ] } },
{ "type": "Feature", "properties": { "particle": 152, "seed_idx": 7, "valid": true }, "geometry": { "type": "Point", "coordinates": [ -0.312560766935349, 5.504848003387451 ] } },
{ "type": "Feature", "properties": { "particle": 153, "seed_idx": 7, "valid": true }, "geometry": { "type": "Point", "coordinates": [ -0.31207662820816, 5.504781246185303 ] } },
{ "type": "Feature", "properties": { "particle": 154, "seed_idx": 7, "valid": true }, "geometry": { "type": "Point", "coordinates": [ -0.312527239322662, 5.504852771759033 ] } },
{ "type": "Feature", "properties": { "particle": 155, "seed_idx": 7, "valid": true }, "geometry": { "type": "Point", "coordinates": [ -0.312543362379074, 5.504939079284668 ] } },
{ "type": "Feature", "properties": { "particle": 156, "seed_idx": 7, "valid": true }, "geometry": { "type": "Point", "coordinates": [ -0.312765061855316, 5.504697799682617 ] } },
{ "type": "Feature", "properties": { "particle": 157, "seed_idx": 7, "valid": true }, "geometry": { "type": "Point", "coordinates": [ -0.312835782766342, 5.504888534545898 ] } },
{ "type": "Feature", "properties": { "particle": 158, "seed_idx": 7, "valid": true }, "geometry": { "type": "Point", "coordinates": [ -0.312946915626526, 5.50486421585083 ] } },
{ "type": "Feature", "properties": { "particle": 159, "seed_idx": 7, "valid": true }, "geometry": { "type": "Point", "coordinates": [ -0.312737047672272, 5.504811763763428 ] } },
{ "type": "Feature", "properties": { "particle": 160, "seed_idx": 8, "valid": true }, "geometry": { "type": "Point", "coordinates": [ -0.312991172075272, 5.504613399505615 ] } },
{ "type": "Feature", "properties": { "particle": 161, "seed_idx": 8, "valid": true }, "geometry": { "type": "Point", "coordinates": [ -0.312952786684036, 5.504605770111084 ] } },
{ "type": "Feature", "properties": { "particle": 162, "seed_idx": 8, "valid": true }, "geometry": { "type": "Point", "coordinates": [ -0.31281304359436, 5.504173278808594 ] } },
{ "type": "Feature", "properties": { "particle": 163, "seed_idx": 8, "valid": true }, "geometry": { "type": "Point", "coordinates": [ -0.312988221645355, 5.504734039306641 ] } },
{ "type": "Feature", "properties": { "particle": 164, "seed_idx": 8, "valid": true }, "geometry": { "type": "Point", "coordinates": [ -0.31289678812027, 5.504601955413818 ] } },
{ "type": "Feature", "properties": { "particle": 165, "seed_idx": 8, "valid": true }, "geometry": { "type": "Point", "coordinates": [ -0.316859662532806, 5.505045890808105 ] } },
{ "type": "Feature", "properties": { "particle": 166, "seed_idx": 8, "valid": true }, "geometry": { "type": "Point", "coordinates": [ -0.312939763069153, 5.504412174224854 ] } },
{ "type": "Feature", "properties": { "particle": 167, "seed_idx": 8, "valid": true }, "geometry": { "type": "Point", "coordinates": [ -0.316746294498444, 5.505403518676758 ] } },
{ "type": "Feature", "properties": { "particle": 168, "seed_idx": 8, "valid": true }, "geometry": { "type": "Point", "coordinates": [ -0.312940090894699, 5.504841327667236 ] } },
{ "type": "Feature", "properties": { "particle": 169, "seed_idx": 8, "valid": true }, "geometry": { "type": "Point", "coordinates": [ -0.312941908836365, 5.504963874816895 ] } },
{ "type": "Feature", "properties": { "particle": 170, "seed_idx": 8, "valid": true }, "geometry": { "type": "Point", "coordinates": [ -0.312882244586945, 5.504893779754639 ] } },
{ "type": "Feature", "properties": { "particle": 171, "seed_idx": 8, "valid": true }, "geometry": { "type": "Point", "coordinates": [ -0.313076943159103, 5.504127502441406 ] } },
{ "type": "Feature", "properties": { "particle": 172, "seed_idx": 8, "valid": true }, "geometry": { "type": "Point", "coordinates": [ -0.313035488128662, 5.504810333251953 ] } },
{ "type": "Feature", "properties": { "particle": 173, "seed_idx": 8, "valid": true }, "geometry": { "type": "Point", "coordinates": [ -0.312785595655441, 5.504488945007324 ] } },
{ "type": "Feature", "properties": { "particle": 174, "seed_idx": 8, "valid": true }, "geometry": { "type": "Point", "coordinates": [ -0.312989413738251, 5.504446506500244 ] } },
{ "type": "Feature", "properties": { "particle": 175, "seed_idx": 8, "valid": true }, "geometry": { "type": "Point", "coordinates": [ -0.313170522451401, 5.503905296325684 ] } },
{ "type": "Feature", "properties": { "particle": 176, "seed_idx": 8, "valid": true }, "geometry": { "type": "Point", "coordinates": [ -0.313113242387772, 5.503833293914795 ] } },
{ "type": "Feature", "properties": { "particle": 177, "seed_idx": 8, "valid": true }, "geometry": { "type": "Point", "coordinates": [ -0.312855064868927, 5.504329204559326 ] } },
{ "type": "Feature", "properties": { "particle": 178, "seed_idx": 8, "valid": true }, "geometry": { "type": "Point", "coordinates": [ -0.315845012664795, 5.504481792449951 ] } },
{ "type": "Feature", "properties": { "particle": 179, "seed_idx": 8, "valid": true }, "geometry": { "type": "Point", "coordinates": [ -0.312981635332108, 5.504860401153564 ] } },
{ "type": "Feature", "properties": { "particle": 180, "seed_idx": 9, "valid": true }, "geometry": { "type": "Point", "coordinates": [ -0.31240451335907, 5.504919528961182 ] } },
{ "type": "Feature", "properties": { "particle": 181, "seed_idx": 9, "valid": true }, "geometry": { "type": "Point", "coordinates": [ -0.312785178422928, 5.504209518432617 ] } },
{ "type": "Feature", "properties": { "particle": 182, "seed_idx": 9, "valid": true }, "geometry": { "type": "Point", "coordinates": [ -0.312198400497437, 5.504749298095703 ] } },
{ "type": "Feature", "properties": { "particle": 183, "seed_idx": 9, "valid": true }, "geometry": { "type": "Point", "coordinates": [ -0.312827616930008, 5.504941463470459 ] } },
{ "type": "Feature", "properties": { "particle": 184, "seed_idx": 9, "valid": true }, "geometry": { "type": "Point", "coordinates": [ -0.312992185354233, 5.504932880401611 ] } },
{ "type": "Feature", "properties": { "particle": 185, "seed_idx": 9, "valid": true }, "geometry": { "type": "Point", "coordinates": [ -0.312786936759949, 5.504915714263916 ] } },
{ "type": "Feature", "properties": { "particle": 186, "seed_idx": 9, "valid": true }, "geometry": { "type": "Point", "coordinates": [ -0.312705338001251, 5.50485897064209 ] } },
{ "type": "Feature", "properties": { "particle": 187, "seed_idx": 9, "valid": true }, "geometry": { "type": "Point", "coordinates": [ -0.313061833381653, 5.504712581634521 ] } },
{ "type": "Feature", "properties": { "particle": 188, "seed_idx": 9, "valid": true }, "geometry": { "type": "Point", "coordinates": [ -0.312704354524612, 5.504864692687988 ] } },
{ "type": "Feature", "properties": { "particle": 189, "seed_idx": 9, "valid": true }, "geometry": { "type": "Point", "coordinates": [ -0.311995506286621, 5.504903793334961 ] } },
{ "type": "Feature", "properties": { "particle": 190, "seed_idx": 9, "valid": true }, "geometry": { "type": "Point", "coordinates": [ -0.312488406896591, 5.504815578460693 ] } },
{ "type": "Feature", "properties": { "particle": 191, "seed_idx": 9, "valid": true }, "geometry": { "type": "Point", "coordinates": [ -0.312908232212067, 5.504714965820312 ] } },
{ "type": "Feature", "properties": { "particle": 192, "seed_idx": 9, "valid": true }, "geometry": { "type": "Point", "coordinates": [ -0.312830716371536, 5.504662036895752 ] } },
{ "type": "Feature", "properties": { "particle": 193, "seed_idx": 9, "valid": true }, "geometry": { "type": "Point", "coordinates": [ -0.312402188777924, 5.504951000213623 ] } },
{ "type": "Feature", "properties": { "particle": 194, "seed_idx": 9, "valid": true }, "geometry": { "type": "Point", "coordinates": [ -0.313043802976608, 5.504422664642334 ] } },
{ "type": "Feature", "properties": { "particle": 195, "seed_idx": 9, "valid": true }, "geometry": { "type": "Point", "coordinates": [ -0.311985850334167, 5.505187034606934 ] } },
{ "type": "Feature", "properties": { "particle": 196, "seed_idx": 9, "valid": true }, "geometry": { "type": "Point", "coordinates": [ -0.312094509601593, 5.504863262176514 ] } },
{ "type": "Feature", "properties": { "particle": 197, "seed_idx": 9, "valid": true }, "geometry": { "type": "Point", "coordinates": [ -0.312820285558701, 5.50459623336792 ] } },
{ "type": "Feature", "properties": { "particle": 198, "seed_idx": 9, "valid": true }, "geometry": { "type": "Point", "coordinates": [ -0.312795370817184, 5.504889011383057 ] } },
{ "type": "Feature", "properties": { "particle": 199, "seed_idx": 9, "valid": true }, "geometry": { "type": "Point", "coordinates": [ -0.311952233314514, 5.50520658493042 ] } },
{ "type": "Feature", "properties": { "particle": 200, "seed_idx": 10, "valid": true }, "geometry": { "type": "Point", "coordinates": [ -0.311990767717361, 5.505208969116211 ] } },
{ "type": "Feature", "properties": { "particle": 201, "seed_idx": 10, "valid": true }, "geometry": { "type": "Point", "coordinates": [ -0.312639951705933, 5.50490665435791 ] } },
{ "type": "Feature", "properties": { "particle": 202, "seed_idx": 10, "valid": true }, "geometry": { "type": "Point", "coordinates": [ -0.312481641769409, 5.504802703857422 ] } },
{ "type": "Feature", "properties": { "particle": 203, "seed_idx": 10, "valid": true }, "geometry": { "type": "Point", "coordinates": [ -0.312819361686707, 5.504457950592041 ] } },
{ "type": "Feature", "properties": { "particle": 204, "seed_idx": 10, "valid": true }, "geometry": { "type": "Point", "coordinates": [ -0.311952948570251, 5.505197048187256 ] } },
{ "type": "Feature", "properties": { "particle": 205, "seed_idx": 10, "valid": true }, "geometry": { "type": "Point", "coordinates": [ -0.312735438346863, 5.50478982925415 ] } },
{ "type": "Feature", "properties": { "particle": 206, "seed_idx": 10, "valid": true }, "geometry": { "type": "Point", "coordinates": [ -0.311959058046341, 5.50522518157959 ] } },
{ "type": "Feature", "properties": { "particle": 207, "seed_idx": 10, "valid": true }, "geometry": { "type": "Point", "coordinates": [ -0.311976760625839, 5.505168914794922 ] } },
{ "type": "Feature", "properties": { "particle": 208, "seed_idx": 10, "valid": true }, "geometry": { "type": "Point", "coordinates": [ -0.312426686286926, 5.504939556121826 ] } },
{ "type": "Feature", "properties": { "particle": 209, "seed_idx": 10, "valid": true }, "geometry": { "type": "Point", "coordinates": [ -0.31257626414299, 5.504804611206055 ] } },
{ "type": "Feature", "properties": { "particle": 210, "seed_idx": 10, "valid": true }, "geometry": { "type": "Point", "coordinates": [ -0.312932848930359, 5.504687786102295 ] } },
{ "type": "Feature", "properties": { "particle": 211, "seed_idx": 10, "valid": true }, "geometry": { "type": "Point", "coordinates": [ -0.31280791759491, 5.504907131195068 ] } },
{ "type": "Feature", "properties": { "particle": 212, "seed_idx": 10, "valid": true }, "geometry": { "type": "Point", "coordinates": [ -0.311896800994873, 5.50501537322998 ] } },
{ "type": "Feature", "properties": { "particle": 213, "seed_idx": 10, "valid": true }, "geometry": { "type": "Point", "coordinates": [ -0.312675565481186, 5.504778861999512 ] } },
{ "type": "Feature", "properties": { "particle": 214, "seed_idx": 10, "valid": true }, "geometry": { "type": "Point", "coordinates": [ -0.313538521528244, 5.503780364990234 ] } },
{ "type": "Feature", "properties": { "particle": 215, "seed_idx": 10, "valid": true }, "geometry": { "type": "Point", "coordinates": [ -0.312777727842331, 5.504141330718994 ] } },
{ "type": "Feature", "properties": { "particle": 216, "seed_idx": 10, "valid": true }, "geometry": { "type": "Point", "coordinates": [ -0.312000572681427, 5.50562572479248 ] } },
{ "type": "Feature", "properties": { "particle": 217, "seed_idx": 10, "valid": true }, "geometry": { "type": "Point", "coordinates": [ -0.312984347343445, 5.504686832427979 ] } },
{ "type": "Feature", "properties": { "particle": 218, "seed_idx": 10, "valid": true }, "geometry": { "type": "Point", "coordinates": [ -0.313066959381104, 5.504861831665039 ] } },
{ "type": "Feature", "properties": { "particle": 219, "seed_idx": 10, "valid": true }, "geometry": { "type": "Point", "coordinates": [ -0.315212965011597, 5.504794120788574 ] } },
{ "type": "Feature", "properties": { "particle": 220, "seed_idx": 11, "valid": true }, "geometry": { "type": "Point", "coordinates": [ -0.3128941655159, 5.506467819213867 ] } },
{ "type": "Feature", "properties": { "particle": 221, "seed_idx": 11, "valid": true }, "geometry": { "type": "Point", "coordinates": [ -0.31837984919548, 5.509808540344238 ] } },
{ "type": "Feature", "properties": { "particle": 222, "seed_idx": 11, "valid": true }, "geometry": { "type": "Point", "coordinates": [ -0.312982082366943, 5.506525993347168 ] } },
{ "type": "Feature", "properties": { "particle": 223, "seed_idx": 11, "valid": true }, "geometry": { "type": "Point", "coordinates": [ -0.312831193208694, 5.50656270980835 ] } },
{ "type": "Feature", "properties": { "particle": 224, "seed_idx": 11, "valid": true }, "geometry": { "type": "Point", "coordinates": [ -0.317713022232056, 5.509786605834961 ] } },
{ "type": "Feature", "properties": { "particle": 225, "seed_idx": 11, "valid": true }, "geometry": { "type": "Point", "coordinates": [ -0.316552937030792, 5.509766101837158 ] } },
{ "type": "Feature", "properties": { "particle": 226, "seed_idx": 11, "valid": true }, "geometry": { "type": "Point", "coordinates": [ -0.311958968639374, 5.505469799041748 ] } },
{ "type": "Feature", "properties": { "particle": 227, "seed_idx": 11, "valid": true }, "geometry": { "type": "Point", "coordinates": [ -0.312940567731857, 5.504837036132812 ] } },
{ "type": "Feature", "properties": { "particle": 228, "seed_idx": 11, "valid": true }, "geometry": { "type": "Point", "coordinates": [ -0.31794935464859, 5.509707927703857 ] } },
{ "type": "Feature", "properties": { "particle": 229, "seed_idx": 11, "valid": true }, "geometry": { "type": "Point", "coordinates": [ -0.311954647302628, 5.505281448364258 ] } },
{ "type": "Feature", "properties": { "particle": 230, "seed_idx": 11, "valid": true }, "geometry": { "type": "Point", "coordinates": [ -0.311992973089218, 5.505446910858154 ] } },
{ "type": "Feature", "properties": { "particle": 231, "seed_idx": 11, "valid": true }, "geometry": { "type": "Point", "coordinates": [ -0.319018453359604, 5.50980806350708 ] } },
{ "type": "Feature", "properties": { "particle": 232, "seed_idx": 11, "valid": true }, "geometry": { "type": "Point", "coordinates": [ -0.316736221313477, 5.50985050201416 ] } },
{ "type": "Feature", "properties": { "particle": 233, "seed_idx": 11, "valid": true }, "geometry": { "type": "Point", "coordinates": [ -0.316933184862137, 5.50970458984375 ] } },
{ "type": "Feature", "properties": { "particle": 234, "seed_idx": 11, "valid": true }, "geometry": { "type": "Point", "coordinates": [ -0.316240757703781, 5.50977611541748 ] } },
{ "type": "Feature", "properties": { "particle": 235, "seed_idx": 11, "valid": true }, "geometry": { "type": "Point", "coordinates": [ -0.316676408052444, 5.509883403778076 ] } },
{ "type": "Feature", "properties": { "particle": 236, "seed_idx": 11, "valid": true }, "geometry": { "type": "Point", "coordinates": [ -0.316729575395584, 5.509785652160645 ] } },
{ "type": "Feature", "properties": { "particle": 237, "seed_idx": 11, "valid": true }, "geometry": { "type": "Point", "coordinates": [ -0.317219495773315, 5.509947299957275 ] } },
{ "type": "Feature", "properties": { "particle": 238, "seed_idx": 11, "valid": true }, "geometry": { "type": "Point", "coordinates": [ -0.312834143638611, 5.504921436309814 ] } },
{ "type": "Feature", "properties": { "particle": 239, "seed_idx": 11, "valid": true }, "geometry": { "type": "Point", "coordinates": [ -0.313969105482101, 5.507664680480957 ] } },
{ "type": "Feature", "properties": { "particle": 240, "seed_idx": 12, "valid": true }, "geometry": { "type": "Point", "coordinates": [ -0.317385852336884, 5.509796142578125 ] } },
{ "type": "Feature", "properties": { "particle": 241, "seed_idx": 12, "valid": true }, "geometry": { "type": "Point", "coordinates": [ -0.316492259502411, 5.509882926940918 ] } },
{ "type": "Feature", "properties": { "particle": 242, "seed_idx": 12, "valid": true }, "geometry": { "type": "Point", "coordinates": [ -0.317985236644745, 5.509724140167236 ] } },
{ "type": "Feature", "properties": { "particle": 243, "seed_idx": 12, "valid": true }, "geometry": { "type": "Point", "coordinates": [ -0.313078969717026, 5.506680488586426 ] } },
{ "type": "Feature", "properties": { "particle": 244, "seed_idx": 12, "valid": true }, "geometry": { "type": "Point", "coordinates": [ -0.31300413608551, 5.506793022155762 ] } },
{ "type": "Feature", "properties": { "particle": 245, "seed_idx": 12, "valid": true }, "geometry": { "type": "Point", "coordinates": [ -0.311959624290466, 5.505650043487549 ] } },
{ "type": "Feature", "properties": { "particle": 246, "seed_idx": 12, "valid": true }, "geometry": { "type": "Point", "coordinates": [ -0.312017053365707, 5.505551338195801 ] } },
{ "type": "Feature", "properties": { "particle": 247, "seed_idx": 12, "valid": true }, "geometry": { "type": "Point", "coordinates": [ -0.316183090209961, 5.509950160980225 ] } },
{ "type": "Feature", "properties": { "particle": 248, "seed_idx": 12, "valid": true }, "geometry": { "type": "Point", "coordinates": [ -0.316553711891174, 5.509843826293945 ] } },
{ "type": "Feature", "properties": { "particle": 249, "seed_idx": 12, "valid": true }, "geometry": { "type": "Point", "coordinates": [ -0.316629201173782, 5.509860515594482 ] } },
{ "type": "Feature", "properties": { "particle": 250, "seed_idx": 12, "valid": true }, "geometry": { "type": "Point", "coordinates": [ -0.316294550895691, 5.509750366210938 ] } },
{ "type": "Feature", "properties": { "particle": 251, "seed_idx": 12, "valid": true }, "geometry": { "type": "Point", "coordinates": [ -0.317094296216965, 5.509830951690674 ] } },
{ "type": "Feature", "properties": { "particle": 252, "seed_idx": 12, "valid": true }, "geometry": { "type": "Point", "coordinates": [ -0.31708624958992, 5.509702682495117 ] } },
{ "type": "Feature", "properties": { "particle": 253, "seed_idx": 12, "valid": true }, "geometry": { "type": "Point", "coordinates": [ -0.317749530076981, 5.509871959686279 ] } },
{ "type": "Feature", "properties": { "particle": 254, "seed_idx": 12, "valid": true }, "geometry": { "type": "Point", "coordinates": [ -0.31203356385231, 5.505588531494141 ] } },
{ "type": "Feature", "properties": { "particle": 255, "seed_idx": 12, "valid": true }, "geometry": { "type": "Point", "coordinates": [ -0.318991303443909, 5.509643077850342 ] } },
{ "type": "Feature", "properties": { "particle": 256, "seed_idx": 12, "valid": true }, "geometry": { "type": "Point", "coordinates": [ -0.313069581985474, 5.506843566894531 ] } },
{ "type": "Feature", "properties": { "particle": 257, "seed_idx": 12, "valid": true }, "geometry": { "type": "Point", "coordinates": [ -0.316618889570236, 5.509457111358643 ] } },
{ "type": "Feature", "properties": { "particle": 258, "seed_idx": 12, "valid": true }, "geometry": { "type": "Point", "coordinates": [ -0.317570865154266, 5.50969934463501 ] } },
{ "type": "Feature", "properties": { "particle": 259, "seed_idx": 12, "valid": true }, "geometry": { "type": "Point", "coordinates": [ -0.313070386648178, 5.506712436676025 ] } },
{ "type": "Feature", "properties": { "particle": 260, "seed_idx": 13, "valid": true }, "geometry": { "type": "Point", "coordinates": [ -0.315962016582489, 5.509995460510254 ] } },
{ "type": "Feature", "properties": { "particle": 261, "seed_idx": 13, "valid": true }, "geometry": { "type": "Point", "coordinates": [ -0.317082017660141, 5.509829521179199 ] } },
{ "type": "Feature", "properties": { "particle": 262, "seed_idx": 13, "valid": true }, "geometry": { "type": "Point", "coordinates": [ -0.316438645124435, 5.509783267974854 ] } },
{ "type": "Feature", "properties": { "particle": 263, "seed_idx": 13, "valid": true }, "geometry": { "type": "Point", "coordinates": [ -0.316054672002792, 5.509815692901611 ] } },
{ "type": "Feature", "properties": { "particle": 264, "seed_idx": 13, "valid": true }, "geometry": { "type": "Point", "coordinates": [ -0.316470354795456, 5.509880542755127 ] } },
{ "type": "Feature", "properties": { "particle": 265, "seed_idx": 13, "valid": true }, "geometry": { "type": "Point", "coordinates": [ -0.316727995872498, 5.509950160980225 ] } },
{ "type": "Feature", "properties": { "particle": 266, "seed_idx": 13, "valid": true }, "geometry": { "type": "Point", "coordinates": [ -0.316237270832062, 5.509857654571533 ] } },
{ "type": "Feature", "properties": { "particle": 267, "seed_idx": 13, "valid": true }, "geometry": { "type": "Point", "coordinates": [ -0.315816462039948, 5.510522365570068 ] } },
{ "type": "Feature", "properties": { "particle": 268, "seed_idx": 13, "valid": true }, "geometry": { "type": "Point", "coordinates": [ -0.318828284740448, 5.509904384613037 ] } },
{ "type": "Feature", "properties": { "particle": 269, "seed_idx": 13, "valid": true }, "geometry": { "type": "Point", "coordinates": [ -0.317525625228882, 5.509871006011963 ] } },
{ "type": "Feature", "properties": { "particle": 270, "seed_idx": 13, "valid": true }, "geometry": { "type": "Point", "coordinates": [ -0.315814435482025, 5.51049280166626 ] } },
{ "type": "Feature", "properties": { "particle": 271, "seed_idx": 13, "valid": true }, "geometry": { "type": "Point", "coordinates": [ -0.316129714250565, 5.509833812713623 ] } },
{ "type": "Feature", "properties": { "particle": 272, "seed_idx": 13, "valid": true }, "geometry": { "type": "Point", "coordinates": [ -0.317114353179932, 5.509885311126709 ] } },
{ "type": "Feature", "properties": { "particle": 273, "seed_idx": 13, "valid": true }, "geometry": { "type": "Point", "coordinates": [ -0.316650032997131, 5.509930610656738 ] } },
{ "type": "Feature", "properties": { "particle": 274, "seed_idx": 13, "valid": true }, "geometry": { "type": "Point", "coordinates": [ -0.318152129650116, 5.509780406951904 ] } },
{ "type": "Feature", "properties": { "particle": 275, "seed_idx": 13, "valid": true }, "geometry": { "type": "Point", "coordinates": [ -0.316971272230148, 5.509905338287354 ] } },
{ "type": "Feature", "properties": { "particle": 276, "seed_idx": 13, "valid": true }, "geometry": { "type": "Point", "coordinates": [ -0.316894471645355, 5.509847640991211 ] } },
{ "type": "Feature", "properties": { "particle": 277, "seed_idx": 13, "valid": true }, "geometry": { "type": "Point", "coordinates": [ -0.316685527563095, 5.509893417358398 ] } },
{ "type": "Feature", "properties": { "particle": 278, "seed_idx": 13, "valid": true }, "geometry": { "type": "Point", "coordinates": [ -0.317389965057373, 5.50977897644043 ] } },
{ "type": "Feature", "properties": { "particle": 279, "seed_idx": 13, "valid": true }, "geometry": { "type": "Point", "coordinates": [ -0.315752148628235, 5.510115146636963 ] } },
{ "type": "Feature", "properties": { "particle": 280, "seed_idx": 14, "valid": true }, "geometry": { "type": "Point", "coordinates": [ -0.31179416179657, 5.505248546600342 ] } },
{ "type": "Feature", "properties": { "particle": 281, "seed_idx": 14, "valid": true }, "geometry": { "type": "Point", "coordinates": [ -0.316437274217606, 5.509903430938721 ] } },
{ "type": "Feature", "properties": { "particle": 282, "seed_idx": 14, "valid": true }, "geometry": { "type": "Point", "coordinates": [ -0.316283255815506, 5.509902000427246 ] } },
{ "type": "Feature", "properties": { "particle": 283, "seed_idx": 14, "valid": true }, "geometry": { "type": "Point", "coordinates": [ -0.316035360097885, 5.510838508605957 ] } },
{ "type": "Feature", "properties": { "particle": 284, "seed_idx": 14, "valid": true }, "geometry": { "type": "Point", "coordinates": [ -0.31792226433754, 5.509872436523438 ] } },
{ "type": "Feature", "properties": { "particle": 285, "seed_idx": 14, "valid": true }, "geometry": { "type": "Point", "coordinates": [ -0.31632199883461, 5.509756565093994 ] } },
{ "type": "Feature", "properties": { "particle": 286, "seed_idx": 14, "valid": true }, "geometry": { "type": "Point", "coordinates": [ -0.315948456525803, 5.510077476501465 ] } },
{ "type": "Feature", "properties": { "particle": 287, "seed_idx": 14, "valid": true }, "geometry": { "type": "Point", "coordinates": [ -0.315947204828262, 5.509810447692871 ] } },
{ "type": "Feature", "properties": { "particle": 288, "seed_idx": 14, "valid": true }, "geometry": { "type": "Point", "coordinates": [ -0.316445291042328, 5.50982141494751 ] } },
{ "type": "Feature", "properties": { "particle": 289, "seed_idx": 14, "valid": true }, "geometry": { "type": "Point", "coordinates": [ -0.318371087312698, 5.509774684906006 ] } },
{ "type": "Feature", "properties": { "particle": 290, "seed_idx": 14, "valid": true }, "geometry": { "type": "Point", "coordinates": [ -0.316884577274323, 5.509757995605469 ] } },
{ "type": "Feature", "properties": { "particle": 291, "seed_idx": 14, "valid": true }, "geometry": { "type": "Point", "coordinates": [ -0.318807572126389, 5.509515762329102 ] } },
{ "type": "Feature", "properties": { "particle": 292, "seed_idx": 14, "valid": true }, "geometry": { "type": "Point", "coordinates": [ -0.316614001989365, 5.509830474853516 ] } },
{ "type": "Feature", "properties": { "particle": 293, "seed_idx": 14, "valid": true }, "geometry": { "type": "Point", "coordinates": [ -0.317216396331787, 5.5098557472229 ] } },
{ "type": "Feature", "properties": { "particle": 294, "seed_idx": 14, "valid": true }, "geometry": { "type": "Point", "coordinates": [ -0.316351532936096, 5.509927749633789 ] } },
{ "type": "Feature", "properties": { "particle": 295, "seed_idx": 14, "valid": true }, "geometry": { "type": "Point", "coordinates": [ -0.316975176334381, 5.509563446044922 ] } },
{ "type": "Feature", "properties": { "particle": 296, "seed_idx": 14, "valid": true }, "geometry": { "type": "Point", "coordinates": [ -0.316216260194778, 5.509828567504883 ] } },
{ "type": "Feature", "properties": { "particle": 297, "seed_idx": 14, "valid": true }, "geometry": { "type": "Point", "coordinates": [ -0.3164903819561, 5.509772777557373 ] } },
{ "type": "Feature", "properties": { "particle": 298, "seed_idx": 14, "valid": true }, "geometry": { "type": "Point", "coordinates": [ -0.316982001066208, 5.509954929351807 ] } },
{ "type": "Feature", "properties": { "particle": 299, "seed_idx": 14, "valid": true }, "geometry": { "type": "Point", "coordinates": [ -0.316919475793839, 5.509422302246094 ] } },
{ "type": "Feature", "properties": { "particle": 300, "seed_idx": 15, "valid": true }, "geometry": { "type": "Point", "coordinates": [ -0.318720459938049, 5.509795188903809 ] } },
{ "type": "Feature", "properties": { "particle": 301, "seed_idx": 15, "valid": true }, "geometry": { "type": "Point", "coordinates": [ -0.315831273794174, 5.51005744934082 ] } },
{ "type": "Feature", "properties": { "particle": 302, "seed_idx": 15, "valid": true }, "geometry": { "type": "Point", "coordinates": [ -0.315972715616226, 5.510289192199707 ] } },
{ "type": "Feature", "properties": { "particle": 303, "seed_idx": 15, "valid": true }, "geometry": { "type": "Point", "coordinates": [ -0.315886169672012, 5.509862422943115 ] } },
{ "type": "Feature", "properties": { "particle": 304, "seed_idx": 15, "valid": true }, "geometry": { "type": "Point", "coordinates": [ -0.315242528915405, 5.51011848449707 ] } },
{ "type": "Feature", "properties": { "particle": 305, "seed_idx": 15, "valid": true }, "geometry": { "type": "Point", "coordinates": [ -0.317581713199615, 5.509891033172607 ] } },
{ "type": "Feature", "properties": { "particle": 306, "seed_idx": 15, "valid": true }, "geometry": { "type": "Point", "coordinates": [ -0.314046651124954, 5.510049343109131 ] } },
{ "type": "Feature", "properties": { "particle": 307, "seed_idx": 15, "valid": true }, "geometry": { "type": "Point", "coordinates": [ -0.31584820151329, 5.509872436523438 ] } },
{ "type": "Feature", "properties": { "particle": 308, "seed_idx": 15, "valid": true }, "geometry": { "type": "Point", "coordinates": [ -0.316015750169754, 5.509934902191162 ] } },
{ "type": "Feature", "properties": { "particle": 309, "seed_idx": 15, "valid": true }, "geometry": { "type": "Point", "coordinates": [ -0.314499825239182, 5.509851932525635 ] } },
{ "type": "Feature", "properties": { "particle": 310, "seed_idx": 15, "valid": true }, "geometry": { "type": "Point", "coordinates": [ -0.315998733043671, 5.510844707489014 ] } },
{ "type": "Feature", "properties": { "particle": 311, "seed_idx": 15, "valid": true }, "geometry": { "type": "Point", "coordinates": [ -0.313846230506897, 5.509853839874268 ] } },
{ "type": "Feature", "properties": { "particle": 312, "seed_idx": 15, "valid": true }, "geometry": { "type": "Point", "coordinates": [ -0.316366761922836, 5.50971508026123 ] } },
{ "type": "Feature", "properties": { "particle": 313, "seed_idx": 15, "valid": true }, "geometry": { "type": "Point", "coordinates": [ -0.318426668643951, 5.50983190536499 ] } },
{ "type": "Feature", "properties": { "particle": 314, "seed_idx": 15, "valid": true }, "geometry": { "type": "Point", "coordinates": [ -0.316367447376251, 5.509782314300537 ] } },
{ "type": "Feature", "properties": { "particle": 315, "seed_idx": 15, "valid": true }, "geometry": { "type": "Point", "coordinates": [ -0.314526379108429, 5.509860515594482 ] } },
{ "type": "Feature", "properties": { "particle": 316, "seed_idx": 15, "valid": true }, "geometry": { "type": "Point", "coordinates": [ -0.316089808940887, 5.509926795959473 ] } },
{ "type": "Feature", "properties": { "particle": 317, "seed_idx": 15, "valid": true }, "geometry": { "type": "Point", "coordinates": [ -0.315696269273758, 5.51024341583252 ] } },
{ "type": "Feature", "properties": { "particle": 318, "seed_idx": 15, "valid": true }, "geometry": { "type": "Point", "coordinates": [ -0.316491425037384, 5.509817600250244 ] } },
{ "type": "Feature", "properties": { "particle": 319, "seed_idx": 15, "valid": true }, "geometry": { "type": "Point", "coordinates": [ -0.315978527069092, 5.510377407073975 ] } },
{ "type": "Feature", "properties": { "particle": 320, "seed_idx": 16, "valid": true }, "geometry": { "type": "Point", "coordinates": [ -0.315753370523453, 5.510409832000732 ] } },
{ "type": "Feature", "properties": { "particle": 321, "seed_idx": 16, "valid": true }, "geometry": { "type": "Point", "coordinates": [ -0.318158537149429, 5.509895324707031 ] } },
{ "type": "Feature", "properties": { "particle": 322, "seed_idx": 16, "valid": true }, "geometry": { "type": "Point", "coordinates": [ -0.318581581115723, 5.509768486022949 ] } },
{ "type": "Feature", "properties": { "particle": 323, "seed_idx": 16, "valid": true }, "geometry": { "type": "Point", "coordinates": [ -0.315965920686722, 5.510053634643555 ] } },
{ "type": "Feature", "properties": { "particle": 324, "seed_idx": 16, "valid": true }, "geometry": { "type": "Point", "coordinates": [ -0.31624248623848, 5.509913444519043 ] } },
{ "type": "Feature", "properties": { "particle": 325, "seed_idx": 16, "valid": true }, "geometry": { "type": "Point", "coordinates": [ -0.316733807325363, 5.509559154510498 ] } },
{ "type": "Feature", "properties": { "particle": 326, "seed_idx": 16, "valid": true }, "geometry": { "type": "Point", "coordinates": [ -0.316748887300491, 5.509880065917969 ] } },
{ "type": "Feature", "properties": { "particle": 327, "seed_idx": 16, "valid": true }, "geometry": { "type": "Point", "coordinates": [ -0.316058188676834, 5.510269641876221 ] } },
{ "type": "Feature", "properties": { "particle": 328, "seed_idx": 16, "valid": true }, "geometry": { "type": "Point", "coordinates": [ -0.314543753862381, 5.509867668151855 ] } },
{ "type": "Feature", "properties": { "particle": 329, "seed_idx": 16, "valid": true }, "geometry": { "type": "Point", "coordinates": [ -0.316689997911453, 5.509903430938721 ] } },
{ "type": "Feature", "properties": { "particle": 330, "seed_idx": 16, "valid": true }, "geometry": { "type": "Point", "coordinates": [ -0.315817773342133, 5.510290622711182 ] } },
{ "type": "Feature", "properties": { "particle": 331, "seed_idx": 16, "valid": true }, "geometry": { "type": "Point", "coordinates": [ -0.317328721284866, 5.509717464447021 ] } },
{ "type": "Feature", "properties": { "particle": 332, "seed_idx": 16, "valid": true }, "geometry": { "type": "Point", "coordinates": [ -0.315903812646866, 5.510375022888184 ] } },
{ "type": "Feature", "properties": { "particle": 333, "seed_idx": 16, "valid": true }, "geometry": { "type": "Point", "coordinates": [ -0.31452950835228, 5.509846210479736 ] } },
{ "type": "Feature", "properties": { "particle": 334, "seed_idx": 16, "valid": true }, "geometry": { "type": "Point", "coordinates": [ -0.316045463085175, 5.510486125946045 ] } },
{ "type": "Feature", "properties": { "particle": 335, "seed_idx": 16, "valid": true }, "geometry": { "type": "Point", "coordinates": [ -0.316004902124405, 5.510791301727295 ] } },
{ "type": "Feature", "properties": { "particle": 336, "seed_idx": 16, "valid": true }, "geometry": { "type": "Point", "coordinates": [ -0.316019386053085, 5.51016902923584 ] } },
{ "type": "Feature", "properties": { "particle": 337, "seed_idx": 16, "valid": true }, "geometry": { "type": "Point", "coordinates": [ -0.312988430261612, 5.506633281707764 ] } },
{ "type": "Feature", "properties": { "particle": 338, "seed_idx": 16, "valid": true }, "geometry": { "type": "Point", "coordinates": [ -0.316012620925903, 5.510331630706787 ] } },
{ "type": "Feature", "properties": { "particle": 339, "seed_idx": 16, "valid": true }, "geometry": { "type": "Point", "coordinates": [ -0.3168885409832, 5.509608745574951 ] } },
{ "type": "Feature", "properties": { "particle": 340, "seed_idx": 17, "valid": true }, "geometry": { "type": "Point", "coordinates": [ -0.317236065864563, 5.509872913360596 ] } },
{ "type": "Feature", "properties": { "particle": 341, "seed_idx": 17, "valid": true }, "geometry": { "type": "Point", "coordinates": [ -0.318105459213257, 5.509905815124512 ] } },
{ "type": "Feature", "properties": { "particle": 342, "seed_idx": 17, "valid": true }, "geometry": { "type": "Point", "coordinates": [ -0.316894918680191, 5.509953022003174 ] } },
{ "type": "Feature", "properties": { "particle": 343, "seed_idx": 17, "valid": true }, "geometry": { "type": "Point", "coordinates": [ -0.315778940916061, 5.510215759277344 ] } },
{ "type": "Feature", "properties": { "particle": 344, "seed_idx": 17, "valid": true }, "geometry": { "type": "Point", "coordinates": [ -0.316320389509201, 5.509853839874268 ] } },
{ "type": "Feature", "properties": { "particle": 345, "seed_idx": 17, "valid": true }, "geometry": { "type": "Point", "coordinates": [ -0.316056281328201, 5.510610580444336 ] } },
{ "type": "Feature", "properties": { "particle": 346, "seed_idx": 17, "valid": true }, "geometry": { "type": "Point", "coordinates": [ -0.316716521978378, 5.509895801544189 ] } },
{ "type": "Feature", "properties": { "particle": 347, "seed_idx": 17, "valid": true }, "geometry": { "type": "Point", "coordinates": [ -0.313027858734131, 5.506870269775391 ] } },
{ "type": "Feature", "properties": { "particle": 348, "seed_idx": 17, "valid": true }, "geometry": { "type": "Point", "coordinates": [ -0.317964553833008, 5.509953498840332 ] } },
{ "type": "Feature", "properties": { "particle": 349, "seed_idx": 17, "valid": true }, "geometry": { "type": "Point", "coordinates": [ -0.315879285335541, 5.509986400604248 ] } },
{ "type": "Feature", "properties": { "particle": 350, "seed_idx": 17, "valid": true }, "geometry": { "type": "Point", "coordinates": [ -0.317049026489258, 5.5098876953125 ] } },
{ "type": "Feature", "properties": { "particle": 351, "seed_idx": 17, "valid": true }, "geometry": { "type": "Point", "coordinates": [ -0.318466782569885, 5.509795188903809 ] } },
{ "type": "Feature", "properties": { "particle": 352, "seed_idx": 17, "valid": true }, "geometry": { "type": "Point", "coordinates": [ -0.317323386669159, 5.509783744812012 ] } },
{ "type": "Feature", "properties": { "particle": 353, "seed_idx": 17, "valid": true }, "geometry": { "type": "Point", "coordinates": [ -0.317488789558411, 5.509487152099609 ] } },
{ "type": "Feature", "properties": { "particle": 354, "seed_idx": 17, "valid": true }, "geometry": { "type": "Point", "coordinates": [ -0.316377699375153, 5.509807109832764 ] } },
{ "type": "Feature", "properties": { "particle": 355, "seed_idx": 17, "valid": true }, "geometry": { "type": "Point", "coordinates": [ -0.31629753112793, 5.509902477264404 ] } },
{ "type": "Feature", "properties": { "particle": 356, "seed_idx": 17, "valid": true }, "geometry": { "type": "Point", "coordinates": [ -0.317855060100555, 5.509893894195557 ] } },
{ "type": "Feature", "properties": { "particle": 357, "seed_idx": 17, "valid": true }, "geometry": { "type": "Point", "coordinates": [ -0.316414535045624, 5.509805202484131 ] } },
{ "type": "Feature", "properties": { "particle": 358, "seed_idx": 17, "valid": true }, "geometry": { "type": "Point", "coordinates": [ -0.318805068731308, 5.50975513458252 ] } },
{ "type": "Feature", "properties": { "particle": 359, "seed_idx": 17, "valid": true }, "geometry": { "type": "Point", "coordinates": [ -0.3160240650177, 5.509903430938721 ] } },
{ "type": "Feature", "properties": { "particle": 360, "seed_idx": 18, "valid": true }, "geometry": { "type": "Point", "coordinates": [ -0.313055545091629, 5.506860256195068 ] } },
{ "type": "Feature", "properties": { "particle": 361, "seed_idx": 18, "valid": true }, "geometry": { "type": "Point", "coordinates": [ -0.311840653419495, 5.505634307861328 ] } },
{ "type": "Feature", "properties": { "particle": 362, "seed_idx": 18, "valid": true }, "geometry": { "type": "Point", "coordinates": [ -0.317513585090637, 5.50975513458252 ] } },
{ "type": "Feature", "properties": { "particle": 363, "seed_idx": 18, "valid": true }, "geometry": { "type": "Point", "coordinates": [ -0.311787277460098, 5.505402565002441 ] } },
{ "type": "Feature", "properties": { "particle": 364, "seed_idx": 18, "valid": true }, "geometry": { "type": "Point", "coordinates": [ -0.312217533588409, 5.504931926727295 ] } },
{ "type": "Feature", "properties": { "particle": 365, "seed_idx": 18, "valid": true }, "geometry": { "type": "Point", "coordinates": [ -0.313061416149139, 5.506893634796143 ] } },
{ "type": "Feature", "properties": { "particle": 366, "seed_idx": 18, "valid": true }, "geometry": { "type": "Point", "coordinates": [ -0.316972315311432, 5.509949207305908 ] } },
{ "type": "Feature", "properties": { "particle": 367, "seed_idx": 18, "valid": true }, "geometry": { "type": "Point", "coordinates": [ -0.317169964313507, 5.509795665740967 ] } },
{ "type": "Feature", "properties": { "particle": 368, "seed_idx": 18, "valid": true }, "geometry": { "type": "Point", "coordinates": [ -0.317128688097, 5.509833335876465 ] } },
{ "type": "Feature", "properties": { "particle": 369, "seed_idx": 18, "valid": true }, "geometry": { "type": "Point", "coordinates": [ -0.312081873416901, 5.505685806274414 ] } },
{ "type": "Feature", "properties": { "particle": 370, "seed_idx": 18, "valid": true }, "geometry": { "type": "Point", "coordinates": [ -0.316619962453842, 5.50985050201416 ] } },
{ "type": "Feature", "properties": { "particle": 371, "seed_idx": 18, "valid": true }, "geometry": { "type": "Point", "coordinates": [ -0.317437410354614, 5.509892463684082 ] } },
{ "type": "Feature", "properties": { "particle": 372, "seed_idx": 18, "valid": true }, "geometry": { "type": "Point", "coordinates": [ -0.318469405174255, 5.509860992431641 ] } },
{ "type": "Feature", "properties": { "particle": 373, "seed_idx": 18, "valid": true }, "geometry": { "type": "Point", "coordinates": [ -0.317785143852234, 5.509702682495117 ] } },
{ "type": "Feature", "properties": { "particle": 374, "seed_idx": 18, "valid": true }, "geometry": { "type": "Point", "coordinates": [ -0.311978489160538, 5.505642414093018 ] } },
{ "type": "Feature", "properties": { "particle": 375, "seed_idx": 18, "valid": true }, "geometry": { "type": "Point", "coordinates": [ -0.318954914808273, 5.509447574615479 ] } },
{ "type": "Feature", "properties": { "particle": 376, "seed_idx": 18, "valid": true }, "geometry": { "type": "Point", "coordinates": [ -0.317438274621964, 5.509932518005371 ] } },
{ "type": "Feature", "properties": { "particle": 377, "seed_idx": 18, "valid": true }, "geometry": { "type": "Point", "coordinates": [ -0.312990486621857, 5.506645679473877 ] } },
{ "type": "Feature", "properties": { "particle": 378, "seed_idx": 18, "valid": true }, "geometry": { "type": "Point", "coordinates": [ -0.316510707139969, 5.509869575500488 ] } },
{ "type": "Feature", "properties": { "particle": 379, "seed_idx": 18, "valid": true }, "geometry": { "type": "Point", "coordinates": [ -0.318127900362015, 5.509859561920166 ] } },
{ "type": "Feature", "properties": { "particle": 380, "seed_idx": 19, "valid": true }, "geometry": { "type": "Point", "coordinates": [ -0.312989383935928, 5.506462097167969 ] } },
{ "type": "Feature", "properties": { "particle": 381, "seed_idx": 19, "valid": true }, "geometry": { "type": "Point", "coordinates": [ -0.311678797006607, 5.505411148071289 ] } },
{ "type": "Feature", "properties": { "particle": 382, "seed_idx": 19, "valid": true }, "geometry": { "type": "Point", "coordinates": [ -0.318121463060379, 5.509773254394531 ] } },
{ "type": "Feature", "properties": { "particle": 383, "seed_idx": 19, "valid": true }, "geometry": { "type": "Point", "coordinates": [ -0.311819344758987, 5.50521993637085 ] } },
{ "type": "Feature", "properties": { "particle": 384, "seed_idx": 19, "valid": true }, "geometry": { "type": "Point", "coordinates": [ -0.318236649036407, 5.509884834289551 ] } },
{ "type": "Feature", "properties": { "particle": 385, "seed_idx": 19, "valid": true }, "geometry": { "type": "Point", "coordinates": [ -0.311848044395447, 5.504916667938232 ] } },
{ "type": "Feature", "properties": { "particle": 386, "seed_idx": 19, "valid": true }, "geometry": { "type": "Point", "coordinates": [ -0.318401128053665, 5.509828567504883 ] } },
{ "type": "Feature", "properties": { "particle": 387, "seed_idx": 19, "valid": true }, "geometry": { "type": "Point", "coordinates": [ -0.312074422836304, 5.505575180053711 ] } },
{ "type": "Feature", "properties": { "particle": 388, "seed_idx": 19, "valid": true }, "geometry": { "type": "Point", "coordinates": [ -0.318771600723267, 5.509337425231934 ] } },
{ "type": "Feature", "properties": { "particle": 389, "seed_idx": 19, "valid": true }, "geometry": { "type": "Point", "coordinates": [ -0.317990779876709, 5.509768962860107 ] } },
{ "type": "Feature", "properties": { "particle": 390, "seed_idx": 19, "valid": true }, "geometry": { "type": "Point", "coordinates": [ -0.317175418138504, 5.509908199310303 ] } },
{ "type": "Feature", "properties": { "particle": 391, "seed_idx": 19, "valid": true }, "geometry": { "type": "Point", "coordinates": [ -0.311989367008209, 5.505318164825439 ] } },
{ "type": "Feature", "properties": { "particle": 392, "seed_idx": 19, "valid": true }, "geometry": { "type": "Point", "coordinates": [ -0.312977254390717, 5.506639957427979 ] } },
{ "type": "Feature", "properties": { "particle": 393, "seed_idx": 19, "valid": true }, "geometry": { "type": "Point", "coordinates": [ -0.312063455581665, 5.505189418792725 ] } },
{ "type": "Feature", "properties": { "particle": 394, "seed_idx": 19, "valid": true }, "geometry": { "type": "Point", "coordinates": [ -0.311970412731171, 5.505118370056152 ] } },
{ "type": "Feature", "properties": { "particle": 395, "seed_idx": 19, "valid": true }, "geometry": { "type": "Point", "coordinates": [ -0.312830239534378, 5.506451606750488 ] } },
{ "type": "Feature", "properties": { "particle": 396, "seed_idx": 19, "valid": true }, "geometry": { "type": "Point", "coordinates": [ -0.313079088926315, 5.506680011749268 ] } },
{ "type": "Feature", "properties": { "particle": 397, "seed_idx": 19, "valid": true }, "geometry": { "type": "Point", "coordinates": [ -0.31191748380661, 5.505417346954346 ] } },
{ "type": "Feature", "properties": { "particle": 398, "seed_idx": 19, "valid": true }, "geometry": { "type": "Point", "coordinates": [ -0.311994969844818, 5.505582809448242 ] } },
{ "type": "Feature", "properties": { "particle": 399, "seed_idx": 19, "valid": true }, "geometry": { "type": "Point", "coordinates": [ -0.316631138324738, 5.509806156158447 ] } },
{ "type": "Feature", "properties": { "particle": 400, "seed_idx": 20, "valid": true }, "geometry": { "type": "Point", "coordinates": [ -0.312031686306, 5.505886077880859 ] } },
{ "type": "Feature", "properties": { "particle": 401, "seed_idx": 20, "valid": true }, "geometry": { "type": "Point", "coordinates": [ -0.317348152399063, 5.509819984436035 ] } },
{ "type": "Feature", "properties": { "particle": 402, "seed_idx": 20, "valid": true }, "geometry": { "type": "Point", "coordinates": [ -0.312603026628494, 5.504851341247559 ] } },
{ "type": "Feature", "properties": { "particle": 403, "seed_idx": 20, "valid": true }, "geometry": { "type": "Point", "coordinates": [ -0.312010854482651, 5.505313873291016 ] } },
{ "type": "Feature", "properties": { "particle": 404, "seed_idx": 20, "valid": true }, "geometry": { "type": "Point", "coordinates": [ -0.318147391080856, 5.509899139404297 ] } },
{ "type": "Feature", "properties": { "particle": 405, "seed_idx": 20, "valid": true }, "geometry": { "type": "Point", "coordinates": [ -0.316999107599258, 5.509726524353027 ] } },
{ "type": "Feature", "properties": { "particle": 406, "seed_idx": 20, "valid": true }, "geometry": { "type": "Point", "coordinates": [ -0.312783092260361, 5.506475448608398 ] } },
{ "type": "Feature", "properties": { "particle": 407, "seed_idx": 20, "valid": true }, "geometry": { "type": "Point", "coordinates": [ -0.317341864109039, 5.509815216064453 ] } },
{ "type": "Feature", "properties": { "particle": 408, "seed_idx": 20, "valid": true }, "geometry": { "type": "Point", "coordinates": [ -0.317115634679794, 5.509853363037109 ] } },
{ "type": "Feature", "properties": { "particle": 409, "seed_idx": 20, "valid": true }, "geometry": { "type": "Point", "coordinates": [ -0.311800688505173, 5.505616188049316 ] } },
{ "type": "Feature", "properties": { "particle": 410, "seed_idx": 20, "valid": true }, "geometry": { "type": "Point", "coordinates": [ -0.31853574514389, 5.509879112243652 ] } },
{ "type": "Feature", "properties": { "particle": 411, "seed_idx": 20, "valid": true }, "geometry": { "type": "Point", "coordinates": [ -0.316997170448303, 5.509908199310303 ] } },
{ "type": "Feature", "properties": { "particle": 412, "seed_idx": 20, "valid": true }, "geometry": { "type": "Point", "coordinates": [ -0.312020242214203, 5.505728244781494 ] } },
{ "type": "Feature", "properties": { "particle": 413, "seed_idx": 20, "valid": true }, "geometry": { "type": "Point", "coordinates": [ -0.31198388338089, 5.505484580993652 ] } },
{ "type": "Feature", "properties": { "particle": 414, "seed_idx": 20, "valid": true }, "geometry": { "type": "Point", "coordinates": [ -0.318281412124634, 5.509884834289551 ] } },
{ "type": "Feature", "properties": { "particle": 415, "seed_idx": 20, "valid": true }, "geometry": { "type": "Point", "coordinates": [ -0.31293785572052, 5.504926204681396 ] } },
{ "type": "Feature", "properties": { "particle": 416, "seed_idx": 20, "valid": true }, "geometry": { "type": "Point", "coordinates": [ -0.312990784645081, 5.50667142868042 ] } },
{ "type": "Feature", "properties": { "particle": 417, "seed_idx": 20, "valid": true }, "geometry": { "type": "Point", "coordinates": [ -0.31203106045723, 5.505849361419678 ] } },
{ "type": "Feature", "properties": { "particle": 418, "seed_idx": 20, "valid": true }, "geometry": { "type": "Point", "coordinates": [ -0.312087625265121, 5.505300045013428 ] } },
{ "type": "Feature", "properties": { "particle": 419, "seed_idx": 20, "valid": true }, "geometry": { "type": "Point", "coordinates": [ -0.31825202703476, 5.509790897369385 ] } },
{ "type": "Feature", "properties": { "particle": 420, "seed_idx": 21, "valid": true }, "geometry": { "type": "Point", "coordinates": [ -0.311924248933792, 5.505238056182861 ] } },
{ "type": "Feature", "properties": { "particle": 421, "seed_idx": 21, "valid": true }, "geometry": { "type": "Point", "coordinates": [ -0.312029540538788, 5.505859375 ] } },
{ "type": "Feature", "properties": { "particle": 422, "seed_idx": 21, "valid": true }, "geometry": { "type": "Point", "coordinates": [ -0.317924320697784, 5.509857654571533 ] } },
{ "type": "Feature", "properties": { "particle": 423, "seed_idx": 21, "valid": true }, "geometry": { "type": "Point", "coordinates": [ -0.312902510166168, 5.50661039352417 ] } },
{ "type": "Feature", "properties": { "particle": 424, "seed_idx": 21, "valid": true }, "geometry": { "type": "Point", "coordinates": [ -0.31262481212616, 5.504790782928467 ] } },
{ "type": "Feature", "properties": { "particle": 425, "seed_idx": 21, "valid": true }, "geometry": { "type": "Point", "coordinates": [ -0.31279668211937, 5.506611347198486 ] } },
{ "type": "Feature", "properties": { "particle": 426, "seed_idx": 21, "valid": true }, "geometry": { "type": "Point", "coordinates": [ -0.318293333053589, 5.509642601013184 ] } },
{ "type": "Feature", "properties": { "particle": 427, "seed_idx": 21, "valid": true }, "geometry": { "type": "Point", "coordinates": [ -0.317321598529816, 5.509828567504883 ] } },
{ "type": "Feature", "properties": { "particle": 428, "seed_idx": 21, "valid": true }, "geometry": { "type": "Point", "coordinates": [ -0.312574505805969, 5.504839420318604 ] } },
{ "type": "Feature", "properties": { "particle": 429, "seed_idx": 21, "valid": true }, "geometry": { "type": "Point", "coordinates": [ -0.312936425209045, 5.506627559661865 ] } },
{ "type": "Feature", "properties": { "particle": 430, "seed_idx": 21, "valid": true }, "geometry": { "type": "Point", "coordinates": [ -0.312827855348587, 5.50600528717041 ] } },
{ "type": "Feature", "properties": { "particle": 431, "seed_idx": 21, "valid": true }, "geometry": { "type": "Point", "coordinates": [ -0.312867015600204, 5.506609439849854 ] } },
{ "type": "Feature", "properties": { "particle": 432, "seed_idx": 21, "valid": true }, "geometry": { "type": "Point", "coordinates": [ -0.317692071199417, 5.509914398193359 ] } },
{ "type": "Feature", "properties": { "particle": 433, "seed_idx": 21, "valid": true }, "geometry": { "type": "Point", "coordinates": [ -0.318292617797852, 5.509783267974854 ] } },
{ "type": "Feature", "properties": { "particle": 434, "seed_idx": 21, "valid": true }, "geometry": { "type": "Point", "coordinates": [ -0.312875062227249, 5.506493091583252 ] } },
{ "type": "Feature", "properties": { "particle": 435, "seed_idx": 21, "valid": true }, "geometry": { "type": "Point", "coordinates": [ -0.311833292245865, 5.505505084991455 ] } },
{ "type": "Feature", "properties": { "particle": 436, "seed_idx": 21, "valid": true }, "geometry": { "type": "Point", "coordinates": [ -0.317233830690384, 5.509848117828369 ] } },
{ "type": "Feature", "properties": { "particle": 437, "seed_idx": 21, "valid": true }, "geometry": { "type": "Point", "coordinates": [ -0.313023716211319, 5.506650447845459 ] } },
{ "type": "Feature", "properties": { "particle": 438, "seed_idx": 21, "valid": true }, "geometry": { "type": "Point", "coordinates": [ -0.311907321214676, 5.505579948425293 ] } },
{ "type": "Feature", "properties": { "particle": 439, "seed_idx": 21, "valid": true }, "geometry": { "type": "Point", "coordinates": [ -0.312866926193237, 5.504678726196289 ] } },
{ "type": "Feature", "properties": { "particle": 440, "seed_idx": 22, "valid": true }, "geometry": { "type": "Point", "coordinates": [ -0.312308758497238, 5.504861354827881 ] } },
{ "type": "Feature", "properties": { "particle": 441, "seed_idx": 22, "valid": true }, "geometry": { "type": "Point", "coordinates": [ -0.312921434640884, 5.504905700683594 ] } },
{ "type": "Feature", "properties": { "particle": 442, "seed_idx": 22, "valid": true }, "geometry": { "type": "Point", "coordinates": [ -0.312708497047424, 5.504843711853027 ] } },
{ "type": "Feature", "properties": { "particle": 443, "seed_idx": 22, "valid": true }, "geometry": { "type": "Point", "coordinates": [ -0.312012821435928, 5.505398750305176 ] } },
{ "type": "Feature", "properties": { "particle": 444, "seed_idx": 22, "valid": true }, "geometry": { "type": "Point", "coordinates": [ -0.312952488660812, 5.504954814910889 ] } },
{ "type": "Feature", "properties": { "particle": 445, "seed_idx": 22, "valid": true }, "geometry": { "type": "Point", "coordinates": [ -0.312071979045868, 5.505486011505127 ] } },
{ "type": "Feature", "properties": { "particle": 446, "seed_idx": 22, "valid": true }, "geometry": { "type": "Point", "coordinates": [ -0.312278777360916, 5.504764556884766 ] } },
{ "type": "Feature", "properties": { "particle": 447, "seed_idx": 22, "valid": true }, "geometry": { "type": "Point", "coordinates": [ -0.311784118413925, 5.505198001861572 ] } },
{ "type": "Feature", "properties": { "particle": 448, "seed_idx": 22, "valid": true }, "geometry": { "type": "Point", "coordinates": [ -0.312794625759125, 5.504656791687012 ] } },
{ "type": "Feature", "properties": { "particle": 449, "seed_idx": 22, "valid": true }, "geometry": { "type": "Point", "coordinates": [ -0.312672436237335, 5.504754066467285 ] } },
{ "type": "Feature", "properties": { "particle": 450, "seed_idx": 22, "valid": true }, "geometry": { "type": "Point", "coordinates": [ -0.311906456947327, 5.50560188293457 ] } },
{ "type": "Feature", "properties": { "particle": 451, "seed_idx": 22, "valid": true }, "geometry": { "type": "Point", "coordinates": [ -0.312410145998001, 5.504873275756836 ] } },
{ "type": "Feature", "properties": { "particle": 452, "seed_idx": 22, "valid": true }, "geometry": { "type": "Point", "coordinates": [ -0.312174677848816, 5.50482702255249 ] } },
{ "type": "Feature", "properties": { "particle": 453, "seed_idx": 22, "valid": true }, "geometry": { "type": "Point", "coordinates": [ -0.31182536482811, 5.505214691162109 ] } },
{ "type": "Feature", "properties": { "particle": 454, "seed_idx": 22, "valid": true }, "geometry": { "type": "Point", "coordinates": [ -0.31245744228363, 5.504903316497803 ] } },
{ "type": "Feature", "properties": { "particle": 455, "seed_idx": 22, "valid": true }, "geometry": { "type": "Point", "coordinates": [ -0.312923043966293, 5.504758834838867 ] } },
{ "type": "Feature", "properties": { "particle": 456, "seed_idx": 22, "valid": true }, "geometry": { "type": "Point", "coordinates": [ -0.311936676502228, 5.50521183013916 ] } },
{ "type": "Feature", "properties": { "particle": 457, "seed_idx": 22, "valid": true }, "geometry": { "type": "Point", "coordinates": [ -0.311925441026688, 5.504795551300049 ] } },
{ "type": "Feature", "properties": { "particle": 458, "seed_idx": 22, "valid": true }, "geometry": { "type": "Point", "coordinates": [ -0.312277615070343, 5.504931449890137 ] } },
{ "type": "Feature", "properties": { "particle": 459, "seed_idx": 22, "valid": true }, "geometry": { "type": "Point", "coordinates": [ -0.311877012252808, 5.505554676055908 ] } },
{ "type": "Feature", "properties": { "particle": 460, "seed_idx": 23, "valid": true }, "geometry": { "type": "Point", "coordinates": [ -0.311979174613953, 5.505413055419922 ] } },
{ "type": "Feature", "properties": { "particle": 461, "seed_idx": 23, "valid": true }, "geometry": { "type": "Point", "coordinates": [ -0.312996625900269, 5.506763935089111 ] } },
{ "type": "Feature", "properties": { "particle": 462, "seed_idx": 23, "valid": true }, "geometry": { "type": "Point", "coordinates": [ -0.313046962022781, 5.506736278533936 ] } },
{ "type": "Feature", "properties": { "particle": 463, "seed_idx": 23, "valid": true }, "geometry": { "type": "Point", "coordinates": [ -0.312623739242554, 5.504816055297852 ] } },
{ "type": "Feature", "properties": { "particle": 464, "seed_idx": 23, "valid": true }, "geometry": { "type": "Point", "coordinates": [ -0.31203031539917, 5.504839420318604 ] } },
{ "type": "Feature", "properties": { "particle": 465, "seed_idx": 23, "valid": true }, "geometry": { "type": "Point", "coordinates": [ -0.312464356422424, 5.504930973052979 ] } },
{ "type": "Feature", "properties": { "particle": 466, "seed_idx": 23, "valid": true }, "geometry": { "type": "Point", "coordinates": [ -0.317378759384155, 5.509854793548584 ] } },
{ "type": "Feature", "properties": { "particle": 467, "seed_idx": 23, "valid": true }, "geometry": { "type": "Point", "coordinates": [ -0.312484115362167, 5.504939079284668 ] } },
{ "type": "Feature", "properties": { "particle": 468, "seed_idx": 23, "valid": true }, "geometry": { "type": "Point", "coordinates": [ -0.312965393066406, 5.506481170654297 ] } },
{ "type": "Feature", "properties": { "particle": 469, "seed_idx": 23, "valid": true }, "geometry": { "type": "Point", "coordinates": [ -0.317402958869934, 5.509815216064453 ] } },
{ "type": "Feature", "properties": { "particle": 470, "seed_idx": 23, "valid": true }, "geometry": { "type": "Point", "coordinates": [ -0.312646478414536, 5.504782676696777 ] } },
{ "type": "Feature", "properties": { "particle": 471, "seed_idx": 23, "valid": true }, "geometry": { "type": "Point", "coordinates": [ -0.312011629343033, 5.505479335784912 ] } },
{ "type": "Feature", "properties": { "particle": 472, "seed_idx": 23, "valid": true }, "geometry": { "type": "Point", "coordinates": [ -0.313006043434143, 5.506687641143799 ] } },
{ "type": "Feature", "properties": { "particle": 473, "seed_idx": 23, "valid": true }, "geometry": { "type": "Point", "coordinates": [ -0.311909019947052, 5.504891395568848 ] } },
{ "type": "Feature", "properties": { "particle": 474, "seed_idx": 23, "valid": true }, "geometry": { "type": "Point", "coordinates": [ -0.313022017478943, 5.506442546844482 ] } },
{ "type": "Feature", "properties": { "particle": 475, "seed_idx": 23, "valid": true }, "geometry": { "type": "Point", "coordinates": [ -0.311854392290115, 5.505043029785156 ] } },
{ "type": "Feature", "properties": { "particle": 476, "seed_idx": 23, "valid": true }, "geometry": { "type": "Point", "coordinates": [ -0.31177031993866, 5.505408763885498 ] } },
{ "type": "Feature", "properties": { "particle": 477, "seed_idx": 23, "valid": true }, "geometry": { "type": "Point", "coordinates": [ -0.312039613723755, 5.505371570587158 ] } },
{ "type": "Feature", "properties": { "particle": 478, "seed_idx": 23, "valid": true }, "geometry": { "type": "Point", "coordinates": [ -0.311932265758514, 5.505638599395752 ] } },
{ "type": "Feature", "properties": { "particle": 479, "seed_idx": 23, "valid": true }, "geometry": { "type": "Point", "coordinates": [ -0.312003999948502, 5.505356311798096 ] } },
{ "type": "Feature", "properties": { "particle": 480, "seed_idx": 24, "valid": true }, "geometry": { "type": "Point", "coordinates": [ -0.313063383102417, 5.50677490234375 ] } },
{ "type": "Feature", "properties": { "particle": 481, "seed_idx": 24, "valid": true }, "geometry": { "type": "Point", "coordinates": [ -0.312768697738647, 5.506318092346191 ] } },
{ "type": "Feature", "properties": { "particle": 482, "seed_idx": 24, "valid": true }, "geometry": { "type": "Point", "coordinates": [ -0.312564790248871, 5.504852771759033 ] } },
{ "type": "Feature", "properties": { "particle": 483, "seed_idx": 24, "valid": true }, "geometry": { "type": "Point", "coordinates": [ -0.312005400657654, 5.505510807037354 ] } },
{ "type": "Feature", "properties": { "particle": 484, "seed_idx": 24, "valid": true }, "geometry": { "type": "Point", "coordinates": [ -0.311899751424789, 5.505652904510498 ] } },
{ "type": "Feature", "properties": { "particle": 485, "seed_idx": 24, "valid": true }, "geometry": { "type": "Point", "coordinates": [ -0.312632441520691, 5.50485897064209 ] } },
{ "type": "Feature", "properties": { "particle": 486, "seed_idx": 24, "valid": true }, "geometry": { "type": "Point", "coordinates": [ -0.313079386949539, 5.506736278533936 ] } },
{ "type": "Feature", "properties": { "particle": 487, "seed_idx": 24, "valid": true }, "geometry": { "type": "Point", "coordinates": [ -0.311950474977493, 5.505282878875732 ] } },
{ "type": "Feature", "properties": { "particle": 488, "seed_idx": 24, "valid": true }, "geometry": { "type": "Point", "coordinates": [ -0.312069952487946, 5.505623340606689 ] } },
{ "type": "Feature", "properties": { "particle": 489, "seed_idx": 24, "valid": true }, "geometry": { "type": "Point", "coordinates": [ -0.312016069889069, 5.505640983581543 ] } },
{ "type": "Feature", "properties": { "particle": 490, "seed_idx": 24, "valid": true }, "geometry": { "type": "Point", "coordinates": [ -0.311790406703949, 5.505303859710693 ] } },
{ "type": "Feature", "properties": { "particle": 491, "seed_idx": 24, "valid": true }, "geometry": { "type": "Point", "coordinates": [ -0.313015073537827, 5.506744861602783 ] } },
{ "type": "Feature", "properties": { "particle": 492, "seed_idx": 24, "valid": true }, "geometry": { "type": "Point", "coordinates": [ -0.313032299280167, 5.506788730621338 ] } },
{ "type": "Feature", "properties": { "particle": 493, "seed_idx": 24, "valid": true }, "geometry": { "type": "Point", "coordinates": [ -0.317890107631683, 5.509894847869873 ] } },
{ "type": "Feature", "properties": { "particle": 494, "seed_idx": 24, "valid": true }, "geometry": { "type": "Point", "coordinates": [ -0.312771379947662, 5.506427764892578 ] } },
{ "type": "Feature", "properties": { "particle": 495, "seed_idx": 24, "valid": true }, "geometry": { "type": "Point", "coordinates": [ -0.313029259443283, 5.50670337677002 ] } },
{ "type": "Feature", "properties": { "particle": 496, "seed_idx": 24, "valid": true }, "geometry": { "type": "Point", "coordinates": [ -0.312831461429596, 5.504696846008301 ] } },
{ "type": "Feature", "properties": { "particle": 497, "seed_idx": 24, "valid": true }, "geometry": { "type": "Point", "coordinates": [ -0.311935395002365, 5.505568504333496 ] } },
{ "type": "Feature", "properties": { "particle": 498, "seed_idx": 24, "valid": true }, "geometry": { "type": "Point", "coordinates": [ -0.312084227800369, 5.505609512329102 ] } },
{ "type": "Feature", "properties": { "particle": 499, "seed_idx": 24, "valid": true }, "geometry": { "type": "Point", "coordinates": [ -0.312894701957703, 5.504734516143799 ] } },
{ "type": "Feature", "properties": { "particle": 500, "seed_idx": 25, "valid": true }, "geometry": { "type": "Point", "coordinates": [ -0.317246288061142, 5.509778499603271 ] } },
{ "type": "Feature", "properties": { "particle": 501, "seed_idx": 25, "valid": true }, "geometry": { "type": "Point", "coordinates": [ -0.312991231679916, 5.506663799285889 ] } },
{ "type": "Feature", "properties": { "particle": 502, "seed_idx": 25, "valid": true }, "geometry": { "type": "Point", "coordinates": [ -0.3173768222332, 5.50976037979126 ] } },
{ "type": "Feature", "properties": { "particle": 503, "seed_idx": 25, "valid": true }, "geometry": { "type": "Point", "coordinates": [ -0.312084883451462, 5.505527019500732 ] } },
{ "type": "Feature", "properties": { "particle": 504, "seed_idx": 25, "valid": true }, "geometry": { "type": "Point", "coordinates": [ -0.317937225103378, 5.509818553924561 ] } },
{ "type": "Feature", "properties": { "particle": 505, "seed_idx": 25, "valid": true }, "geometry": { "type": "Point", "coordinates": [ -0.312828034162521, 5.50658130645752 ] } },
{ "type": "Feature", "properties": { "particle": 506, "seed_idx": 25, "valid": true }, "geometry": { "type": "Point", "coordinates": [ -0.31725800037384, 5.509936332702637 ] } },
{ "type": "Feature", "properties": { "particle": 507, "seed_idx": 25, "valid": true }, "geometry": { "type": "Point", "coordinates": [ -0.313064843416214, 5.506633758544922 ] } },
{ "type": "Feature", "properties": { "particle": 508, "seed_idx": 25, "valid": true }, "geometry": { "type": "Point", "coordinates": [ -0.312459975481033, 5.504815101623535 ] } },
{ "type": "Feature", "properties": { "particle": 509, "seed_idx": 25, "valid": true }, "geometry": { "type": "Point", "coordinates": [ -0.318167269229889, 5.509926795959473 ] } },
{ "type": "Feature", "properties": { "particle": 510, "seed_idx": 25, "valid": true }, "geometry": { "type": "Point", "coordinates": [ -0.312801003456116, 5.504927158355713 ] } },
{ "type": "Feature", "properties": { "particle": 511, "seed_idx": 25, "valid": true }, "geometry": { "type": "Point", "coordinates": [ -0.312712460756302, 5.504906177520752 ] } },
{ "type": "Feature", "properties": { "particle": 512, "seed_idx": 25, "valid": true }, "geometry": { "type": "Point", "coordinates": [ -0.317541778087616, 5.509860992431641 ] } },
{ "type": "Feature", "properties": { "particle": 513, "seed_idx": 25, "valid": true }, "geometry": { "type": "Point", "coordinates": [ -0.318790078163147, 5.508750438690186 ] } },
{ "type": "Feature", "properties": { "particle": 514, "seed_idx": 25, "valid": true }, "geometry": { "type": "Point", "coordinates": [ -0.316698879003525, 5.509819507598877 ] } },
{ "type": "Feature", "properties": { "particle": 515, "seed_idx": 25, "valid": true }, "geometry": { "type": "Point", "coordinates": [ -0.315872400999069, 5.508867740631104 ] } },
{ "type": "Feature", "properties": { "particle": 516, "seed_idx": 25, "valid": true }, "geometry": { "type": "Point", "coordinates": [ -0.317317426204681, 5.509883403778076 ] } },
{ "type": "Feature", "properties": { "particle": 517, "seed_idx": 25, "valid": true }, "geometry": { "type": "Point", "coordinates": [ -0.311773657798767, 5.505390644073486 ] } },
{ "type": "Feature", "properties": { "particle": 518, "seed_idx": 25, "valid": true }, "geometry": { "type": "Point", "coordinates": [ -0.313013523817062, 5.506839275360107 ] } },
{ "type": "Feature", "properties": { "particle": 519, "seed_idx": 25, "valid": true }, "geometry": { "type": "Point", "coordinates": [ -0.317277729511261, 5.509813785552979 ] } },
{ "type": "Feature", "properties": { "particle": 520, "seed_idx": 26, "valid": true }, "geometry": { "type": "Point", "coordinates": [ -0.316974759101868, 5.509749412536621 ] } },
{ "type": "Feature", "properties": { "particle": 521, "seed_idx": 26, "valid": true }, "geometry": { "type": "Point", "coordinates": [ -0.317277580499649, 5.509899616241455 ] } },
{ "type": "Feature", "properties": { "particle": 522, "seed_idx": 26, "valid": true }, "geometry": { "type": "Point", "coordinates": [ -0.31655216217041, 5.509903907775879 ] } },
{ "type": "Feature", "properties": { "particle": 523, "seed_idx": 26, "valid": true }, "geometry": { "type": "Point", "coordinates": [ -0.312863409519196, 5.506535053253174 ] } },
{ "type": "Feature", "properties": { "particle": 524, "seed_idx": 26, "valid": true }, "geometry": { "type": "Point", "coordinates": [ -0.318646103143692, 5.509832859039307 ] } },
{ "type": "Feature", "properties": { "particle": 525, "seed_idx": 26, "valid": true }, "geometry": { "type": "Point", "coordinates": [ -0.316658943891525, 5.509956359863281 ] } },
{ "type": "Feature", "properties": { "particle": 526, "seed_idx": 26, "valid": true }, "geometry": { "type": "Point", "coordinates": [ -0.317443519830704, 5.509745121002197 ] } },
{ "type": "Feature", "properties": { "particle": 527, "seed_idx": 26, "valid": true }, "geometry": { "type": "Point", "coordinates": [ -0.317555844783783, 5.509726047515869 ] } },
{ "type": "Feature", "properties": { "particle": 528, "seed_idx": 26, "valid": true }, "geometry": { "type": "Point", "coordinates": [ -0.312780380249023, 5.5064377784729 ] } },
{ "type": "Feature", "properties": { "particle": 529, "seed_idx": 26, "valid": true }, "geometry": { "type": "Point", "coordinates": [ -0.317143678665161, 5.509855270385742 ] } },
{ "type": "Feature", "properties": { "particle": 530, "seed_idx": 26, "valid": true }, "geometry": { "type": "Point", "coordinates": [ -0.317907780408859, 5.509887218475342 ] } },
{ "type": "Feature", "properties": { "particle": 531, "seed_idx": 26, "valid": true }, "geometry": { "type": "Point", "coordinates": [ -0.313021063804626, 5.506454467773438 ] } },
{ "type": "Feature", "properties": { "particle": 532, "seed_idx": 26, "valid": true }, "geometry": { "type": "Point", "coordinates": [ -0.316208839416504, 5.509854316711426 ] } },
{ "type": "Feature", "properties": { "particle": 533, "seed_idx": 26, "valid": true }, "geometry": { "type": "Point", "coordinates": [ -0.312829792499542, 5.506651401519775 ] } },
{ "type": "Feature", "properties": { "particle": 534, "seed_idx": 26, "valid": true }, "geometry": { "type": "Point", "coordinates": [ -0.316179603338242, 5.509738922119141 ] } },
{ "type": "Feature", "properties": { "particle": 535, "seed_idx": 26, "valid": true }, "geometry": { "type": "Point", "coordinates": [ -0.317242532968521, 5.509825706481934 ] } },
{ "type": "Feature", "properties": { "particle": 536, "seed_idx": 26, "valid": true }, "geometry": { "type": "Point", "coordinates": [ -0.317206382751465, 5.509896278381348 ] } },
{ "type": "Feature", "properties": { "particle": 537, "seed_idx": 26, "valid": true }, "geometry": { "type": "Point", "coordinates": [ -0.316284537315369, 5.509763717651367 ] } },
{ "type": "Feature", "properties": { "particle": 538, "seed_idx": 26, "valid": true }, "geometry": { "type": "Point", "coordinates": [ -0.316407352685928, 5.509757041931152 ] } },
{ "type": "Feature", "properties": { "particle": 539, "seed_idx": 26, "valid": true }, "geometry": { "type": "Point", "coordinates": [ -0.316935479640961, 5.509775161743164 ] } },
{ "type": "Feature", "properties": { "particle": 540, "seed_idx": 27, "valid": true }, "geometry": { "type": "Point", "coordinates": [ -0.316255897283554, 5.509863376617432 ] } },
{ "type": "Feature", "properties": { "particle": 541, "seed_idx": 27, "valid": true }, "geometry": { "type": "Point", "coordinates": [ -0.316682875156403, 5.509871006011963 ] } },
{ "type": "Feature", "properties": { "particle": 542, "seed_idx": 27, "valid": true }, "geometry": { "type": "Point", "coordinates": [ -0.311987549066544, 5.505306243896484 ] } },
{ "type": "Feature", "properties": { "particle": 543, "seed_idx": 27, "valid": true }, "geometry": { "type": "Point", "coordinates": [ -0.312989324331284, 5.506463050842285 ] } },
{ "type": "Feature", "properties": { "particle": 544, "seed_idx": 27, "valid": true }, "geometry": { "type": "Point", "coordinates": [ -0.311961680650711, 5.505636692047119 ] } },
{ "type": "Feature", "properties": { "particle": 545, "seed_idx": 27, "valid": true }, "geometry": { "type": "Point", "coordinates": [ -0.316015094518661, 5.509957313537598 ] } },
{ "type": "Feature", "properties": { "particle": 546, "seed_idx": 27, "valid": true }, "geometry": { "type": "Point", "coordinates": [ -0.315997928380966, 5.509752750396729 ] } },
{ "type": "Feature", "properties": { "particle": 547, "seed_idx": 27, "valid": true }, "geometry": { "type": "Point", "coordinates": [ -0.317424565553665, 5.509462833404541 ] } },
{ "type": "Feature", "properties": { "particle": 548, "seed_idx": 27, "valid": true }, "geometry": { "type": "Point", "coordinates": [ -0.313048362731934, 5.506735801696777 ] } },
{ "type": "Feature", "properties": { "particle": 549, "seed_idx": 27, "valid": true }, "geometry": { "type": "Point", "coordinates": [ -0.312059700489044, 5.505781173706055 ] } },
{ "type": "Feature", "properties": { "particle": 550, "seed_idx": 27, "valid": true }, "geometry": { "type": "Point", "coordinates": [ -0.312874436378479, 5.504411220550537 ] } },
{ "type": "Feature", "properties": { "particle": 551, "seed_idx": 27, "valid": true }, "geometry": { "type": "Point", "coordinates": [ -0.312995135784149, 5.506616115570068 ] } },
{ "type": "Feature", "properties": { "particle": 552, "seed_idx": 27, "valid": true }, "geometry": { "type": "Point", "coordinates": [ -0.317106932401657, 5.509718894958496 ] } },
{ "type": "Feature", "properties": { "particle": 553, "seed_idx": 27, "valid": true }, "geometry": { "type": "Point", "coordinates": [ -0.312817513942719, 5.506415843963623 ] } },
{ "type": "Feature", "properties": { "particle": 554, "seed_idx": 27, "valid": true }, "geometry": { "type": "Point", "coordinates": [ -0.312882930040359, 5.506472587585449 ] } },
{ "type": "Feature", "properties": { "particle": 555, "seed_idx": 27, "valid": true }, "geometry": { "type": "Point", "coordinates": [ -0.316844701766968, 5.50977897644043 ] } },
{ "type": "Feature", "properties": { "particle": 556, "seed_idx": 27, "valid": true }, "geometry": { "type": "Point", "coordinates": [ -0.316948264837265, 5.509847640991211 ] } },
{ "type": "Feature", "properties": { "particle": 557, "seed_idx": 27, "valid": true }, "geometry": { "type": "Point", "coordinates": [ -0.317592889070511, 5.509958744049072 ] } },
{ "type": "Feature", "properties": { "particle": 558, "seed_idx": 27, "valid": true }, "geometry": { "type": "Point", "coordinates": [ -0.31702584028244, 5.509808540344238 ] } },
{ "type": "Feature", "properties": { "particle": 559, "seed_idx": 27, "valid": true }, "geometry": { "type": "Point", "coordinates": [ -0.312666743993759, 5.504887580871582 ] } },
{ "type": "Feature", "properties": { "particle": 560, "seed_idx": 28, "valid": true }, "geometry": { "type": "Point", "coordinates": [ -0.312977761030197, 5.506443977355957 ] } },
{ "type": "Feature", "properties": { "particle": 561, "seed_idx": 28, "valid": true }, "geometry": { "type": "Point", "coordinates": [ -0.313014566898346, 5.506819248199463 ] } },
{ "type": "Feature", "properties": { "particle": 562, "seed_idx": 28, "valid": true }, "geometry": { "type": "Point", "coordinates": [ -0.312054991722107, 5.50541877746582 ] } },
{ "type": "Feature", "properties": { "particle": 563, "seed_idx": 28, "valid": true }, "geometry": { "type": "Point", "coordinates": [ -0.312681466341019, 5.504767894744873 ] } },
{ "type": "Feature", "properties": { "particle": 564, "seed_idx": 28, "valid": true }, "geometry": { "type": "Point", "coordinates": [ -0.312065064907074, 5.505401134490967 ] } },
{ "type": "Feature", "properties": { "particle": 565, "seed_idx": 28, "valid": true }, "geometry": { "type": "Point", "coordinates": [ -0.312054097652435, 5.505804061889648 ] } },
{ "type": "Feature", "properties": { "particle": 566, "seed_idx": 28, "valid": true }, "geometry": { "type": "Point", "coordinates": [ -0.316534250974655, 5.509317398071289 ] } },
{ "type": "Feature", "properties": { "particle": 567, "seed_idx": 28, "valid": true }, "geometry": { "type": "Point", "coordinates": [ -0.312799096107483, 5.504807949066162 ] } },
{ "type": "Feature", "properties": { "particle": 568, "seed_idx": 28, "valid": true }, "geometry": { "type": "Point", "coordinates": [ -0.311996877193451, 5.505673408508301 ] } },
{ "type": "Feature", "properties": { "particle": 569, "seed_idx": 28, "valid": true }, "geometry": { "type": "Point", "coordinates": [ -0.317157089710236, 5.509273052215576 ] } },
{ "type": "Feature", "properties": { "particle": 570, "seed_idx": 28, "valid": true }, "geometry": { "type": "Point", "coordinates": [ -0.311833083629608, 5.505636215209961 ] } },
{ "type": "Feature", "properties": { "particle": 571, "seed_idx": 28, "valid": true }, "geometry": { "type": "Point", "coordinates": [ -0.313017278909683, 5.506460189819336 ] } },
{ "type": "Feature", "properties": { "particle": 572, "seed_idx": 28, "valid": true }, "geometry": { "type": "Point", "coordinates": [ -0.318182080984116, 5.509402275085449 ] } },
{ "type": "Feature", "properties": { "particle": 573, "seed_idx": 28, "valid": true }, "geometry": { "type": "Point", "coordinates": [ -0.312001168727875, 5.505159854888916 ] } },
{ "type": "Feature", "properties": { "particle": 574, "seed_idx": 28, "valid": true }, "geometry": { "type": "Point", "coordinates": [ -0.311865538358688, 5.505195140838623 ] } },
{ "type": "Feature", "properties": { "particle": 575, "seed_idx": 28, "valid": true }, "geometry": { "type": "Point", "coordinates": [ -0.3117695748806, 5.505519390106201 ] } },
{ "type": "Feature", "properties": { "particle": 576, "seed_idx": 28, "valid": true }, "geometry": { "type": "Point", "coordinates": [ -0.311989486217499, 5.505627155303955 ] } },
{ "type": "Feature", "properties": { "particle": 577, "seed_idx": 28, "valid": true }, "geometry": { "type": "Point", "coordinates": [ -0.311965197324753, 5.504836082458496 ] } },
{ "type": "Feature", "properties": { "particle": 578, "seed_idx": 28, "valid": true }, "geometry": { "type": "Point", "coordinates": [ -0.311994731426239, 5.505505561828613 ] } },
{ "type": "Feature", "properties": { "particle": 579, "seed_idx": 28, "valid": true }, "geometry": { "type": "Point", "coordinates": [ -0.316972315311432, 5.509836196899414 ] } },
{ "type": "Feature", "properties": { "particle": 580, "seed_idx": 29, "valid": true }, "geometry": { "type": "Point", "coordinates": [ -0.312677323818207, 5.504830360412598 ] } },
{ "type": "Feature", "properties": { "particle": 581, "seed_idx": 29, "valid": true }, "geometry": { "type": "Point", "coordinates": [ -0.312159597873688, 5.504928112030029 ] } },
{ "type": "Feature", "properties": { "particle": 582, "seed_idx": 29, "valid": true }, "geometry": { "type": "Point", "coordinates": [ -0.312849581241608, 5.506558895111084 ] } },
{ "type": "Feature", "properties": { "particle": 583, "seed_idx": 29, "valid": true }, "geometry": { "type": "Point", "coordinates": [ -0.311849296092987, 5.505196571350098 ] } },
{ "type": "Feature", "properties": { "particle": 584, "seed_idx": 29, "valid": true }, "geometry": { "type": "Point", "coordinates": [ -0.312079280614853, 5.505187511444092 ] } },
{ "type": "Feature", "properties": { "particle": 585, "seed_idx": 29, "valid": true }, "geometry": { "type": "Point", "coordinates": [ -0.311925232410431, 5.505476951599121 ] } },
{ "type": "Feature", "properties": { "particle": 586, "seed_idx": 29, "valid": true }, "geometry": { "type": "Point", "coordinates": [ -0.312896877527237, 5.506400108337402 ] } },
{ "type": "Feature", "properties": { "particle": 587, "seed_idx": 29, "valid": true }, "geometry": { "type": "Point", "coordinates": [ -0.312550723552704, 5.504779815673828 ] } },
{ "type": "Feature", "properties": { "particle": 588, "seed_idx": 29, "valid": true }, "geometry": { "type": "Point", "coordinates": [ -0.312923431396484, 5.504871368408203 ] } },
{ "type": "Feature", "properties": { "particle": 589, "seed_idx": 29, "valid": true }, "geometry": { "type": "Point", "coordinates": [ -0.312191635370255, 5.504916667938232 ] } },
{ "type": "Feature", "properties": { "particle": 590, "seed_idx": 29, "valid": true }, "geometry": { "type": "Point", "coordinates": [ -0.313019812107086, 5.506485939025879 ] } },
{ "type": "Feature", "properties": { "particle": 591, "seed_idx": 29, "valid": true }, "geometry": { "type": "Point", "coordinates": [ -0.312585830688477, 5.504890918731689 ] } },
{ "type": "Feature", "properties": { "particle": 592, "seed_idx": 29, "valid": true }, "geometry": { "type": "Point", "coordinates": [ -0.312942951917648, 5.504970550537109 ] } },
{ "type": "Feature", "properties": { "particle": 593, "seed_idx": 29, "valid": true }, "geometry": { "type": "Point", "coordinates": [ -0.312640577554703, 5.506275653839111 ] } },
{ "type": "Feature", "properties": { "particle": 594, "seed_idx": 29, "valid": true }, "geometry": { "type": "Point", "coordinates": [ -0.311761677265167, 5.505464553833008 ] } },
{ "type": "Feature", "properties": { "particle": 595, "seed_idx": 29, "valid": true }, "geometry": { "type": "Point", "coordinates": [ -0.312356501817703, 5.504822731018066 ] } },
{ "type": "Feature", "properties": { "particle": 596, "seed_idx": 29, "valid": true }, "geometry": { "type": "Point", "coordinates": [ -0.312985330820084, 5.504570007324219 ] } },
{ "type": "Feature", "properties": { "particle": 597, "seed_idx": 29, "valid": true }, "geometry": { "type": "Point", "coordinates": [ -0.311923831701279, 5.505031108856201 ] } },
{ "type": "Feature", "properties": { "particle": 598, "seed_idx": 29, "valid": true }, "geometry": { "type": "Point", "coordinates": [ -0.312234967947006, 5.50490665435791 ] } },
{ "type": "Feature", "properties": { "particle": 599, "seed_idx": 29, "valid": true }, "geometry": { "type": "Point", "coordinates": [ -0.312996178865433, 5.506558895111084 ] } },
{ "type": "Feature", "properties": { "particle": 600, "seed_idx": 30, "valid": true }, "geometry": { "type": "Point", "coordinates": [ -0.312460899353027, 5.504777908325195 ] } },
{ "type": "Feature", "properties": { "particle": 601, "seed_idx": 30, "valid": true }, "geometry": { "type": "Point", "coordinates": [ -0.312835693359375, 5.504917621612549 ] } },
{ "type": "Feature", "properties": { "particle": 602, "seed_idx": 30, "valid": true }, "geometry": { "type": "Point", "coordinates": [ -0.312893450260162, 5.504823207855225 ] } },
{ "type": "Feature", "properties": { "particle": 603, "seed_idx": 30, "valid": true }, "geometry": { "type": "Point", "coordinates": [ -0.31236532330513, 5.504888534545898 ] } },
{ "type": "Feature", "properties": { "particle": 604, "seed_idx": 30, "valid": true }, "geometry": { "type": "Point", "coordinates": [ -0.3123679459095, 5.504769802093506 ] } },
{ "type": "Feature", "properties": { "particle": 605, "seed_idx": 30, "valid": true }, "geometry": { "type": "Point", "coordinates": [ -0.312465250492096, 5.504897594451904 ] } },
{ "type": "Feature", "properties": { "particle": 606, "seed_idx": 30, "valid": true }, "geometry": { "type": "Point", "coordinates": [ -0.312865912914276, 5.504499912261963 ] } },
{ "type": "Feature", "properties": { "particle": 607, "seed_idx": 30, "valid": true }, "geometry": { "type": "Point", "coordinates": [ -0.319508820772171, 5.507698535919189 ] } },
{ "type": "Feature", "properties": { "particle": 608, "seed_idx": 30, "valid": true }, "geometry": { "type": "Point", "coordinates": [ -0.312433540821075, 5.504849433898926 ] } },
{ "type": "Feature", "properties": { "particle": 609, "seed_idx": 30, "valid": true }, "geometry": { "type": "Point", "coordinates": [ -0.313013315200806, 5.504861831665039 ] } },
{ "type": "Feature", "properties": { "particle": 610, "seed_idx": 30, "valid": true }, "geometry": { "type": "Point", "coordinates": [ -0.312988132238388, 5.504847526550293 ] } },
{ "type": "Feature", "properties": { "particle": 611, "seed_idx": 30, "valid": true }, "geometry": { "type": "Point", "coordinates": [ -0.312839329242706, 5.503921508789062 ] } },
{ "type": "Feature", "properties": { "particle": 612, "seed_idx": 30, "valid": true }, "geometry": { "type": "Point", "coordinates": [ -0.312891691923141, 5.504899978637695 ] } },
{ "type": "Feature", "properties": { "particle": 613, "seed_idx": 30, "valid": true }, "geometry": { "type": "Point", "coordinates": [ -0.312967538833618, 5.504710674285889 ] } },
{ "type": "Feature", "properties": { "particle": 614, "seed_idx": 30, "valid": true }, "geometry": { "type": "Point", "coordinates": [ -0.313083410263062, 5.504838466644287 ] } },
{ "type": "Feature", "properties": { "particle": 615, "seed_idx": 30, "valid": true }, "geometry": { "type": "Point", "coordinates": [ -0.317943602800369, 5.506711959838867 ] } },
{ "type": "Feature", "properties": { "particle": 616, "seed_idx": 30, "valid": true }, "geometry": { "type": "Point", "coordinates": [ -0.312774032354355, 5.504931449890137 ] } },
{ "type": "Feature", "properties": { "particle": 617, "seed_idx": 30, "valid": true }, "geometry": { "type": "Point", "coordinates": [ -0.312899351119995, 5.50485897064209 ] } },
{ "type": "Feature", "properties": { "particle": 618, "seed_idx": 30, "valid": true }, "geometry": { "type": "Point", "coordinates": [ -0.312793612480164, 5.504807472229004 ] } },
{ "type": "Feature", "properties": { "particle": 619, "seed_idx": 30, "valid": true }, "geometry": { "type": "Point", "coordinates": [ -0.311855345964432, 5.505261421203613 ] } },
{ "type": "Feature", "properties": { "particle": 620, "seed_idx": 31, "valid": true }, "geometry": { "type": "Point", "coordinates": [ -0.312725454568863, 5.504939556121826 ] } },
{ "type": "Feature", "properties": { "particle": 621, "seed_idx": 31, "valid": true }, "geometry": { "type": "Point", "coordinates": [ -0.312438994646072, 5.504812717437744 ] } },
{ "type": "Feature", "properties": { "particle": 622, "seed_idx": 31, "valid": true }, "geometry": { "type": "Point", "coordinates": [ -0.312586694955826, 5.504825115203857 ] } },
{ "type": "Feature", "properties": { "particle": 623, "seed_idx": 31, "valid": true }, "geometry": { "type": "Point", "coordinates": [ -0.312885731458664, 5.504811763763428 ] } },
{ "type": "Feature", "properties": { "particle": 624, "seed_idx": 31, "valid": true }, "geometry": { "type": "Point", "coordinates": [ -0.312806248664856, 5.504664897918701 ] } },
{ "type": "Feature", "properties": { "particle": 625, "seed_idx": 31, "valid": true }, "geometry": { "type": "Point", "coordinates": [ -0.312447428703308, 5.50492000579834 ] } },
{ "type": "Feature", "properties": { "particle": 626, "seed_idx": 31, "valid": true }, "geometry": { "type": "Point", "coordinates": [ -0.312715619802475, 5.50481653213501 ] } },
{ "type": "Feature", "properties": { "particle": 627, "seed_idx": 31, "valid": true }, "geometry": { "type": "Point", "coordinates": [ -0.312940001487732, 5.504103660583496 ] } },
{ "type": "Feature", "properties": { "particle": 628, "seed_idx": 31, "valid": true }, "geometry": { "type": "Point", "coordinates": [ -0.313034981489182, 5.503827571868896 ] } },
{ "type": "Feature", "properties": { "particle": 629, "seed_idx": 31, "valid": true }, "geometry": { "type": "Point", "coordinates": [ -0.312713086605072, 5.504289150238037 ] } },
{ "type": "Feature", "properties": { "particle": 630, "seed_idx": 31, "valid": true }, "geometry": { "type": "Point", "coordinates": [ -0.31306728720665, 5.504678249359131 ] } },
{ "type": "Feature", "properties": { "particle": 631, "seed_idx": 31, "valid": true }, "geometry": { "type": "Point", "coordinates": [ -0.312595158815384, 5.504891395568848 ] } },
{ "type": "Feature", "properties": { "particle": 632, "seed_idx": 31, "valid": true }, "geometry": { "type": "Point", "coordinates": [ -0.312727361917496, 5.504847049713135 ] } },
{ "type": "Feature", "properties": { "particle": 633, "seed_idx": 31, "valid": true }, "geometry": { "type": "Point", "coordinates": [ -0.312383621931076, 5.504883766174316 ] } },
{ "type": "Feature", "properties": { "particle": 634, "seed_idx": 31, "valid": true }, "geometry": { "type": "Point", "coordinates": [ -0.312641650438309, 5.50480318069458 ] } },
{ "type": "Feature", "properties": { "particle": 635, "seed_idx": 31, "valid": true }, "geometry": { "type": "Point", "coordinates": [ -0.312976837158203, 5.504804611206055 ] } },
{ "type": "Feature", "properties": { "particle": 636, "seed_idx": 31, "valid": true }, "geometry": { "type": "Point", "coordinates": [ -0.31286758184433, 5.504375457763672 ] } },
{ "type": "Feature", "properties": { "particle": 637, "seed_idx": 31, "valid": true }, "geometry": { "type": "Point", "coordinates": [ -0.311983376741409, 5.504835605621338 ] } },
{ "type": "Feature", "properties": { "particle": 638, "seed_idx": 31, "valid": true }, "geometry": { "type": "Point", "coordinates": [ -0.312793582677841, 5.504271984100342 ] } },
{ "type": "Feature", "properties": { "particle": 639, "seed_idx": 31, "valid": true }, "geometry": { "type": "Point", "coordinates": [ -0.312933266162872, 5.504293441772461 ] } },
{ "type": "Feature", "properties": { "particle": 640, "seed_idx": 32, "valid": true }, "geometry": { "type": "Point", "coordinates": [ -0.312895953655243, 5.504744529724121 ] } },
{ "type": "Feature", "properties": { "particle": 641, "seed_idx": 32, "valid": true }, "geometry": { "type": "Point", "coordinates": [ -0.313035905361176, 5.504284858703613 ] } },
{ "type": "Feature", "properties": { "particle": 642, "seed_idx": 32, "valid": true }, "geometry": { "type": "Point", "coordinates": [ -0.312875270843506, 5.504265308380127 ] } },
{ "type": "Feature", "properties": { "particle": 643, "seed_idx": 32, "valid": true }, "geometry": { "type": "Point", "coordinates": [ -0.313070058822632, 5.504514694213867 ] } },
{ "type": "Feature", "properties": { "particle": 644, "seed_idx": 32, "valid": true }, "geometry": { "type": "Point", "coordinates": [ -0.312568455934525, 5.504942893981934 ] } },
{ "type": "Feature", "properties": { "particle": 645, "seed_idx": 32, "valid": true }, "geometry": { "type": "Point", "coordinates": [ -0.312771648168564, 5.504872798919678 ] } },
{ "type": "Feature", "properties": { "particle": 646, "seed_idx": 32, "valid": true }, "geometry": { "type": "Point", "coordinates": [ -0.312764465808868, 5.504333972930908 ] } },
{ "type": "Feature", "properties": { "particle": 647, "seed_idx": 32, "valid": true }, "geometry": { "type": "Point", "coordinates": [ -0.312989562749863, 5.504422187805176 ] } },
{ "type": "Feature", "properties": { "particle": 648, "seed_idx": 32, "valid": true }, "geometry": { "type": "Point", "coordinates": [ -0.313476622104645, 5.503936767578125 ] } },
{ "type": "Feature", "properties": { "particle": 649, "seed_idx": 32, "valid": true }, "geometry": { "type": "Point", "coordinates": [ -0.312447279691696, 5.504801750183105 ] } },
{ "type": "Feature", "properties": { "particle": 650, "seed_idx": 32, "valid": true }, "geometry": { "type": "Point", "coordinates": [ -0.312617242336273, 5.504885196685791 ] } },
{ "type": "Feature", "properties": { "particle": 651, "seed_idx": 32, "valid": true }, "geometry": { "type": "Point", "coordinates": [ -0.312780827283859, 5.504772663116455 ] } },
{ "type": "Feature", "properties": { "particle": 652, "seed_idx": 32, "valid": true }, "geometry": { "type": "Point", "coordinates": [ -0.312844902276993, 5.504143238067627 ] } },
{ "type": "Feature", "properties": { "particle": 653, "seed_idx": 32, "valid": true }, "geometry": { "type": "Point", "coordinates": [ -0.31276336312294, 5.504646301269531 ] } },
{ "type": "Feature", "properties": { "particle": 654, "seed_idx": 32, "valid": true }, "geometry": { "type": "Point", "coordinates": [ -0.312567144632339, 5.504980564117432 ] } },
{ "type": "Feature", "properties": { "particle": 655, "seed_idx": 32, "valid": true }, "geometry": { "type": "Point", "coordinates": [ -0.313629120588303, 5.503846645355225 ] } },
{ "type": "Feature", "properties": { "particle": 656, "seed_idx": 32, "valid": true }, "geometry": { "type": "Point", "coordinates": [ -0.312939614057541, 5.504654884338379 ] } },
{ "type": "Feature", "properties": { "particle": 657, "seed_idx": 32, "valid": true }, "geometry": { "type": "Point", "coordinates": [ -0.312996506690979, 5.504724025726318 ] } },
{ "type": "Feature", "properties": { "particle": 658, "seed_idx": 32, "valid": true }, "geometry": { "type": "Point", "coordinates": [ -0.312939077615738, 5.504711151123047 ] } },
{ "type": "Feature", "properties": { "particle": 659, "seed_idx": 32, "valid": true }, "geometry": { "type": "Point", "coordinates": [ -0.312793105840683, 5.50430965423584 ] } },
{ "type": "Feature", "properties": { "particle": 660, "seed_idx": 33, "valid": true }, "geometry": { "type": "Point", "coordinates": [ -0.31340292096138, 5.503897666931152 ] } },
{ "type": "Feature", "properties": { "particle": 661, "seed_idx": 33, "valid": true }, "geometry": { "type": "Point", "coordinates": [ -0.315934062004089, 5.504666805267334 ] } },
{ "type": "Feature", "properties": { "particle": 662, "seed_idx": 33, "valid": true }, "geometry": { "type": "Point", "coordinates": [ -0.312819957733154, 5.504005908966064 ] } },
{ "type": "Feature", "properties": { "particle": 663, "seed_idx": 33, "valid": true }, "geometry": { "type": "Point", "coordinates": [ -0.31297692656517, 5.504225254058838 ] } },
{ "type": "Feature", "properties": { "particle": 664, "seed_idx": 33, "valid": true }, "geometry": { "type": "Point", "coordinates": [ -0.312884151935577, 5.503894805908203 ] } },
{ "type": "Feature", "properties": { "particle": 665, "seed_idx": 33, "valid": true }, "geometry": { "type": "Point", "coordinates": [ -0.312968909740448, 5.504302501678467 ] } },
{ "type": "Feature", "properties": { "particle": 666, "seed_idx": 33, "valid": true }, "geometry": { "type": "Point", "coordinates": [ -0.315749883651733, 5.504625797271729 ] } },
{ "type": "Feature", "properties": { "particle": 667, "seed_idx": 33, "valid": true }, "geometry": { "type": "Point", "coordinates": [ -0.313066869974136, 5.504398822784424 ] } },
{ "type": "Feature", "properties": { "particle": 668, "seed_idx": 33, "valid": true }, "geometry": { "type": "Point", "coordinates": [ -0.31286084651947, 5.504357814788818 ] } },
{ "type": "Feature", "properties": { "particle": 669, "seed_idx": 33, "valid": true }, "geometry": { "type": "Point", "coordinates": [ -0.312864035367966, 5.50475025177002 ] } },
{ "type": "Feature", "properties": { "particle": 670, "seed_idx": 33, "valid": true }, "geometry": { "type": "Point", "coordinates": [ -0.312929004430771, 5.503844261169434 ] } },
{ "type": "Feature", "properties": { "particle": 671, "seed_idx": 33, "valid": true }, "geometry": { "type": "Point", "coordinates": [ -0.313328921794891, 5.503924369812012 ] } },
{ "type": "Feature", "properties": { "particle": 672, "seed_idx": 33, "valid": true }, "geometry": { "type": "Point", "coordinates": [ -0.312930792570114, 5.504229068756104 ] } },
{ "type": "Feature", "properties": { "particle": 673, "seed_idx": 33, "valid": true }, "geometry": { "type": "Point", "coordinates": [ -0.313063412904739, 5.504288673400879 ] } },
{ "type": "Feature", "properties": { "particle": 674, "seed_idx": 33, "valid": true }, "geometry": { "type": "Point", "coordinates": [ -0.313957154750824, 5.503627300262451 ] } },
{ "type": "Feature", "properties": { "particle": 675, "seed_idx": 33, "valid": true }, "geometry": { "type": "Point", "coordinates": [ -0.313057661056519, 5.504132747650146 ] } },
{ "type": "Feature", "properties": { "particle": 676, "seed_idx": 33, "valid": true }, "geometry": { "type": "Point", "coordinates": [ -0.313056230545044, 5.504137992858887 ] } },
{ "type": "Feature", "properties": { "particle": 677, "seed_idx": 33, "valid": true }, "geometry": { "type": "Point", "coordinates": [ -0.312779396772385, 5.503912925720215 ] } },
{ "type": "Feature", "properties": { "particle": 678, "seed_idx": 33, "valid": true }, "geometry": { "type": "Point", "coordinates": [ -0.313001215457916, 5.504518032073975 ] } },
{ "type": "Feature", "properties": { "particle": 679, "seed_idx": 33, "valid": true }, "geometry": { "type": "Point", "coordinates": [ -0.315781474113464, 5.503848075866699 ] } },
{ "type": "Feature", "properties": { "particle": 680, "seed_idx": 34, "valid": true }, "geometry": { "type": "Point", "coordinates": [ -0.312619209289551, 5.504941940307617 ] } },
{ "type": "Feature", "properties": { "particle": 681, "seed_idx": 34, "valid": true }, "geometry": { "type": "Point", "coordinates": [ -0.313539147377014, 5.503794193267822 ] } },
{ "type": "Feature", "properties": { "particle": 682, "seed_idx": 34, "valid": true }, "geometry": { "type": "Point", "coordinates": [ -0.312902987003326, 5.504315376281738 ] } },
{ "type": "Feature", "properties": { "particle": 683, "seed_idx": 34, "valid": true }, "geometry": { "type": "Point", "coordinates": [ -0.321412265300751, 5.508945941925049 ] } },
{ "type": "Feature", "properties": { "particle": 684, "seed_idx": 34, "valid": true }, "geometry": { "type": "Point", "coordinates": [ -0.313073068857193, 5.50497579574585 ] } },
{ "type": "Feature", "properties": { "particle": 685, "seed_idx": 34, "valid": true }, "geometry": { "type": "Point", "coordinates": [ -0.313045591115952, 5.50434398651123 ] } },
{ "type": "Feature", "properties": { "particle": 686, "seed_idx": 34, "valid": true }, "geometry": { "type": "Point", "coordinates": [ -0.313076674938202, 5.504619598388672 ] } },
{ "type": "Feature", "properties": { "particle": 687, "seed_idx": 34, "valid": true }, "geometry": { "type": "Point", "coordinates": [ -0.318828344345093, 5.507305145263672 ] } },
{ "type": "Feature", "properties": { "particle": 688, "seed_idx": 34, "valid": true }, "geometry": { "type": "Point", "coordinates": [ -0.315034776926041, 5.504686832427979 ] } },
{ "type": "Feature", "properties": { "particle": 689, "seed_idx": 34, "valid": true }, "geometry": { "type": "Point", "coordinates": [ -0.312346488237381, 5.50493860244751 ] } },
{ "type": "Feature", "properties": { "particle": 690, "seed_idx": 34, "valid": true }, "geometry": { "type": "Point", "coordinates": [ -0.313843607902527, 5.503997325897217 ] } },
{ "type": "Feature", "properties": { "particle": 691, "seed_idx": 34, "valid": true }, "geometry": { "type": "Point", "coordinates": [ -0.31307128071785, 5.50431489944458 ] } },
{ "type": "Feature", "properties": { "particle": 692, "seed_idx": 34, "valid": true }, "geometry": { "type": "Point", "coordinates": [ -0.313294380903244, 5.503849029541016 ] } },
{ "type": "Feature", "properties": { "particle": 693, "seed_idx": 34, "valid": true }, "geometry": { "type": "Point", "coordinates": [ -0.312788546085358, 5.504319667816162 ] } },
{ "type": "Feature", "properties": { "particle": 694, "seed_idx": 34, "valid": true }, "geometry": { "type": "Point", "coordinates": [ -0.320844382047653, 5.50877857208252 ] } },
{ "type": "Feature", "properties": { "particle": 695, "seed_idx": 34, "valid": true }, "geometry": { "type": "Point", "coordinates": [ -0.312917351722717, 5.504656314849854 ] } },
{ "type": "Feature", "properties": { "particle": 696, "seed_idx": 34, "valid": true }, "geometry": { "type": "Point", "coordinates": [ -0.312595665454865, 5.504849433898926 ] } },
{ "type": "Feature", "properties": { "particle": 697, "seed_idx": 34, "valid": true }, "geometry": { "type": "Point", "coordinates": [ -0.316953778266907, 5.505477905273438 ] } },
{ "type": "Feature", "properties": { "particle": 698, "seed_idx": 34, "valid": true }, "geometry": { "type": "Point", "coordinates": [ -0.316923409700394, 5.506000995635986 ] } },
{ "type": "Feature", "properties": { "particle": 699, "seed_idx": 34, "valid": true }, "geometry": { "type": "Point", "coordinates": [ -0.31363719701767, 5.503950119018555 ] } },
{ "type": "Feature", "properties": { "particle": 700, "seed_idx": 35, "valid": true }, "geometry": { "type": "Point", "coordinates": [ -0.312966048717499, 5.504100322723389 ] } },
{ "type": "Feature", "properties": { "particle": 701, "seed_idx": 35, "valid": true }, "geometry": { "type": "Point", "coordinates": [ -0.312834501266479, 5.504859447479248 ] } },
{ "type": "Feature", "properties": { "particle": 702, "seed_idx": 35, "valid": true }, "geometry": { "type": "Point", "coordinates": [ -0.312990695238113, 5.504580020904541 ] } },
{ "type": "Feature", "properties": { "particle": 703, "seed_idx": 35, "valid": true }, "geometry": { "type": "Point", "coordinates": [ -0.312846302986145, 5.504522800445557 ] } },
{ "type": "Feature", "properties": { "particle": 704, "seed_idx": 35, "valid": true }, "geometry": { "type": "Point", "coordinates": [ -0.320402681827545, 5.508651733398438 ] } },
{ "type": "Feature", "properties": { "particle": 705, "seed_idx": 35, "valid": true }, "geometry": { "type": "Point", "coordinates": [ -0.312857806682587, 5.504898071289062 ] } },
{ "type": "Feature", "properties": { "particle": 706, "seed_idx": 35, "valid": true }, "geometry": { "type": "Point", "coordinates": [ -0.312430739402771, 5.504891395568848 ] } },
{ "type": "Feature", "properties": { "particle": 707, "seed_idx": 35, "valid": true }, "geometry": { "type": "Point", "coordinates": [ -0.31597051024437, 5.50447416305542 ] } },
{ "type": "Feature", "properties": { "particle": 708, "seed_idx": 35, "valid": true }, "geometry": { "type": "Point", "coordinates": [ -0.313073545694351, 5.504841327667236 ] } },
{ "type": "Feature", "properties": { "particle": 709, "seed_idx": 35, "valid": true }, "geometry": { "type": "Point", "coordinates": [ -0.312275797128677, 5.504851341247559 ] } },
{ "type": "Feature", "properties": { "particle": 710, "seed_idx": 35, "valid": true }, "geometry": { "type": "Point", "coordinates": [ -0.312825262546539, 5.5045485496521 ] } },
{ "type": "Feature", "properties": { "particle": 711, "seed_idx": 35, "valid": true }, "geometry": { "type": "Point", "coordinates": [ -0.314242154359818, 5.504153728485107 ] } },
{ "type": "Feature", "properties": { "particle": 712, "seed_idx": 35, "valid": true }, "geometry": { "type": "Point", "coordinates": [ -0.313282579183578, 5.503823280334473 ] } },
{ "type": "Feature", "properties": { "particle": 713, "seed_idx": 35, "valid": true }, "geometry": { "type": "Point", "coordinates": [ -0.31199324131012, 5.504999160766602 ] } },
{ "type": "Feature", "properties": { "particle": 714, "seed_idx": 35, "valid": true }, "geometry": { "type": "Point", "coordinates": [ -0.312917709350586, 5.50456714630127 ] } },
{ "type": "Feature", "properties": { "particle": 715, "seed_idx": 35, "valid": true }, "geometry": { "type": "Point", "coordinates": [ -0.314920991659164, 5.504428863525391 ] } },
{ "type": "Feature", "properties": { "particle": 716, "seed_idx": 35, "valid": true }, "geometry": { "type": "Point", "coordinates": [ -0.312741786241531, 5.504876613616943 ] } },
{ "type": "Feature", "properties": { "particle": 717, "seed_idx": 35, "valid": true }, "geometry": { "type": "Point", "coordinates": [ -0.312979191541672, 5.504361629486084 ] } },
{ "type": "Feature", "properties": { "particle": 718, "seed_idx": 35, "valid": true }, "geometry": { "type": "Point", "coordinates": [ -0.31816640496254, 5.506770610809326 ] } },
{ "type": "Feature", "properties": { "particle": 719, "seed_idx": 35, "valid": true }, "geometry": { "type": "Point", "coordinates": [ -0.312608003616333, 5.504918098449707 ] } },
{ "type": "Feature", "properties": { "particle": 720, "seed_idx": 36, "valid": true }, "geometry": { "type": "Point", "coordinates": [ -0.312675625085831, 5.504794120788574 ] } },
{ "type": "Feature", "properties": { "particle": 721, "seed_idx": 36, "valid": true }, "geometry": { "type": "Point", "coordinates": [ -0.312892228364944, 5.504393577575684 ] } },
{ "type": "Feature", "properties": { "particle": 722, "seed_idx": 36, "valid": true }, "geometry": { "type": "Point", "coordinates": [ -0.312599241733551, 5.504838466644287 ] } },
{ "type": "Feature", "properties": { "particle": 723, "seed_idx": 36, "valid": true }, "geometry": { "type": "Point", "coordinates": [ -0.312894940376282, 5.504589557647705 ] } },
{ "type": "Feature", "properties": { "particle": 724, "seed_idx": 36, "valid": true }, "geometry": { "type": "Point", "coordinates": [ -0.31359013915062, 5.503828048706055 ] } },
{ "type": "Feature", "properties": { "particle": 725, "seed_idx": 36, "valid": true }, "geometry": { "type": "Point", "coordinates": [ -0.312680870294571, 5.504965782165527 ] } },
{ "type": "Feature", "properties": { "particle": 726, "seed_idx": 36, "valid": true }, "geometry": { "type": "Point", "coordinates": [ -0.312987476587296, 5.504844188690186 ] } },
{ "type": "Feature", "properties": { "particle": 727, "seed_idx": 36, "valid": true }, "geometry": { "type": "Point", "coordinates": [ -0.315867245197296, 5.504669666290283 ] } },
{ "type": "Feature", "properties": { "particle": 728, "seed_idx": 36, "valid": true }, "geometry": { "type": "Point", "coordinates": [ -0.312964022159576, 5.504912853240967 ] } },
{ "type": "Feature", "properties": { "particle": 729, "seed_idx": 36, "valid": true }, "geometry": { "type": "Point", "coordinates": [ -0.316920697689056, 5.505557060241699 ] } },
{ "type": "Feature", "properties": { "particle": 730, "seed_idx": 36, "valid": true }, "geometry": { "type": "Point", "coordinates": [ -0.312929511070251, 5.50438117980957 ] } },
{ "type": "Feature", "properties": { "particle": 731, "seed_idx": 36, "valid": true }, "geometry": { "type": "Point", "coordinates": [ -0.312743306159973, 5.504869937896729 ] } },
{ "type": "Feature", "properties": { "particle": 732, "seed_idx": 36, "valid": true }, "geometry": { "type": "Point", "coordinates": [ -0.312436431646347, 5.504934787750244 ] } },
{ "type": "Feature", "properties": { "particle": 733, "seed_idx": 36, "valid": true }, "geometry": { "type": "Point", "coordinates": [ -0.313152253627777, 5.503812313079834 ] } },
{ "type": "Feature", "properties": { "particle": 734, "seed_idx": 36, "valid": true }, "geometry": { "type": "Point", "coordinates": [ -0.312560439109802, 5.504873752593994 ] } },
{ "type": "Feature", "properties": { "particle": 735, "seed_idx": 36, "valid": true }, "geometry": { "type": "Point", "coordinates": [ -0.31281903386116, 5.504937171936035 ] } },
{ "type": "Feature", "properties": { "particle": 736, "seed_idx": 36, "valid": true }, "geometry": { "type": "Point", "coordinates": [ -0.316955417394638, 5.505662441253662 ] } },
{ "type": "Feature", "properties": { "particle": 737, "seed_idx": 36, "valid": true }, "geometry": { "type": "Point", "coordinates": [ -0.312842041254044, 5.504924774169922 ] } },
{ "type": "Feature", "properties": { "particle": 738, "seed_idx": 36, "valid": true }, "geometry": { "type": "Point", "coordinates": [ -0.312202304601669, 5.504777908325195 ] } },
{ "type": "Feature", "properties": { "particle": 739, "seed_idx": 36, "valid": true }, "geometry": { "type": "Point", "coordinates": [ -0.312969207763672, 5.504324436187744 ] } },
{ "type": "Feature", "properties": { "particle": 740, "seed_idx": 37, "valid": true }, "geometry": { "type": "Point", "coordinates": [ -0.312804877758026, 5.504613876342773 ] } },
{ "type": "Feature", "properties": { "particle": 741, "seed_idx": 37, "valid": true }, "geometry": { "type": "Point", "coordinates": [ -0.312252640724182, 5.504863739013672 ] } },
{ "type": "Feature", "properties": { "particle": 742, "seed_idx": 37, "valid": true }, "geometry": { "type": "Point", "coordinates": [ -0.31308302283287, 5.504769802093506 ] } },
{ "type": "Feature", "properties": { "particle": 743, "seed_idx": 37, "valid": true }, "geometry": { "type": "Point", "coordinates": [ -0.312931209802628, 5.504741191864014 ] } },
{ "type": "Feature", "properties": { "particle": 744, "seed_idx": 37, "valid": true }, "geometry": { "type": "Point", "coordinates": [ -0.312538594007492, 5.504851818084717 ] } },
{ "type": "Feature", "properties": { "particle": 745, "seed_idx": 37, "valid": true }, "geometry": { "type": "Point", "coordinates": [ -0.311959683895111, 5.505179405212402 ] } },
{ "type": "Feature", "properties": { "particle": 746, "seed_idx": 37, "valid": true }, "geometry": { "type": "Point", "coordinates": [ -0.312250196933746, 5.504841327667236 ] } },
{ "type": "Feature", "properties": { "particle": 747, "seed_idx": 37, "valid": true }, "geometry": { "type": "Point", "coordinates": [ -0.312312722206116, 5.504794597625732 ] } },
{ "type": "Feature", "properties": { "particle": 748, "seed_idx": 37, "valid": true }, "geometry": { "type": "Point", "coordinates": [ -0.312882035970688, 5.504549980163574 ] } },
{ "type": "Feature", "properties": { "particle": 749, "seed_idx": 37, "valid": true }, "geometry": { "type": "Point", "coordinates": [ -0.312495410442352, 5.504943370819092 ] } },
{ "type": "Feature", "properties": { "particle": 750, "seed_idx": 37, "valid": true }, "geometry": { "type": "Point", "coordinates": [ -0.312987625598907, 5.504317283630371 ] } },
{ "type": "Feature", "properties": { "particle": 751, "seed_idx": 37, "valid": true }, "geometry": { "type": "Point", "coordinates": [ -0.312990128993988, 5.504303932189941 ] } },
{ "type": "Feature", "properties": { "particle": 752, "seed_idx": 37, "valid": true }, "geometry": { "type": "Point", "coordinates": [ -0.312879681587219, 5.504925727844238 ] } },
{ "type": "Feature", "properties": { "particle": 753, "seed_idx": 37, "valid": true }, "geometry": { "type": "Point", "coordinates": [ -0.312882900238037, 5.50440502166748 ] } },
{ "type": "Feature", "properties": { "particle": 754, "seed_idx": 37, "valid": true }, "geometry": { "type": "Point", "coordinates": [ -0.312789469957352, 5.50475549697876 ] } },
{ "type": "Feature", "properties": { "particle": 755, "seed_idx": 37, "valid": true }, "geometry": { "type": "Point", "coordinates": [ -0.312881112098694, 5.504617214202881 ] } },
{ "type": "Feature", "properties": { "particle": 756, "seed_idx": 37, "valid": true }, "geometry": { "type": "Point", "coordinates": [ -0.312683612108231, 5.504936218261719 ] } },
{ "type": "Feature", "properties": { "particle": 757, "seed_idx": 37, "valid": true }, "geometry": { "type": "Point", "coordinates": [ -0.317059606313705, 5.505831241607666 ] } },
{ "type": "Feature", "properties": { "particle": 758, "seed_idx": 37, "valid": true }, "geometry": { "type": "Point", "coordinates": [ -0.312611103057861, 5.504898548126221 ] } },
{ "type": "Feature", "properties": { "particle": 759, "seed_idx": 37, "valid": true }, "geometry": { "type": "Point", "coordinates": [ -0.312940031290054, 5.504866123199463 ] } },
{ "type": "Feature", "properties": { "particle": 760, "seed_idx": 38, "valid": true }, "geometry": { "type": "Point", "coordinates": [ -0.313002318143845, 5.504841327667236 ] } },
{ "type": "Feature", "properties": { "particle": 761, "seed_idx": 38, "valid": true }, "geometry": { "type": "Point", "coordinates": [ -0.312030613422394, 5.504785060882568 ] } },
{ "type": "Feature", "properties": { "particle": 762, "seed_idx": 38, "valid": true }, "geometry": { "type": "Point", "coordinates": [ -0.311818808317184, 5.505229473114014 ] } },
{ "type": "Feature", "properties": { "particle": 763, "seed_idx": 38, "valid": true }, "geometry": { "type": "Point", "coordinates": [ -0.312277853488922, 5.50490140914917 ] } },
{ "type": "Feature", "properties": { "particle": 764, "seed_idx": 38, "valid": true }, "geometry": { "type": "Point", "coordinates": [ -0.312703043222427, 5.504792213439941 ] } },
{ "type": "Feature", "properties": { "particle": 765, "seed_idx": 38, "valid": true }, "geometry": { "type": "Point", "coordinates": [ -0.312898963689804, 5.504902839660645 ] } },
{ "type": "Feature", "properties": { "particle": 766, "seed_idx": 38, "valid": true }, "geometry": { "type": "Point", "coordinates": [ -0.312875866889954, 5.504918575286865 ] } },
{ "type": "Feature", "properties": { "particle": 767, "seed_idx": 38, "valid": true }, "geometry": { "type": "Point", "coordinates": [ -0.312617987394333, 5.504806041717529 ] } },
{ "type": "Feature", "properties": { "particle": 768, "seed_idx": 38, "valid": true }, "geometry": { "type": "Point", "coordinates": [ -0.312981992959976, 5.506461143493652 ] } },
{ "type": "Feature", "properties": { "particle": 769, "seed_idx": 38, "valid": true }, "geometry": { "type": "Point", "coordinates": [ -0.312956720590591, 5.50478458404541 ] } },
{ "type": "Feature", "properties": { "particle": 770, "seed_idx": 38, "valid": true }, "geometry": { "type": "Point", "coordinates": [ -0.311843454837799, 5.505153179168701 ] } },
{ "type": "Feature", "properties": { "particle": 771, "seed_idx": 38, "valid": true }, "geometry": { "type": "Point", "coordinates": [ -0.311946243047714, 5.505196094512939 ] } },
{ "type": "Feature", "properties": { "particle": 772, "seed_idx": 38, "valid": true }, "geometry": { "type": "Point", "coordinates": [ -0.311903595924377, 5.505319595336914 ] } },
{ "type": "Feature", "properties": { "particle": 773, "seed_idx": 38, "valid": true }, "geometry": { "type": "Point", "coordinates": [ -0.311951220035553, 5.505295753479004 ] } },
{ "type": "Feature", "properties": { "particle": 774, "seed_idx": 38, "valid": true }, "geometry": { "type": "Point", "coordinates": [ -0.312242388725281, 5.50483512878418 ] } },
{ "type": "Feature", "properties": { "particle": 775, "seed_idx": 38, "valid": true }, "geometry": { "type": "Point", "coordinates": [ -0.312848210334778, 5.50466775894165 ] } },
{ "type": "Feature", "properties": { "particle": 776, "seed_idx": 38, "valid": true }, "geometry": { "type": "Point", "coordinates": [ -0.312803834676743, 5.504813194274902 ] } },
{ "type": "Feature", "properties": { "particle": 777, "seed_idx": 38, "valid": true }, "geometry": { "type": "Point", "coordinates": [ -0.311773687601089, 5.505156517028809 ] } },
{ "type": "Feature", "properties": { "particle": 778, "seed_idx": 38, "valid": true }, "geometry": { "type": "Point", "coordinates": [ -0.311908543109894, 5.504876136779785 ] } },
{ "type": "Feature", "properties": { "particle": 779, "seed_idx": 38, "valid": true }, "geometry": { "type": "Point", "coordinates": [ -0.311860144138336, 5.50478982925415 ] } },
{ "type": "Feature", "properties": { "particle": 780, "seed_idx": 39, "valid": true }, "geometry": { "type": "Point", "coordinates": [ -0.316508919000626, 5.508730888366699 ] } },
{ "type": "Feature", "properties": { "particle": 781, "seed_idx": 39, "valid": true }, "geometry": { "type": "Point", "coordinates": [ -0.312009394168854, 5.50481128692627 ] } },
{ "type": "Feature", "properties": { "particle": 782, "seed_idx": 39, "valid": true }, "geometry": { "type": "Point", "coordinates": [ -0.313011974096298, 5.506333827972412 ] } },
{ "type": "Feature", "properties": { "particle": 783, "seed_idx": 39, "valid": true }, "geometry": { "type": "Point", "coordinates": [ -0.313463389873505, 5.503924369812012 ] } },
{ "type": "Feature", "properties": { "particle": 784, "seed_idx": 39, "valid": true }, "geometry": { "type": "Point", "coordinates": [ -0.312794268131256, 5.504906177520752 ] } },
{ "type": "Feature", "properties": { "particle": 785, "seed_idx": 39, "valid": true }, "geometry": { "type": "Point", "coordinates": [ -0.312800288200378, 5.50642728805542 ] } },
{ "type": "Feature", "properties": { "particle": 786, "seed_idx": 39, "valid": true }, "geometry": { "type": "Point", "coordinates": [ -0.311838001012802, 5.50520658493042 ] } },
{ "type": "Feature", "properties": { "particle": 787, "seed_idx": 39, "valid": true }, "geometry": { "type": "Point", "coordinates": [ -0.312046736478806, 5.50554895401001 ] } },
{ "type": "Feature", "properties": { "particle": 788, "seed_idx": 39, "valid": true }, "geometry": { "type": "Point", "coordinates": [ -0.31203880906105, 5.50481128692627 ] } },
{ "type": "Feature", "properties": { "particle": 789, "seed_idx": 39, "valid": true }, "geometry": { "type": "Point", "coordinates": [ -0.312050044536591, 5.505369186401367 ] } },
{ "type": "Feature", "properties": { "particle": 790, "seed_idx": 39, "valid": true }, "geometry": { "type": "Point", "coordinates": [ -0.311815947294235, 5.505520820617676 ] } },
{ "type": "Feature", "properties": { "particle": 791, "seed_idx": 39, "valid": true }, "geometry": { "type": "Point", "coordinates": [ -0.312714397907257, 5.504939079284668 ] } },
{ "type": "Feature", "properties": { "particle": 792, "seed_idx": 39, "valid": true }, "geometry": { "type": "Point", "coordinates": [ -0.312042355537415, 5.505142211914062 ] } },
{ "type": "Feature", "properties": { "particle": 793, "seed_idx": 39, "valid": true }, "geometry": { "type": "Point", "coordinates": [ -0.31225973367691, 5.504978179931641 ] } },
{ "type": "Feature", "properties": { "particle": 794, "seed_idx": 39, "valid": true }, "geometry": { "type": "Point", "coordinates": [ -0.312874048948288, 5.504827499389648 ] } },
{ "type": "Feature", "properties": { "particle": 795, "seed_idx": 39, "valid": true }, "geometry": { "type": "Point", "coordinates": [ -0.313019007444382, 5.506707191467285 ] } },
{ "type": "Feature", "properties": { "particle": 796, "seed_idx": 39, "valid": true }, "geometry": { "type": "Point", "coordinates": [ -0.312880039215088, 5.504723072052002 ] } },
{ "type": "Feature", "properties": { "particle": 797, "seed_idx": 39, "valid": true }, "geometry": { "type": "Point", "coordinates": [ -0.311841160058975, 5.504844188690186 ] } },
{ "type": "Feature", "properties": { "particle": 798, "seed_idx": 39, "valid": true }, "geometry": { "type": "Point", "coordinates": [ -0.311829805374146, 5.505149841308594 ] } },
{ "type": "Feature", "properties": { "particle": 799, "seed_idx": 39, "valid": true }, "geometry": { "type": "Point", "coordinates": [ -0.312300086021423, 5.504890441894531 ] } },
{ "type": "Feature", "properties": { "particle": 800, "seed_idx": 40, "valid": true }, "geometry": { "type": "Point", "coordinates": [ -0.312049984931946, 5.505560874938965 ] } },
{ "type": "Feature", "properties": { "particle": 801, "seed_idx": 40, "valid": true }, "geometry": { "type": "Point", "coordinates": [ -0.312797009944916, 5.506611347198486 ] } },
{ "type": "Feature", "properties": { "particle": 802, "seed_idx": 40, "valid": true }, "geometry": { "type": "Point", "coordinates": [ -0.317282378673553, 5.509791374206543 ] } },
{ "type": "Feature", "properties": { "particle": 803, "seed_idx": 40, "valid": true }, "geometry": { "type": "Point", "coordinates": [ -0.312668591737747, 5.50487756729126 ] } },
{ "type": "Feature", "properties": { "particle": 804, "seed_idx": 40, "valid": true }, "geometry": { "type": "Point", "coordinates": [ -0.312769174575806, 5.504698753356934 ] } },
{ "type": "Feature", "properties": { "particle": 805, "seed_idx": 40, "valid": true }, "geometry": { "type": "Point", "coordinates": [ -0.316659331321716, 5.509834766387939 ] } },
{ "type": "Feature", "properties": { "particle": 806, "seed_idx": 40, "valid": true }, "geometry": { "type": "Point", "coordinates": [ -0.312908589839935, 5.506419658660889 ] } },
{ "type": "Feature", "properties": { "particle": 807, "seed_idx": 40, "valid": true }, "geometry": { "type": "Point", "coordinates": [ -0.311832427978516, 5.505592346191406 ] } },
{ "type": "Feature", "properties": { "particle": 808, "seed_idx": 40, "valid": true }, "geometry": { "type": "Point", "coordinates": [ -0.311996072530746, 5.505207538604736 ] } },
{ "type": "Feature", "properties": { "particle": 809, "seed_idx": 40, "valid": true }, "geometry": { "type": "Point", "coordinates": [ -0.311902225017548, 5.505606174468994 ] } },
{ "type": "Feature", "properties": { "particle": 810, "seed_idx": 40, "valid": true }, "geometry": { "type": "Point", "coordinates": [ -0.312031924724579, 5.504828929901123 ] } },
{ "type": "Feature", "properties": { "particle": 811, "seed_idx": 40, "valid": true }, "geometry": { "type": "Point", "coordinates": [ -0.317248165607452, 5.509952545166016 ] } },
{ "type": "Feature", "properties": { "particle": 812, "seed_idx": 40, "valid": true }, "geometry": { "type": "Point", "coordinates": [ -0.316636562347412, 5.509756088256836 ] } },
{ "type": "Feature", "properties": { "particle": 813, "seed_idx": 40, "valid": true }, "geometry": { "type": "Point", "coordinates": [ -0.312886148691177, 5.506462097167969 ] } },
{ "type": "Feature", "properties": { "particle": 814, "seed_idx": 40, "valid": true }, "geometry": { "type": "Point", "coordinates": [ -0.312883913516998, 5.506495952606201 ] } },
{ "type": "Feature", "properties": { "particle": 815, "seed_idx": 40, "valid": true }, "geometry": { "type": "Point", "coordinates": [ -0.312041997909546, 5.5053391456604 ] } },
{ "type": "Feature", "properties": { "particle": 816, "seed_idx": 40, "valid": true }, "geometry": { "type": "Point", "coordinates": [ -0.312148690223694, 5.504817962646484 ] } },
{ "type": "Feature", "properties": { "particle": 817, "seed_idx": 40, "valid": true }, "geometry": { "type": "Point", "coordinates": [ -0.311994642019272, 5.505472660064697 ] } },
{ "type": "Feature", "properties": { "particle": 818, "seed_idx": 40, "valid": true }, "geometry": { "type": "Point", "coordinates": [ -0.317236125469208, 5.509865283966064 ] } },
{ "type": "Feature", "properties": { "particle": 819, "seed_idx": 40, "valid": true }, "geometry": { "type": "Point", "coordinates": [ -0.312864720821381, 5.506465435028076 ] } },
{ "type": "Feature", "properties": { "particle": 820, "seed_idx": 41, "valid": true }, "geometry": { "type": "Point", "coordinates": [ -0.31640413403511, 5.509765148162842 ] } },
{ "type": "Feature", "properties": { "particle": 821, "seed_idx": 41, "valid": true }, "geometry": { "type": "Point", "coordinates": [ -0.313071697950363, 5.506769180297852 ] } },
{ "type": "Feature", "properties": { "particle": 822, "seed_idx": 41, "valid": true }, "geometry": { "type": "Point", "coordinates": [ -0.311771959066391, 5.504776477813721 ] } },
{ "type": "Feature", "properties": { "particle": 823, "seed_idx": 41, "valid": true }, "geometry": { "type": "Point", "coordinates": [ -0.317191749811172, 5.50993824005127 ] } },
{ "type": "Feature", "properties": { "particle": 824, "seed_idx": 41, "valid": true }, "geometry": { "type": "Point", "coordinates": [ -0.312998443841934, 5.506668090820312 ] } },
{ "type": "Feature", "properties": { "particle": 825, "seed_idx": 41, "valid": true }, "geometry": { "type": "Point", "coordinates": [ -0.31656613945961, 5.509908676147461 ] } },
{ "type": "Feature", "properties": { "particle": 826, "seed_idx": 41, "valid": true }, "geometry": { "type": "Point", "coordinates": [ -0.316680282354355, 5.509856700897217 ] } },
{ "type": "Feature", "properties": { "particle": 827, "seed_idx": 41, "valid": true }, "geometry": { "type": "Point", "coordinates": [ -0.31179204583168, 5.50562858581543 ] } },
{ "type": "Feature", "properties": { "particle": 828, "seed_idx": 41, "valid": true }, "geometry": { "type": "Point", "coordinates": [ -0.312996417284012, 5.506653785705566 ] } },
{ "type": "Feature", "properties": { "particle": 829, "seed_idx": 41, "valid": true }, "geometry": { "type": "Point", "coordinates": [ -0.317179769277573, 5.509710788726807 ] } },
{ "type": "Feature", "properties": { "particle": 830, "seed_idx": 41, "valid": true }, "geometry": { "type": "Point", "coordinates": [ -0.316818594932556, 5.509833335876465 ] } },
{ "type": "Feature", "properties": { "particle": 831, "seed_idx": 41, "valid": true }, "geometry": { "type": "Point", "coordinates": [ -0.316554963588715, 5.509938716888428 ] } },
{ "type": "Feature", "properties": { "particle": 832, "seed_idx": 41, "valid": true }, "geometry": { "type": "Point", "coordinates": [ -0.312991499900818, 5.506568431854248 ] } },
{ "type": "Feature", "properties": { "particle": 833, "seed_idx": 41, "valid": true }, "geometry": { "type": "Point", "coordinates": [ -0.317127406597137, 5.509800434112549 ] } },
{ "type": "Feature", "properties": { "particle": 834, "seed_idx": 41, "valid": true }, "geometry": { "type": "Point", "coordinates": [ -0.311927378177643, 5.505327701568604 ] } },
{ "type": "Feature", "properties": { "particle": 835, "seed_idx": 41, "valid": true }, "geometry": { "type": "Point", "coordinates": [ -0.311880469322205, 5.505216121673584 ] } },
{ "type": "Feature", "properties": { "particle": 836, "seed_idx": 41, "valid": true }, "geometry": { "type": "Point", "coordinates": [ -0.315990447998047, 5.509807586669922 ] } },
{ "type": "Feature", "properties": { "particle": 837, "seed_idx": 41, "valid": true }, "geometry": { "type": "Point", "coordinates": [ -0.316292434930801, 5.50977611541748 ] } },
{ "type": "Feature", "properties": { "particle": 838, "seed_idx": 41, "valid": true }, "geometry": { "type": "Point", "coordinates": [ -0.31206539273262, 5.50559139251709 ] } },
{ "type": "Feature", "properties": { "particle": 839, "seed_idx": 41, "valid": true }, "geometry": { "type": "Point", "coordinates": [ -0.317160576581955, 5.509648323059082 ] } },
{ "type": "Feature", "properties": { "particle": 840, "seed_idx": 42, "valid": true }, "geometry": { "type": "Point", "coordinates": [ -0.316619426012039, 5.509854316711426 ] } },
{ "type": "Feature", "properties": { "particle": 841, "seed_idx": 42, "valid": true }, "geometry": { "type": "Point", "coordinates": [ -0.313000082969666, 5.506719589233398 ] } },
{ "type": "Feature", "properties": { "particle": 842, "seed_idx": 42, "valid": true }, "geometry": { "type": "Point", "coordinates": [ -0.315857321023941, 5.509945392608643 ] } },
{ "type": "Feature", "properties": { "particle": 843, "seed_idx": 42, "valid": true }, "geometry": { "type": "Point", "coordinates": [ -0.316359370946884, 5.509886741638184 ] } },
{ "type": "Feature", "properties": { "particle": 844, "seed_idx": 42, "valid": true }, "geometry": { "type": "Point", "coordinates": [ -0.316216886043549, 5.509124279022217 ] } },
{ "type": "Feature", "properties": { "particle": 845, "seed_idx": 42, "valid": true }, "geometry": { "type": "Point", "coordinates": [ -0.312539577484131, 5.504897117614746 ] } },
{ "type": "Feature", "properties": { "particle": 846, "seed_idx": 42, "valid": true }, "geometry": { "type": "Point", "coordinates": [ -0.31294310092926, 5.506574630737305 ] } },
{ "type": "Feature", "properties": { "particle": 847, "seed_idx": 42, "valid": true }, "geometry": { "type": "Point", "coordinates": [ -0.316984057426453, 5.509721279144287 ] } },
{ "type": "Feature", "properties": { "particle": 848, "seed_idx": 42, "valid": true }, "geometry": { "type": "Point", "coordinates": [ -0.316933065652847, 5.509957790374756 ] } },
{ "type": "Feature", "properties": { "particle": 849, "seed_idx": 42, "valid": true }, "geometry": { "type": "Point", "coordinates": [ -0.316493779420853, 5.509902477264404 ] } },
{ "type": "Feature", "properties": { "particle": 850, "seed_idx": 42, "valid": true }, "geometry": { "type": "Point", "coordinates": [ -0.317115247249603, 5.509909152984619 ] } },
{ "type": "Feature", "properties": { "particle": 851, "seed_idx": 42, "valid": true }, "geometry": { "type": "Point", "coordinates": [ -0.316904753446579, 5.509915351867676 ] } },
{ "type": "Feature", "properties": { "particle": 852, "seed_idx": 42, "valid": true }, "geometry": { "type": "Point", "coordinates": [ -0.316974490880966, 5.509947776794434 ] } },
{ "type": "Feature", "properties": { "particle": 853, "seed_idx": 42, "valid": true }, "geometry": { "type": "Point", "coordinates": [ -0.316305041313171, 5.509884357452393 ] } },
{ "type": "Feature", "properties": { "particle": 854, "seed_idx": 42, "valid": true }, "geometry": { "type": "Point", "coordinates": [ -0.317175298929214, 5.50961446762085 ] } },
{ "type": "Feature", "properties": { "particle": 855, "seed_idx": 42, "valid": true }, "geometry": { "type": "Point", "coordinates": [ -0.311852335929871, 5.505083560943604 ] } },
{ "type": "Feature", "properties": { "particle": 856, "seed_idx": 42, "valid": true }, "geometry": { "type": "Point", "coordinates": [ -0.316763490438461, 5.509824752807617 ] } },
{ "type": "Feature", "properties": { "particle": 857, "seed_idx": 42, "valid": true }, "geometry": { "type": "Point", "coordinates": [ -0.316918551921844, 5.509742259979248 ] } },
{ "type": "Feature", "properties": { "particle": 858, "seed_idx": 42, "valid": true }, "geometry": { "type": "Point", "coordinates": [ -0.315745532512665, 5.510272979736328 ] } },
{ "type": "Feature", "properties": { "particle": 859, "seed_idx": 42, "valid": true }, "geometry": { "type": "Point", "coordinates": [ -0.311911821365356, 5.505440235137939 ] } },
{ "type": "Feature", "properties": { "particle": 860, "seed_idx": 43, "valid": true }, "geometry": { "type": "Point", "coordinates": [ -0.316906541585922, 5.509700775146484 ] } },
{ "type": "Feature", "properties": { "particle": 861, "seed_idx": 43, "valid": true }, "geometry": { "type": "Point", "coordinates": [ -0.315634816884995, 5.50923490524292 ] } },
{ "type": "Feature", "properties": { "particle": 862, "seed_idx": 43, "valid": true }, "geometry": { "type": "Point", "coordinates": [ -0.315773367881775, 5.509223461151123 ] } },
{ "type": "Feature", "properties": { "particle": 863, "seed_idx": 43, "valid": true }, "geometry": { "type": "Point", "coordinates": [ -0.314623087644577, 5.509778499603271 ] } },
{ "type": "Feature", "properties": { "particle": 864, "seed_idx": 43, "valid": true }, "geometry": { "type": "Point", "coordinates": [ -0.315212309360504, 5.510030746459961 ] } },
{ "type": "Feature", "properties": { "particle": 865, "seed_idx": 43, "valid": true }, "geometry": { "type": "Point", "coordinates": [ -0.313080310821533, 5.506765842437744 ] } },
{ "type": "Feature", "properties": { "particle": 866, "seed_idx": 43, "valid": true }, "geometry": { "type": "Point", "coordinates": [ -0.314808458089828, 5.509859085083008 ] } },
{ "type": "Feature", "properties": { "particle": 867, "seed_idx": 43, "valid": true }, "geometry": { "type": "Point", "coordinates": [ -0.313068181276321, 5.506918430328369 ] } },
{ "type": "Feature", "properties": { "particle": 868, "seed_idx": 43, "valid": true }, "geometry": { "type": "Point", "coordinates": [ -0.315289884805679, 5.509894847869873 ] } },
{ "type": "Feature", "properties": { "particle": 869, "seed_idx": 43, "valid": true }, "geometry": { "type": "Point", "coordinates": [ -0.315903276205063, 5.509973526000977 ] } },
{ "type": "Feature", "properties": { "particle": 870, "seed_idx": 43, "valid": true }, "geometry": { "type": "Point", "coordinates": [ -0.315949648618698, 5.509645938873291 ] } },
{ "type": "Feature", "properties": { "particle": 871, "seed_idx": 43, "valid": true }, "geometry": { "type": "Point", "coordinates": [ -0.315572202205658, 5.509568691253662 ] } },
{ "type": "Feature", "properties": { "particle": 872, "seed_idx": 43, "valid": true }, "geometry": { "type": "Point", "coordinates": [ -0.315187454223633, 5.509783267974854 ] } },
{ "type": "Feature", "properties": { "particle": 873, "seed_idx": 43, "valid": true }, "geometry": { "type": "Point", "coordinates": [ -0.315916299819946, 5.509556770324707 ] } },
{ "type": "Feature", "properties": { "particle": 874, "seed_idx": 43, "valid": true }, "geometry": { "type": "Point", "coordinates": [ -0.315157890319824, 5.509848594665527 ] } },
{ "type": "Feature", "properties": { "particle": 875, "seed_idx": 43, "valid": true }, "geometry": { "type": "Point", "coordinates": [ -0.315289884805679, 5.509560108184814 ] } },
{ "type": "Feature", "properties": { "particle": 876, "seed_idx": 43, "valid": true }, "geometry": { "type": "Point", "coordinates": [ -0.315656006336212, 5.509419918060303 ] } },
{ "type": "Feature", "properties": { "particle": 877, "seed_idx": 43, "valid": true }, "geometry": { "type": "Point", "coordinates": [ -0.315284043550491, 5.509868621826172 ] } },
{ "type": "Feature", "properties": { "particle": 878, "seed_idx": 43, "valid": true }, "geometry": { "type": "Point", "coordinates": [ -0.311996757984161, 5.505749702453613 ] } },
{ "type": "Feature", "properties": { "particle": 879, "seed_idx": 43, "valid": true }, "geometry": { "type": "Point", "coordinates": [ -0.316294610500336, 5.509203910827637 ] } },
{ "type": "Feature", "properties": { "particle": 880, "seed_idx": 44, "valid": true }, "geometry": { "type": "Point", "coordinates": [ -0.315967470407486, 5.509921073913574 ] } },
{ "type": "Feature", "properties": { "particle": 881, "seed_idx": 44, "valid": true }, "geometry": { "type": "Point", "coordinates": [ -0.315971672534943, 5.510474681854248 ] } },
{ "type": "Feature", "properties": { "particle": 882, "seed_idx": 44, "valid": true }, "geometry": { "type": "Point", "coordinates": [ -0.312982171773911, 5.506429195404053 ] } },
{ "type": "Feature", "properties": { "particle": 883, "seed_idx": 44, "valid": true }, "geometry": { "type": "Point", "coordinates": [ -0.317012220621109, 5.50970458984375 ] } },
{ "type": "Feature", "properties": { "particle": 884, "seed_idx": 44, "valid": true }, "geometry": { "type": "Point", "coordinates": [ -0.316230058670044, 5.509808540344238 ] } },
{ "type": "Feature", "properties": { "particle": 885, "seed_idx": 44, "valid": true }, "geometry": { "type": "Point", "coordinates": [ -0.31582647562027, 5.509884357452393 ] } },
{ "type": "Feature", "properties": { "particle": 886, "seed_idx": 44, "valid": true }, "geometry": { "type": "Point", "coordinates": [ -0.316567420959473, 5.509773731231689 ] } },
{ "type": "Feature", "properties": { "particle": 887, "seed_idx": 44, "valid": true }, "geometry": { "type": "Point", "coordinates": [ -0.315816581249237, 5.51009464263916 ] } },
{ "type": "Feature", "properties": { "particle": 888, "seed_idx": 44, "valid": true }, "geometry": { "type": "Point", "coordinates": [ -0.316352516412735, 5.509567260742188 ] } },
{ "type": "Feature", "properties": { "particle": 889, "seed_idx": 44, "valid": true }, "geometry": { "type": "Point", "coordinates": [ -0.315945506095886, 5.509845733642578 ] } },
{ "type": "Feature", "properties": { "particle": 890, "seed_idx": 44, "valid": true }, "geometry": { "type": "Point", "coordinates": [ -0.312846928834915, 5.506462574005127 ] } },
{ "type": "Feature", "properties": { "particle": 891, "seed_idx": 44, "valid": true }, "geometry": { "type": "Point", "coordinates": [ -0.315374225378036, 5.510381698608398 ] } },
{ "type": "Feature", "properties": { "particle": 892, "seed_idx": 44, "valid": true }, "geometry": { "type": "Point", "coordinates": [ -0.316164821386337, 5.509805679321289 ] } },
{ "type": "Feature", "properties": { "particle": 893, "seed_idx": 44, "valid": true }, "geometry": { "type": "Point", "coordinates": [ -0.316468060016632, 5.509405136108398 ] } },
{ "type": "Feature", "properties": { "particle": 894, "seed_idx": 44, "valid": true }, "geometry": { "type": "Point", "coordinates": [ -0.316226035356522, 5.509759426116943 ] } },
{ "type": "Feature", "properties": { "particle": 895, "seed_idx": 44, "valid": true }, "geometry": { "type": "Point", "coordinates": [ -0.316324651241302, 5.509771347045898 ] } },
{ "type": "Feature", "properties": { "particle": 896, "seed_idx": 44, "valid": true }, "geometry": { "type": "Point", "coordinates": [ -0.316087603569031, 5.509814262390137 ] } },
{ "type": "Feature", "properties": { "particle": 897, "seed_idx": 44, "valid": true }, "geometry": { "type": "Point", "coordinates": [ -0.311999559402466, 5.505759716033936 ] } },
{ "type": "Feature", "properties": { "particle": 898, "seed_idx": 44, "valid": true }, "geometry": { "type": "Point", "coordinates": [ -0.3167425096035, 5.509744644165039 ] } },
{ "type": "Feature", "properties": { "particle": 899, "seed_idx": 44, "valid": true }, "geometry": { "type": "Point", "coordinates": [ -0.315811485052109, 5.510076999664307 ] } },
{ "type": "Feature", "properties": { "particle": 900, "seed_idx": 45, "valid": true }, "geometry": { "type": "Point", "coordinates": [ -0.316944569349289, 5.509710311889648 ] } },
{ "type": "Feature", "properties": { "particle": 901, "seed_idx": 45, "valid": true }, "geometry": { "type": "Point", "coordinates": [ -0.318157076835632, 5.509572505950928 ] } },
{ "type": "Feature", "properties": { "particle": 902, "seed_idx": 45, "valid": true }, "geometry": { "type": "Point", "coordinates": [ -0.316295295953751, 5.509923934936523 ] } },
{ "type": "Feature", "properties": { "particle": 903, "seed_idx": 45, "valid": true }, "geometry": { "type": "Point", "coordinates": [ -0.317037492990494, 5.509838581085205 ] } },
{ "type": "Feature", "properties": { "particle": 904, "seed_idx": 45, "valid": true }, "geometry": { "type": "Point", "coordinates": [ -0.315942108631134, 5.510202407836914 ] } },
{ "type": "Feature", "properties": { "particle": 905, "seed_idx": 45, "valid": true }, "geometry": { "type": "Point", "coordinates": [ -0.316376537084579, 5.50989818572998 ] } },
{ "type": "Feature", "properties": { "particle": 906, "seed_idx": 45, "valid": true }, "geometry": { "type": "Point", "coordinates": [ -0.316724836826324, 5.509454727172852 ] } },
{ "type": "Feature", "properties": { "particle": 907, "seed_idx": 45, "valid": true }, "geometry": { "type": "Point", "coordinates": [ -0.317094147205353, 5.509490489959717 ] } },
{ "type": "Feature", "properties": { "particle": 908, "seed_idx": 45, "valid": true }, "geometry": { "type": "Point", "coordinates": [ -0.315788209438324, 5.509983539581299 ] } },
{ "type": "Feature", "properties": { "particle": 909, "seed_idx": 45, "valid": true }, "geometry": { "type": "Point", "coordinates": [ -0.316281467676163, 5.509876251220703 ] } },
{ "type": "Feature", "properties": { "particle": 910, "seed_idx": 45, "valid": true }, "geometry": { "type": "Point", "coordinates": [ -0.31603941321373, 5.509921073913574 ] } },
{ "type": "Feature", "properties": { "particle": 911, "seed_idx": 45, "valid": true }, "geometry": { "type": "Point", "coordinates": [ -0.31193745136261, 5.505311965942383 ] } },
{ "type": "Feature", "properties": { "particle": 912, "seed_idx": 45, "valid": true }, "geometry": { "type": "Point", "coordinates": [ -0.315939486026764, 5.510053634643555 ] } },
{ "type": "Feature", "properties": { "particle": 913, "seed_idx": 45, "valid": true }, "geometry": { "type": "Point", "coordinates": [ -0.317197114229202, 5.509766578674316 ] } },
{ "type": "Feature", "properties": { "particle": 914, "seed_idx": 45, "valid": true }, "geometry": { "type": "Point", "coordinates": [ -0.315766781568527, 5.510025024414062 ] } },
{ "type": "Feature", "properties": { "particle": 915, "seed_idx": 45, "valid": true }, "geometry": { "type": "Point", "coordinates": [ -0.316208571195602, 5.509802341461182 ] } },
{ "type": "Feature", "properties": { "particle": 916, "seed_idx": 45, "valid": true }, "geometry": { "type": "Point", "coordinates": [ -0.315688133239746, 5.510512351989746 ] } },
{ "type": "Feature", "properties": { "particle": 917, "seed_idx": 45, "valid": true }, "geometry": { "type": "Point", "coordinates": [ -0.315751671791077, 5.50981330871582 ] } },
{ "type": "Feature", "properties": { "particle": 918, "seed_idx": 45, "valid": true }, "geometry": { "type": "Point", "coordinates": [ -0.317026346921921, 5.509527206420898 ] } },
{ "type": "Feature", "properties": { "particle": 919, "seed_idx": 45, "valid": true }, "geometry": { "type": "Point", "coordinates": [ -0.316866278648376, 5.509485721588135 ] } },
{ "type": "Feature", "properties": { "particle": 920, "seed_idx": 46, "valid": true }, "geometry": { "type": "Point", "coordinates": [ -0.317443579435349, 5.509475231170654 ] } },
{ "type": "Feature", "properties": { "particle": 921, "seed_idx": 46, "valid": true }, "geometry": { "type": "Point", "coordinates": [ -0.317184776067734, 5.509386539459229 ] } },
{ "type": "Feature", "properties": { "particle": 922, "seed_idx": 46, "valid": true }, "geometry": { "type": "Point", "coordinates": [ -0.316023528575897, 5.510281085968018 ] } },
{ "type": "Feature", "properties": { "particle": 923, "seed_idx": 46, "valid": true }, "geometry": { "type": "Point", "coordinates": [ -0.316984832286835, 5.509833812713623 ] } },
{ "type": "Feature", "properties": { "particle": 924, "seed_idx": 46, "valid": true }, "geometry": { "type": "Point", "coordinates": [ -0.316275835037231, 5.509941577911377 ] } },
{ "type": "Feature", "properties": { "particle": 925, "seed_idx": 46, "valid": true }, "geometry": { "type": "Point", "coordinates": [ -0.315842747688293, 5.509884357452393 ] } },
{ "type": "Feature", "properties": { "particle": 926, "seed_idx": 46, "valid": true }, "geometry": { "type": "Point", "coordinates": [ -0.317025065422058, 5.509893417358398 ] } },
{ "type": "Feature", "properties": { "particle": 927, "seed_idx": 46, "valid": true }, "geometry": { "type": "Point", "coordinates": [ -0.315778315067291, 5.509961605072021 ] } },
{ "type": "Feature", "properties": { "particle": 928, "seed_idx": 46, "valid": true }, "geometry": { "type": "Point", "coordinates": [ -0.312858402729034, 5.504885196685791 ] } },
{ "type": "Feature", "properties": { "particle": 929, "seed_idx": 46, "valid": true }, "geometry": { "type": "Point", "coordinates": [ -0.316238552331924, 5.509945392608643 ] } },
{ "type": "Feature", "properties": { "particle": 930, "seed_idx": 46, "valid": true }, "geometry": { "type": "Point", "coordinates": [ -0.315937072038651, 5.510010242462158 ] } },
{ "type": "Feature", "properties": { "particle": 931, "seed_idx": 46, "valid": true }, "geometry": { "type": "Point", "coordinates": [ -0.316904097795486, 5.509677886962891 ] } },
{ "type": "Feature", "properties": { "particle": 932, "seed_idx": 46, "valid": true }, "geometry": { "type": "Point", "coordinates": [ -0.316995203495026, 5.509859085083008 ] } },
{ "type": "Feature", "properties": { "particle": 933, "seed_idx": 46, "valid": true }, "geometry": { "type": "Point", "coordinates": [ -0.31670469045639, 5.509815216064453 ] } },
{ "type": "Feature", "properties": { "particle": 934, "seed_idx": 46, "valid": true }, "geometry": { "type": "Point", "coordinates": [ -0.313043892383575, 5.506871223449707 ] } },
{ "type": "Feature", "properties": { "particle": 935, "seed_idx": 46, "valid": true }, "geometry": { "type": "Point", "coordinates": [ -0.316600412130356, 5.509718418121338 ] } },
{ "type": "Feature", "properties": { "particle": 936, "seed_idx": 46, "valid": true }, "geometry": { "type": "Point", "coordinates": [ -0.31749227643013, 5.509411811828613 ] } },
{ "type": "Feature", "properties": { "particle": 937, "seed_idx": 46, "valid": true }, "geometry": { "type": "Point", "coordinates": [ -0.316551476716995, 5.509859085083008 ] } },
{ "type": "Feature", "properties": { "particle": 938, "seed_idx": 46, "valid": true }, "geometry": { "type": "Point", "coordinates": [ -0.316026329994202, 5.510602951049805 ] } },
{ "type": "Feature", "properties": { "particle": 939, "seed_idx": 46, "valid": true }, "geometry": { "type": "Point", "coordinates": [ -0.316548883914948, 5.509915351867676 ] } },
{ "type": "Feature", "properties": { "particle": 940, "seed_idx": 47, "valid": true }, "geometry": { "type": "Point", "coordinates": [ -0.316454291343689, 5.509816646575928 ] } },
{ "type": "Feature", "properties": { "particle": 941, "seed_idx": 47, "valid": true }, "geometry": { "type": "Point", "coordinates": [ -0.315836608409882, 5.509828090667725 ] } },
{ "type": "Feature", "properties": { "particle": 942, "seed_idx": 47, "valid": true }, "geometry": { "type": "Point", "coordinates": [ -0.315787881612778, 5.509986877441406 ] } },
{ "type": "Feature", "properties": { "particle": 943, "seed_idx": 47, "valid": true }, "geometry": { "type": "Point", "coordinates": [ -0.315861135721207, 5.509985446929932 ] } },
{ "type": "Feature", "properties": { "particle": 944, "seed_idx": 47, "valid": true }, "geometry": { "type": "Point", "coordinates": [ -0.315777182579041, 5.509896755218506 ] } },
{ "type": "Feature", "properties": { "particle": 945, "seed_idx": 47, "valid": true }, "geometry": { "type": "Point", "coordinates": [ -0.317174345254898, 5.509842872619629 ] } },
{ "type": "Feature", "properties": { "particle": 946, "seed_idx": 47, "valid": true }, "geometry": { "type": "Point", "coordinates": [ -0.316013842821121, 5.51054048538208 ] } },
{ "type": "Feature", "properties": { "particle": 947, "seed_idx": 47, "valid": true }, "geometry": { "type": "Point", "coordinates": [ -0.315873146057129, 5.510520458221436 ] } },
{ "type": "Feature", "properties": { "particle": 948, "seed_idx": 47, "valid": true }, "geometry": { "type": "Point", "coordinates": [ -0.315998703241348, 5.50974178314209 ] } },
{ "type": "Feature", "properties": { "particle": 949, "seed_idx": 47, "valid": true }, "geometry": { "type": "Point", "coordinates": [ -0.316015362739563, 5.510651111602783 ] } },
{ "type": "Feature", "properties": { "particle": 950, "seed_idx": 47, "valid": true }, "geometry": { "type": "Point", "coordinates": [ -0.315862208604813, 5.510457038879395 ] } },
{ "type": "Feature", "properties": { "particle": 951, "seed_idx": 47, "valid": true }, "geometry": { "type": "Point", "coordinates": [ -0.316714614629745, 5.509800910949707 ] } },
{ "type": "Feature", "properties": { "particle": 952, "seed_idx": 47, "valid": true }, "geometry": { "type": "Point", "coordinates": [ -0.316038310527802, 5.510523319244385 ] } },
{ "type": "Feature", "properties": { "particle": 953, "seed_idx": 47, "valid": true }, "geometry": { "type": "Point", "coordinates": [ -0.312843561172485, 5.506261348724365 ] } },
{ "type": "Feature", "properties": { "particle": 954, "seed_idx": 47, "valid": true }, "geometry": { "type": "Point", "coordinates": [ -0.315859526395798, 5.51043176651001 ] } },
{ "type": "Feature", "properties": { "particle": 955, "seed_idx": 47, "valid": true }, "geometry": { "type": "Point", "coordinates": [ -0.316836535930634, 5.509827613830566 ] } },
{ "type": "Feature", "properties": { "particle": 956, "seed_idx": 47, "valid": true }, "geometry": { "type": "Point", "coordinates": [ -0.316988438367844, 5.509844779968262 ] } },
{ "type": "Feature", "properties": { "particle": 957, "seed_idx": 47, "valid": true }, "geometry": { "type": "Point", "coordinates": [ -0.31615138053894, 5.509844303131104 ] } },
{ "type": "Feature", "properties": { "particle": 958, "seed_idx": 47, "valid": true }, "geometry": { "type": "Point", "coordinates": [ -0.315899878740311, 5.510458469390869 ] } },
{ "type": "Feature", "properties": { "particle": 959, "seed_idx": 47, "valid": true }, "geometry": { "type": "Point", "coordinates": [ -0.317481189966202, 5.509817600250244 ] } },
{ "type": "Feature", "properties": { "particle": 960, "seed_idx": 48, "valid": true }, "geometry": { "type": "Point", "coordinates": [ -0.317116856575012, 5.509840488433838 ] } },
{ "type": "Feature", "properties": { "particle": 961, "seed_idx": 48, "valid": true }, "geometry": { "type": "Point", "coordinates": [ -0.316412359476089, 5.509954929351807 ] } },
{ "type": "Feature", "properties": { "particle": 962, "seed_idx": 48, "valid": true }, "geometry": { "type": "Point", "coordinates": [ -0.315834045410156, 5.510037422180176 ] } },
{ "type": "Feature", "properties": { "particle": 963, "seed_idx": 48, "valid": true }, "geometry": { "type": "Point", "coordinates": [ -0.316455990076065, 5.50937032699585 ] } },
{ "type": "Feature", "properties": { "particle": 964, "seed_idx": 48, "valid": true }, "geometry": { "type": "Point", "coordinates": [ -0.31733575463295, 5.50975513458252 ] } },
{ "type": "Feature", "properties": { "particle": 965, "seed_idx": 48, "valid": true }, "geometry": { "type": "Point", "coordinates": [ -0.315442234277725, 5.509755611419678 ] } },
{ "type": "Feature", "properties": { "particle": 966, "seed_idx": 48, "valid": true }, "geometry": { "type": "Point", "coordinates": [ -0.316556066274643, 5.50977611541748 ] } },
{ "type": "Feature", "properties": { "particle": 967, "seed_idx": 48, "valid": true }, "geometry": { "type": "Point", "coordinates": [ -0.315950363874435, 5.510179042816162 ] } },
{ "type": "Feature", "properties": { "particle": 968, "seed_idx": 48, "valid": true }, "geometry": { "type": "Point", "coordinates": [ -0.317130535840988, 5.509862422943115 ] } },
{ "type": "Feature", "properties": { "particle": 969, "seed_idx": 48, "valid": true }, "geometry": { "type": "Point", "coordinates": [ -0.316708713769913, 5.509911060333252 ] } },
{ "type": "Feature", "properties": { "particle": 970, "seed_idx": 48, "valid": true }, "geometry": { "type": "Point", "coordinates": [ -0.315907984972, 5.510285377502441 ] } },
{ "type": "Feature", "properties": { "particle": 971, "seed_idx": 48, "valid": true }, "geometry": { "type": "Point", "coordinates": [ -0.314353168010712, 5.50990629196167 ] } },
{ "type": "Feature", "properties": { "particle": 972, "seed_idx": 48, "valid": true }, "geometry": { "type": "Point", "coordinates": [ -0.313993990421295, 5.509751319885254 ] } },
{ "type": "Feature", "properties": { "particle": 973, "seed_idx": 48, "valid": true }, "geometry": { "type": "Point", "coordinates": [ -0.315979421138763, 5.510608196258545 ] } },
{ "type": "Feature", "properties": { "particle": 974, "seed_idx": 48, "valid": true }, "geometry": { "type": "Point", "coordinates": [ -0.315836846828461, 5.510626792907715 ] } },
{ "type": "Feature", "properties": { "particle": 975, "seed_idx": 48, "valid": true }, "geometry": { "type": "Point", "coordinates": [ -0.315814852714539, 5.510051727294922 ] } },
{ "type": "Feature", "properties": { "particle": 976, "seed_idx": 48, "valid": true }, "geometry": { "type": "Point", "coordinates": [ -0.316009432077408, 5.509963512420654 ] } },
{ "type": "Feature", "properties": { "particle": 977, "seed_idx": 48, "valid": true }, "geometry": { "type": "Point", "coordinates": [ -0.313973695039749, 5.509863376617432 ] } },
{ "type": "Feature", "properties": { "particle": 978, "seed_idx": 48, "valid": true }, "geometry": { "type": "Point", "coordinates": [ -0.316419154405594, 5.509937763214111 ] } },
{ "type": "Feature", "properties": { "particle": 979, "seed_idx": 48, "valid": true }, "geometry": { "type": "Point", "coordinates": [ -0.314352542161942, 5.509869575500488 ] } },
{ "type": "Feature", "properties": { "particle": 980, "seed_idx": 49, "valid": true }, "geometry": { "type": "Point", "coordinates": [ -0.315879791975021, 5.510254383087158 ] } },
{ "type": "Feature", "properties": { "particle": 981, "seed_idx": 49, "valid": true }, "geometry": { "type": "Point", "coordinates": [ -0.316079050302505, 5.509750843048096 ] } },
{ "type": "Feature", "properties": { "particle": 982, "seed_idx": 49, "valid": true }, "geometry": { "type": "Point", "coordinates": [ -0.31747779250145, 5.509761333465576 ] } },
{ "type": "Feature", "properties": { "particle": 983, "seed_idx": 49, "valid": true }, "geometry": { "type": "Point", "coordinates": [ -0.316566944122314, 5.509777069091797 ] } },
{ "type": "Feature", "properties": { "particle": 984, "seed_idx": 49, "valid": true }, "geometry": { "type": "Point", "coordinates": [ -0.316450774669647, 5.50993824005127 ] } },
{ "type": "Feature", "properties": { "particle": 985, "seed_idx": 49, "valid": true }, "geometry": { "type": "Point", "coordinates": [ -0.315805822610855, 5.509983062744141 ] } },
{ "type": "Feature", "properties": { "particle": 986, "seed_idx": 49, "valid": true }, "geometry": { "type": "Point", "coordinates": [ -0.315958917140961, 5.509719848632812 ] } },
{ "type": "Feature", "properties": { "particle": 987, "seed_idx": 49, "valid": true }, "geometry": { "type": "Point", "coordinates": [ -0.316818684339523, 5.509800910949707 ] } },
{ "type": "Feature", "properties": { "particle": 988, "seed_idx": 49, "valid": true }, "geometry": { "type": "Point", "coordinates": [ -0.315780192613602, 5.510245323181152 ] } },
{ "type": "Feature", "properties": { "particle": 989, "seed_idx": 49, "valid": true }, "geometry": { "type": "Point", "coordinates": [ -0.316412955522537, 5.509955883026123 ] } },
{ "type": "Feature", "properties": { "particle": 990, "seed_idx": 49, "valid": true }, "geometry": { "type": "Point", "coordinates": [ -0.315905928611755, 5.509892463684082 ] } },
{ "type": "Feature", "properties": { "particle": 991, "seed_idx": 49, "valid": true }, "geometry": { "type": "Point", "coordinates": [ -0.315947443246841, 5.510612487792969 ] } },
{ "type": "Feature", "properties": { "particle": 992, "seed_idx": 49, "valid": true }, "geometry": { "type": "Point", "coordinates": [ -0.315835684537888, 5.51030445098877 ] } },
{ "type": "Feature", "properties": { "particle": 993, "seed_idx": 49, "valid": true }, "geometry": { "type": "Point", "coordinates": [ -0.316859215497971, 5.509902954101562 ] } },
{ "type": "Feature", "properties": { "particle": 994, "seed_idx": 49, "valid": true }, "geometry": { "type": "Point", "coordinates": [ -0.315918415784836, 5.509999752044678 ] } },
{ "type": "Feature", "properties": { "particle": 995, "seed_idx": 49, "valid": true }, "geometry": { "type": "Point", "coordinates": [ -0.314431250095367, 5.509941577911377 ] } },
{ "type": "Feature", "properties": { "particle": 996, "seed_idx": 49, "valid": true }, "geometry": { "type": "Point", "coordinates": [ -0.31584757566452, 5.51038122177124 ] } },
{ "type": "Feature", "properties": { "particle": 997, "seed_idx": 49, "valid": true }, "geometry": { "type": "Point", "coordinates": [ -0.315933048725128, 5.5101637840271 ] } },
{ "type": "Feature", "properties": { "particle": 998, "seed_idx": 49, "valid": true }, "geometry": { "type": "Point", "coordinates": [ -0.317206174135208, 5.509657382965088 ] } },
{ "type": "Feature", "properties": { "particle": 999, "seed_idx": 49, "valid": true }, "geometry": { "type": "Point", "coordinates": [ -0.316610991954803, 5.50995922088623 ] } },
{ "type": "Feature", "properties": { "particle": 1000, "seed_idx": 50, "valid": true }, "geometry": { "type": "Point", "coordinates": [ -0.316946625709534, 5.50985860824585 ] } },
{ "type": "Feature", "properties": { "particle": 1001, "seed_idx": 50, "valid": true }, "geometry": { "type": "Point", "coordinates": [ -0.315792173147202, 5.510172367095947 ] } },
{ "type": "Feature", "properties": { "particle": 1002, "seed_idx": 50, "valid": true }, "geometry": { "type": "Point", "coordinates": [ -0.314425677061081, 5.509765625 ] } },
{ "type": "Feature", "properties": { "particle": 1003, "seed_idx": 50, "valid": true }, "geometry": { "type": "Point", "coordinates": [ -0.315454244613647, 5.509968280792236 ] } },
{ "type": "Feature", "properties": { "particle": 1004, "seed_idx": 50, "valid": true }, "geometry": { "type": "Point", "coordinates": [ -0.31445187330246, 5.509769439697266 ] } },
{ "type": "Feature", "properties": { "particle": 1005, "seed_idx": 50, "valid": true }, "geometry": { "type": "Point", "coordinates": [ -0.317026197910309, 5.509873390197754 ] } },
{ "type": "Feature", "properties": { "particle": 1006, "seed_idx": 50, "valid": true }, "geometry": { "type": "Point", "coordinates": [ -0.314215481281281, 5.509764671325684 ] } },
{ "type": "Feature", "properties": { "particle": 1007, "seed_idx": 50, "valid": true }, "geometry": { "type": "Point", "coordinates": [ -0.314790725708008, 5.509917736053467 ] } },
{ "type": "Feature", "properties": { "particle": 1008, "seed_idx": 50, "valid": true }, "geometry": { "type": "Point", "coordinates": [ -0.314576953649521, 5.509783744812012 ] } },
{ "type": "Feature", "properties": { "particle": 1009, "seed_idx": 50, "valid": true }, "geometry": { "type": "Point", "coordinates": [ -0.316882610321045, 5.509589672088623 ] } },
{ "type": "Feature", "properties": { "particle": 1010, "seed_idx": 50, "valid": true }, "geometry": { "type": "Point", "coordinates": [ -0.316037625074387, 5.510114192962646 ] } },
{ "type": "Feature", "properties": { "particle": 1011, "seed_idx": 50, "valid": true }, "geometry": { "type": "Point", "coordinates": [ -0.316004276275635, 5.510380268096924 ] } },
{ "type": "Feature", "properties": { "particle": 1012, "seed_idx": 50, "valid": true }, "geometry": { "type": "Point", "coordinates": [ -0.317386567592621, 5.509906768798828 ] } },
{ "type": "Feature", "properties": { "particle": 1013, "seed_idx": 50, "valid": true }, "geometry": { "type": "Point", "coordinates": [ -0.316800743341446, 5.509776592254639 ] } },
{ "type": "Feature", "properties": { "particle": 1014, "seed_idx": 50, "valid": true }, "geometry": { "type": "Point", "coordinates": [ -0.314179688692093, 5.509803295135498 ] } },
{ "type": "Feature", "properties": { "particle": 1015, "seed_idx": 50, "valid": true }, "geometry": { "type": "Point", "coordinates": [ -0.316040575504303, 5.510184764862061 ] } },
{ "type": "Feature", "properties": { "particle": 1016, "seed_idx": 50, "valid": true }, "geometry": { "type": "Point", "coordinates": [ -0.317076027393341, 5.509835720062256 ] } },
{ "type": "Feature", "properties": { "particle": 1017, "seed_idx": 50, "valid": true }, "geometry": { "type": "Point", "coordinates": [ -0.317643105983734, 5.509780883789062 ] } },
{ "type": "Feature", "properties": { "particle": 1018, "seed_idx": 50, "valid": true }, "geometry": { "type": "Point", "coordinates": [ -0.314318835735321, 5.509753227233887 ] } },
{ "type": "Feature", "properties": { "particle": 1019, "seed_idx": 50, "valid": true }, "geometry": { "type": "Point", "coordinates": [ -0.31595453619957, 5.510497570037842 ] } },
{ "type": "Feature", "properties": { "particle": 1020, "seed_idx": 51, "valid": true }, "geometry": { "type": "Point", "coordinates": [ -0.315973967313766, 5.510796546936035 ] } },
{ "type": "Feature", "properties": { "particle": 1021, "seed_idx": 51, "valid": true }, "geometry": { "type": "Point", "coordinates": [ -0.315290361642838, 5.509940147399902 ] } },
{ "type": "Feature", "properties": { "particle": 1022, "seed_idx": 51, "valid": true }, "geometry": { "type": "Point", "coordinates": [ -0.317409813404083, 5.509036540985107 ] } },
{ "type": "Feature", "properties": { "particle": 1023, "seed_idx": 51, "valid": true }, "geometry": { "type": "Point", "coordinates": [ -0.314358234405518, 5.509787559509277 ] } },
{ "type": "Feature", "properties": { "particle": 1024, "seed_idx": 51, "valid": true }, "geometry": { "type": "Point", "coordinates": [ -0.318059235811234, 5.509780406951904 ] } },
{ "type": "Feature", "properties": { "particle": 1025, "seed_idx": 51, "valid": true }, "geometry": { "type": "Point", "coordinates": [ -0.314285725355148, 5.509871006011963 ] } },
{ "type": "Feature", "properties": { "particle": 1026, "seed_idx": 51, "valid": true }, "geometry": { "type": "Point", "coordinates": [ -0.31605589389801, 5.510711193084717 ] } },
{ "type": "Feature", "properties": { "particle": 1027, "seed_idx": 51, "valid": true }, "geometry": { "type": "Point", "coordinates": [ -0.315800964832306, 5.509768009185791 ] } },
{ "type": "Feature", "properties": { "particle": 1028, "seed_idx": 51, "valid": true }, "geometry": { "type": "Point", "coordinates": [ -0.314514398574829, 5.509768486022949 ] } },
{ "type": "Feature", "properties": { "particle": 1029, "seed_idx": 51, "valid": true }, "geometry": { "type": "Point", "coordinates": [ -0.315838217735291, 5.510583877563477 ] } },
{ "type": "Feature", "properties": { "particle": 1030, "seed_idx": 51, "valid": true }, "geometry": { "type": "Point", "coordinates": [ -0.314450025558472, 5.509807109832764 ] } },
{ "type": "Feature", "properties": { "particle": 1031, "seed_idx": 51, "valid": true }, "geometry": { "type": "Point", "coordinates": [ -0.315970867872238, 5.510721206665039 ] } },
{ "type": "Feature", "properties": { "particle": 1032, "seed_idx": 51, "valid": true }, "geometry": { "type": "Point", "coordinates": [ -0.315905869007111, 5.509921550750732 ] } },
{ "type": "Feature", "properties": { "particle": 1033, "seed_idx": 51, "valid": true }, "geometry": { "type": "Point", "coordinates": [ -0.315928667783737, 5.510434150695801 ] } },
{ "type": "Feature", "properties": { "particle": 1034, "seed_idx": 51, "valid": true }, "geometry": { "type": "Point", "coordinates": [ -0.313818424940109, 5.510006427764893 ] } },
{ "type": "Feature", "properties": { "particle": 1035, "seed_idx": 51, "valid": true }, "geometry": { "type": "Point", "coordinates": [ -0.313789516687393, 5.509809017181396 ] } },
{ "type": "Feature", "properties": { "particle": 1036, "seed_idx": 51, "valid": true }, "geometry": { "type": "Point", "coordinates": [ -0.314354568719864, 5.509804248809814 ] } },
{ "type": "Feature", "properties": { "particle": 1037, "seed_idx": 51, "valid": true }, "geometry": { "type": "Point", "coordinates": [ -0.3159539103508, 5.510581970214844 ] } },
{ "type": "Feature", "properties": { "particle": 1038, "seed_idx": 51, "valid": true }, "geometry": { "type": "Point", "coordinates": [ -0.316010564565659, 5.510505199432373 ] } },
{ "type": "Feature", "properties": { "particle": 1039, "seed_idx": 51, "valid": true }, "geometry": { "type": "Point", "coordinates": [ -0.316104471683502, 5.509841918945312 ] } },
{ "type": "Feature", "properties": { "particle": 1040, "seed_idx": 52, "valid": true }, "geometry": { "type": "Point", "coordinates": [ -0.313972413539886, 5.510122299194336 ] } },
{ "type": "Feature", "properties": { "particle": 1041, "seed_idx": 52, "valid": true }, "geometry": { "type": "Point", "coordinates": [ -0.314131319522858, 5.50982141494751 ] } },
{ "type": "Feature", "properties": { "particle": 1042, "seed_idx": 52, "valid": true }, "geometry": { "type": "Point", "coordinates": [ -0.315087169408798, 5.510126113891602 ] } },
{ "type": "Feature", "properties": { "particle": 1043, "seed_idx": 52, "valid": true }, "geometry": { "type": "Point", "coordinates": [ -0.314058661460876, 5.510010719299316 ] } },
{ "type": "Feature", "properties": { "particle": 1044, "seed_idx": 52, "valid": true }, "geometry": { "type": "Point", "coordinates": [ -0.31388920545578, 5.510519981384277 ] } },
{ "type": "Feature", "properties": { "particle": 1045, "seed_idx": 52, "valid": true }, "geometry": { "type": "Point", "coordinates": [ -0.314028292894363, 5.510331153869629 ] } },
{ "type": "Feature", "properties": { "particle": 1046, "seed_idx": 52, "valid": true }, "geometry": { "type": "Point", "coordinates": [ -0.314055144786835, 5.51023006439209 ] } },
{ "type": "Feature", "properties": { "particle": 1047, "seed_idx": 52, "valid": true }, "geometry": { "type": "Point", "coordinates": [ -0.308009088039398, 5.506882667541504 ] } },
{ "type": "Feature", "properties": { "particle": 1048, "seed_idx": 52, "valid": true }, "geometry": { "type": "Point", "coordinates": [ -0.315816015005112, 5.51011848449707 ] } },
{ "type": "Feature", "properties": { "particle": 1049, "seed_idx": 52, "valid": true }, "geometry": { "type": "Point", "coordinates": [ -0.315880209207535, 5.510380268096924 ] } },
{ "type": "Feature", "properties": { "particle": 1050, "seed_idx": 52, "valid": true }, "geometry": { "type": "Point", "coordinates": [ -0.314850866794586, 5.509620189666748 ] } },
{ "type": "Feature", "properties": { "particle": 1051, "seed_idx": 52, "valid": true }, "geometry": { "type": "Point", "coordinates": [ -0.316229075193405, 5.509713649749756 ] } },
{ "type": "Feature", "properties": { "particle": 1052, "seed_idx": 52, "valid": true }, "geometry": { "type": "Point", "coordinates": [ -0.31378510594368, 5.50972843170166 ] } },
{ "type": "Feature", "properties": { "particle": 1053, "seed_idx": 52, "valid": true }, "geometry": { "type": "Point", "coordinates": [ -0.316022783517838, 5.510693073272705 ] } },
{ "type": "Feature", "properties": { "particle": 1054, "seed_idx": 52, "valid": true }, "geometry": { "type": "Point", "coordinates": [ -0.315922290086746, 5.510165691375732 ] } },
{ "type": "Feature", "properties": { "particle": 1055, "seed_idx": 52, "valid": true }, "geometry": { "type": "Point", "coordinates": [ -0.31604465842247, 5.510396957397461 ] } },
{ "type": "Feature", "properties": { "particle": 1056, "seed_idx": 52, "valid": true }, "geometry": { "type": "Point", "coordinates": [ -0.312284380197525, 5.507269382476807 ] } },
{ "type": "Feature", "properties": { "particle": 1057, "seed_idx": 52, "valid": true }, "geometry": { "type": "Point", "coordinates": [ -0.313882857561111, 5.509999752044678 ] } },
{ "type": "Feature", "properties": { "particle": 1058, "seed_idx": 52, "valid": true }, "geometry": { "type": "Point", "coordinates": [ -0.313985347747803, 5.510446548461914 ] } },
{ "type": "Feature", "properties": { "particle": 1059, "seed_idx": 52, "valid": true }, "geometry": { "type": "Point", "coordinates": [ -0.315845638513565, 5.50990629196167 ] } },
{ "type": "Feature", "properties": { "particle": 1060, "seed_idx": 53, "valid": true }, "geometry": { "type": "Point", "coordinates": [ -0.308047145605087, 5.506773471832275 ] } },
{ "type": "Feature", "properties": { "particle": 1061, "seed_idx": 53, "valid": true }, "geometry": { "type": "Point", "coordinates": [ -0.310277760028839, 5.507495880126953 ] } },
{ "type": "Feature", "properties": { "particle": 1062, "seed_idx": 53, "valid": true }, "geometry": { "type": "Point", "coordinates": [ -0.31586629152298, 5.51057767868042 ] } },
{ "type": "Feature", "properties": { "particle": 1063, "seed_idx": 53, "valid": true }, "geometry": { "type": "Point", "coordinates": [ -0.316003769636154, 5.510184764862061 ] } },
{ "type": "Feature", "properties": { "particle": 1064, "seed_idx": 53, "valid": true }, "geometry": { "type": "Point", "coordinates": [ -0.315903276205063, 5.509900093078613 ] } },
{ "type": "Feature", "properties": { "particle": 1065, "seed_idx": 53, "valid": true }, "geometry": { "type": "Point", "coordinates": [ -0.316020965576172, 5.510213375091553 ] } },
{ "type": "Feature", "properties": { "particle": 1066, "seed_idx": 53, "valid": true }, "geometry": { "type": "Point", "coordinates": [ -0.313808530569077, 5.510218143463135 ] } },
{ "type": "Feature", "properties": { "particle": 1067, "seed_idx": 53, "valid": true }, "geometry": { "type": "Point", "coordinates": [ -0.308398902416229, 5.506847381591797 ] } },
{ "type": "Feature", "properties": { "particle": 1068, "seed_idx": 53, "valid": true }, "geometry": { "type": "Point", "coordinates": [ -0.315897971391678, 5.510318756103516 ] } },
{ "type": "Feature", "properties": { "particle": 1069, "seed_idx": 53, "valid": true }, "geometry": { "type": "Point", "coordinates": [ -0.313954025506973, 5.509828567504883 ] } },
{ "type": "Feature", "properties": { "particle": 1070, "seed_idx": 53, "valid": true }, "geometry": { "type": "Point", "coordinates": [ -0.313795506954193, 5.510022640228271 ] } },
{ "type": "Feature", "properties": { "particle": 1071, "seed_idx": 53, "valid": true }, "geometry": { "type": "Point", "coordinates": [ -0.313940197229385, 5.510140895843506 ] } },
{ "type": "Feature", "properties": { "particle": 1072, "seed_idx": 53, "valid": true }, "geometry": { "type": "Point", "coordinates": [ -0.308400690555573, 5.506918430328369 ] } },
{ "type": "Feature", "properties": { "particle": 1073, "seed_idx": 53, "valid": true }, "geometry": { "type": "Point", "coordinates": [ -0.316056936979294, 5.509877681732178 ] } },
{ "type": "Feature", "properties": { "particle": 1074, "seed_idx": 53, "valid": true }, "geometry": { "type": "Point", "coordinates": [ -0.314341455698013, 5.509742736816406 ] } },
{ "type": "Feature", "properties": { "particle": 1075, "seed_idx": 53, "valid": true }, "geometry": { "type": "Point", "coordinates": [ -0.313942462205887, 5.510107517242432 ] } },
{ "type": "Feature", "properties": { "particle": 1076, "seed_idx": 53, "valid": true }, "geometry": { "type": "Point", "coordinates": [ -0.313811749219894, 5.51008939743042 ] } },
{ "type": "Feature", "properties": { "particle": 1077, "seed_idx": 53, "valid": true }, "geometry": { "type": "Point", "coordinates": [ -0.315745711326599, 5.510202407836914 ] } },
{ "type": "Feature", "properties": { "particle": 1078, "seed_idx": 53, "valid": true }, "geometry": { "type": "Point", "coordinates": [ -0.31277135014534, 5.509279251098633 ] } },
{ "type": "Feature", "properties": { "particle": 1079, "seed_idx": 53, "valid": true }, "geometry": { "type": "Point", "coordinates": [ -0.311270654201508, 5.50823974609375 ] } },
{ "type": "Feature", "properties": { "particle": 1080, "seed_idx": 54, "valid": true }, "geometry": { "type": "Point", "coordinates": [ -0.313988089561462, 5.510365009307861 ] } },
{ "type": "Feature", "properties": { "particle": 1081, "seed_idx": 54, "valid": true }, "geometry": { "type": "Point", "coordinates": [ -0.314503133296967, 5.509787559509277 ] } },
{ "type": "Feature", "properties": { "particle": 1082, "seed_idx": 54, "valid": true }, "geometry": { "type": "Point", "coordinates": [ -0.315787971019745, 5.510157108306885 ] } },
{ "type": "Feature", "properties": { "particle": 1083, "seed_idx": 54, "valid": true }, "geometry": { "type": "Point", "coordinates": [ -0.315778791904449, 5.51057767868042 ] } },
{ "type": "Feature", "properties": { "particle": 1084, "seed_idx": 54, "valid": true }, "geometry": { "type": "Point", "coordinates": [ -0.312581092119217, 5.50940465927124 ] } },
{ "type": "Feature", "properties": { "particle": 1085, "seed_idx": 54, "valid": true }, "geometry": { "type": "Point", "coordinates": [ -0.313923269510269, 5.510239124298096 ] } },
{ "type": "Feature", "properties": { "particle": 1086, "seed_idx": 54, "valid": true }, "geometry": { "type": "Point", "coordinates": [ -0.30861109495163, 5.506840705871582 ] } },
{ "type": "Feature", "properties": { "particle": 1087, "seed_idx": 54, "valid": true }, "geometry": { "type": "Point", "coordinates": [ -0.316050589084625, 5.510769844055176 ] } },
{ "type": "Feature", "properties": { "particle": 1088, "seed_idx": 54, "valid": true }, "geometry": { "type": "Point", "coordinates": [ -0.310129284858704, 5.507301807403564 ] } },
{ "type": "Feature", "properties": { "particle": 1089, "seed_idx": 54, "valid": true }, "geometry": { "type": "Point", "coordinates": [ -0.31407630443573, 5.510737419128418 ] } },
{ "type": "Feature", "properties": { "particle": 1090, "seed_idx": 54, "valid": true }, "geometry": { "type": "Point", "coordinates": [ -0.313932806253433, 5.510392665863037 ] } },
{ "type": "Feature", "properties": { "particle": 1091, "seed_idx": 54, "valid": true }, "geometry": { "type": "Point", "coordinates": [ -0.31590947508812, 5.510295867919922 ] } },
{ "type": "Feature", "properties": { "particle": 1092, "seed_idx": 54, "valid": true }, "geometry": { "type": "Point", "coordinates": [ -0.31387597322464, 5.509878158569336 ] } },
{ "type": "Feature", "properties": { "particle": 1093, "seed_idx": 54, "valid": true }, "geometry": { "type": "Point", "coordinates": [ -0.316010713577271, 5.510833263397217 ] } },
{ "type": "Feature", "properties": { "particle": 1094, "seed_idx": 54, "valid": true }, "geometry": { "type": "Point", "coordinates": [ -0.310934752225876, 5.508078098297119 ] } },
{ "type": "Feature", "properties": { "particle": 1095, "seed_idx": 54, "valid": true }, "geometry": { "type": "Point", "coordinates": [ -0.315859258174896, 5.510528564453125 ] } },
{ "type": "Feature", "properties": { "particle": 1096, "seed_idx": 54, "valid": true }, "geometry": { "type": "Point", "coordinates": [ -0.31447958946228, 5.509862899780273 ] } },
{ "type": "Feature", "properties": { "particle": 1097, "seed_idx": 54, "valid": true }, "geometry": { "type": "Point", "coordinates": [ -0.314039677381516, 5.510246753692627 ] } },
{ "type": "Feature", "properties": { "particle": 1098, "seed_idx": 54, "valid": true }, "geometry": { "type": "Point", "coordinates": [ -0.308389961719513, 5.50692892074585 ] } },
{ "type": "Feature", "properties": { "particle": 1099, "seed_idx": 54, "valid": true }, "geometry": { "type": "Point", "coordinates": [ -0.308415651321411, 5.506810188293457 ] } },
{ "type": "Feature", "properties": { "particle": 1100, "seed_idx": 55, "valid": true }, "geometry": { "type": "Point", "coordinates": [ -0.315755695104599, 5.510359287261963 ] } },
{ "type": "Feature", "properties": { "particle": 1101, "seed_idx": 55, "valid": true }, "geometry": { "type": "Point", "coordinates": [ -0.313776731491089, 5.509976863861084 ] } },
{ "type": "Feature", "properties": { "particle": 1102, "seed_idx": 55, "valid": true }, "geometry": { "type": "Point", "coordinates": [ -0.317504465579987, 5.509846687316895 ] } },
{ "type": "Feature", "properties": { "particle": 1103, "seed_idx": 55, "valid": true }, "geometry": { "type": "Point", "coordinates": [ -0.31598100066185, 5.510576725006104 ] } },
{ "type": "Feature", "properties": { "particle": 1104, "seed_idx": 55, "valid": true }, "geometry": { "type": "Point", "coordinates": [ -0.315838187932968, 5.510410308837891 ] } },
{ "type": "Feature", "properties": { "particle": 1105, "seed_idx": 55, "valid": true }, "geometry": { "type": "Point", "coordinates": [ -0.31444588303566, 5.509744644165039 ] } },
{ "type": "Feature", "properties": { "particle": 1106, "seed_idx": 55, "valid": true }, "geometry": { "type": "Point", "coordinates": [ -0.314557313919067, 5.509871959686279 ] } },
{ "type": "Feature", "properties": { "particle": 1107, "seed_idx": 55, "valid": true }, "geometry": { "type": "Point", "coordinates": [ -0.315746873617172, 5.51005220413208 ] } },
{ "type": "Feature", "properties": { "particle": 1108, "seed_idx": 55, "valid": true }, "geometry": { "type": "Point", "coordinates": [ -0.316852301359177, 5.509724617004395 ] } },
{ "type": "Feature", "properties": { "particle": 1109, "seed_idx": 55, "valid": true }, "geometry": { "type": "Point", "coordinates": [ -0.317500352859497, 5.509772777557373 ] } },
{ "type": "Feature", "properties": { "particle": 1110, "seed_idx": 55, "valid": true }, "geometry": { "type": "Point", "coordinates": [ -0.314328521490097, 5.509955406188965 ] } },
{ "type": "Feature", "properties": { "particle": 1111, "seed_idx": 55, "valid": true }, "geometry": { "type": "Point", "coordinates": [ -0.315767705440521, 5.51018238067627 ] } },
{ "type": "Feature", "properties": { "particle": 1112, "seed_idx": 55, "valid": true }, "geometry": { "type": "Point", "coordinates": [ -0.308545678853989, 5.506914138793945 ] } },
{ "type": "Feature", "properties": { "particle": 1113, "seed_idx": 55, "valid": true }, "geometry": { "type": "Point", "coordinates": [ -0.313872218132019, 5.510344982147217 ] } },
{ "type": "Feature", "properties": { "particle": 1114, "seed_idx": 55, "valid": true }, "geometry": { "type": "Point", "coordinates": [ -0.315940797328949, 5.510635852813721 ] } },
{ "type": "Feature", "properties": { "particle": 1115, "seed_idx": 55, "valid": true }, "geometry": { "type": "Point", "coordinates": [ -0.314552932977676, 5.509807109832764 ] } },
{ "type": "Feature", "properties": { "particle": 1116, "seed_idx": 55, "valid": true }, "geometry": { "type": "Point", "coordinates": [ -0.313880532979965, 5.509748935699463 ] } },
{ "type": "Feature", "properties": { "particle": 1117, "seed_idx": 55, "valid": true }, "geometry": { "type": "Point", "coordinates": [ -0.313982039690018, 5.510064601898193 ] } },
{ "type": "Feature", "properties": { "particle": 1118, "seed_idx": 55, "valid": true }, "geometry": { "type": "Point", "coordinates": [ -0.315944194793701, 5.51038122177124 ] } },
{ "type": "Feature", "properties": { "particle": 1119, "seed_idx": 55, "valid": true }, "geometry": { "type": "Point", "coordinates": [ -0.316533118486404, 5.509813785552979 ] } },
{ "type": "Feature", "properties": { "particle": 1120, "seed_idx": 56, "valid": true }, "geometry": { "type": "Point", "coordinates": [ -0.316061466932297, 5.510576725006104 ] } },
{ "type": "Feature", "properties": { "particle": 1121, "seed_idx": 56, "valid": true }, "geometry": { "type": "Point", "coordinates": [ -0.315797805786133, 5.51049280166626 ] } },
{ "type": "Feature", "properties": { "particle": 1122, "seed_idx": 56, "valid": true }, "geometry": { "type": "Point", "coordinates": [ -0.316215604543686, 5.509818553924561 ] } },
{ "type": "Feature", "properties": { "particle": 1123, "seed_idx": 56, "valid": true }, "geometry": { "type": "Point", "coordinates": [ -0.31402000784874, 5.510103702545166 ] } },
{ "type": "Feature", "properties": { "particle": 1124, "seed_idx": 56, "valid": true }, "geometry": { "type": "Point", "coordinates": [ -0.316025942564011, 5.510701179504395 ] } },
{ "type": "Feature", "properties": { "particle": 1125, "seed_idx": 56, "valid": true }, "geometry": { "type": "Point", "coordinates": [ -0.313850432634354, 5.509952068328857 ] } },
{ "type": "Feature", "properties": { "particle": 1126, "seed_idx": 56, "valid": true }, "geometry": { "type": "Point", "coordinates": [ -0.313878118991852, 5.509811401367188 ] } },
{ "type": "Feature", "properties": { "particle": 1127, "seed_idx": 56, "valid": true }, "geometry": { "type": "Point", "coordinates": [ -0.317161858081818, 5.509914875030518 ] } },
{ "type": "Feature", "properties": { "particle": 1128, "seed_idx": 56, "valid": true }, "geometry": { "type": "Point", "coordinates": [ -0.314945489168167, 5.509953022003174 ] } },
{ "type": "Feature", "properties": { "particle": 1129, "seed_idx": 56, "valid": true }, "geometry": { "type": "Point", "coordinates": [ -0.317521303892136, 5.50967264175415 ] } },
{ "type": "Feature", "properties": { "particle": 1130, "seed_idx": 56, "valid": true }, "geometry": { "type": "Point", "coordinates": [ -0.315836399793625, 5.510593414306641 ] } },
{ "type": "Feature", "properties": { "particle": 1131, "seed_idx": 56, "valid": true }, "geometry": { "type": "Point", "coordinates": [ -0.314072877168655, 5.510181427001953 ] } },
{ "type": "Feature", "properties": { "particle": 1132, "seed_idx": 56, "valid": true }, "geometry": { "type": "Point", "coordinates": [ -0.315992891788483, 5.510480880737305 ] } },
{ "type": "Feature", "properties": { "particle": 1133, "seed_idx": 56, "valid": true }, "geometry": { "type": "Point", "coordinates": [ -0.31783065199852, 5.509790420532227 ] } },
{ "type": "Feature", "properties": { "particle": 1134, "seed_idx": 56, "valid": true }, "geometry": { "type": "Point", "coordinates": [ -0.316363483667374, 5.509838581085205 ] } },
{ "type": "Feature", "properties": { "particle": 1135, "seed_idx": 56, "valid": true }, "geometry": { "type": "Point", "coordinates": [ -0.316035747528076, 5.509860038757324 ] } },
{ "type": "Feature", "properties": { "particle": 1136, "seed_idx": 56, "valid": true }, "geometry": { "type": "Point", "coordinates": [ -0.315966784954071, 5.510107517242432 ] } },
{ "type": "Feature", "properties": { "particle": 1137, "seed_idx": 56, "valid": true }, "geometry": { "type": "Point", "coordinates": [ -0.318589925765991, 5.509776592254639 ] } },
{ "type": "Feature", "properties": { "particle": 1138, "seed_idx": 56, "valid": true }, "geometry": { "type": "Point", "coordinates": [ -0.315954804420471, 5.510193824768066 ] } },
{ "type": "Feature", "properties": { "particle": 1139, "seed_idx": 56, "valid": true }, "geometry": { "type": "Point", "coordinates": [ -0.314892411231995, 5.509932518005371 ] } },
{ "type": "Feature", "properties": { "particle": 1140, "seed_idx": 57, "valid": true }, "geometry": { "type": "Point", "coordinates": [ -0.314604341983795, 5.509719848632812 ] } },
{ "type": "Feature", "properties": { "particle": 1141, "seed_idx": 57, "valid": true }, "geometry": { "type": "Point", "coordinates": [ -0.315870970487595, 5.510235786437988 ] } },
{ "type": "Feature", "properties": { "particle": 1142, "seed_idx": 57, "valid": true }, "geometry": { "type": "Point", "coordinates": [ -0.318048149347305, 5.509779453277588 ] } },
{ "type": "Feature", "properties": { "particle": 1143, "seed_idx": 57, "valid": true }, "geometry": { "type": "Point", "coordinates": [ -0.315871596336365, 5.510327339172363 ] } },
{ "type": "Feature", "properties": { "particle": 1144, "seed_idx": 57, "valid": true }, "geometry": { "type": "Point", "coordinates": [ -0.312827914953232, 5.506143569946289 ] } },
{ "type": "Feature", "properties": { "particle": 1145, "seed_idx": 57, "valid": true }, "geometry": { "type": "Point", "coordinates": [ -0.313083499670029, 5.506696701049805 ] } },
{ "type": "Feature", "properties": { "particle": 1146, "seed_idx": 57, "valid": true }, "geometry": { "type": "Point", "coordinates": [ -0.31606724858284, 5.510414123535156 ] } },
{ "type": "Feature", "properties": { "particle": 1147, "seed_idx": 57, "valid": true }, "geometry": { "type": "Point", "coordinates": [ -0.316595762968063, 5.509864330291748 ] } },
{ "type": "Feature", "properties": { "particle": 1148, "seed_idx": 57, "valid": true }, "geometry": { "type": "Point", "coordinates": [ -0.315901011228561, 5.510212898254395 ] } },
{ "type": "Feature", "properties": { "particle": 1149, "seed_idx": 57, "valid": true }, "geometry": { "type": "Point", "coordinates": [ -0.318392843008041, 5.509865760803223 ] } },
{ "type": "Feature", "properties": { "particle": 1150, "seed_idx": 57, "valid": true }, "geometry": { "type": "Point", "coordinates": [ -0.316037774085999, 5.510539054870605 ] } },
{ "type": "Feature", "properties": { "particle": 1151, "seed_idx": 57, "valid": true }, "geometry": { "type": "Point", "coordinates": [ -0.312794834375381, 5.506352424621582 ] } },
{ "type": "Feature", "properties": { "particle": 1152, "seed_idx": 57, "valid": true }, "geometry": { "type": "Point", "coordinates": [ -0.312008529901505, 5.505501270294189 ] } },
{ "type": "Feature", "properties": { "particle": 1153, "seed_idx": 57, "valid": true }, "geometry": { "type": "Point", "coordinates": [ -0.316018760204315, 5.509745597839355 ] } },
{ "type": "Feature", "properties": { "particle": 1154, "seed_idx": 57, "valid": true }, "geometry": { "type": "Point", "coordinates": [ -0.315977692604065, 5.510634899139404 ] } },
{ "type": "Feature", "properties": { "particle": 1155, "seed_idx": 57, "valid": true }, "geometry": { "type": "Point", "coordinates": [ -0.317033052444458, 5.509717464447021 ] } },
{ "type": "Feature", "properties": { "particle": 1156, "seed_idx": 57, "valid": true }, "geometry": { "type": "Point", "coordinates": [ -0.315934807062149, 5.51060152053833 ] } },
{ "type": "Feature", "properties": { "particle": 1157, "seed_idx": 57, "valid": true }, "geometry": { "type": "Point", "coordinates": [ -0.317530006170273, 5.509907722473145 ] } },
{ "type": "Feature", "properties": { "particle": 1158, "seed_idx": 57, "valid": true }, "geometry": { "type": "Point", "coordinates": [ -0.316270768642426, 5.509947776794434 ] } },
{ "type": "Feature", "properties": { "particle": 1159, "seed_idx": 57, "valid": true }, "geometry": { "type": "Point", "coordinates": [ -0.317229300737381, 5.509829044342041 ] } },
{ "type": "Feature", "properties": { "particle": 1160, "seed_idx": 58, "valid": true }, "geometry": { "type": "Point", "coordinates": [ -0.316893845796585, 5.509831428527832 ] } },
{ "type": "Feature", "properties": { "particle": 1161, "seed_idx": 58, "valid": true }, "geometry": { "type": "Point", "coordinates": [ -0.315892964601517, 5.510189056396484 ] } },
{ "type": "Feature", "properties": { "particle": 1162, "seed_idx": 58, "valid": true }, "geometry": { "type": "Point", "coordinates": [ -0.316005975008011, 5.509783267974854 ] } },
{ "type": "Feature", "properties": { "particle": 1163, "seed_idx": 58, "valid": true }, "geometry": { "type": "Point", "coordinates": [ -0.311836361885071, 5.505471229553223 ] } },
{ "type": "Feature", "properties": { "particle": 1164, "seed_idx": 58, "valid": true }, "geometry": { "type": "Point", "coordinates": [ -0.316848456859589, 5.509571552276611 ] } },
{ "type": "Feature", "properties": { "particle": 1165, "seed_idx": 58, "valid": true }, "geometry": { "type": "Point", "coordinates": [ -0.318727940320969, 5.509949207305908 ] } },
{ "type": "Feature", "properties": { "particle": 1166, "seed_idx": 58, "valid": true }, "geometry": { "type": "Point", "coordinates": [ -0.311889261007309, 5.505627632141113 ] } },
{ "type": "Feature", "properties": { "particle": 1167, "seed_idx": 58, "valid": true }, "geometry": { "type": "Point", "coordinates": [ -0.317339569330215, 5.5098557472229 ] } },
{ "type": "Feature", "properties": { "particle": 1168, "seed_idx": 58, "valid": true }, "geometry": { "type": "Point", "coordinates": [ -0.31649512052536, 5.509946823120117 ] } },
{ "type": "Feature", "properties": { "particle": 1169, "seed_idx": 58, "valid": true }, "geometry": { "type": "Point", "coordinates": [ -0.317517310380936, 5.509870529174805 ] } },
{ "type": "Feature", "properties": { "particle": 1170, "seed_idx": 58, "valid": true }, "geometry": { "type": "Point", "coordinates": [ -0.313963323831558, 5.507566928863525 ] } },
{ "type": "Feature", "properties": { "particle": 1171, "seed_idx": 58, "valid": true }, "geometry": { "type": "Point", "coordinates": [ -0.31679579615593, 5.509731292724609 ] } },
{ "type": "Feature", "properties": { "particle": 1172, "seed_idx": 58, "valid": true }, "geometry": { "type": "Point", "coordinates": [ -0.31198126077652, 5.505527019500732 ] } },
{ "type": "Feature", "properties": { "particle": 1173, "seed_idx": 58, "valid": true }, "geometry": { "type": "Point", "coordinates": [ -0.318130046129227, 5.509735107421875 ] } },
{ "type": "Feature", "properties": { "particle": 1174, "seed_idx": 58, "valid": true }, "geometry": { "type": "Point", "coordinates": [ -0.316322296857834, 5.509711742401123 ] } },
{ "type": "Feature", "properties": { "particle": 1175, "seed_idx": 58, "valid": true }, "geometry": { "type": "Point", "coordinates": [ -0.317060947418213, 5.509840965270996 ] } },
{ "type": "Feature", "properties": { "particle": 1176, "seed_idx": 58, "valid": true }, "geometry": { "type": "Point", "coordinates": [ -0.312807828187943, 5.506533622741699 ] } },
{ "type": "Feature", "properties": { "particle": 1177, "seed_idx": 58, "valid": true }, "geometry": { "type": "Point", "coordinates": [ -0.316822022199631, 5.509811401367188 ] } },
{ "type": "Feature", "properties": { "particle": 1178, "seed_idx": 58, "valid": true }, "geometry": { "type": "Point", "coordinates": [ -0.317395687103271, 5.509817600250244 ] } },
{ "type": "Feature", "properties": { "particle": 1179, "seed_idx": 58, "valid": true }, "geometry": { "type": "Point", "coordinates": [ -0.316585510969162, 5.509812355041504 ] } },
{ "type": "Feature", "properties": { "particle": 1180, "seed_idx": 59, "valid": true }, "geometry": { "type": "Point", "coordinates": [ -0.316165328025818, 5.509792804718018 ] } },
{ "type": "Feature", "properties": { "particle": 1181, "seed_idx": 59, "valid": true }, "geometry": { "type": "Point", "coordinates": [ -0.317927300930023, 5.509949684143066 ] } },
{ "type": "Feature", "properties": { "particle": 1182, "seed_idx": 59, "valid": true }, "geometry": { "type": "Point", "coordinates": [ -0.311843812465668, 5.505261898040771 ] } },
{ "type": "Feature", "properties": { "particle": 1183, "seed_idx": 59, "valid": true }, "geometry": { "type": "Point", "coordinates": [ -0.312970817089081, 5.506452560424805 ] } },
{ "type": "Feature", "properties": { "particle": 1184, "seed_idx": 59, "valid": true }, "geometry": { "type": "Point", "coordinates": [ -0.317011713981628, 5.509951114654541 ] } },
{ "type": "Feature", "properties": { "particle": 1185, "seed_idx": 59, "valid": true }, "geometry": { "type": "Point", "coordinates": [ -0.317561954259872, 5.509799957275391 ] } },
{ "type": "Feature", "properties": { "particle": 1186, "seed_idx": 59, "valid": true }, "geometry": { "type": "Point", "coordinates": [ -0.316447675228119, 5.509955883026123 ] } },
{ "type": "Feature", "properties": { "particle": 1187, "seed_idx": 59, "valid": true }, "geometry": { "type": "Point", "coordinates": [ -0.312059015035629, 5.505883693695068 ] } },
{ "type": "Feature", "properties": { "particle": 1188, "seed_idx": 59, "valid": true }, "geometry": { "type": "Point", "coordinates": [ -0.311787754297256, 5.504956722259521 ] } },
{ "type": "Feature", "properties": { "particle": 1189, "seed_idx": 59, "valid": true }, "geometry": { "type": "Point", "coordinates": [ -0.313060790300369, 5.506660461425781 ] } },
{ "type": "Feature", "properties": { "particle": 1190, "seed_idx": 59, "valid": true }, "geometry": { "type": "Point", "coordinates": [ -0.31772768497467, 5.509900569915771 ] } },
{ "type": "Feature", "properties": { "particle": 1191, "seed_idx": 59, "valid": true }, "geometry": { "type": "Point", "coordinates": [ -0.316776692867279, 5.509739875793457 ] } },
{ "type": "Feature", "properties": { "particle": 1192, "seed_idx": 59, "valid": true }, "geometry": { "type": "Point", "coordinates": [ -0.317309707403183, 5.509840965270996 ] } },
{ "type": "Feature", "properties": { "particle": 1193, "seed_idx": 59, "valid": true }, "geometry": { "type": "Point", "coordinates": [ -0.316852957010269, 5.509955406188965 ] } },
{ "type": "Feature", "properties": { "particle": 1194, "seed_idx": 59, "valid": true }, "geometry": { "type": "Point", "coordinates": [ -0.318168491125107, 5.509748458862305 ] } },
{ "type": "Feature", "properties": { "particle": 1195, "seed_idx": 59, "valid": true }, "geometry": { "type": "Point", "coordinates": [ -0.312849014997482, 5.506499290466309 ] } },
{ "type": "Feature", "properties": { "particle": 1196, "seed_idx": 59, "valid": true }, "geometry": { "type": "Point", "coordinates": [ -0.317777276039124, 5.509780406951904 ] } },
{ "type": "Feature", "properties": { "particle": 1197, "seed_idx": 59, "valid": true }, "geometry": { "type": "Point", "coordinates": [ -0.313030749559402, 5.506843090057373 ] } },
{ "type": "Feature", "properties": { "particle": 1198, "seed_idx": 59, "valid": true }, "geometry": { "type": "Point", "coordinates": [ -0.318523943424225, 5.509799480438232 ] } },
{ "type": "Feature", "properties": { "particle": 1199, "seed_idx": 59, "valid": true }, "geometry": { "type": "Point", "coordinates": [ -0.316802531480789, 5.5098557472229 ] } },
{ "type": "Feature", "properties": { "particle": 1200, "seed_idx": 60, "valid": true }, "geometry": { "type": "Point", "coordinates": [ -0.311997473239899, 5.505552291870117 ] } },
{ "type": "Feature", "properties": { "particle": 1201, "seed_idx": 60, "valid": true }, "geometry": { "type": "Point", "coordinates": [ -0.312896460294724, 5.506420135498047 ] } },
{ "type": "Feature", "properties": { "particle": 1202, "seed_idx": 60, "valid": true }, "geometry": { "type": "Point", "coordinates": [ -0.317189961671829, 5.509785175323486 ] } },
{ "type": "Feature", "properties": { "particle": 1203, "seed_idx": 60, "valid": true }, "geometry": { "type": "Point", "coordinates": [ -0.317194283008575, 5.509902477264404 ] } },
{ "type": "Feature", "properties": { "particle": 1204, "seed_idx": 60, "valid": true }, "geometry": { "type": "Point", "coordinates": [ -0.318442016839981, 5.50982141494751 ] } },
{ "type": "Feature", "properties": { "particle": 1205, "seed_idx": 60, "valid": true }, "geometry": { "type": "Point", "coordinates": [ -0.312736600637436, 5.504907608032227 ] } },
{ "type": "Feature", "properties": { "particle": 1206, "seed_idx": 60, "valid": true }, "geometry": { "type": "Point", "coordinates": [ -0.312941253185272, 5.506679058074951 ] } },
{ "type": "Feature", "properties": { "particle": 1207, "seed_idx": 60, "valid": true }, "geometry": { "type": "Point", "coordinates": [ -0.317392230033875, 5.509848594665527 ] } },
{ "type": "Feature", "properties": { "particle": 1208, "seed_idx": 60, "valid": true }, "geometry": { "type": "Point", "coordinates": [ -0.312776476144791, 5.506062030792236 ] } },
{ "type": "Feature", "properties": { "particle": 1209, "seed_idx": 60, "valid": true }, "geometry": { "type": "Point", "coordinates": [ -0.312914252281189, 5.504602432250977 ] } },
{ "type": "Feature", "properties": { "particle": 1210, "seed_idx": 60, "valid": true }, "geometry": { "type": "Point", "coordinates": [ -0.31189426779747, 5.505364894866943 ] } },
{ "type": "Feature", "properties": { "particle": 1211, "seed_idx": 60, "valid": true }, "geometry": { "type": "Point", "coordinates": [ -0.316690683364868, 5.509809970855713 ] } },
{ "type": "Feature", "properties": { "particle": 1212, "seed_idx": 60, "valid": true }, "geometry": { "type": "Point", "coordinates": [ -0.317627787590027, 5.509951591491699 ] } },
{ "type": "Feature", "properties": { "particle": 1213, "seed_idx": 60, "valid": true }, "geometry": { "type": "Point", "coordinates": [ -0.311924457550049, 5.505462646484375 ] } },
{ "type": "Feature", "properties": { "particle": 1214, "seed_idx": 60, "valid": true }, "geometry": { "type": "Point", "coordinates": [ -0.311940580606461, 5.505122184753418 ] } },
{ "type": "Feature", "properties": { "particle": 1215, "seed_idx": 60, "valid": true }, "geometry": { "type": "Point", "coordinates": [ -0.312771946191788, 5.506622314453125 ] } },
{ "type": "Feature", "properties": { "particle": 1216, "seed_idx": 60, "valid": true }, "geometry": { "type": "Point", "coordinates": [ -0.317459404468536, 5.509819984436035 ] } },
{ "type": "Feature", "properties": { "particle": 1217, "seed_idx": 60, "valid": true }, "geometry": { "type": "Point", "coordinates": [ -0.317336410284042, 5.509823799133301 ] } },
{ "type": "Feature", "properties": { "particle": 1218, "seed_idx": 60, "valid": true }, "geometry": { "type": "Point", "coordinates": [ -0.317247301340103, 5.509813785552979 ] } },
{ "type": "Feature", "properties": { "particle": 1219, "seed_idx": 60, "valid": true }, "geometry": { "type": "Point", "coordinates": [ -0.311833262443542, 5.505660533905029 ] } },
{ "type": "Feature", "properties": { "particle": 1220, "seed_idx": 61, "valid": true }, "geometry": { "type": "Point", "coordinates": [ -0.312990635633469, 5.504330158233643 ] } },
{ "type": "Feature", "properties": { "particle": 1221, "seed_idx": 61, "valid": true }, "geometry": { "type": "Point", "coordinates": [ -0.314125835895538, 5.503964900970459 ] } },
{ "type": "Feature", "properties": { "particle": 1222, "seed_idx": 61, "valid": true }, "geometry": { "type": "Point", "coordinates": [ -0.306894481182098, 5.499628067016602 ] } },
{ "type": "Feature", "properties": { "particle": 1223, "seed_idx": 61, "valid": true }, "geometry": { "type": "Point", "coordinates": [ -0.322849780321121, 5.5089111328125 ] } },
{ "type": "Feature", "properties": { "particle": 1224, "seed_idx": 61, "valid": true }, "geometry": { "type": "Point", "coordinates": [ -0.315972536802292, 5.504240036010742 ] } },
{ "type": "Feature", "properties": { "particle": 1225, "seed_idx": 61, "valid": true }, "geometry": { "type": "Point", "coordinates": [ -0.313026338815689, 5.504273891448975 ] } },
{ "type": "Feature", "properties": { "particle": 1226, "seed_idx": 61, "valid": true }, "geometry": { "type": "Point", "coordinates": [ -0.312897831201553, 5.503909111022949 ] } },
{ "type": "Feature", "properties": { "particle": 1227, "seed_idx": 61, "valid": true }, "geometry": { "type": "Point", "coordinates": [ -0.313049376010895, 5.504805564880371 ] } },
{ "type": "Feature", "properties": { "particle": 1228, "seed_idx": 61, "valid": true }, "geometry": { "type": "Point", "coordinates": [ -0.313014477491379, 5.504117965698242 ] } },
{ "type": "Feature", "properties": { "particle": 1229, "seed_idx": 61, "valid": true }, "geometry": { "type": "Point", "coordinates": [ -0.312863498926163, 5.504436492919922 ] } },
{ "type": "Feature", "properties": { "particle": 1230, "seed_idx": 61, "valid": true }, "geometry": { "type": "Point", "coordinates": [ -0.316050678491592, 5.504722118377686 ] } },
{ "type": "Feature", "properties": { "particle": 1231, "seed_idx": 61, "valid": true }, "geometry": { "type": "Point", "coordinates": [ -0.313490271568298, 5.503933906555176 ] } },
{ "type": "Feature", "properties": { "particle": 1232, "seed_idx": 61, "valid": true }, "geometry": { "type": "Point", "coordinates": [ -0.312778532505035, 5.504130363464355 ] } },
{ "type": "Feature", "properties": { "particle": 1233, "seed_idx": 61, "valid": true }, "geometry": { "type": "Point", "coordinates": [ -0.312825411558151, 5.50445556640625 ] } },
{ "type": "Feature", "properties": { "particle": 1234, "seed_idx": 61, "valid": true }, "geometry": { "type": "Point", "coordinates": [ -0.313804864883423, 5.503995895385742 ] } },
{ "type": "Feature", "properties": { "particle": 1235, "seed_idx": 61, "valid": true }, "geometry": { "type": "Point", "coordinates": [ -0.312802463769913, 5.504069328308105 ] } },
{ "type": "Feature", "properties": { "particle": 1236, "seed_idx": 61, "valid": true }, "geometry": { "type": "Point", "coordinates": [ -0.312989830970764, 5.504359722137451 ] } },
{ "type": "Feature", "properties": { "particle": 1237, "seed_idx": 61, "valid": true }, "geometry": { "type": "Point", "coordinates": [ -0.312766909599304, 5.504175662994385 ] } },
{ "type": "Feature", "properties": { "particle": 1238, "seed_idx": 61, "valid": true }, "geometry": { "type": "Point", "coordinates": [ -0.312976270914078, 5.504353523254395 ] } },
{ "type": "Feature", "properties": { "particle": 1239, "seed_idx": 61, "valid": true }, "geometry": { "type": "Point", "coordinates": [ -0.312942296266556, 5.504434585571289 ] } },
{ "type": "Feature", "properties": { "particle": 1240, "seed_idx": 62, "valid": true }, "geometry": { "type": "Point", "coordinates": [ -0.312834620475769, 5.504631519317627 ] } },
{ "type": "Feature", "properties": { "particle": 1241, "seed_idx": 62, "valid": true }, "geometry": { "type": "Point", "coordinates": [ -0.312321484088898, 5.504761219024658 ] } },
{ "type": "Feature", "properties": { "particle": 1242, "seed_idx": 62, "valid": true }, "geometry": { "type": "Point", "coordinates": [ -0.312879741191864, 5.504727363586426 ] } },
{ "type": "Feature", "properties": { "particle": 1243, "seed_idx": 62, "valid": true }, "geometry": { "type": "Point", "coordinates": [ -0.312922090291977, 5.504915714263916 ] } },
{ "type": "Feature", "properties": { "particle": 1244, "seed_idx": 62, "valid": true }, "geometry": { "type": "Point", "coordinates": [ -0.312878608703613, 5.504074096679688 ] } },
{ "type": "Feature", "properties": { "particle": 1245, "seed_idx": 62, "valid": true }, "geometry": { "type": "Point", "coordinates": [ -0.316299736499786, 5.505805969238281 ] } },
{ "type": "Feature", "properties": { "particle": 1246, "seed_idx": 62, "valid": true }, "geometry": { "type": "Point", "coordinates": [ -0.31307777762413, 5.504660129547119 ] } },
{ "type": "Feature", "properties": { "particle": 1247, "seed_idx": 62, "valid": true }, "geometry": { "type": "Point", "coordinates": [ -0.312626630067825, 5.504932880401611 ] } },
{ "type": "Feature", "properties": { "particle": 1248, "seed_idx": 62, "valid": true }, "geometry": { "type": "Point", "coordinates": [ -0.312888771295547, 5.504573822021484 ] } },
{ "type": "Feature", "properties": { "particle": 1249, "seed_idx": 62, "valid": true }, "geometry": { "type": "Point", "coordinates": [ -0.312986999750137, 5.504698276519775 ] } },
{ "type": "Feature", "properties": { "particle": 1250, "seed_idx": 62, "valid": true }, "geometry": { "type": "Point", "coordinates": [ -0.311879187822342, 5.504761695861816 ] } },
{ "type": "Feature", "properties": { "particle": 1251, "seed_idx": 62, "valid": true }, "geometry": { "type": "Point", "coordinates": [ -0.312396377325058, 5.504915714263916 ] } },
{ "type": "Feature", "properties": { "particle": 1252, "seed_idx": 62, "valid": true }, "geometry": { "type": "Point", "coordinates": [ -0.312634468078613, 5.504773616790771 ] } },
{ "type": "Feature", "properties": { "particle": 1253, "seed_idx": 62, "valid": true }, "geometry": { "type": "Point", "coordinates": [ -0.31261146068573, 5.504922389984131 ] } },
{ "type": "Feature", "properties": { "particle": 1254, "seed_idx": 62, "valid": true }, "geometry": { "type": "Point", "coordinates": [ -0.312968254089355, 5.504872798919678 ] } },
{ "type": "Feature", "properties": { "particle": 1255, "seed_idx": 62, "valid": true }, "geometry": { "type": "Point", "coordinates": [ -0.312373220920563, 5.504989624023438 ] } },
{ "type": "Feature", "properties": { "particle": 1256, "seed_idx": 62, "valid": true }, "geometry": { "type": "Point", "coordinates": [ -0.312808871269226, 5.504885673522949 ] } },
{ "type": "Feature", "properties": { "particle": 1257, "seed_idx": 62, "valid": true }, "geometry": { "type": "Point", "coordinates": [ -0.312808692455292, 5.504885196685791 ] } },
{ "type": "Feature", "properties": { "particle": 1258, "seed_idx": 62, "valid": true }, "geometry": { "type": "Point", "coordinates": [ -0.312257438898087, 5.504836082458496 ] } },
{ "type": "Feature", "properties": { "particle": 1259, "seed_idx": 62, "valid": true }, "geometry": { "type": "Point", "coordinates": [ -0.312814652919769, 5.504442691802979 ] } },
{ "type": "Feature", "properties": { "particle": 1260, "seed_idx": 63, "valid": true }, "geometry": { "type": "Point", "coordinates": [ -0.312791794538498, 5.504925727844238 ] } },
{ "type": "Feature", "properties": { "particle": 1261, "seed_idx": 63, "valid": true }, "geometry": { "type": "Point", "coordinates": [ -0.312817990779877, 5.504884719848633 ] } },
{ "type": "Feature", "properties": { "particle": 1262, "seed_idx": 63, "valid": true }, "geometry": { "type": "Point", "coordinates": [ -0.312920898199081, 5.504782676696777 ] } },
{ "type": "Feature", "properties": { "particle": 1263, "seed_idx": 63, "valid": true }, "geometry": { "type": "Point", "coordinates": [ -0.312965959310532, 5.504616737365723 ] } },
{ "type": "Feature", "properties": { "particle": 1264, "seed_idx": 63, "valid": true }, "geometry": { "type": "Point", "coordinates": [ -0.31296893954277, 5.504061698913574 ] } },
{ "type": "Feature", "properties": { "particle": 1265, "seed_idx": 63, "valid": true }, "geometry": { "type": "Point", "coordinates": [ -0.312636733055115, 5.504902362823486 ] } },
{ "type": "Feature", "properties": { "particle": 1266, "seed_idx": 63, "valid": true }, "geometry": { "type": "Point", "coordinates": [ -0.312972605228424, 5.504843235015869 ] } },
{ "type": "Feature", "properties": { "particle": 1267, "seed_idx": 63, "valid": true }, "geometry": { "type": "Point", "coordinates": [ -0.312720209360123, 5.50493049621582 ] } },
{ "type": "Feature", "properties": { "particle": 1268, "seed_idx": 63, "valid": true }, "geometry": { "type": "Point", "coordinates": [ -0.312906861305237, 5.50435209274292 ] } },
{ "type": "Feature", "properties": { "particle": 1269, "seed_idx": 63, "valid": true }, "geometry": { "type": "Point", "coordinates": [ -0.312759160995483, 5.504877090454102 ] } },
{ "type": "Feature", "properties": { "particle": 1270, "seed_idx": 63, "valid": true }, "geometry": { "type": "Point", "coordinates": [ -0.312895625829697, 5.504765033721924 ] } },
{ "type": "Feature", "properties": { "particle": 1271, "seed_idx": 63, "valid": true }, "geometry": { "type": "Point", "coordinates": [ -0.312798857688904, 5.50478982925415 ] } },
{ "type": "Feature", "properties": { "particle": 1272, "seed_idx": 63, "valid": true }, "geometry": { "type": "Point", "coordinates": [ -0.312783867120743, 5.504937648773193 ] } },
{ "type": "Feature", "properties": { "particle": 1273, "seed_idx": 63, "valid": true }, "geometry": { "type": "Point", "coordinates": [ -0.313030987977982, 5.50454568862915 ] } },
{ "type": "Feature", "properties": { "particle": 1274, "seed_idx": 63, "valid": true }, "geometry": { "type": "Point", "coordinates": [ -0.31298640370369, 5.504777431488037 ] } },
{ "type": "Feature", "properties": { "particle": 1275, "seed_idx": 63, "valid": true }, "geometry": { "type": "Point", "coordinates": [ -0.312626093626022, 5.504971981048584 ] } },
{ "type": "Feature", "properties": { "particle": 1276, "seed_idx": 63, "valid": true }, "geometry": { "type": "Point", "coordinates": [ -0.312250822782516, 5.504799842834473 ] } },
{ "type": "Feature", "properties": { "particle": 1277, "seed_idx": 63, "valid": true }, "geometry": { "type": "Point", "coordinates": [ -0.31298291683197, 5.504725456237793 ] } },
{ "type": "Feature", "properties": { "particle": 1278, "seed_idx": 63, "valid": true }, "geometry": { "type": "Point", "coordinates": [ -0.312451362609863, 5.504900455474854 ] } },
{ "type": "Feature", "properties": { "particle": 1279, "seed_idx": 63, "valid": true }, "geometry": { "type": "Point", "coordinates": [ -0.312866717576981, 5.504442691802979 ] } },
{ "type": "Feature", "properties": { "particle": 1280, "seed_idx": 64, "valid": true }, "geometry": { "type": "Point", "coordinates": [ -0.312373548746109, 5.504844188690186 ] } },
{ "type": "Feature", "properties": { "particle": 1281, "seed_idx": 64, "valid": true }, "geometry": { "type": "Point", "coordinates": [ -0.312404841184616, 5.504838943481445 ] } },
{ "type": "Feature", "properties": { "particle": 1282, "seed_idx": 64, "valid": true }, "geometry": { "type": "Point", "coordinates": [ -0.312988579273224, 5.504310607910156 ] } },
{ "type": "Feature", "properties": { "particle": 1283, "seed_idx": 64, "valid": true }, "geometry": { "type": "Point", "coordinates": [ -0.312442153692245, 5.50481653213501 ] } },
{ "type": "Feature", "properties": { "particle": 1284, "seed_idx": 64, "valid": true }, "geometry": { "type": "Point", "coordinates": [ -0.312986254692078, 5.50472354888916 ] } },
{ "type": "Feature", "properties": { "particle": 1285, "seed_idx": 64, "valid": true }, "geometry": { "type": "Point", "coordinates": [ -0.313070952892303, 5.504776477813721 ] } },
{ "type": "Feature", "properties": { "particle": 1286, "seed_idx": 64, "valid": true }, "geometry": { "type": "Point", "coordinates": [ -0.312755882740021, 5.504740238189697 ] } },
{ "type": "Feature", "properties": { "particle": 1287, "seed_idx": 64, "valid": true }, "geometry": { "type": "Point", "coordinates": [ -0.312602251768112, 5.504786014556885 ] } },
{ "type": "Feature", "properties": { "particle": 1288, "seed_idx": 64, "valid": true }, "geometry": { "type": "Point", "coordinates": [ -0.313412249088287, 5.503859043121338 ] } },
{ "type": "Feature", "properties": { "particle": 1289, "seed_idx": 64, "valid": true }, "geometry": { "type": "Point", "coordinates": [ -0.312551617622375, 5.504838943481445 ] } },
{ "type": "Feature", "properties": { "particle": 1290, "seed_idx": 64, "valid": true }, "geometry": { "type": "Point", "coordinates": [ -0.31291139125824, 5.504687786102295 ] } },
{ "type": "Feature", "properties": { "particle": 1291, "seed_idx": 64, "valid": true }, "geometry": { "type": "Point", "coordinates": [ -0.312516540288925, 5.504777431488037 ] } },
{ "type": "Feature", "properties": { "particle": 1292, "seed_idx": 64, "valid": true }, "geometry": { "type": "Point", "coordinates": [ -0.31280043721199, 5.50485897064209 ] } },
{ "type": "Feature", "properties": { "particle": 1293, "seed_idx": 64, "valid": true }, "geometry": { "type": "Point", "coordinates": [ -0.312821239233017, 5.504261016845703 ] } },
{ "type": "Feature", "properties": { "particle": 1294, "seed_idx": 64, "valid": true }, "geometry": { "type": "Point", "coordinates": [ -0.322717785835266, 5.50836706161499 ] } },
{ "type": "Feature", "properties": { "particle": 1295, "seed_idx": 64, "valid": true }, "geometry": { "type": "Point", "coordinates": [ -0.313077867031097, 5.504860401153564 ] } },
{ "type": "Feature", "properties": { "particle": 1296, "seed_idx": 64, "valid": true }, "geometry": { "type": "Point", "coordinates": [ -0.312989920377731, 5.504594326019287 ] } },
{ "type": "Feature", "properties": { "particle": 1297, "seed_idx": 64, "valid": true }, "geometry": { "type": "Point", "coordinates": [ -0.312672048807144, 5.504374980926514 ] } },
{ "type": "Feature", "properties": { "particle": 1298, "seed_idx": 64, "valid": true }, "geometry": { "type": "Point", "coordinates": [ -0.312964797019958, 5.504687786102295 ] } },
{ "type": "Feature", "properties": { "particle": 1299, "seed_idx": 64, "valid": true }, "geometry": { "type": "Point", "coordinates": [ -0.312990456819534, 5.504539966583252 ] } },
{ "type": "Feature", "properties": { "particle": 1300, "seed_idx": 65, "valid": true }, "geometry": { "type": "Point", "coordinates": [ -0.311863481998444, 5.505462169647217 ] } },
{ "type": "Feature", "properties": { "particle": 1301, "seed_idx": 65, "valid": true }, "geometry": { "type": "Point", "coordinates": [ -0.312725245952606, 5.504899978637695 ] } },
{ "type": "Feature", "properties": { "particle": 1302, "seed_idx": 65, "valid": true }, "geometry": { "type": "Point", "coordinates": [ -0.312383025884628, 5.504934787750244 ] } },
{ "type": "Feature", "properties": { "particle": 1303, "seed_idx": 65, "valid": true }, "geometry": { "type": "Point", "coordinates": [ -0.312671333551407, 5.504781246185303 ] } },
{ "type": "Feature", "properties": { "particle": 1304, "seed_idx": 65, "valid": true }, "geometry": { "type": "Point", "coordinates": [ -0.312034785747528, 5.505743026733398 ] } },
{ "type": "Feature", "properties": { "particle": 1305, "seed_idx": 65, "valid": true }, "geometry": { "type": "Point", "coordinates": [ -0.312167227268219, 5.504985809326172 ] } },
{ "type": "Feature", "properties": { "particle": 1306, "seed_idx": 65, "valid": true }, "geometry": { "type": "Point", "coordinates": [ -0.312786847352982, 5.504559516906738 ] } },
{ "type": "Feature", "properties": { "particle": 1307, "seed_idx": 65, "valid": true }, "geometry": { "type": "Point", "coordinates": [ -0.311860889196396, 5.505383014678955 ] } },
{ "type": "Feature", "properties": { "particle": 1308, "seed_idx": 65, "valid": true }, "geometry": { "type": "Point", "coordinates": [ -0.311804980039597, 5.50541877746582 ] } },
{ "type": "Feature", "properties": { "particle": 1309, "seed_idx": 65, "valid": true }, "geometry": { "type": "Point", "coordinates": [ -0.312765926122665, 5.504744529724121 ] } },
{ "type": "Feature", "properties": { "particle": 1310, "seed_idx": 65, "valid": true }, "geometry": { "type": "Point", "coordinates": [ -0.312875777482986, 5.504878044128418 ] } },
{ "type": "Feature", "properties": { "particle": 1311, "seed_idx": 65, "valid": true }, "geometry": { "type": "Point", "coordinates": [ -0.311940133571625, 5.505344390869141 ] } },
{ "type": "Feature", "properties": { "particle": 1312, "seed_idx": 65, "valid": true }, "geometry": { "type": "Point", "coordinates": [ -0.312249302864075, 5.504920959472656 ] } },
{ "type": "Feature", "properties": { "particle": 1313, "seed_idx": 65, "valid": true }, "geometry": { "type": "Point", "coordinates": [ -0.312864124774933, 5.504868507385254 ] } },
{ "type": "Feature", "properties": { "particle": 1314, "seed_idx": 65, "valid": true }, "geometry": { "type": "Point", "coordinates": [ -0.312296718358994, 5.504858016967773 ] } },
{ "type": "Feature", "properties": { "particle": 1315, "seed_idx": 65, "valid": true }, "geometry": { "type": "Point", "coordinates": [ -0.311989486217499, 5.505108833312988 ] } },
{ "type": "Feature", "properties": { "particle": 1316, "seed_idx": 65, "valid": true }, "geometry": { "type": "Point", "coordinates": [ -0.311924248933792, 5.505394458770752 ] } },
{ "type": "Feature", "properties": { "particle": 1317, "seed_idx": 65, "valid": true }, "geometry": { "type": "Point", "coordinates": [ -0.311953186988831, 5.50532341003418 ] } },
{ "type": "Feature", "properties": { "particle": 1318, "seed_idx": 65, "valid": true }, "geometry": { "type": "Point", "coordinates": [ -0.312941431999207, 5.504609107971191 ] } },
{ "type": "Feature", "properties": { "particle": 1319, "seed_idx": 65, "valid": true }, "geometry": { "type": "Point", "coordinates": [ -0.311815291643143, 5.504927635192871 ] } },
{ "type": "Feature", "properties": { "particle": 1320, "seed_idx": 66, "valid": true }, "geometry": { "type": "Point", "coordinates": [ -0.312493354082108, 5.50482702255249 ] } },
{ "type": "Feature", "properties": { "particle": 1321, "seed_idx": 66, "valid": true }, "geometry": { "type": "Point", "coordinates": [ -0.311830222606659, 5.505516052246094 ] } },
{ "type": "Feature", "properties": { "particle": 1322, "seed_idx": 66, "valid": true }, "geometry": { "type": "Point", "coordinates": [ -0.312583804130554, 5.504839897155762 ] } },
{ "type": "Feature", "properties": { "particle": 1323, "seed_idx": 66, "valid": true }, "geometry": { "type": "Point", "coordinates": [ -0.312489688396454, 5.50483512878418 ] } },
{ "type": "Feature", "properties": { "particle": 1324, "seed_idx": 66, "valid": true }, "geometry": { "type": "Point", "coordinates": [ -0.313016027212143, 5.506607055664062 ] } },
{ "type": "Feature", "properties": { "particle": 1325, "seed_idx": 66, "valid": true }, "geometry": { "type": "Point", "coordinates": [ -0.311805963516235, 5.505051136016846 ] } },
{ "type": "Feature", "properties": { "particle": 1326, "seed_idx": 66, "valid": true }, "geometry": { "type": "Point", "coordinates": [ -0.311869770288467, 5.505009651184082 ] } },
{ "type": "Feature", "properties": { "particle": 1327, "seed_idx": 66, "valid": true }, "geometry": { "type": "Point", "coordinates": [ -0.312693625688553, 5.506383895874023 ] } },
{ "type": "Feature", "properties": { "particle": 1328, "seed_idx": 66, "valid": true }, "geometry": { "type": "Point", "coordinates": [ -0.311952143907547, 5.505356311798096 ] } },
{ "type": "Feature", "properties": { "particle": 1329, "seed_idx": 66, "valid": true }, "geometry": { "type": "Point", "coordinates": [ -0.3121457695961, 5.50490140914917 ] } },
{ "type": "Feature", "properties": { "particle": 1330, "seed_idx": 66, "valid": true }, "geometry": { "type": "Point", "coordinates": [ -0.312990695238113, 5.506618976593018 ] } },
{ "type": "Feature", "properties": { "particle": 1331, "seed_idx": 66, "valid": true }, "geometry": { "type": "Point", "coordinates": [ -0.312670052051544, 5.504825592041016 ] } },
{ "type": "Feature", "properties": { "particle": 1332, "seed_idx": 66, "valid": true }, "geometry": { "type": "Point", "coordinates": [ -0.312990427017212, 5.506429672241211 ] } },
{ "type": "Feature", "properties": { "particle": 1333, "seed_idx": 66, "valid": true }, "geometry": { "type": "Point", "coordinates": [ -0.31181275844574, 5.505224704742432 ] } },
{ "type": "Feature", "properties": { "particle": 1334, "seed_idx": 66, "valid": true }, "geometry": { "type": "Point", "coordinates": [ -0.312126338481903, 5.50492000579834 ] } },
{ "type": "Feature", "properties": { "particle": 1335, "seed_idx": 66, "valid": true }, "geometry": { "type": "Point", "coordinates": [ -0.311917304992676, 5.505560874938965 ] } },
{ "type": "Feature", "properties": { "particle": 1336, "seed_idx": 66, "valid": true }, "geometry": { "type": "Point", "coordinates": [ -0.312067449092865, 5.505820751190186 ] } },
{ "type": "Feature", "properties": { "particle": 1337, "seed_idx": 66, "valid": true }, "geometry": { "type": "Point", "coordinates": [ -0.312021046876907, 5.505558967590332 ] } },
{ "type": "Feature", "properties": { "particle": 1338, "seed_idx": 66, "valid": true }, "geometry": { "type": "Point", "coordinates": [ -0.312069177627563, 5.505422592163086 ] } },
{ "type": "Feature", "properties": { "particle": 1339, "seed_idx": 66, "valid": true }, "geometry": { "type": "Point", "coordinates": [ -0.311961084604263, 5.505161762237549 ] } },
{ "type": "Feature", "properties": { "particle": 1340, "seed_idx": 67, "valid": true }, "geometry": { "type": "Point", "coordinates": [ -0.312714397907257, 5.506161689758301 ] } },
{ "type": "Feature", "properties": { "particle": 1341, "seed_idx": 67, "valid": true }, "geometry": { "type": "Point", "coordinates": [ -0.31299152970314, 5.506564617156982 ] } },
{ "type": "Feature", "properties": { "particle": 1342, "seed_idx": 67, "valid": true }, "geometry": { "type": "Point", "coordinates": [ -0.312702864408493, 5.504768371582031 ] } },
{ "type": "Feature", "properties": { "particle": 1343, "seed_idx": 67, "valid": true }, "geometry": { "type": "Point", "coordinates": [ -0.316974103450775, 5.509828567504883 ] } },
{ "type": "Feature", "properties": { "particle": 1344, "seed_idx": 67, "valid": true }, "geometry": { "type": "Point", "coordinates": [ -0.312039077281952, 5.505458831787109 ] } },
{ "type": "Feature", "properties": { "particle": 1345, "seed_idx": 67, "valid": true }, "geometry": { "type": "Point", "coordinates": [ -0.318851262331009, 5.509954929351807 ] } },
{ "type": "Feature", "properties": { "particle": 1346, "seed_idx": 67, "valid": true }, "geometry": { "type": "Point", "coordinates": [ -0.31305131316185, 5.506837844848633 ] } },
{ "type": "Feature", "properties": { "particle": 1347, "seed_idx": 67, "valid": true }, "geometry": { "type": "Point", "coordinates": [ -0.312989741563797, 5.506548404693604 ] } },
{ "type": "Feature", "properties": { "particle": 1348, "seed_idx": 67, "valid": true }, "geometry": { "type": "Point", "coordinates": [ -0.317043334245682, 5.509850978851318 ] } },
{ "type": "Feature", "properties": { "particle": 1349, "seed_idx": 67, "valid": true }, "geometry": { "type": "Point", "coordinates": [ -0.312035501003265, 5.505899906158447 ] } },
{ "type": "Feature", "properties": { "particle": 1350, "seed_idx": 67, "valid": true }, "geometry": { "type": "Point", "coordinates": [ -0.312836706638336, 5.506491184234619 ] } },
{ "type": "Feature", "properties": { "particle": 1351, "seed_idx": 67, "valid": true }, "geometry": { "type": "Point", "coordinates": [ -0.318909645080566, 5.509660720825195 ] } },
{ "type": "Feature", "properties": { "particle": 1352, "seed_idx": 67, "valid": true }, "geometry": { "type": "Point", "coordinates": [ -0.313009560108185, 5.506810188293457 ] } },
{ "type": "Feature", "properties": { "particle": 1353, "seed_idx": 67, "valid": true }, "geometry": { "type": "Point", "coordinates": [ -0.312977254390717, 5.506491661071777 ] } },
{ "type": "Feature", "properties": { "particle": 1354, "seed_idx": 67, "valid": true }, "geometry": { "type": "Point", "coordinates": [ -0.311992526054382, 5.505594253540039 ] } },
{ "type": "Feature", "properties": { "particle": 1355, "seed_idx": 67, "valid": true }, "geometry": { "type": "Point", "coordinates": [ -0.31268447637558, 5.506519317626953 ] } },
{ "type": "Feature", "properties": { "particle": 1356, "seed_idx": 67, "valid": true }, "geometry": { "type": "Point", "coordinates": [ -0.31302085518837, 5.506793975830078 ] } },
{ "type": "Feature", "properties": { "particle": 1357, "seed_idx": 67, "valid": true }, "geometry": { "type": "Point", "coordinates": [ -0.311861157417297, 5.505652904510498 ] } },
{ "type": "Feature", "properties": { "particle": 1358, "seed_idx": 67, "valid": true }, "geometry": { "type": "Point", "coordinates": [ -0.312988311052322, 5.506628513336182 ] } },
{ "type": "Feature", "properties": { "particle": 1359, "seed_idx": 67, "valid": true }, "geometry": { "type": "Point", "coordinates": [ -0.317286431789398, 5.509759902954102 ] } },
{ "type": "Feature", "properties": { "particle": 1360, "seed_idx": 68, "valid": true }, "geometry": { "type": "Point", "coordinates": [ -0.316312104463577, 5.509870052337646 ] } },
{ "type": "Feature", "properties": { "particle": 1361, "seed_idx": 68, "valid": true }, "geometry": { "type": "Point", "coordinates": [ -0.312879920005798, 5.506516456604004 ] } },
{ "type": "Feature", "properties": { "particle": 1362, "seed_idx": 68, "valid": true }, "geometry": { "type": "Point", "coordinates": [ -0.316773355007172, 5.509893894195557 ] } },
{ "type": "Feature", "properties": { "particle": 1363, "seed_idx": 68, "valid": true }, "geometry": { "type": "Point", "coordinates": [ -0.316843271255493, 5.509778499603271 ] } },
{ "type": "Feature", "properties": { "particle": 1364, "seed_idx": 68, "valid": true }, "geometry": { "type": "Point", "coordinates": [ -0.316209375858307, 5.509915351867676 ] } },
{ "type": "Feature", "properties": { "particle": 1365, "seed_idx": 68, "valid": true }, "geometry": { "type": "Point", "coordinates": [ -0.318187236785889, 5.509949684143066 ] } },
{ "type": "Feature", "properties": { "particle": 1366, "seed_idx": 68, "valid": true }, "geometry": { "type": "Point", "coordinates": [ -0.317031383514404, 5.509757041931152 ] } },
{ "type": "Feature", "properties": { "particle": 1367, "seed_idx": 68, "valid": true }, "geometry": { "type": "Point", "coordinates": [ -0.31286957859993, 5.506625175476074 ] } },
{ "type": "Feature", "properties": { "particle": 1368, "seed_idx": 68, "valid": true }, "geometry": { "type": "Point", "coordinates": [ -0.317523747682571, 5.509765625 ] } },
{ "type": "Feature", "properties": { "particle": 1369, "seed_idx": 68, "valid": true }, "geometry": { "type": "Point", "coordinates": [ -0.317476063966751, 5.509793758392334 ] } },
{ "type": "Feature", "properties": { "particle": 1370, "seed_idx": 68, "valid": true }, "geometry": { "type": "Point", "coordinates": [ -0.31867840886116, 5.509831428527832 ] } },
{ "type": "Feature", "properties": { "particle": 1371, "seed_idx": 68, "valid": true }, "geometry": { "type": "Point", "coordinates": [ -0.312974035739899, 5.506531715393066 ] } },
{ "type": "Feature", "properties": { "particle": 1372, "seed_idx": 68, "valid": true }, "geometry": { "type": "Point", "coordinates": [ -0.317646145820618, 5.509819507598877 ] } },
{ "type": "Feature", "properties": { "particle": 1373, "seed_idx": 68, "valid": true }, "geometry": { "type": "Point", "coordinates": [ -0.316313147544861, 5.509842395782471 ] } },
{ "type": "Feature", "properties": { "particle": 1374, "seed_idx": 68, "valid": true }, "geometry": { "type": "Point", "coordinates": [ -0.317479610443115, 5.509888172149658 ] } },
{ "type": "Feature", "properties": { "particle": 1375, "seed_idx": 68, "valid": true }, "geometry": { "type": "Point", "coordinates": [ -0.316708028316498, 5.509952545166016 ] } },
{ "type": "Feature", "properties": { "particle": 1376, "seed_idx": 68, "valid": true }, "geometry": { "type": "Point", "coordinates": [ -0.317646771669388, 5.509773731231689 ] } },
{ "type": "Feature", "properties": { "particle": 1377, "seed_idx": 68, "valid": true }, "geometry": { "type": "Point", "coordinates": [ -0.318484485149384, 5.509860992431641 ] } },
{ "type": "Feature", "properties": { "particle": 1378, "seed_idx": 68, "valid": true }, "geometry": { "type": "Point", "coordinates": [ -0.316832512617111, 5.509757518768311 ] } },
{ "type": "Feature", "properties": { "particle": 1379, "seed_idx": 68, "valid": true }, "geometry": { "type": "Point", "coordinates": [ -0.316394925117493, 5.509777069091797 ] } },
{ "type": "Feature", "properties": { "particle": 1380, "seed_idx": 69, "valid": true }, "geometry": { "type": "Point", "coordinates": [ -0.318640530109406, 5.509824275970459 ] } },
{ "type": "Feature", "properties": { "particle": 1381, "seed_idx": 69, "valid": true }, "geometry": { "type": "Point", "coordinates": [ -0.31892254948616, 5.509881973266602 ] } },
{ "type": "Feature", "properties": { "particle": 1382, "seed_idx": 69, "valid": true }, "geometry": { "type": "Point", "coordinates": [ -0.317255526781082, 5.50978946685791 ] } },
{ "type": "Feature", "properties": { "particle": 1383, "seed_idx": 69, "valid": true }, "geometry": { "type": "Point", "coordinates": [ -0.316063463687897, 5.510301113128662 ] } },
{ "type": "Feature", "properties": { "particle": 1384, "seed_idx": 69, "valid": true }, "geometry": { "type": "Point", "coordinates": [ -0.316550850868225, 5.509885311126709 ] } },
{ "type": "Feature", "properties": { "particle": 1385, "seed_idx": 69, "valid": true }, "geometry": { "type": "Point", "coordinates": [ -0.317425757646561, 5.509753227233887 ] } },
{ "type": "Feature", "properties": { "particle": 1386, "seed_idx": 69, "valid": true }, "geometry": { "type": "Point", "coordinates": [ -0.316693633794785, 5.509862422943115 ] } },
{ "type": "Feature", "properties": { "particle": 1387, "seed_idx": 69, "valid": true }, "geometry": { "type": "Point", "coordinates": [ -0.316386342048645, 5.509874820709229 ] } },
{ "type": "Feature", "properties": { "particle": 1388, "seed_idx": 69, "valid": true }, "geometry": { "type": "Point", "coordinates": [ -0.317312568426132, 5.509886264801025 ] } },
{ "type": "Feature", "properties": { "particle": 1389, "seed_idx": 69, "valid": true }, "geometry": { "type": "Point", "coordinates": [ -0.316719233989716, 5.509871959686279 ] } },
{ "type": "Feature", "properties": { "particle": 1390, "seed_idx": 69, "valid": true }, "geometry": { "type": "Point", "coordinates": [ -0.31727010011673, 5.509867191314697 ] } },
{ "type": "Feature", "properties": { "particle": 1391, "seed_idx": 69, "valid": true }, "geometry": { "type": "Point", "coordinates": [ -0.318778872489929, 5.5095534324646 ] } },
{ "type": "Feature", "properties": { "particle": 1392, "seed_idx": 69, "valid": true }, "geometry": { "type": "Point", "coordinates": [ -0.316944062709808, 5.509902000427246 ] } },
{ "type": "Feature", "properties": { "particle": 1393, "seed_idx": 69, "valid": true }, "geometry": { "type": "Point", "coordinates": [ -0.31875815987587, 5.509670257568359 ] } },
{ "type": "Feature", "properties": { "particle": 1394, "seed_idx": 69, "valid": true }, "geometry": { "type": "Point", "coordinates": [ -0.316644459962845, 5.509906768798828 ] } },
{ "type": "Feature", "properties": { "particle": 1395, "seed_idx": 69, "valid": true }, "geometry": { "type": "Point", "coordinates": [ -0.313077598810196, 5.506842613220215 ] } },
{ "type": "Feature", "properties": { "particle": 1396, "seed_idx": 69, "valid": true }, "geometry": { "type": "Point", "coordinates": [ -0.318693459033966, 5.509909152984619 ] } },
{ "type": "Feature", "properties": { "particle": 1397, "seed_idx": 69, "valid": true }, "geometry": { "type": "Point", "coordinates": [ -0.318051218986511, 5.509856700897217 ] } },
{ "type": "Feature", "properties": { "particle": 1398, "seed_idx": 69, "valid": true }, "geometry": { "type": "Point", "coordinates": [ -0.31815379858017, 5.50977611541748 ] } },
{ "type": "Feature", "properties": { "particle": 1399, "seed_idx": 69, "valid": true }, "geometry": { "type": "Point", "coordinates": [ -0.31757977604866, 5.509902954101562 ] } },
{ "type": "Feature", "properties": { "particle": 1400, "seed_idx": 70, "valid": true }, "geometry": { "type": "Point", "coordinates": [ -0.31407904624939, 5.510156631469727 ] } },
{ "type": "Feature", "properties": { "particle": 1401, "seed_idx": 70, "valid": true }, "geometry": { "type": "Point", "coordinates": [ -0.31592470407486, 5.510198593139648 ] } },
{ "type": "Feature", "properties": { "particle": 1402, "seed_idx": 70, "valid": true }, "geometry": { "type": "Point", "coordinates": [ -0.308369636535645, 5.506921768188477 ] } },
{ "type": "Feature", "properties": { "particle": 1403, "seed_idx": 70, "valid": true }, "geometry": { "type": "Point", "coordinates": [ -0.315793067216873, 5.510280609130859 ] } },
{ "type": "Feature", "properties": { "particle": 1404, "seed_idx": 70, "valid": true }, "geometry": { "type": "Point", "coordinates": [ -0.318039655685425, 5.509692668914795 ] } },
{ "type": "Feature", "properties": { "particle": 1405, "seed_idx": 70, "valid": true }, "geometry": { "type": "Point", "coordinates": [ -0.315080344676971, 5.509653091430664 ] } },
{ "type": "Feature", "properties": { "particle": 1406, "seed_idx": 70, "valid": true }, "geometry": { "type": "Point", "coordinates": [ -0.315745681524277, 5.510355949401855 ] } },
{ "type": "Feature", "properties": { "particle": 1407, "seed_idx": 70, "valid": true }, "geometry": { "type": "Point", "coordinates": [ -0.315813779830933, 5.510165691375732 ] } },
{ "type": "Feature", "properties": { "particle": 1408, "seed_idx": 70, "valid": true }, "geometry": { "type": "Point", "coordinates": [ -0.315930962562561, 5.510321617126465 ] } },
{ "type": "Feature", "properties": { "particle": 1409, "seed_idx": 70, "valid": true }, "geometry": { "type": "Point", "coordinates": [ -0.314720124006271, 5.509640693664551 ] } },
{ "type": "Feature", "properties": { "particle": 1410, "seed_idx": 70, "valid": true }, "geometry": { "type": "Point", "coordinates": [ -0.315798550844193, 5.510376930236816 ] } },
{ "type": "Feature", "properties": { "particle": 1411, "seed_idx": 70, "valid": true }, "geometry": { "type": "Point", "coordinates": [ -0.315971165895462, 5.510136604309082 ] } },
{ "type": "Feature", "properties": { "particle": 1412, "seed_idx": 70, "valid": true }, "geometry": { "type": "Point", "coordinates": [ -0.314537912607193, 5.509872913360596 ] } },
{ "type": "Feature", "properties": { "particle": 1413, "seed_idx": 70, "valid": true }, "geometry": { "type": "Point", "coordinates": [ -0.313903659582138, 5.510075569152832 ] } },
{ "type": "Feature", "properties": { "particle": 1414, "seed_idx": 70, "valid": true }, "geometry": { "type": "Point", "coordinates": [ -0.313982635736465, 5.510193347930908 ] } },
{ "type": "Feature", "properties": { "particle": 1415, "seed_idx": 70, "valid": true }, "geometry": { "type": "Point", "coordinates": [ -0.316594928503036, 5.509868144989014 ] } },
{ "type": "Feature", "properties": { "particle": 1416, "seed_idx": 70, "valid": true }, "geometry": { "type": "Point", "coordinates": [ -0.31593269109726, 5.510348320007324 ] } },
{ "type": "Feature", "properties": { "particle": 1417, "seed_idx": 70, "valid": true }, "geometry": { "type": "Point", "coordinates": [ -0.315354019403458, 5.510221004486084 ] } },
{ "type": "Feature", "properties": { "particle": 1418, "seed_idx": 70, "valid": true }, "geometry": { "type": "Point", "coordinates": [ -0.31507870554924, 5.509598255157471 ] } },
{ "type": "Feature", "properties": { "particle": 1419, "seed_idx": 70, "valid": true }, "geometry": { "type": "Point", "coordinates": [ -0.312684386968613, 5.509344100952148 ] } },
{ "type": "Feature", "properties": { "particle": 1420, "seed_idx": 71, "valid": true }, "geometry": { "type": "Point", "coordinates": [ -0.313964426517487, 5.510107040405273 ] } },
{ "type": "Feature", "properties": { "particle": 1421, "seed_idx": 71, "valid": true }, "geometry": { "type": "Point", "coordinates": [ -0.313850790262222, 5.510192394256592 ] } },
{ "type": "Feature", "properties": { "particle": 1422, "seed_idx": 71, "valid": true }, "geometry": { "type": "Point", "coordinates": [ -0.307950556278229, 5.507137775421143 ] } },
{ "type": "Feature", "properties": { "particle": 1423, "seed_idx": 71, "valid": true }, "geometry": { "type": "Point", "coordinates": [ -0.313846915960312, 5.510121822357178 ] } },
{ "type": "Feature", "properties": { "particle": 1424, "seed_idx": 71, "valid": true }, "geometry": { "type": "Point", "coordinates": [ -0.314849466085434, 5.509945392608643 ] } },
{ "type": "Feature", "properties": { "particle": 1425, "seed_idx": 71, "valid": true }, "geometry": { "type": "Point", "coordinates": [ -0.313806533813477, 5.510209560394287 ] } },
{ "type": "Feature", "properties": { "particle": 1426, "seed_idx": 71, "valid": true }, "geometry": { "type": "Point", "coordinates": [ -0.308230847120285, 5.506829261779785 ] } },
{ "type": "Feature", "properties": { "particle": 1427, "seed_idx": 71, "valid": true }, "geometry": { "type": "Point", "coordinates": [ -0.307868331670761, 5.507182121276855 ] } },
{ "type": "Feature", "properties": { "particle": 1428, "seed_idx": 71, "valid": true }, "geometry": { "type": "Point", "coordinates": [ -0.314702928066254, 5.509833812713623 ] } },
{ "type": "Feature", "properties": { "particle": 1429, "seed_idx": 71, "valid": true }, "geometry": { "type": "Point", "coordinates": [ -0.313818633556366, 5.509795188903809 ] } },
{ "type": "Feature", "properties": { "particle": 1430, "seed_idx": 71, "valid": true }, "geometry": { "type": "Point", "coordinates": [ -0.314465969800949, 5.509868621826172 ] } },
{ "type": "Feature", "properties": { "particle": 1431, "seed_idx": 71, "valid": true }, "geometry": { "type": "Point", "coordinates": [ -0.308018118143082, 5.507106781005859 ] } },
{ "type": "Feature", "properties": { "particle": 1432, "seed_idx": 71, "valid": true }, "geometry": { "type": "Point", "coordinates": [ -0.308477610349655, 5.506964206695557 ] } },
{ "type": "Feature", "properties": { "particle": 1433, "seed_idx": 71, "valid": true }, "geometry": { "type": "Point", "coordinates": [ -0.314024329185486, 5.510085582733154 ] } },
{ "type": "Feature", "properties": { "particle": 1434, "seed_idx": 71, "valid": true }, "geometry": { "type": "Point", "coordinates": [ -0.314887315034866, 5.509941101074219 ] } },
{ "type": "Feature", "properties": { "particle": 1435, "seed_idx": 71, "valid": true }, "geometry": { "type": "Point", "coordinates": [ -0.308167636394501, 5.506875514984131 ] } },
{ "type": "Feature", "properties": { "particle": 1436, "seed_idx": 71, "valid": true }, "geometry": { "type": "Point", "coordinates": [ -0.314217269420624, 5.509652137756348 ] } },
{ "type": "Feature", "properties": { "particle": 1437, "seed_idx": 71, "valid": true }, "geometry": { "type": "Point", "coordinates": [ -0.308410942554474, 5.506807327270508 ] } },
{ "type": "Feature", "properties": { "particle": 1438, "seed_idx": 71, "valid": true }, "geometry": { "type": "Point", "coordinates": [ -0.310854345560074, 5.507771968841553 ] } },
{ "type": "Feature", "properties": { "particle": 1439, "seed_idx": 71, "valid": true }, "geometry": { "type": "Point", "coordinates": [ -0.316051304340363, 5.510785102844238 ] } },
{ "type": "Feature", "properties": { "particle": 1440, "seed_idx": 72, "valid": true }, "geometry": { "type": "Point", "coordinates": [ -0.308109760284424, 5.507946491241455 ] } },
{ "type": "Feature", "properties": { "particle": 1441, "seed_idx": 72, "valid": true }, "geometry": { "type": "Point", "coordinates": [ -0.306913614273071, 5.507786273956299 ] } },
{ "type": "Feature", "properties": { "particle": 1442, "seed_idx": 72, "valid": true }, "geometry": { "type": "Point", "coordinates": [ -0.307252943515778, 5.507840156555176 ] } },
{ "type": "Feature", "properties": { "particle": 1443, "seed_idx": 72, "valid": true }, "geometry": { "type": "Point", "coordinates": [ -0.307747840881348, 5.50791072845459 ] } },
{ "type": "Feature", "properties": { "particle": 1444, "seed_idx": 72, "valid": true }, "geometry": { "type": "Point", "coordinates": [ -0.30759984254837, 5.507739543914795 ] } },
{ "type": "Feature", "properties": { "particle": 1445, "seed_idx": 72, "valid": true }, "geometry": { "type": "Point", "coordinates": [ -0.307770967483521, 5.507875919342041 ] } },
{ "type": "Feature", "properties": { "particle": 1446, "seed_idx": 72, "valid": true }, "geometry": { "type": "Point", "coordinates": [ -0.307631760835648, 5.507754325866699 ] } },
{ "type": "Feature", "properties": { "particle": 1447, "seed_idx": 72, "valid": true }, "geometry": { "type": "Point", "coordinates": [ -0.307555049657822, 5.5078444480896 ] } },
{ "type": "Feature", "properties": { "particle": 1448, "seed_idx": 72, "valid": true }, "geometry": { "type": "Point", "coordinates": [ -0.307897001504898, 5.50784969329834 ] } },
{ "type": "Feature", "properties": { "particle": 1449, "seed_idx": 72, "valid": true }, "geometry": { "type": "Point", "coordinates": [ -0.307811468839645, 5.507493019104004 ] } },
{ "type": "Feature", "properties": { "particle": 1450, "seed_idx": 72, "valid": true }, "geometry": { "type": "Point", "coordinates": [ -0.306897521018982, 5.507782936096191 ] } },
{ "type": "Feature", "properties": { "particle": 1451, "seed_idx": 72, "valid": true }, "geometry": { "type": "Point", "coordinates": [ -0.307496309280396, 5.507889270782471 ] } },
{ "type": "Feature", "properties": { "particle": 1452, "seed_idx": 72, "valid": true }, "geometry": { "type": "Point", "coordinates": [ -0.307839781045914, 5.507888793945312 ] } },
{ "type": "Feature", "properties": { "particle": 1453, "seed_idx": 72, "valid": true }, "geometry": { "type": "Point", "coordinates": [ -0.307684808969498, 5.507921695709229 ] } },
{ "type": "Feature", "properties": { "particle": 1454, "seed_idx": 72, "valid": true }, "geometry": { "type": "Point", "coordinates": [ -0.308063417673111, 5.50792932510376 ] } },
{ "type": "Feature", "properties": { "particle": 1455, "seed_idx": 72, "valid": true }, "geometry": { "type": "Point", "coordinates": [ -0.307988822460175, 5.507730007171631 ] } },
{ "type": "Feature", "properties": { "particle": 1456, "seed_idx": 72, "valid": true }, "geometry": { "type": "Point", "coordinates": [ -0.308101445436478, 5.507868766784668 ] } },
{ "type": "Feature", "properties": { "particle": 1457, "seed_idx": 72, "valid": true }, "geometry": { "type": "Point", "coordinates": [ -0.307626247406006, 5.507892608642578 ] } },
{ "type": "Feature", "properties": { "particle": 1458, "seed_idx": 72, "valid": true }, "geometry": { "type": "Point", "coordinates": [ -0.307875573635101, 5.507291793823242 ] } },
{ "type": "Feature", "properties": { "particle": 1459, "seed_idx": 72, "valid": true }, "geometry": { "type": "Point", "coordinates": [ -0.307818472385406, 5.507851600646973 ] } },
{ "type": "Feature", "properties": { "particle": 1460, "seed_idx": 73, "valid": true }, "geometry": { "type": "Point", "coordinates": [ -0.3077033162117, 5.507834434509277 ] } },
{ "type": "Feature", "properties": { "particle": 1461, "seed_idx": 73, "valid": true }, "geometry": { "type": "Point", "coordinates": [ -0.306965947151184, 5.507979393005371 ] } },
{ "type": "Feature", "properties": { "particle": 1462, "seed_idx": 73, "valid": true }, "geometry": { "type": "Point", "coordinates": [ -0.306957811117172, 5.507987022399902 ] } },
{ "type": "Feature", "properties": { "particle": 1463, "seed_idx": 73, "valid": true }, "geometry": { "type": "Point", "coordinates": [ -0.307635068893433, 5.507899284362793 ] } },
{ "type": "Feature", "properties": { "particle": 1464, "seed_idx": 73, "valid": true }, "geometry": { "type": "Point", "coordinates": [ -0.307419329881668, 5.507847785949707 ] } },
{ "type": "Feature", "properties": { "particle": 1465, "seed_idx": 73, "valid": true }, "geometry": { "type": "Point", "coordinates": [ -0.307733684778214, 5.507828712463379 ] } },
{ "type": "Feature", "properties": { "particle": 1466, "seed_idx": 73, "valid": true }, "geometry": { "type": "Point", "coordinates": [ -0.307679295539856, 5.507911682128906 ] } },
{ "type": "Feature", "properties": { "particle": 1467, "seed_idx": 73, "valid": true }, "geometry": { "type": "Point", "coordinates": [ -0.307331413030624, 5.507858276367188 ] } },
{ "type": "Feature", "properties": { "particle": 1468, "seed_idx": 73, "valid": true }, "geometry": { "type": "Point", "coordinates": [ -0.307001173496246, 5.507967472076416 ] } },
{ "type": "Feature", "properties": { "particle": 1469, "seed_idx": 73, "valid": true }, "geometry": { "type": "Point", "coordinates": [ -0.307600140571594, 5.507916450500488 ] } },
{ "type": "Feature", "properties": { "particle": 1470, "seed_idx": 73, "valid": true }, "geometry": { "type": "Point", "coordinates": [ -0.307191967964172, 5.507739543914795 ] } },
{ "type": "Feature", "properties": { "particle": 1471, "seed_idx": 73, "valid": true }, "geometry": { "type": "Point", "coordinates": [ -0.306981235742569, 5.507983684539795 ] } },
{ "type": "Feature", "properties": { "particle": 1472, "seed_idx": 73, "valid": true }, "geometry": { "type": "Point", "coordinates": [ -0.307406842708588, 5.507867336273193 ] } },
{ "type": "Feature", "properties": { "particle": 1473, "seed_idx": 73, "valid": true }, "geometry": { "type": "Point", "coordinates": [ -0.307677358388901, 5.507802963256836 ] } },
{ "type": "Feature", "properties": { "particle": 1474, "seed_idx": 73, "valid": true }, "geometry": { "type": "Point", "coordinates": [ -0.307963222265244, 5.507787227630615 ] } },
{ "type": "Feature", "properties": { "particle": 1475, "seed_idx": 73, "valid": true }, "geometry": { "type": "Point", "coordinates": [ -0.307877242565155, 5.507787704467773 ] } },
{ "type": "Feature", "properties": { "particle": 1476, "seed_idx": 73, "valid": true }, "geometry": { "type": "Point", "coordinates": [ -0.307756543159485, 5.507909774780273 ] } },
{ "type": "Feature", "properties": { "particle": 1477, "seed_idx": 73, "valid": true }, "geometry": { "type": "Point", "coordinates": [ -0.307999730110168, 5.507918834686279 ] } },
{ "type": "Feature", "properties": { "particle": 1478, "seed_idx": 73, "valid": true }, "geometry": { "type": "Point", "coordinates": [ -0.308022528886795, 5.507785797119141 ] } },
{ "type": "Feature", "properties": { "particle": 1479, "seed_idx": 73, "valid": true }, "geometry": { "type": "Point", "coordinates": [ -0.307738721370697, 5.507810592651367 ] } },
{ "type": "Feature", "properties": { "particle": 1480, "seed_idx": 74, "valid": true }, "geometry": { "type": "Point", "coordinates": [ -0.307807743549347, 5.509490013122559 ] } },
{ "type": "Feature", "properties": { "particle": 1481, "seed_idx": 74, "valid": true }, "geometry": { "type": "Point", "coordinates": [ -0.308052957057953, 5.50998592376709 ] } },
{ "type": "Feature", "properties": { "particle": 1482, "seed_idx": 74, "valid": true }, "geometry": { "type": "Point", "coordinates": [ -0.308016985654831, 5.510091781616211 ] } },
{ "type": "Feature", "properties": { "particle": 1483, "seed_idx": 74, "valid": true }, "geometry": { "type": "Point", "coordinates": [ -0.307845294475555, 5.509771823883057 ] } },
{ "type": "Feature", "properties": { "particle": 1484, "seed_idx": 74, "valid": true }, "geometry": { "type": "Point", "coordinates": [ -0.3081114590168, 5.510019302368164 ] } },
{ "type": "Feature", "properties": { "particle": 1485, "seed_idx": 74, "valid": true }, "geometry": { "type": "Point", "coordinates": [ -0.308100402355194, 5.510446071624756 ] } },
{ "type": "Feature", "properties": { "particle": 1486, "seed_idx": 74, "valid": true }, "geometry": { "type": "Point", "coordinates": [ -0.307830661535263, 5.509254455566406 ] } },
{ "type": "Feature", "properties": { "particle": 1487, "seed_idx": 74, "valid": true }, "geometry": { "type": "Point", "coordinates": [ -0.308015167713165, 5.509744167327881 ] } },
{ "type": "Feature", "properties": { "particle": 1488, "seed_idx": 74, "valid": true }, "geometry": { "type": "Point", "coordinates": [ -0.308012932538986, 5.510026454925537 ] } },
{ "type": "Feature", "properties": { "particle": 1489, "seed_idx": 74, "valid": true }, "geometry": { "type": "Point", "coordinates": [ -0.307971864938736, 5.510117053985596 ] } },
{ "type": "Feature", "properties": { "particle": 1490, "seed_idx": 74, "valid": true }, "geometry": { "type": "Point", "coordinates": [ -0.306899011135101, 5.508600234985352 ] } },
{ "type": "Feature", "properties": { "particle": 1491, "seed_idx": 74, "valid": true }, "geometry": { "type": "Point", "coordinates": [ -0.308079659938812, 5.509814262390137 ] } },
{ "type": "Feature", "properties": { "particle": 1492, "seed_idx": 74, "valid": true }, "geometry": { "type": "Point", "coordinates": [ -0.307997584342957, 5.510114669799805 ] } },
{ "type": "Feature", "properties": { "particle": 1493, "seed_idx": 74, "valid": true }, "geometry": { "type": "Point", "coordinates": [ -0.30802646279335, 5.509802341461182 ] } },
{ "type": "Feature", "properties": { "particle": 1494, "seed_idx": 74, "valid": true }, "geometry": { "type": "Point", "coordinates": [ -0.308048784732819, 5.509613513946533 ] } },
{ "type": "Feature", "properties": { "particle": 1495, "seed_idx": 74, "valid": true }, "geometry": { "type": "Point", "coordinates": [ -0.307987600564957, 5.509686470031738 ] } },
{ "type": "Feature", "properties": { "particle": 1496, "seed_idx": 74, "valid": true }, "geometry": { "type": "Point", "coordinates": [ -0.308013647794724, 5.509970188140869 ] } },
{ "type": "Feature", "properties": { "particle": 1497, "seed_idx": 74, "valid": true }, "geometry": { "type": "Point", "coordinates": [ -0.30801796913147, 5.509817123413086 ] } },
{ "type": "Feature", "properties": { "particle": 1498, "seed_idx": 74, "valid": true }, "geometry": { "type": "Point", "coordinates": [ -0.307803422212601, 5.509416580200195 ] } },
{ "type": "Feature", "properties": { "particle": 1499, "seed_idx": 74, "valid": true }, "geometry": { "type": "Point", "coordinates": [ -0.307998389005661, 5.51011848449707 ] } },
{ "type": "Feature", "properties": { "particle": 1500, "seed_idx": 75, "valid": true }, "geometry": { "type": "Point", "coordinates": [ -0.311997085809708, 5.505431175231934 ] } },
{ "type": "Feature", "properties": { "particle": 1501, "seed_idx": 75, "valid": true }, "geometry": { "type": "Point", "coordinates": [ -0.311898499727249, 5.505023956298828 ] } },
{ "type": "Feature", "properties": { "particle": 1502, "seed_idx": 75, "valid": true }, "geometry": { "type": "Point", "coordinates": [ -0.312022030353546, 5.504777908325195 ] } },
{ "type": "Feature", "properties": { "particle": 1503, "seed_idx": 75, "valid": true }, "geometry": { "type": "Point", "coordinates": [ -0.312080502510071, 5.505393028259277 ] } },
{ "type": "Feature", "properties": { "particle": 1504, "seed_idx": 75, "valid": true }, "geometry": { "type": "Point", "coordinates": [ -0.312422841787338, 5.50496244430542 ] } },
{ "type": "Feature", "properties": { "particle": 1505, "seed_idx": 75, "valid": true }, "geometry": { "type": "Point", "coordinates": [ -0.312426209449768, 5.50477933883667 ] } },
{ "type": "Feature", "properties": { "particle": 1506, "seed_idx": 75, "valid": true }, "geometry": { "type": "Point", "coordinates": [ -0.312987506389618, 5.504938125610352 ] } },
{ "type": "Feature", "properties": { "particle": 1507, "seed_idx": 75, "valid": true }, "geometry": { "type": "Point", "coordinates": [ -0.311876803636551, 5.504854202270508 ] } },
{ "type": "Feature", "properties": { "particle": 1508, "seed_idx": 75, "valid": true }, "geometry": { "type": "Point", "coordinates": [ -0.313032329082489, 5.504847049713135 ] } },
{ "type": "Feature", "properties": { "particle": 1509, "seed_idx": 75, "valid": true }, "geometry": { "type": "Point", "coordinates": [ -0.312367230653763, 5.504909992218018 ] } },
{ "type": "Feature", "properties": { "particle": 1510, "seed_idx": 75, "valid": true }, "geometry": { "type": "Point", "coordinates": [ -0.312608957290649, 5.50477409362793 ] } },
{ "type": "Feature", "properties": { "particle": 1511, "seed_idx": 75, "valid": true }, "geometry": { "type": "Point", "coordinates": [ -0.312101542949677, 5.50490665435791 ] } },
{ "type": "Feature", "properties": { "particle": 1512, "seed_idx": 75, "valid": true }, "geometry": { "type": "Point", "coordinates": [ -0.311962783336639, 5.505226612091064 ] } },
{ "type": "Feature", "properties": { "particle": 1513, "seed_idx": 75, "valid": true }, "geometry": { "type": "Point", "coordinates": [ -0.312035024166107, 5.504858016967773 ] } },
{ "type": "Feature", "properties": { "particle": 1514, "seed_idx": 75, "valid": true }, "geometry": { "type": "Point", "coordinates": [ -0.311987847089767, 5.504971027374268 ] } },
{ "type": "Feature", "properties": { "particle": 1515, "seed_idx": 75, "valid": true }, "geometry": { "type": "Point", "coordinates": [ -0.3120336830616, 5.505370616912842 ] } },
{ "type": "Feature", "properties": { "particle": 1516, "seed_idx": 75, "valid": true }, "geometry": { "type": "Point", "coordinates": [ -0.312363684177399, 5.504761219024658 ] } },
{ "type": "Feature", "properties": { "particle": 1517, "seed_idx": 75, "valid": true }, "geometry": { "type": "Point", "coordinates": [ -0.311827212572098, 5.505067825317383 ] } },
{ "type": "Feature", "properties": { "particle": 1518, "seed_idx": 75, "valid": true }, "geometry": { "type": "Point", "coordinates": [ -0.312605381011963, 5.504924774169922 ] } },
{ "type": "Feature", "properties": { "particle": 1519, "seed_idx": 75, "valid": true }, "geometry": { "type": "Point", "coordinates": [ -0.313067317008972, 5.50485897064209 ] } },
{ "type": "Feature", "properties": { "particle": 1520, "seed_idx": 76, "valid": true }, "geometry": { "type": "Point", "coordinates": [ -0.312634289264679, 5.504327297210693 ] } },
{ "type": "Feature", "properties": { "particle": 1521, "seed_idx": 76, "valid": true }, "geometry": { "type": "Point", "coordinates": [ -0.311783164739609, 5.505003929138184 ] } },
{ "type": "Feature", "properties": { "particle": 1522, "seed_idx": 76, "valid": true }, "geometry": { "type": "Point", "coordinates": [ -0.31208074092865, 5.505289554595947 ] } },
{ "type": "Feature", "properties": { "particle": 1523, "seed_idx": 76, "valid": true }, "geometry": { "type": "Point", "coordinates": [ -0.312600046396255, 5.504605293273926 ] } },
{ "type": "Feature", "properties": { "particle": 1524, "seed_idx": 76, "valid": true }, "geometry": { "type": "Point", "coordinates": [ -0.312793731689453, 5.504575729370117 ] } },
{ "type": "Feature", "properties": { "particle": 1525, "seed_idx": 76, "valid": true }, "geometry": { "type": "Point", "coordinates": [ -0.312032759189606, 5.504774570465088 ] } },
{ "type": "Feature", "properties": { "particle": 1526, "seed_idx": 76, "valid": true }, "geometry": { "type": "Point", "coordinates": [ -0.311995953321457, 5.505302906036377 ] } },
{ "type": "Feature", "properties": { "particle": 1527, "seed_idx": 76, "valid": true }, "geometry": { "type": "Point", "coordinates": [ -0.312462240457535, 5.504916667938232 ] } },
{ "type": "Feature", "properties": { "particle": 1528, "seed_idx": 76, "valid": true }, "geometry": { "type": "Point", "coordinates": [ -0.312063097953796, 5.505295753479004 ] } },
{ "type": "Feature", "properties": { "particle": 1529, "seed_idx": 76, "valid": true }, "geometry": { "type": "Point", "coordinates": [ -0.312757134437561, 5.504942417144775 ] } },
{ "type": "Feature", "properties": { "particle": 1530, "seed_idx": 76, "valid": true }, "geometry": { "type": "Point", "coordinates": [ -0.312633633613586, 5.504887580871582 ] } },
{ "type": "Feature", "properties": { "particle": 1531, "seed_idx": 76, "valid": true }, "geometry": { "type": "Point", "coordinates": [ -0.311832368373871, 5.505024909973145 ] } },
{ "type": "Feature", "properties": { "particle": 1532, "seed_idx": 76, "valid": true }, "geometry": { "type": "Point", "coordinates": [ -0.311993926763535, 5.505369186401367 ] } },
{ "type": "Feature", "properties": { "particle": 1533, "seed_idx": 76, "valid": true }, "geometry": { "type": "Point", "coordinates": [ -0.312450885772705, 5.504898071289062 ] } },
{ "type": "Feature", "properties": { "particle": 1534, "seed_idx": 76, "valid": true }, "geometry": { "type": "Point", "coordinates": [ -0.31196117401123, 5.505364418029785 ] } },
{ "type": "Feature", "properties": { "particle": 1535, "seed_idx": 76, "valid": true }, "geometry": { "type": "Point", "coordinates": [ -0.312045782804489, 5.505305767059326 ] } },
{ "type": "Feature", "properties": { "particle": 1536, "seed_idx": 76, "valid": true }, "geometry": { "type": "Point", "coordinates": [ -0.311803162097931, 5.505023002624512 ] } },
{ "type": "Feature", "properties": { "particle": 1537, "seed_idx": 76, "valid": true }, "geometry": { "type": "Point", "coordinates": [ -0.312368720769882, 5.504782199859619 ] } },
{ "type": "Feature", "properties": { "particle": 1538, "seed_idx": 76, "valid": true }, "geometry": { "type": "Point", "coordinates": [ -0.311982959508896, 5.505358219146729 ] } },
{ "type": "Feature", "properties": { "particle": 1539, "seed_idx": 76, "valid": true }, "geometry": { "type": "Point", "coordinates": [ -0.312693208456039, 5.504902839660645 ] } },
{ "type": "Feature", "properties": { "particle": 1540, "seed_idx": 77, "valid": true }, "geometry": { "type": "Point", "coordinates": [ -0.311836838722229, 5.505531311035156 ] } },
{ "type": "Feature", "properties": { "particle": 1541, "seed_idx": 77, "valid": true }, "geometry": { "type": "Point", "coordinates": [ -0.311782628297806, 5.505560874938965 ] } },
{ "type": "Feature", "properties": { "particle": 1542, "seed_idx": 77, "valid": true }, "geometry": { "type": "Point", "coordinates": [ -0.311836242675781, 5.505218029022217 ] } },
{ "type": "Feature", "properties": { "particle": 1543, "seed_idx": 77, "valid": true }, "geometry": { "type": "Point", "coordinates": [ -0.3118497133255, 5.505517959594727 ] } },
{ "type": "Feature", "properties": { "particle": 1544, "seed_idx": 77, "valid": true }, "geometry": { "type": "Point", "coordinates": [ -0.312047839164734, 5.505832672119141 ] } },
{ "type": "Feature", "properties": { "particle": 1545, "seed_idx": 77, "valid": true }, "geometry": { "type": "Point", "coordinates": [ -0.311891883611679, 5.50548791885376 ] } },
{ "type": "Feature", "properties": { "particle": 1546, "seed_idx": 77, "valid": true }, "geometry": { "type": "Point", "coordinates": [ -0.312016636133194, 5.505575180053711 ] } },
{ "type": "Feature", "properties": { "particle": 1547, "seed_idx": 77, "valid": true }, "geometry": { "type": "Point", "coordinates": [ -0.311889857053757, 5.505501747131348 ] } },
{ "type": "Feature", "properties": { "particle": 1548, "seed_idx": 77, "valid": true }, "geometry": { "type": "Point", "coordinates": [ -0.311996132135391, 5.505566596984863 ] } },
{ "type": "Feature", "properties": { "particle": 1549, "seed_idx": 77, "valid": true }, "geometry": { "type": "Point", "coordinates": [ -0.31191697716713, 5.504891395568848 ] } },
{ "type": "Feature", "properties": { "particle": 1550, "seed_idx": 77, "valid": true }, "geometry": { "type": "Point", "coordinates": [ -0.311965197324753, 5.5054612159729 ] } },
{ "type": "Feature", "properties": { "particle": 1551, "seed_idx": 77, "valid": true }, "geometry": { "type": "Point", "coordinates": [ -0.312047094106674, 5.505379676818848 ] } },
{ "type": "Feature", "properties": { "particle": 1552, "seed_idx": 77, "valid": true }, "geometry": { "type": "Point", "coordinates": [ -0.311992198228836, 5.505445957183838 ] } },
{ "type": "Feature", "properties": { "particle": 1553, "seed_idx": 77, "valid": true }, "geometry": { "type": "Point", "coordinates": [ -0.312001883983612, 5.505074501037598 ] } },
{ "type": "Feature", "properties": { "particle": 1554, "seed_idx": 77, "valid": true }, "geometry": { "type": "Point", "coordinates": [ -0.311819672584534, 5.505539894104004 ] } },
{ "type": "Feature", "properties": { "particle": 1555, "seed_idx": 77, "valid": true }, "geometry": { "type": "Point", "coordinates": [ -0.311919242143631, 5.505489826202393 ] } },
{ "type": "Feature", "properties": { "particle": 1556, "seed_idx": 77, "valid": true }, "geometry": { "type": "Point", "coordinates": [ -0.311781942844391, 5.505109310150146 ] } },
{ "type": "Feature", "properties": { "particle": 1557, "seed_idx": 77, "valid": true }, "geometry": { "type": "Point", "coordinates": [ -0.311927974224091, 5.505256175994873 ] } },
{ "type": "Feature", "properties": { "particle": 1558, "seed_idx": 77, "valid": true }, "geometry": { "type": "Point", "coordinates": [ -0.311969697475433, 5.505255699157715 ] } },
{ "type": "Feature", "properties": { "particle": 1559, "seed_idx": 77, "valid": true }, "geometry": { "type": "Point", "coordinates": [ -0.311928808689117, 5.505472183227539 ] } },
{ "type": "Feature", "properties": { "particle": 1560, "seed_idx": 78, "valid": true }, "geometry": { "type": "Point", "coordinates": [ -0.312050431966782, 5.505748748779297 ] } },
{ "type": "Feature", "properties": { "particle": 1561, "seed_idx": 78, "valid": true }, "geometry": { "type": "Point", "coordinates": [ -0.313018530607224, 5.506591320037842 ] } },
{ "type": "Feature", "properties": { "particle": 1562, "seed_idx": 78, "valid": true }, "geometry": { "type": "Point", "coordinates": [ -0.311966091394424, 5.505362510681152 ] } },
{ "type": "Feature", "properties": { "particle": 1563, "seed_idx": 78, "valid": true }, "geometry": { "type": "Point", "coordinates": [ -0.311809241771698, 5.505046367645264 ] } },
{ "type": "Feature", "properties": { "particle": 1564, "seed_idx": 78, "valid": true }, "geometry": { "type": "Point", "coordinates": [ -0.311993032693863, 5.50552225112915 ] } },
{ "type": "Feature", "properties": { "particle": 1565, "seed_idx": 78, "valid": true }, "geometry": { "type": "Point", "coordinates": [ -0.312012314796448, 5.505794048309326 ] } },
{ "type": "Feature", "properties": { "particle": 1566, "seed_idx": 78, "valid": true }, "geometry": { "type": "Point", "coordinates": [ -0.313067138195038, 5.506545543670654 ] } },
{ "type": "Feature", "properties": { "particle": 1567, "seed_idx": 78, "valid": true }, "geometry": { "type": "Point", "coordinates": [ -0.312592685222626, 5.504932880401611 ] } },
{ "type": "Feature", "properties": { "particle": 1568, "seed_idx": 78, "valid": true }, "geometry": { "type": "Point", "coordinates": [ -0.312883913516998, 5.504942893981934 ] } },
{ "type": "Feature", "properties": { "particle": 1569, "seed_idx": 78, "valid": true }, "geometry": { "type": "Point", "coordinates": [ -0.312990576028824, 5.506543636322021 ] } },
{ "type": "Feature", "properties": { "particle": 1570, "seed_idx": 78, "valid": true }, "geometry": { "type": "Point", "coordinates": [ -0.311795026063919, 5.505455493927002 ] } },
{ "type": "Feature", "properties": { "particle": 1571, "seed_idx": 78, "valid": true }, "geometry": { "type": "Point", "coordinates": [ -0.3130262196064, 5.506570339202881 ] } },
{ "type": "Feature", "properties": { "particle": 1572, "seed_idx": 78, "valid": true }, "geometry": { "type": "Point", "coordinates": [ -0.311995595693588, 5.505617141723633 ] } },
{ "type": "Feature", "properties": { "particle": 1573, "seed_idx": 78, "valid": true }, "geometry": { "type": "Point", "coordinates": [ -0.312991499900818, 5.506636142730713 ] } },
{ "type": "Feature", "properties": { "particle": 1574, "seed_idx": 78, "valid": true }, "geometry": { "type": "Point", "coordinates": [ -0.312075972557068, 5.505636215209961 ] } },
{ "type": "Feature", "properties": { "particle": 1575, "seed_idx": 78, "valid": true }, "geometry": { "type": "Point", "coordinates": [ -0.312989890575409, 5.506640434265137 ] } },
{ "type": "Feature", "properties": { "particle": 1576, "seed_idx": 78, "valid": true }, "geometry": { "type": "Point", "coordinates": [ -0.312990695238113, 5.506609439849854 ] } },
{ "type": "Feature", "properties": { "particle": 1577, "seed_idx": 78, "valid": true }, "geometry": { "type": "Point", "coordinates": [ -0.313033580780029, 5.506516933441162 ] } },
{ "type": "Feature", "properties": { "particle": 1578, "seed_idx": 78, "valid": true }, "geometry": { "type": "Point", "coordinates": [ -0.311859756708145, 5.505615711212158 ] } },
{ "type": "Feature", "properties": { "particle": 1579, "seed_idx": 78, "valid": true }, "geometry": { "type": "Point", "coordinates": [ -0.313055127859116, 5.506580829620361 ] } },
{ "type": "Feature", "properties": { "particle": 1580, "seed_idx": 79, "valid": true }, "geometry": { "type": "Point", "coordinates": [ -0.318300843238831, 5.509812831878662 ] } },
{ "type": "Feature", "properties": { "particle": 1581, "seed_idx": 79, "valid": true }, "geometry": { "type": "Point", "coordinates": [ -0.318531781435013, 5.509756088256836 ] } },
{ "type": "Feature", "properties": { "particle": 1582, "seed_idx": 79, "valid": true }, "geometry": { "type": "Point", "coordinates": [ -0.318919897079468, 5.509540557861328 ] } },
{ "type": "Feature", "properties": { "particle": 1583, "seed_idx": 79, "valid": true }, "geometry": { "type": "Point", "coordinates": [ -0.318519830703735, 5.5098557472229 ] } },
{ "type": "Feature", "properties": { "particle": 1584, "seed_idx": 79, "valid": true }, "geometry": { "type": "Point", "coordinates": [ -0.318155020475388, 5.509803771972656 ] } },
{ "type": "Feature", "properties": { "particle": 1585, "seed_idx": 79, "valid": true }, "geometry": { "type": "Point", "coordinates": [ -0.313026964664459, 5.50681734085083 ] } },
{ "type": "Feature", "properties": { "particle": 1586, "seed_idx": 79, "valid": true }, "geometry": { "type": "Point", "coordinates": [ -0.317143976688385, 5.509729385375977 ] } },
{ "type": "Feature", "properties": { "particle": 1587, "seed_idx": 79, "valid": true }, "geometry": { "type": "Point", "coordinates": [ -0.317204743623734, 5.509485721588135 ] } },
{ "type": "Feature", "properties": { "particle": 1588, "seed_idx": 79, "valid": true }, "geometry": { "type": "Point", "coordinates": [ -0.318520456552505, 5.509870529174805 ] } },
{ "type": "Feature", "properties": { "particle": 1589, "seed_idx": 79, "valid": true }, "geometry": { "type": "Point", "coordinates": [ -0.317240297794342, 5.509859561920166 ] } },
{ "type": "Feature", "properties": { "particle": 1590, "seed_idx": 79, "valid": true }, "geometry": { "type": "Point", "coordinates": [ -0.318904042243958, 5.509791851043701 ] } },
{ "type": "Feature", "properties": { "particle": 1591, "seed_idx": 79, "valid": true }, "geometry": { "type": "Point", "coordinates": [ -0.317328542470932, 5.509864807128906 ] } },
{ "type": "Feature", "properties": { "particle": 1592, "seed_idx": 79, "valid": true }, "geometry": { "type": "Point", "coordinates": [ -0.318852335214615, 5.509788513183594 ] } },
{ "type": "Feature", "properties": { "particle": 1593, "seed_idx": 79, "valid": true }, "geometry": { "type": "Point", "coordinates": [ -0.318228423595428, 5.509773254394531 ] } },
{ "type": "Feature", "properties": { "particle": 1594, "seed_idx": 79, "valid": true }, "geometry": { "type": "Point", "coordinates": [ -0.317726641893387, 5.509906768798828 ] } },
{ "type": "Feature", "properties": { "particle": 1595, "seed_idx": 79, "valid": true }, "geometry": { "type": "Point", "coordinates": [ -0.317995488643646, 5.509829044342041 ] } },
{ "type": "Feature", "properties": { "particle": 1596, "seed_idx": 79, "valid": true }, "geometry": { "type": "Point", "coordinates": [ -0.318355202674866, 5.509827613830566 ] } },
{ "type": "Feature", "properties": { "particle": 1597, "seed_idx": 79, "valid": true }, "geometry": { "type": "Point", "coordinates": [ -0.318906337022781, 5.509584903717041 ] } },
{ "type": "Feature", "properties": { "particle": 1598, "seed_idx": 79, "valid": true }, "geometry": { "type": "Point", "coordinates": [ -0.316039144992828, 5.509819507598877 ] } },
{ "type": "Feature", "properties": { "particle": 1599, "seed_idx": 79, "valid": true }, "geometry": { "type": "Point", "coordinates": [ -0.317497760057449, 5.509758472442627 ] } },
{ "type": "Feature", "properties": { "particle": 1600, "seed_idx": 80, "valid": true }, "geometry": { "type": "Point", "coordinates": [ -0.318751662969589, 5.509716987609863 ] } },
{ "type": "Feature", "properties": { "particle": 1601, "seed_idx": 80, "valid": true }, "geometry": { "type": "Point", "coordinates": [ -0.318447530269623, 5.509861469268799 ] } },
{ "type": "Feature", "properties": { "particle": 1602, "seed_idx": 80, "valid": true }, "geometry": { "type": "Point", "coordinates": [ -0.318075001239777, 5.509812831878662 ] } },
{ "type": "Feature", "properties": { "particle": 1603, "seed_idx": 80, "valid": true }, "geometry": { "type": "Point", "coordinates": [ -0.31772780418396, 5.509818077087402 ] } },
{ "type": "Feature", "properties": { "particle": 1604, "seed_idx": 80, "valid": true }, "geometry": { "type": "Point", "coordinates": [ -0.318784207105637, 5.509862899780273 ] } },
{ "type": "Feature", "properties": { "particle": 1605, "seed_idx": 80, "valid": true }, "geometry": { "type": "Point", "coordinates": [ -0.317139893770218, 5.509852409362793 ] } },
{ "type": "Feature", "properties": { "particle": 1606, "seed_idx": 80, "valid": true }, "geometry": { "type": "Point", "coordinates": [ -0.317455589771271, 5.509902000427246 ] } },
{ "type": "Feature", "properties": { "particle": 1607, "seed_idx": 80, "valid": true }, "geometry": { "type": "Point", "coordinates": [ -0.317198306322098, 5.509841442108154 ] } },
{ "type": "Feature", "properties": { "particle": 1608, "seed_idx": 80, "valid": true }, "geometry": { "type": "Point", "coordinates": [ -0.317878544330597, 5.509780406951904 ] } },
{ "type": "Feature", "properties": { "particle": 1609, "seed_idx": 80, "valid": true }, "geometry": { "type": "Point", "coordinates": [ -0.31873419880867, 5.509687423706055 ] } },
{ "type": "Feature", "properties": { "particle": 1610, "seed_idx": 80, "valid": true }, "geometry": { "type": "Point", "coordinates": [ -0.318760544061661, 5.509757041931152 ] } },
{ "type": "Feature", "properties": { "particle": 1611, "seed_idx": 80, "valid": true }, "geometry": { "type": "Point", "coordinates": [ -0.318774908781052, 5.509480953216553 ] } },
{ "type": "Feature", "properties": { "particle": 1612, "seed_idx": 80, "valid": true }, "geometry": { "type": "Point", "coordinates": [ -0.317815214395523, 5.509794235229492 ] } },
{ "type": "Feature", "properties": { "particle": 1613, "seed_idx": 80, "valid": true }, "geometry": { "type": "Point", "coordinates": [ -0.318993359804153, 5.509695529937744 ] } },
{ "type": "Feature", "properties": { "particle": 1614, "seed_idx": 80, "valid": true }, "geometry": { "type": "Point", "coordinates": [ -0.317134588956833, 5.509908199310303 ] } },
{ "type": "Feature", "properties": { "particle": 1615, "seed_idx": 80, "valid": true }, "geometry": { "type": "Point", "coordinates": [ -0.31894114613533, 5.509800434112549 ] } },
{ "type": "Feature", "properties": { "particle": 1616, "seed_idx": 80, "valid": true }, "geometry": { "type": "Point", "coordinates": [ -0.318404495716095, 5.509878635406494 ] } },
{ "type": "Feature", "properties": { "particle": 1617, "seed_idx": 80, "valid": true }, "geometry": { "type": "Point", "coordinates": [ -0.318702816963196, 5.509811878204346 ] } },
{ "type": "Feature", "properties": { "particle": 1618, "seed_idx": 80, "valid": true }, "geometry": { "type": "Point", "coordinates": [ -0.317521631717682, 5.509859085083008 ] } },
{ "type": "Feature", "properties": { "particle": 1619, "seed_idx": 80, "valid": true }, "geometry": { "type": "Point", "coordinates": [ -0.317202299833298, 5.509810447692871 ] } },
{ "type": "Feature", "properties": { "particle": 1620, "seed_idx": 81, "valid": true }, "geometry": { "type": "Point", "coordinates": [ -0.318121075630188, 5.509846687316895 ] } },
{ "type": "Feature", "properties": { "particle": 1621, "seed_idx": 81, "valid": true }, "geometry": { "type": "Point", "coordinates": [ -0.31199449300766, 5.505397319793701 ] } },
{ "type": "Feature", "properties": { "particle": 1622, "seed_idx": 81, "valid": true }, "geometry": { "type": "Point", "coordinates": [ -0.317694962024689, 5.509815692901611 ] } },
{ "type": "Feature", "properties": { "particle": 1623, "seed_idx": 81, "valid": true }, "geometry": { "type": "Point", "coordinates": [ -0.317669570446014, 5.509864807128906 ] } },
{ "type": "Feature", "properties": { "particle": 1624, "seed_idx": 81, "valid": true }, "geometry": { "type": "Point", "coordinates": [ -0.312690198421478, 5.506584644317627 ] } },
{ "type": "Feature", "properties": { "particle": 1625, "seed_idx": 81, "valid": true }, "geometry": { "type": "Point", "coordinates": [ -0.312838047742844, 5.506587505340576 ] } },
{ "type": "Feature", "properties": { "particle": 1626, "seed_idx": 81, "valid": true }, "geometry": { "type": "Point", "coordinates": [ -0.318683326244354, 5.509782791137695 ] } },
{ "type": "Feature", "properties": { "particle": 1627, "seed_idx": 81, "valid": true }, "geometry": { "type": "Point", "coordinates": [ -0.318868219852448, 5.509908199310303 ] } },
{ "type": "Feature", "properties": { "particle": 1628, "seed_idx": 81, "valid": true }, "geometry": { "type": "Point", "coordinates": [ -0.317832708358765, 5.509759902954102 ] } },
{ "type": "Feature", "properties": { "particle": 1629, "seed_idx": 81, "valid": true }, "geometry": { "type": "Point", "coordinates": [ -0.313033550977707, 5.506804466247559 ] } },
{ "type": "Feature", "properties": { "particle": 1630, "seed_idx": 81, "valid": true }, "geometry": { "type": "Point", "coordinates": [ -0.31883904337883, 5.509621620178223 ] } },
{ "type": "Feature", "properties": { "particle": 1631, "seed_idx": 81, "valid": true }, "geometry": { "type": "Point", "coordinates": [ -0.313041001558304, 5.506836414337158 ] } },
{ "type": "Feature", "properties": { "particle": 1632, "seed_idx": 81, "valid": true }, "geometry": { "type": "Point", "coordinates": [ -0.316973239183426, 5.509815692901611 ] } },
{ "type": "Feature", "properties": { "particle": 1633, "seed_idx": 81, "valid": true }, "geometry": { "type": "Point", "coordinates": [ -0.317143648862839, 5.509753227233887 ] } },
{ "type": "Feature", "properties": { "particle": 1634, "seed_idx": 81, "valid": true }, "geometry": { "type": "Point", "coordinates": [ -0.313064634799957, 5.506796836853027 ] } },
{ "type": "Feature", "properties": { "particle": 1635, "seed_idx": 81, "valid": true }, "geometry": { "type": "Point", "coordinates": [ -0.317709892988205, 5.50986385345459 ] } },
{ "type": "Feature", "properties": { "particle": 1636, "seed_idx": 81, "valid": true }, "geometry": { "type": "Point", "coordinates": [ -0.318404525518417, 5.509805679321289 ] } },
{ "type": "Feature", "properties": { "particle": 1637, "seed_idx": 81, "valid": true }, "geometry": { "type": "Point", "coordinates": [ -0.317392379045486, 5.509759902954102 ] } },
{ "type": "Feature", "properties": { "particle": 1638, "seed_idx": 81, "valid": true }, "geometry": { "type": "Point", "coordinates": [ -0.318946093320847, 5.509531021118164 ] } },
{ "type": "Feature", "properties": { "particle": 1639, "seed_idx": 81, "valid": true }, "geometry": { "type": "Point", "coordinates": [ -0.318221151828766, 5.509904384613037 ] } },
{ "type": "Feature", "properties": { "particle": 1640, "seed_idx": 82, "valid": true }, "geometry": { "type": "Point", "coordinates": [ -0.317708015441895, 5.509890556335449 ] } },
{ "type": "Feature", "properties": { "particle": 1641, "seed_idx": 82, "valid": true }, "geometry": { "type": "Point", "coordinates": [ -0.318935632705688, 5.50978422164917 ] } },
{ "type": "Feature", "properties": { "particle": 1642, "seed_idx": 82, "valid": true }, "geometry": { "type": "Point", "coordinates": [ -0.313038975000381, 5.506546974182129 ] } },
{ "type": "Feature", "properties": { "particle": 1643, "seed_idx": 82, "valid": true }, "geometry": { "type": "Point", "coordinates": [ -0.318984627723694, 5.509893417358398 ] } },
{ "type": "Feature", "properties": { "particle": 1644, "seed_idx": 82, "valid": true }, "geometry": { "type": "Point", "coordinates": [ -0.318374752998352, 5.509761810302734 ] } },
{ "type": "Feature", "properties": { "particle": 1645, "seed_idx": 82, "valid": true }, "geometry": { "type": "Point", "coordinates": [ -0.313080281019211, 5.506457805633545 ] } },
{ "type": "Feature", "properties": { "particle": 1646, "seed_idx": 82, "valid": true }, "geometry": { "type": "Point", "coordinates": [ -0.313033103942871, 5.506596565246582 ] } },
{ "type": "Feature", "properties": { "particle": 1647, "seed_idx": 82, "valid": true }, "geometry": { "type": "Point", "coordinates": [ -0.312002390623093, 5.505719661712646 ] } },
{ "type": "Feature", "properties": { "particle": 1648, "seed_idx": 82, "valid": true }, "geometry": { "type": "Point", "coordinates": [ -0.312996178865433, 5.506388664245605 ] } },
{ "type": "Feature", "properties": { "particle": 1649, "seed_idx": 82, "valid": true }, "geometry": { "type": "Point", "coordinates": [ -0.318155765533447, 5.509902954101562 ] } },
{ "type": "Feature", "properties": { "particle": 1650, "seed_idx": 82, "valid": true }, "geometry": { "type": "Point", "coordinates": [ -0.312783420085907, 5.506382942199707 ] } },
{ "type": "Feature", "properties": { "particle": 1651, "seed_idx": 82, "valid": true }, "geometry": { "type": "Point", "coordinates": [ -0.313072592020035, 5.506798267364502 ] } },
{ "type": "Feature", "properties": { "particle": 1652, "seed_idx": 82, "valid": true }, "geometry": { "type": "Point", "coordinates": [ -0.313070982694626, 5.506493091583252 ] } },
{ "type": "Feature", "properties": { "particle": 1653, "seed_idx": 82, "valid": true }, "geometry": { "type": "Point", "coordinates": [ -0.312789350748062, 5.506424903869629 ] } },
{ "type": "Feature", "properties": { "particle": 1654, "seed_idx": 82, "valid": true }, "geometry": { "type": "Point", "coordinates": [ -0.31766277551651, 5.509890556335449 ] } },
{ "type": "Feature", "properties": { "particle": 1655, "seed_idx": 82, "valid": true }, "geometry": { "type": "Point", "coordinates": [ -0.312981128692627, 5.506502151489258 ] } },
{ "type": "Feature", "properties": { "particle": 1656, "seed_idx": 82, "valid": true }, "geometry": { "type": "Point", "coordinates": [ -0.312876224517822, 5.506516933441162 ] } },
{ "type": "Feature", "properties": { "particle": 1657, "seed_idx": 82, "valid": true }, "geometry": { "type": "Point", "coordinates": [ -0.311940580606461, 5.505568981170654 ] } },
{ "type": "Feature", "properties": { "particle": 1658, "seed_idx": 82, "valid": true }, "geometry": { "type": "Point", "coordinates": [ -0.317822903394699, 5.509811401367188 ] } },
{ "type": "Feature", "properties": { "particle": 1659, "seed_idx": 82, "valid": true }, "geometry": { "type": "Point", "coordinates": [ -0.317144870758057, 5.509779930114746 ] } },
{ "type": "Feature", "properties": { "particle": 1660, "seed_idx": 83, "valid": true }, "geometry": { "type": "Point", "coordinates": [ -0.313016712665558, 5.506434440612793 ] } },
{ "type": "Feature", "properties": { "particle": 1661, "seed_idx": 83, "valid": true }, "geometry": { "type": "Point", "coordinates": [ -0.311825394630432, 5.505579948425293 ] } },
{ "type": "Feature", "properties": { "particle": 1662, "seed_idx": 83, "valid": true }, "geometry": { "type": "Point", "coordinates": [ -0.313046127557755, 5.506566047668457 ] } },
{ "type": "Feature", "properties": { "particle": 1663, "seed_idx": 83, "valid": true }, "geometry": { "type": "Point", "coordinates": [ -0.313036859035492, 5.506595134735107 ] } },
{ "type": "Feature", "properties": { "particle": 1664, "seed_idx": 83, "valid": true }, "geometry": { "type": "Point", "coordinates": [ -0.31277060508728, 5.506180763244629 ] } },
{ "type": "Feature", "properties": { "particle": 1665, "seed_idx": 83, "valid": true }, "geometry": { "type": "Point", "coordinates": [ -0.312054604291916, 5.505642890930176 ] } },
{ "type": "Feature", "properties": { "particle": 1666, "seed_idx": 83, "valid": true }, "geometry": { "type": "Point", "coordinates": [ -0.312975615262985, 5.506529808044434 ] } },
{ "type": "Feature", "properties": { "particle": 1667, "seed_idx": 83, "valid": true }, "geometry": { "type": "Point", "coordinates": [ -0.312778353691101, 5.506539344787598 ] } },
{ "type": "Feature", "properties": { "particle": 1668, "seed_idx": 83, "valid": true }, "geometry": { "type": "Point", "coordinates": [ -0.313046663999557, 5.506807804107666 ] } },
{ "type": "Feature", "properties": { "particle": 1669, "seed_idx": 83, "valid": true }, "geometry": { "type": "Point", "coordinates": [ -0.311806231737137, 5.505550384521484 ] } },
{ "type": "Feature", "properties": { "particle": 1670, "seed_idx": 83, "valid": true }, "geometry": { "type": "Point", "coordinates": [ -0.311869859695435, 5.505435943603516 ] } },
{ "type": "Feature", "properties": { "particle": 1671, "seed_idx": 83, "valid": true }, "geometry": { "type": "Point", "coordinates": [ -0.312989860773087, 5.506428241729736 ] } },
{ "type": "Feature", "properties": { "particle": 1672, "seed_idx": 83, "valid": true }, "geometry": { "type": "Point", "coordinates": [ -0.312833398580551, 5.50650691986084 ] } },
{ "type": "Feature", "properties": { "particle": 1673, "seed_idx": 83, "valid": true }, "geometry": { "type": "Point", "coordinates": [ -0.312017887830734, 5.505796909332275 ] } },
{ "type": "Feature", "properties": { "particle": 1674, "seed_idx": 83, "valid": true }, "geometry": { "type": "Point", "coordinates": [ -0.313003808259964, 5.506827831268311 ] } },
{ "type": "Feature", "properties": { "particle": 1675, "seed_idx": 83, "valid": true }, "geometry": { "type": "Point", "coordinates": [ -0.318465441465378, 5.509904861450195 ] } },
{ "type": "Feature", "properties": { "particle": 1676, "seed_idx": 83, "valid": true }, "geometry": { "type": "Point", "coordinates": [ -0.312023818492889, 5.505832672119141 ] } },
{ "type": "Feature", "properties": { "particle": 1677, "seed_idx": 83, "valid": true }, "geometry": { "type": "Point", "coordinates": [ -0.313009798526764, 5.506823539733887 ] } },
{ "type": "Feature", "properties": { "particle": 1678, "seed_idx": 83, "valid": true }, "geometry": { "type": "Point", "coordinates": [ -0.311785578727722, 5.50560188293457 ] } },
{ "type": "Feature", "properties": { "particle": 1679, "seed_idx": 83, "valid": true }, "geometry": { "type": "Point", "coordinates": [ -0.312764108181, 5.506383419036865 ] } },
{ "type": "Feature", "properties": { "particle": 1680, "seed_idx": 84, "valid": true }, "geometry": { "type": "Point", "coordinates": [ -0.317458122968674, 5.509829044342041 ] } },
{ "type": "Feature", "properties": { "particle": 1681, "seed_idx": 84, "valid": true }, "geometry": { "type": "Point", "coordinates": [ -0.312839478254318, 5.506627559661865 ] } },
{ "type": "Feature", "properties": { "particle": 1682, "seed_idx": 84, "valid": true }, "geometry": { "type": "Point", "coordinates": [ -0.312067002058029, 5.505892753601074 ] } },
{ "type": "Feature", "properties": { "particle": 1683, "seed_idx": 84, "valid": true }, "geometry": { "type": "Point", "coordinates": [ -0.318806171417236, 5.509790897369385 ] } },
{ "type": "Feature", "properties": { "particle": 1684, "seed_idx": 84, "valid": true }, "geometry": { "type": "Point", "coordinates": [ -0.318814754486084, 5.509932994842529 ] } },
{ "type": "Feature", "properties": { "particle": 1685, "seed_idx": 84, "valid": true }, "geometry": { "type": "Point", "coordinates": [ -0.313075214624405, 5.506849765777588 ] } },
{ "type": "Feature", "properties": { "particle": 1686, "seed_idx": 84, "valid": true }, "geometry": { "type": "Point", "coordinates": [ -0.318352103233337, 5.509743213653564 ] } },
{ "type": "Feature", "properties": { "particle": 1687, "seed_idx": 84, "valid": true }, "geometry": { "type": "Point", "coordinates": [ -0.318686038255692, 5.509720325469971 ] } },
{ "type": "Feature", "properties": { "particle": 1688, "seed_idx": 84, "valid": true }, "geometry": { "type": "Point", "coordinates": [ -0.311812937259674, 5.505655765533447 ] } },
{ "type": "Feature", "properties": { "particle": 1689, "seed_idx": 84, "valid": true }, "geometry": { "type": "Point", "coordinates": [ -0.318967401981354, 5.509910106658936 ] } },
{ "type": "Feature", "properties": { "particle": 1690, "seed_idx": 84, "valid": true }, "geometry": { "type": "Point", "coordinates": [ -0.312883257865906, 5.506587505340576 ] } },
{ "type": "Feature", "properties": { "particle": 1691, "seed_idx": 84, "valid": true }, "geometry": { "type": "Point", "coordinates": [ -0.312992691993713, 5.506782054901123 ] } },
{ "type": "Feature", "properties": { "particle": 1692, "seed_idx": 84, "valid": true }, "geometry": { "type": "Point", "coordinates": [ -0.312934935092926, 5.506643295288086 ] } },
{ "type": "Feature", "properties": { "particle": 1693, "seed_idx": 84, "valid": true }, "geometry": { "type": "Point", "coordinates": [ -0.318765789270401, 5.509838104248047 ] } },
{ "type": "Feature", "properties": { "particle": 1694, "seed_idx": 84, "valid": true }, "geometry": { "type": "Point", "coordinates": [ -0.312976360321045, 5.506498336791992 ] } },
{ "type": "Feature", "properties": { "particle": 1695, "seed_idx": 84, "valid": true }, "geometry": { "type": "Point", "coordinates": [ -0.313073754310608, 5.50658130645752 ] } },
{ "type": "Feature", "properties": { "particle": 1696, "seed_idx": 84, "valid": true }, "geometry": { "type": "Point", "coordinates": [ -0.312899172306061, 5.506441116333008 ] } },
{ "type": "Feature", "properties": { "particle": 1697, "seed_idx": 84, "valid": true }, "geometry": { "type": "Point", "coordinates": [ -0.318947017192841, 5.509907722473145 ] } },
{ "type": "Feature", "properties": { "particle": 1698, "seed_idx": 84, "valid": true }, "geometry": { "type": "Point", "coordinates": [ -0.311782002449036, 5.505311965942383 ] } },
{ "type": "Feature", "properties": { "particle": 1699, "seed_idx": 84, "valid": true }, "geometry": { "type": "Point", "coordinates": [ -0.317847698926926, 5.509886741638184 ] } },
{ "type": "Feature", "properties": { "particle": 1700, "seed_idx": 85, "valid": true }, "geometry": { "type": "Point", "coordinates": [ -0.317482799291611, 5.509955406188965 ] } },
{ "type": "Feature", "properties": { "particle": 1701, "seed_idx": 85, "valid": true }, "geometry": { "type": "Point", "coordinates": [ -0.312828004360199, 5.506556510925293 ] } },
{ "type": "Feature", "properties": { "particle": 1702, "seed_idx": 85, "valid": true }, "geometry": { "type": "Point", "coordinates": [ -0.317758440971375, 5.509899139404297 ] } },
{ "type": "Feature", "properties": { "particle": 1703, "seed_idx": 85, "valid": true }, "geometry": { "type": "Point", "coordinates": [ -0.311907798051834, 5.505617618560791 ] } },
{ "type": "Feature", "properties": { "particle": 1704, "seed_idx": 85, "valid": true }, "geometry": { "type": "Point", "coordinates": [ -0.318676203489304, 5.509808540344238 ] } },
{ "type": "Feature", "properties": { "particle": 1705, "seed_idx": 85, "valid": true }, "geometry": { "type": "Point", "coordinates": [ -0.317669808864594, 5.509899616241455 ] } },
{ "type": "Feature", "properties": { "particle": 1706, "seed_idx": 85, "valid": true }, "geometry": { "type": "Point", "coordinates": [ -0.311840444803238, 5.505521774291992 ] } },
{ "type": "Feature", "properties": { "particle": 1707, "seed_idx": 85, "valid": true }, "geometry": { "type": "Point", "coordinates": [ -0.31880396604538, 5.509799480438232 ] } },
{ "type": "Feature", "properties": { "particle": 1708, "seed_idx": 85, "valid": true }, "geometry": { "type": "Point", "coordinates": [ -0.318547010421753, 5.509829521179199 ] } },
{ "type": "Feature", "properties": { "particle": 1709, "seed_idx": 85, "valid": true }, "geometry": { "type": "Point", "coordinates": [ -0.313022047281265, 5.506794929504395 ] } },
{ "type": "Feature", "properties": { "particle": 1710, "seed_idx": 85, "valid": true }, "geometry": { "type": "Point", "coordinates": [ -0.31804570555687, 5.509776592254639 ] } },
{ "type": "Feature", "properties": { "particle": 1711, "seed_idx": 85, "valid": true }, "geometry": { "type": "Point", "coordinates": [ -0.3127661049366, 5.5064377784729 ] } },
{ "type": "Feature", "properties": { "particle": 1712, "seed_idx": 85, "valid": true }, "geometry": { "type": "Point", "coordinates": [ -0.319019198417664, 5.509932518005371 ] } },
{ "type": "Feature", "properties": { "particle": 1713, "seed_idx": 85, "valid": true }, "geometry": { "type": "Point", "coordinates": [ -0.318658441305161, 5.509749412536621 ] } },
{ "type": "Feature", "properties": { "particle": 1714, "seed_idx": 85, "valid": true }, "geometry": { "type": "Point", "coordinates": [ -0.313041239976883, 5.506565570831299 ] } },
{ "type": "Feature", "properties": { "particle": 1715, "seed_idx": 85, "valid": true }, "geometry": { "type": "Point", "coordinates": [ -0.312959402799606, 5.506656646728516 ] } },
{ "type": "Feature", "properties": { "particle": 1716, "seed_idx": 85, "valid": true }, "geometry": { "type": "Point", "coordinates": [ -0.318838715553284, 5.509667873382568 ] } },
{ "type": "Feature", "properties": { "particle": 1717, "seed_idx": 85, "valid": true }, "geometry": { "type": "Point", "coordinates": [ -0.312982827425003, 5.506531715393066 ] } },
{ "type": "Feature", "properties": { "particle": 1718, "seed_idx": 85, "valid": true }, "geometry": { "type": "Point", "coordinates": [ -0.318869352340698, 5.509423732757568 ] } },
{ "type": "Feature", "properties": { "particle": 1719, "seed_idx": 85, "valid": true }, "geometry": { "type": "Point", "coordinates": [ -0.317659348249435, 5.50985050201416 ] } },
{ "type": "Feature", "properties": { "particle": 1720, "seed_idx": 86, "valid": true }, "geometry": { "type": "Point", "coordinates": [ -0.312032729387283, 5.505501747131348 ] } },
{ "type": "Feature", "properties": { "particle": 1721, "seed_idx": 86, "valid": true }, "geometry": { "type": "Point", "coordinates": [ -0.312675416469574, 5.504918575286865 ] } },
{ "type": "Feature", "properties": { "particle": 1722, "seed_idx": 86, "valid": true }, "geometry": { "type": "Point", "coordinates": [ -0.311809718608856, 5.505192279815674 ] } },
{ "type": "Feature", "properties": { "particle": 1723, "seed_idx": 86, "valid": true }, "geometry": { "type": "Point", "coordinates": [ -0.311822414398193, 5.505187034606934 ] } },
{ "type": "Feature", "properties": { "particle": 1724, "seed_idx": 86, "valid": true }, "geometry": { "type": "Point", "coordinates": [ -0.3125841319561, 5.5049147605896 ] } },
{ "type": "Feature", "properties": { "particle": 1725, "seed_idx": 86, "valid": true }, "geometry": { "type": "Point", "coordinates": [ -0.312025159597397, 5.505226612091064 ] } },
{ "type": "Feature", "properties": { "particle": 1726, "seed_idx": 86, "valid": true }, "geometry": { "type": "Point", "coordinates": [ -0.312836915254593, 5.504854202270508 ] } },
{ "type": "Feature", "properties": { "particle": 1727, "seed_idx": 86, "valid": true }, "geometry": { "type": "Point", "coordinates": [ -0.312601178884506, 5.504880905151367 ] } },
{ "type": "Feature", "properties": { "particle": 1728, "seed_idx": 86, "valid": true }, "geometry": { "type": "Point", "coordinates": [ -0.312677264213562, 5.504883289337158 ] } },
{ "type": "Feature", "properties": { "particle": 1729, "seed_idx": 86, "valid": true }, "geometry": { "type": "Point", "coordinates": [ -0.311853319406509, 5.504964351654053 ] } },
{ "type": "Feature", "properties": { "particle": 1730, "seed_idx": 86, "valid": true }, "geometry": { "type": "Point", "coordinates": [ -0.312950402498245, 5.504973888397217 ] } },
{ "type": "Feature", "properties": { "particle": 1731, "seed_idx": 86, "valid": true }, "geometry": { "type": "Point", "coordinates": [ -0.312213510274887, 5.504869937896729 ] } },
{ "type": "Feature", "properties": { "particle": 1732, "seed_idx": 86, "valid": true }, "geometry": { "type": "Point", "coordinates": [ -0.311905354261398, 5.505139350891113 ] } },
{ "type": "Feature", "properties": { "particle": 1733, "seed_idx": 86, "valid": true }, "geometry": { "type": "Point", "coordinates": [ -0.312224924564362, 5.504928112030029 ] } },
{ "type": "Feature", "properties": { "particle": 1734, "seed_idx": 86, "valid": true }, "geometry": { "type": "Point", "coordinates": [ -0.311810553073883, 5.505188941955566 ] } },
{ "type": "Feature", "properties": { "particle": 1735, "seed_idx": 86, "valid": true }, "geometry": { "type": "Point", "coordinates": [ -0.311821848154068, 5.505184173583984 ] } },
{ "type": "Feature", "properties": { "particle": 1736, "seed_idx": 86, "valid": true }, "geometry": { "type": "Point", "coordinates": [ -0.312415152788162, 5.504938125610352 ] } },
{ "type": "Feature", "properties": { "particle": 1737, "seed_idx": 86, "valid": true }, "geometry": { "type": "Point", "coordinates": [ -0.312581390142441, 5.504880905151367 ] } },
{ "type": "Feature", "properties": { "particle": 1738, "seed_idx": 86, "valid": true }, "geometry": { "type": "Point", "coordinates": [ -0.312859505414963, 5.504841804504395 ] } },
{ "type": "Feature", "properties": { "particle": 1739, "seed_idx": 86, "valid": true }, "geometry": { "type": "Point", "coordinates": [ -0.311822414398193, 5.505185127258301 ] } },
{ "type": "Feature", "properties": { "particle": 1740, "seed_idx": 87, "valid": true }, "geometry": { "type": "Point", "coordinates": [ -0.312908202409744, 5.504739284515381 ] } },
{ "type": "Feature", "properties": { "particle": 1741, "seed_idx": 87, "valid": true }, "geometry": { "type": "Point", "coordinates": [ -0.312781989574432, 5.50468635559082 ] } },
{ "type": "Feature", "properties": { "particle": 1742, "seed_idx": 87, "valid": true }, "geometry": { "type": "Point", "coordinates": [ -0.312987297773361, 5.504936695098877 ] } },
{ "type": "Feature", "properties": { "particle": 1743, "seed_idx": 87, "valid": true }, "geometry": { "type": "Point", "coordinates": [ -0.31298953294754, 5.504492282867432 ] } },
{ "type": "Feature", "properties": { "particle": 1744, "seed_idx": 87, "valid": true }, "geometry": { "type": "Point", "coordinates": [ -0.312990874052048, 5.504926204681396 ] } },
{ "type": "Feature", "properties": { "particle": 1745, "seed_idx": 87, "valid": true }, "geometry": { "type": "Point", "coordinates": [ -0.312991201877594, 5.504900455474854 ] } },
{ "type": "Feature", "properties": { "particle": 1746, "seed_idx": 87, "valid": true }, "geometry": { "type": "Point", "coordinates": [ -0.312990695238113, 5.50493860244751 ] } },
{ "type": "Feature", "properties": { "particle": 1747, "seed_idx": 87, "valid": true }, "geometry": { "type": "Point", "coordinates": [ -0.313047796487808, 5.504696846008301 ] } },
{ "type": "Feature", "properties": { "particle": 1748, "seed_idx": 87, "valid": true }, "geometry": { "type": "Point", "coordinates": [ -0.313042104244232, 5.504855632781982 ] } },
{ "type": "Feature", "properties": { "particle": 1749, "seed_idx": 87, "valid": true }, "geometry": { "type": "Point", "coordinates": [ -0.312738209962845, 5.50462818145752 ] } },
{ "type": "Feature", "properties": { "particle": 1750, "seed_idx": 87, "valid": true }, "geometry": { "type": "Point", "coordinates": [ -0.312991350889206, 5.504940032958984 ] } },
{ "type": "Feature", "properties": { "particle": 1751, "seed_idx": 87, "valid": true }, "geometry": { "type": "Point", "coordinates": [ -0.313077002763748, 5.504518032073975 ] } },
{ "type": "Feature", "properties": { "particle": 1752, "seed_idx": 87, "valid": true }, "geometry": { "type": "Point", "coordinates": [ -0.312767446041107, 5.504618167877197 ] } },
{ "type": "Feature", "properties": { "particle": 1753, "seed_idx": 87, "valid": true }, "geometry": { "type": "Point", "coordinates": [ -0.312846302986145, 5.504695892333984 ] } },
{ "type": "Feature", "properties": { "particle": 1754, "seed_idx": 87, "valid": true }, "geometry": { "type": "Point", "coordinates": [ -0.312929958105087, 5.504679203033447 ] } },
{ "type": "Feature", "properties": { "particle": 1755, "seed_idx": 87, "valid": true }, "geometry": { "type": "Point", "coordinates": [ -0.313058823347092, 5.504866600036621 ] } },
{ "type": "Feature", "properties": { "particle": 1756, "seed_idx": 87, "valid": true }, "geometry": { "type": "Point", "coordinates": [ -0.313439071178436, 5.503805637359619 ] } },
{ "type": "Feature", "properties": { "particle": 1757, "seed_idx": 87, "valid": true }, "geometry": { "type": "Point", "coordinates": [ -0.31298965215683, 5.504942893981934 ] } },
{ "type": "Feature", "properties": { "particle": 1758, "seed_idx": 87, "valid": true }, "geometry": { "type": "Point", "coordinates": [ -0.312485069036484, 5.504765033721924 ] } },
{ "type": "Feature", "properties": { "particle": 1759, "seed_idx": 87, "valid": true }, "geometry": { "type": "Point", "coordinates": [ -0.312833398580551, 5.504692077636719 ] } },
{ "type": "Feature", "properties": { "particle": 1760, "seed_idx": 88, "valid": true }, "geometry": { "type": "Point", "coordinates": [ -0.318918913602829, 5.507351875305176 ] } },
{ "type": "Feature", "properties": { "particle": 1761, "seed_idx": 88, "valid": true }, "geometry": { "type": "Point", "coordinates": [ -0.313299298286438, 5.503944396972656 ] } },
{ "type": "Feature", "properties": { "particle": 1762, "seed_idx": 88, "valid": true }, "geometry": { "type": "Point", "coordinates": [ -0.316845953464508, 5.505461692810059 ] } },
{ "type": "Feature", "properties": { "particle": 1763, "seed_idx": 88, "valid": true }, "geometry": { "type": "Point", "coordinates": [ -0.313214033842087, 5.503949165344238 ] } },
{ "type": "Feature", "properties": { "particle": 1764, "seed_idx": 88, "valid": true }, "geometry": { "type": "Point", "coordinates": [ -0.316790074110031, 5.50562047958374 ] } },
{ "type": "Feature", "properties": { "particle": 1765, "seed_idx": 88, "valid": true }, "geometry": { "type": "Point", "coordinates": [ -0.312967866659164, 5.504119396209717 ] } },
{ "type": "Feature", "properties": { "particle": 1766, "seed_idx": 88, "valid": true }, "geometry": { "type": "Point", "coordinates": [ -0.316967487335205, 5.505597591400146 ] } },
{ "type": "Feature", "properties": { "particle": 1767, "seed_idx": 88, "valid": true }, "geometry": { "type": "Point", "coordinates": [ -0.316932618618011, 5.505374431610107 ] } },
{ "type": "Feature", "properties": { "particle": 1768, "seed_idx": 88, "valid": true }, "geometry": { "type": "Point", "coordinates": [ -0.312902241945267, 5.503876686096191 ] } },
{ "type": "Feature", "properties": { "particle": 1769, "seed_idx": 88, "valid": true }, "geometry": { "type": "Point", "coordinates": [ -0.317024976015091, 5.505825996398926 ] } },
{ "type": "Feature", "properties": { "particle": 1770, "seed_idx": 88, "valid": true }, "geometry": { "type": "Point", "coordinates": [ -0.312972575426102, 5.504117488861084 ] } },
{ "type": "Feature", "properties": { "particle": 1771, "seed_idx": 88, "valid": true }, "geometry": { "type": "Point", "coordinates": [ -0.321990072727203, 5.50929594039917 ] } },
{ "type": "Feature", "properties": { "particle": 1772, "seed_idx": 88, "valid": true }, "geometry": { "type": "Point", "coordinates": [ -0.318855673074722, 5.506631374359131 ] } },
{ "type": "Feature", "properties": { "particle": 1773, "seed_idx": 88, "valid": true }, "geometry": { "type": "Point", "coordinates": [ -0.314728796482086, 5.503999710083008 ] } },
{ "type": "Feature", "properties": { "particle": 1774, "seed_idx": 88, "valid": true }, "geometry": { "type": "Point", "coordinates": [ -0.322542190551758, 5.508194923400879 ] } },
{ "type": "Feature", "properties": { "particle": 1775, "seed_idx": 88, "valid": true }, "geometry": { "type": "Point", "coordinates": [ -0.316770702600479, 5.505154609680176 ] } },
{ "type": "Feature", "properties": { "particle": 1776, "seed_idx": 88, "valid": true }, "geometry": { "type": "Point", "coordinates": [ -0.321777611970901, 5.509219169616699 ] } },
{ "type": "Feature", "properties": { "particle": 1777, "seed_idx": 88, "valid": true }, "geometry": { "type": "Point", "coordinates": [ -0.313731700181961, 5.503592014312744 ] } },
{ "type": "Feature", "properties": { "particle": 1778, "seed_idx": 88, "valid": true }, "geometry": { "type": "Point", "coordinates": [ -0.321769118309021, 5.509035587310791 ] } },
{ "type": "Feature", "properties": { "particle": 1779, "seed_idx": 88, "valid": true }, "geometry": { "type": "Point", "coordinates": [ -0.313629657030106, 5.50328540802002 ] } },
{ "type": "Feature", "properties": { "particle": 1780, "seed_idx": 89, "valid": true }, "geometry": { "type": "Point", "coordinates": [ -0.318204671144485, 5.502374649047852 ] } },
{ "type": "Feature", "properties": { "particle": 1781, "seed_idx": 89, "valid": true }, "geometry": { "type": "Point", "coordinates": [ -0.324768453836441, 5.507642269134521 ] } },
{ "type": "Feature", "properties": { "particle": 1782, "seed_idx": 89, "valid": true }, "geometry": { "type": "Point", "coordinates": [ -0.325894951820374, 5.506962299346924 ] } },
{ "type": "Feature", "properties": { "particle": 1783, "seed_idx": 89, "valid": true }, "geometry": { "type": "Point", "coordinates": [ -0.325597524642944, 5.506904602050781 ] } },
{ "type": "Feature", "properties": { "particle": 1784, "seed_idx": 89, "valid": true }, "geometry": { "type": "Point", "coordinates": [ -0.324978858232498, 5.507297992706299 ] } },
{ "type": "Feature", "properties": { "particle": 1785, "seed_idx": 89, "valid": true }, "geometry": { "type": "Point", "coordinates": [ -0.324993401765823, 5.506948471069336 ] } },
{ "type": "Feature", "properties": { "particle": 1786, "seed_idx": 89, "valid": true }, "geometry": { "type": "Point", "coordinates": [ -0.32475420832634, 5.507421016693115 ] } },
{ "type": "Feature", "properties": { "particle": 1787, "seed_idx": 89, "valid": true }, "geometry": { "type": "Point", "coordinates": [ -0.325809597969055, 5.506911754608154 ] } },
{ "type": "Feature", "properties": { "particle": 1788, "seed_idx": 89, "valid": true }, "geometry": { "type": "Point", "coordinates": [ -0.324991822242737, 5.507322311401367 ] } },
{ "type": "Feature", "properties": { "particle": 1789, "seed_idx": 89, "valid": true }, "geometry": { "type": "Point", "coordinates": [ -0.325679332017899, 5.506877899169922 ] } },
{ "type": "Feature", "properties": { "particle": 1790, "seed_idx": 89, "valid": true }, "geometry": { "type": "Point", "coordinates": [ -0.31751760840416, 5.502832412719727 ] } },
{ "type": "Feature", "properties": { "particle": 1791, "seed_idx": 89, "valid": true }, "geometry": { "type": "Point", "coordinates": [ -0.324819803237915, 5.507676124572754 ] } },
{ "type": "Feature", "properties": { "particle": 1792, "seed_idx": 89, "valid": true }, "geometry": { "type": "Point", "coordinates": [ -0.325571924448013, 5.506773471832275 ] } },
{ "type": "Feature", "properties": { "particle": 1793, "seed_idx": 89, "valid": true }, "geometry": { "type": "Point", "coordinates": [ -0.324863314628601, 5.507038116455078 ] } },
{ "type": "Feature", "properties": { "particle": 1794, "seed_idx": 89, "valid": true }, "geometry": { "type": "Point", "coordinates": [ -0.325323790311813, 5.506853103637695 ] } },
{ "type": "Feature", "properties": { "particle": 1795, "seed_idx": 89, "valid": true }, "geometry": { "type": "Point", "coordinates": [ -0.32566511631012, 5.506850719451904 ] } },
{ "type": "Feature", "properties": { "particle": 1796, "seed_idx": 89, "valid": true }, "geometry": { "type": "Point", "coordinates": [ -0.324871271848679, 5.506757736206055 ] } },
{ "type": "Feature", "properties": { "particle": 1797, "seed_idx": 89, "valid": true }, "geometry": { "type": "Point", "coordinates": [ -0.324926972389221, 5.50715160369873 ] } },
{ "type": "Feature", "properties": { "particle": 1798, "seed_idx": 89, "valid": true }, "geometry": { "type": "Point", "coordinates": [ -0.322015196084976, 5.504727840423584 ] } },
{ "type": "Feature", "properties": { "particle": 1799, "seed_idx": 89, "valid": true }, "geometry": { "type": "Point", "coordinates": [ -0.320924162864685, 5.503522872924805 ] } },
{ "type": "Feature", "properties": { "particle": 1800, "seed_idx": 90, "valid": true }, "geometry": { "type": "Point", "coordinates": [ -0.325482606887817, 5.506916046142578 ] } },
{ "type": "Feature", "properties": { "particle": 1801, "seed_idx": 90, "valid": true }, "geometry": { "type": "Point", "coordinates": [ -0.325567126274109, 5.506913185119629 ] } },
{ "type": "Feature", "properties": { "particle": 1802, "seed_idx": 90, "valid": true }, "geometry": { "type": "Point", "coordinates": [ -0.324787735939026, 5.50707483291626 ] } },
{ "type": "Feature", "properties": { "particle": 1803, "seed_idx": 90, "valid": true }, "geometry": { "type": "Point", "coordinates": [ -0.325850456953049, 5.50682544708252 ] } },
{ "type": "Feature", "properties": { "particle": 1804, "seed_idx": 90, "valid": true }, "geometry": { "type": "Point", "coordinates": [ -0.321718782186508, 5.504246234893799 ] } },
{ "type": "Feature", "properties": { "particle": 1805, "seed_idx": 90, "valid": true }, "geometry": { "type": "Point", "coordinates": [ -0.325883358716965, 5.506565570831299 ] } },
{ "type": "Feature", "properties": { "particle": 1806, "seed_idx": 90, "valid": true }, "geometry": { "type": "Point", "coordinates": [ -0.324919998645782, 5.507165908813477 ] } },
{ "type": "Feature", "properties": { "particle": 1807, "seed_idx": 90, "valid": true }, "geometry": { "type": "Point", "coordinates": [ -0.32546865940094, 5.506975173950195 ] } },
{ "type": "Feature", "properties": { "particle": 1808, "seed_idx": 90, "valid": true }, "geometry": { "type": "Point", "coordinates": [ -0.321940273046494, 5.50440788269043 ] } },
{ "type": "Feature", "properties": { "particle": 1809, "seed_idx": 90, "valid": true }, "geometry": { "type": "Point", "coordinates": [ -0.322026401758194, 5.504685401916504 ] } },
{ "type": "Feature", "properties": { "particle": 1810, "seed_idx": 90, "valid": true }, "geometry": { "type": "Point", "coordinates": [ -0.324750304222107, 5.507535457611084 ] } },
{ "type": "Feature", "properties": { "particle": 1811, "seed_idx": 90, "valid": true }, "geometry": { "type": "Point", "coordinates": [ -0.325080722570419, 5.506921291351318 ] } },
{ "type": "Feature", "properties": { "particle": 1812, "seed_idx": 90, "valid": true }, "geometry": { "type": "Point", "coordinates": [ -0.324727803468704, 5.507174491882324 ] } },
{ "type": "Feature", "properties": { "particle": 1813, "seed_idx": 90, "valid": true }, "geometry": { "type": "Point", "coordinates": [ -0.325445711612701, 5.506896018981934 ] } },
{ "type": "Feature", "properties": { "particle": 1814, "seed_idx": 90, "valid": true }, "geometry": { "type": "Point", "coordinates": [ -0.324803203344345, 5.507483959197998 ] } },
{ "type": "Feature", "properties": { "particle": 1815, "seed_idx": 90, "valid": true }, "geometry": { "type": "Point", "coordinates": [ -0.325619101524353, 5.506824016571045 ] } },
{ "type": "Feature", "properties": { "particle": 1816, "seed_idx": 90, "valid": true }, "geometry": { "type": "Point", "coordinates": [ -0.325385749340057, 5.50676965713501 ] } },
{ "type": "Feature", "properties": { "particle": 1817, "seed_idx": 90, "valid": true }, "geometry": { "type": "Point", "coordinates": [ -0.325710743665695, 5.506838321685791 ] } },
{ "type": "Feature", "properties": { "particle": 1818, "seed_idx": 90, "valid": true }, "geometry": { "type": "Point", "coordinates": [ -0.325631737709045, 5.50678825378418 ] } },
{ "type": "Feature", "properties": { "particle": 1819, "seed_idx": 90, "valid": true }, "geometry": { "type": "Point", "coordinates": [ -0.325306951999664, 5.506836414337158 ] } },
{ "type": "Feature", "properties": { "particle": 1820, "seed_idx": 91, "valid": true }, "geometry": { "type": "Point", "coordinates": [ -0.324909836053848, 5.507100105285645 ] } },
{ "type": "Feature", "properties": { "particle": 1821, "seed_idx": 91, "valid": true }, "geometry": { "type": "Point", "coordinates": [ -0.324879735708237, 5.507495880126953 ] } },
{ "type": "Feature", "properties": { "particle": 1822, "seed_idx": 91, "valid": true }, "geometry": { "type": "Point", "coordinates": [ -0.325779169797897, 5.506685733795166 ] } },
{ "type": "Feature", "properties": { "particle": 1823, "seed_idx": 91, "valid": true }, "geometry": { "type": "Point", "coordinates": [ -0.324794560670853, 5.507290363311768 ] } },
{ "type": "Feature", "properties": { "particle": 1824, "seed_idx": 91, "valid": true }, "geometry": { "type": "Point", "coordinates": [ -0.325876921415329, 5.50666618347168 ] } },
{ "type": "Feature", "properties": { "particle": 1825, "seed_idx": 91, "valid": true }, "geometry": { "type": "Point", "coordinates": [ -0.324960738420486, 5.50750732421875 ] } },
{ "type": "Feature", "properties": { "particle": 1826, "seed_idx": 91, "valid": true }, "geometry": { "type": "Point", "coordinates": [ -0.325201034545898, 5.506872177124023 ] } },
{ "type": "Feature", "properties": { "particle": 1827, "seed_idx": 91, "valid": true }, "geometry": { "type": "Point", "coordinates": [ -0.325546592473984, 5.506799697875977 ] } },
{ "type": "Feature", "properties": { "particle": 1828, "seed_idx": 91, "valid": true }, "geometry": { "type": "Point", "coordinates": [ -0.32489863038063, 5.507562160491943 ] } },
{ "type": "Feature", "properties": { "particle": 1829, "seed_idx": 91, "valid": true }, "geometry": { "type": "Point", "coordinates": [ -0.324971824884415, 5.507519721984863 ] } },
{ "type": "Feature", "properties": { "particle": 1830, "seed_idx": 91, "valid": true }, "geometry": { "type": "Point", "coordinates": [ -0.325322657823563, 5.506850242614746 ] } },
{ "type": "Feature", "properties": { "particle": 1831, "seed_idx": 91, "valid": true }, "geometry": { "type": "Point", "coordinates": [ -0.324735879898071, 5.50721263885498 ] } },
{ "type": "Feature", "properties": { "particle": 1832, "seed_idx": 91, "valid": true }, "geometry": { "type": "Point", "coordinates": [ -0.325737774372101, 5.506901741027832 ] } },
{ "type": "Feature", "properties": { "particle": 1833, "seed_idx": 91, "valid": true }, "geometry": { "type": "Point", "coordinates": [ -0.324741661548615, 5.507298469543457 ] } },
{ "type": "Feature", "properties": { "particle": 1834, "seed_idx": 91, "valid": true }, "geometry": { "type": "Point", "coordinates": [ -0.324937045574188, 5.5072340965271 ] } },
{ "type": "Feature", "properties": { "particle": 1835, "seed_idx": 91, "valid": true }, "geometry": { "type": "Point", "coordinates": [ -0.325444430112839, 5.506766319274902 ] } },
{ "type": "Feature", "properties": { "particle": 1836, "seed_idx": 91, "valid": true }, "geometry": { "type": "Point", "coordinates": [ -0.32498425245285, 5.506911277770996 ] } },
{ "type": "Feature", "properties": { "particle": 1837, "seed_idx": 91, "valid": true }, "geometry": { "type": "Point", "coordinates": [ -0.324936538934708, 5.507537841796875 ] } },
{ "type": "Feature", "properties": { "particle": 1838, "seed_idx": 91, "valid": true }, "geometry": { "type": "Point", "coordinates": [ -0.324814409017563, 5.507209300994873 ] } },
{ "type": "Feature", "properties": { "particle": 1839, "seed_idx": 91, "valid": true }, "geometry": { "type": "Point", "coordinates": [ -0.324902355670929, 5.507203578948975 ] } },
{ "type": "Feature", "properties": { "particle": 1840, "seed_idx": 92, "valid": true }, "geometry": { "type": "Point", "coordinates": [ -0.321035653352737, 5.50390100479126 ] } },
{ "type": "Feature", "properties": { "particle": 1841, "seed_idx": 92, "valid": true }, "geometry": { "type": "Point", "coordinates": [ -0.321938544511795, 5.504436016082764 ] } },
{ "type": "Feature", "properties": { "particle": 1842, "seed_idx": 92, "valid": true }, "geometry": { "type": "Point", "coordinates": [ -0.32188418507576, 5.504472255706787 ] } },
{ "type": "Feature", "properties": { "particle": 1843, "seed_idx": 92, "valid": true }, "geometry": { "type": "Point", "coordinates": [ -0.321913748979568, 5.504510402679443 ] } },
{ "type": "Feature", "properties": { "particle": 1844, "seed_idx": 92, "valid": true }, "geometry": { "type": "Point", "coordinates": [ -0.321939051151276, 5.504537582397461 ] } },
{ "type": "Feature", "properties": { "particle": 1845, "seed_idx": 92, "valid": true }, "geometry": { "type": "Point", "coordinates": [ -0.320812463760376, 5.503562450408936 ] } },
{ "type": "Feature", "properties": { "particle": 1846, "seed_idx": 92, "valid": true }, "geometry": { "type": "Point", "coordinates": [ -0.320940375328064, 5.503438472747803 ] } },
{ "type": "Feature", "properties": { "particle": 1847, "seed_idx": 92, "valid": true }, "geometry": { "type": "Point", "coordinates": [ -0.32184636592865, 5.504485607147217 ] } },
{ "type": "Feature", "properties": { "particle": 1848, "seed_idx": 92, "valid": true }, "geometry": { "type": "Point", "coordinates": [ -0.321940213441849, 5.504459857940674 ] } },
{ "type": "Feature", "properties": { "particle": 1849, "seed_idx": 92, "valid": true }, "geometry": { "type": "Point", "coordinates": [ -0.321894943714142, 5.504324436187744 ] } },
{ "type": "Feature", "properties": { "particle": 1850, "seed_idx": 92, "valid": true }, "geometry": { "type": "Point", "coordinates": [ -0.321832001209259, 5.504486083984375 ] } },
{ "type": "Feature", "properties": { "particle": 1851, "seed_idx": 92, "valid": true }, "geometry": { "type": "Point", "coordinates": [ -0.322011172771454, 5.504811763763428 ] } },
{ "type": "Feature", "properties": { "particle": 1852, "seed_idx": 92, "valid": true }, "geometry": { "type": "Point", "coordinates": [ -0.321937203407288, 5.504449844360352 ] } },
{ "type": "Feature", "properties": { "particle": 1853, "seed_idx": 92, "valid": true }, "geometry": { "type": "Point", "coordinates": [ -0.32590040564537, 5.506733894348145 ] } },
{ "type": "Feature", "properties": { "particle": 1854, "seed_idx": 92, "valid": true }, "geometry": { "type": "Point", "coordinates": [ -0.321783095598221, 5.504536151885986 ] } },
{ "type": "Feature", "properties": { "particle": 1855, "seed_idx": 92, "valid": true }, "geometry": { "type": "Point", "coordinates": [ -0.321783185005188, 5.50452184677124 ] } },
{ "type": "Feature", "properties": { "particle": 1856, "seed_idx": 92, "valid": true }, "geometry": { "type": "Point", "coordinates": [ -0.321873009204865, 5.504480361938477 ] } },
{ "type": "Feature", "properties": { "particle": 1857, "seed_idx": 92, "valid": true }, "geometry": { "type": "Point", "coordinates": [ -0.321809500455856, 5.504554271697998 ] } },
{ "type": "Feature", "properties": { "particle": 1858, "seed_idx": 92, "valid": true }, "geometry": { "type": "Point", "coordinates": [ -0.321826100349426, 5.504518985748291 ] } },
{ "type": "Feature", "properties": { "particle": 1859, "seed_idx": 92, "valid": true }, "geometry": { "type": "Point", "coordinates": [ -0.321723252534866, 5.504571914672852 ] } },
{ "type": "Feature", "properties": { "particle": 1860, "seed_idx": 93, "valid": true }, "geometry": { "type": "Point", "coordinates": [ -0.321951538324356, 5.5046067237854 ] } },
{ "type": "Feature", "properties": { "particle": 1861, "seed_idx": 93, "valid": true }, "geometry": { "type": "Point", "coordinates": [ -0.321890205144882, 5.504611492156982 ] } },
{ "type": "Feature", "properties": { "particle": 1862, "seed_idx": 93, "valid": true }, "geometry": { "type": "Point", "coordinates": [ -0.322008639574051, 5.504522800445557 ] } },
{ "type": "Feature", "properties": { "particle": 1863, "seed_idx": 93, "valid": true }, "geometry": { "type": "Point", "coordinates": [ -0.321907877922058, 5.504611015319824 ] } },
{ "type": "Feature", "properties": { "particle": 1864, "seed_idx": 93, "valid": true }, "geometry": { "type": "Point", "coordinates": [ -0.321978688240051, 5.504519939422607 ] } },
{ "type": "Feature", "properties": { "particle": 1865, "seed_idx": 93, "valid": true }, "geometry": { "type": "Point", "coordinates": [ -0.321718096733093, 5.504592895507812 ] } },
{ "type": "Feature", "properties": { "particle": 1866, "seed_idx": 93, "valid": true }, "geometry": { "type": "Point", "coordinates": [ -0.322028994560242, 5.504431247711182 ] } },
{ "type": "Feature", "properties": { "particle": 1867, "seed_idx": 93, "valid": true }, "geometry": { "type": "Point", "coordinates": [ -0.32562518119812, 5.50692081451416 ] } },
{ "type": "Feature", "properties": { "particle": 1868, "seed_idx": 93, "valid": true }, "geometry": { "type": "Point", "coordinates": [ -0.325261652469635, 5.506860256195068 ] } },
{ "type": "Feature", "properties": { "particle": 1869, "seed_idx": 93, "valid": true }, "geometry": { "type": "Point", "coordinates": [ -0.325610518455505, 5.506748199462891 ] } },
{ "type": "Feature", "properties": { "particle": 1870, "seed_idx": 93, "valid": true }, "geometry": { "type": "Point", "coordinates": [ -0.321719199419022, 5.504216194152832 ] } },
{ "type": "Feature", "properties": { "particle": 1871, "seed_idx": 93, "valid": true }, "geometry": { "type": "Point", "coordinates": [ -0.325832724571228, 5.506570816040039 ] } },
{ "type": "Feature", "properties": { "particle": 1872, "seed_idx": 93, "valid": true }, "geometry": { "type": "Point", "coordinates": [ -0.325883150100708, 5.506906509399414 ] } },
{ "type": "Feature", "properties": { "particle": 1873, "seed_idx": 93, "valid": true }, "geometry": { "type": "Point", "coordinates": [ -0.320961683988571, 5.503608703613281 ] } },
{ "type": "Feature", "properties": { "particle": 1874, "seed_idx": 93, "valid": true }, "geometry": { "type": "Point", "coordinates": [ -0.325846135616302, 5.506968021392822 ] } },
{ "type": "Feature", "properties": { "particle": 1875, "seed_idx": 93, "valid": true }, "geometry": { "type": "Point", "coordinates": [ -0.322023421525955, 5.504505634307861 ] } },
{ "type": "Feature", "properties": { "particle": 1876, "seed_idx": 93, "valid": true }, "geometry": { "type": "Point", "coordinates": [ -0.321466326713562, 5.502922058105469 ] } },
{ "type": "Feature", "properties": { "particle": 1877, "seed_idx": 93, "valid": true }, "geometry": { "type": "Point", "coordinates": [ -0.321534156799316, 5.502947330474854 ] } },
{ "type": "Feature", "properties": { "particle": 1878, "seed_idx": 93, "valid": true }, "geometry": { "type": "Point", "coordinates": [ -0.321869283914566, 5.504633903503418 ] } },
{ "type": "Feature", "properties": { "particle": 1879, "seed_idx": 93, "valid": true }, "geometry": { "type": "Point", "coordinates": [ -0.324974566698074, 5.506781101226807 ] } },
{ "type": "Feature", "properties": { "particle": 1880, "seed_idx": 94, "valid": true }, "geometry": { "type": "Point", "coordinates": [ -0.32178258895874, 5.502926826477051 ] } },
{ "type": "Feature", "properties": { "particle": 1881, "seed_idx": 94, "valid": true }, "geometry": { "type": "Point", "coordinates": [ -0.320926606655121, 5.503005027770996 ] } },
{ "type": "Feature", "properties": { "particle": 1882, "seed_idx": 94, "valid": true }, "geometry": { "type": "Point", "coordinates": [ -0.321554660797119, 5.502942562103271 ] } },
{ "type": "Feature", "properties": { "particle": 1883, "seed_idx": 94, "valid": true }, "geometry": { "type": "Point", "coordinates": [ -0.321566313505173, 5.502933502197266 ] } },
{ "type": "Feature", "properties": { "particle": 1884, "seed_idx": 94, "valid": true }, "geometry": { "type": "Point", "coordinates": [ -0.321791112422943, 5.502939701080322 ] } },
{ "type": "Feature", "properties": { "particle": 1885, "seed_idx": 94, "valid": true }, "geometry": { "type": "Point", "coordinates": [ -0.320987224578857, 5.50332498550415 ] } },
{ "type": "Feature", "properties": { "particle": 1886, "seed_idx": 94, "valid": true }, "geometry": { "type": "Point", "coordinates": [ -0.321174502372742, 5.50290584564209 ] } },
{ "type": "Feature", "properties": { "particle": 1887, "seed_idx": 94, "valid": true }, "geometry": { "type": "Point", "coordinates": [ -0.320942610502243, 5.503401756286621 ] } },
{ "type": "Feature", "properties": { "particle": 1888, "seed_idx": 94, "valid": true }, "geometry": { "type": "Point", "coordinates": [ -0.321666806936264, 5.502861022949219 ] } },
{ "type": "Feature", "properties": { "particle": 1889, "seed_idx": 94, "valid": true }, "geometry": { "type": "Point", "coordinates": [ -0.320919394493103, 5.503426551818848 ] } },
{ "type": "Feature", "properties": { "particle": 1890, "seed_idx": 94, "valid": true }, "geometry": { "type": "Point", "coordinates": [ -0.321823447942734, 5.502942562103271 ] } },
{ "type": "Feature", "properties": { "particle": 1891, "seed_idx": 94, "valid": true }, "geometry": { "type": "Point", "coordinates": [ -0.320830911397934, 5.503465175628662 ] } },
{ "type": "Feature", "properties": { "particle": 1892, "seed_idx": 94, "valid": true }, "geometry": { "type": "Point", "coordinates": [ -0.32129630446434, 5.502894878387451 ] } },
{ "type": "Feature", "properties": { "particle": 1893, "seed_idx": 94, "valid": true }, "geometry": { "type": "Point", "coordinates": [ -0.320796012878418, 5.503499507904053 ] } },
{ "type": "Feature", "properties": { "particle": 1894, "seed_idx": 94, "valid": true }, "geometry": { "type": "Point", "coordinates": [ -0.321735769510269, 5.502782821655273 ] } },
{ "type": "Feature", "properties": { "particle": 1895, "seed_idx": 94, "valid": true }, "geometry": { "type": "Point", "coordinates": [ -0.321568310260773, 5.502926349639893 ] } },
{ "type": "Feature", "properties": { "particle": 1896, "seed_idx": 94, "valid": true }, "geometry": { "type": "Point", "coordinates": [ -0.321844696998596, 5.502940654754639 ] } },
{ "type": "Feature", "properties": { "particle": 1897, "seed_idx": 94, "valid": true }, "geometry": { "type": "Point", "coordinates": [ -0.320923060178757, 5.503423690795898 ] } },
{ "type": "Feature", "properties": { "particle": 1898, "seed_idx": 94, "valid": true }, "geometry": { "type": "Point", "coordinates": [ -0.321581453084946, 5.502797603607178 ] } },
{ "type": "Feature", "properties": { "particle": 1899, "seed_idx": 94, "valid": true }, "geometry": { "type": "Point", "coordinates": [ -0.321681916713715, 5.502953052520752 ] } },
{ "type": "Feature", "properties": { "particle": 1900, "seed_idx": 95, "valid": true }, "geometry": { "type": "Point", "coordinates": [ -0.316968947649002, 5.499574661254883 ] } },
{ "type": "Feature", "properties": { "particle": 1901, "seed_idx": 95, "valid": true }, "geometry": { "type": "Point", "coordinates": [ -0.316979140043259, 5.499556541442871 ] } },
{ "type": "Feature", "properties": { "particle": 1902, "seed_idx": 95, "valid": true }, "geometry": { "type": "Point", "coordinates": [ -0.316991031169891, 5.499583721160889 ] } },
{ "type": "Feature", "properties": { "particle": 1903, "seed_idx": 95, "valid": true }, "geometry": { "type": "Point", "coordinates": [ -0.316951900720596, 5.4996337890625 ] } },
{ "type": "Feature", "properties": { "particle": 1904, "seed_idx": 95, "valid": true }, "geometry": { "type": "Point", "coordinates": [ -0.316990196704865, 5.499584197998047 ] } },
{ "type": "Feature", "properties": { "particle": 1905, "seed_idx": 95, "valid": true }, "geometry": { "type": "Point", "coordinates": [ -0.31697490811348, 5.49958610534668 ] } },
{ "type": "Feature", "properties": { "particle": 1906, "seed_idx": 95, "valid": true }, "geometry": { "type": "Point", "coordinates": [ -0.316964954137802, 5.499614238739014 ] } },
{ "type": "Feature", "properties": { "particle": 1907, "seed_idx": 95, "valid": true }, "geometry": { "type": "Point", "coordinates": [ -0.317001491785049, 5.499544620513916 ] } },
{ "type": "Feature", "properties": { "particle": 1908, "seed_idx": 95, "valid": true }, "geometry": { "type": "Point", "coordinates": [ -0.316975891590118, 5.499585151672363 ] } },
{ "type": "Feature", "properties": { "particle": 1909, "seed_idx": 95, "valid": true }, "geometry": { "type": "Point", "coordinates": [ -0.316968232393265, 5.499614715576172 ] } },
{ "type": "Feature", "properties": { "particle": 1910, "seed_idx": 95, "valid": true }, "geometry": { "type": "Point", "coordinates": [ -0.3170026242733, 5.499566555023193 ] } },
{ "type": "Feature", "properties": { "particle": 1911, "seed_idx": 95, "valid": true }, "geometry": { "type": "Point", "coordinates": [ -0.316966205835342, 5.499626636505127 ] } },
{ "type": "Feature", "properties": { "particle": 1912, "seed_idx": 95, "valid": true }, "geometry": { "type": "Point", "coordinates": [ -0.317006498575211, 5.499548435211182 ] } },
{ "type": "Feature", "properties": { "particle": 1913, "seed_idx": 95, "valid": true }, "geometry": { "type": "Point", "coordinates": [ -0.316942453384399, 5.49963903427124 ] } },
{ "type": "Feature", "properties": { "particle": 1914, "seed_idx": 95, "valid": true }, "geometry": { "type": "Point", "coordinates": [ -0.316969782114029, 5.499613285064697 ] } },
{ "type": "Feature", "properties": { "particle": 1915, "seed_idx": 95, "valid": true }, "geometry": { "type": "Point", "coordinates": [ -0.316964596509933, 5.499610424041748 ] } },
{ "type": "Feature", "properties": { "particle": 1916, "seed_idx": 95, "valid": true }, "geometry": { "type": "Point", "coordinates": [ -0.317020624876022, 5.499549865722656 ] } },
{ "type": "Feature", "properties": { "particle": 1917, "seed_idx": 95, "valid": true }, "geometry": { "type": "Point", "coordinates": [ -0.316967844963074, 5.499600410461426 ] } },
{ "type": "Feature", "properties": { "particle": 1918, "seed_idx": 95, "valid": true }, "geometry": { "type": "Point", "coordinates": [ -0.31696543097496, 5.499626636505127 ] } },
{ "type": "Feature", "properties": { "particle": 1919, "seed_idx": 95, "valid": true }, "geometry": { "type": "Point", "coordinates": [ -0.3235082924366, 5.502327442169189 ] } },
{ "type": "Feature", "properties": { "particle": 1920, "seed_idx": 96, "valid": true }, "geometry": { "type": "Point", "coordinates": [ -0.332873821258545, 5.506499767303467 ] } },
{ "type": "Feature", "properties": { "particle": 1921, "seed_idx": 96, "valid": true }, "geometry": { "type": "Point", "coordinates": [ -0.332789480686188, 5.50645637512207 ] } },
{ "type": "Feature", "properties": { "particle": 1922, "seed_idx": 96, "valid": true }, "geometry": { "type": "Point", "coordinates": [ -0.332774668931961, 5.50650691986084 ] } },
{ "type": "Feature", "properties": { "particle": 1923, "seed_idx": 96, "valid": true }, "geometry": { "type": "Point", "coordinates": [ -0.332951664924622, 5.506137371063232 ] } },
{ "type": "Feature", "properties": { "particle": 1924, "seed_idx": 96, "valid": true }, "geometry": { "type": "Point", "coordinates": [ -0.332962065935135, 5.506026744842529 ] } },
{ "type": "Feature", "properties": { "particle": 1925, "seed_idx": 96, "valid": true }, "geometry": { "type": "Point", "coordinates": [ -0.332716763019562, 5.506159782409668 ] } },
{ "type": "Feature", "properties": { "particle": 1926, "seed_idx": 96, "valid": true }, "geometry": { "type": "Point", "coordinates": [ -0.332740902900696, 5.505444049835205 ] } },
{ "type": "Feature", "properties": { "particle": 1927, "seed_idx": 96, "valid": true }, "geometry": { "type": "Point", "coordinates": [ -0.332684844732285, 5.50594425201416 ] } },
{ "type": "Feature", "properties": { "particle": 1928, "seed_idx": 96, "valid": true }, "geometry": { "type": "Point", "coordinates": [ -0.332794696092606, 5.506229400634766 ] } },
{ "type": "Feature", "properties": { "particle": 1929, "seed_idx": 96, "valid": true }, "geometry": { "type": "Point", "coordinates": [ -0.332811027765274, 5.505791664123535 ] } },
{ "type": "Feature", "properties": { "particle": 1930, "seed_idx": 96, "valid": true }, "geometry": { "type": "Point", "coordinates": [ -0.332856357097626, 5.505889892578125 ] } },
{ "type": "Feature", "properties": { "particle": 1931, "seed_idx": 96, "valid": true }, "geometry": { "type": "Point", "coordinates": [ -0.332655489444733, 5.505311012268066 ] } },
{ "type": "Feature", "properties": { "particle": 1932, "seed_idx": 96, "valid": true }, "geometry": { "type": "Point", "coordinates": [ -0.332888722419739, 5.5058913230896 ] } },
{ "type": "Feature", "properties": { "particle": 1933, "seed_idx": 96, "valid": true }, "geometry": { "type": "Point", "coordinates": [ -0.33139556646347, 5.505868911743164 ] } },
{ "type": "Feature", "properties": { "particle": 1934, "seed_idx": 96, "valid": true }, "geometry": { "type": "Point", "coordinates": [ -0.33294403553009, 5.506582736968994 ] } },
{ "type": "Feature", "properties": { "particle": 1935, "seed_idx": 96, "valid": true }, "geometry": { "type": "Point", "coordinates": [ -0.332871317863464, 5.505917072296143 ] } },
{ "type": "Feature", "properties": { "particle": 1936, "seed_idx": 96, "valid": true }, "geometry": { "type": "Point", "coordinates": [ -0.332782834768295, 5.506165027618408 ] } },
{ "type": "Feature", "properties": { "particle": 1937, "seed_idx": 96, "valid": true }, "geometry": { "type": "Point", "coordinates": [ -0.332695424556732, 5.506180763244629 ] } },
{ "type": "Feature", "properties": { "particle": 1938, "seed_idx": 96, "valid": true }, "geometry": { "type": "Point", "coordinates": [ -0.332878917455673, 5.505861759185791 ] } },
{ "type": "Feature", "properties": { "particle": 1939, "seed_idx": 96, "valid": true }, "geometry": { "type": "Point", "coordinates": [ -0.332711338996887, 5.506463527679443 ] } },
{ "type": "Feature", "properties": { "particle": 1940, "seed_idx": 97, "valid": true }, "geometry": { "type": "Point", "coordinates": [ -0.332872062921524, 5.506163120269775 ] } },
{ "type": "Feature", "properties": { "particle": 1941, "seed_idx": 97, "valid": true }, "geometry": { "type": "Point", "coordinates": [ -0.332776308059692, 5.505451202392578 ] } },
{ "type": "Feature", "properties": { "particle": 1942, "seed_idx": 97, "valid": true }, "geometry": { "type": "Point", "coordinates": [ -0.332871377468109, 5.506377220153809 ] } },
{ "type": "Feature", "properties": { "particle": 1943, "seed_idx": 97, "valid": true }, "geometry": { "type": "Point", "coordinates": [ -0.332938194274902, 5.50650691986084 ] } },
{ "type": "Feature", "properties": { "particle": 1944, "seed_idx": 97, "valid": true }, "geometry": { "type": "Point", "coordinates": [ -0.332719087600708, 5.505997180938721 ] } },
{ "type": "Feature", "properties": { "particle": 1945, "seed_idx": 97, "valid": true }, "geometry": { "type": "Point", "coordinates": [ -0.332904577255249, 5.506380558013916 ] } },
{ "type": "Feature", "properties": { "particle": 1946, "seed_idx": 97, "valid": true }, "geometry": { "type": "Point", "coordinates": [ -0.332785964012146, 5.505688190460205 ] } },
{ "type": "Feature", "properties": { "particle": 1947, "seed_idx": 97, "valid": true }, "geometry": { "type": "Point", "coordinates": [ -0.332937926054001, 5.506774425506592 ] } },
{ "type": "Feature", "properties": { "particle": 1948, "seed_idx": 97, "valid": true }, "geometry": { "type": "Point", "coordinates": [ -0.332849204540253, 5.506378173828125 ] } },
{ "type": "Feature", "properties": { "particle": 1949, "seed_idx": 97, "valid": true }, "geometry": { "type": "Point", "coordinates": [ -0.331371188163757, 5.505880832672119 ] } },
{ "type": "Feature", "properties": { "particle": 1950, "seed_idx": 97, "valid": true }, "geometry": { "type": "Point", "coordinates": [ -0.332655280828476, 5.506500720977783 ] } },
{ "type": "Feature", "properties": { "particle": 1951, "seed_idx": 97, "valid": true }, "geometry": { "type": "Point", "coordinates": [ -0.332772493362427, 5.506030559539795 ] } },
{ "type": "Feature", "properties": { "particle": 1952, "seed_idx": 97, "valid": true }, "geometry": { "type": "Point", "coordinates": [ -0.332894742488861, 5.506064414978027 ] } },
{ "type": "Feature", "properties": { "particle": 1953, "seed_idx": 97, "valid": true }, "geometry": { "type": "Point", "coordinates": [ -0.332664549350739, 5.506369590759277 ] } },
{ "type": "Feature", "properties": { "particle": 1954, "seed_idx": 97, "valid": true }, "geometry": { "type": "Point", "coordinates": [ -0.332736998796463, 5.506432056427002 ] } },
{ "type": "Feature", "properties": { "particle": 1955, "seed_idx": 97, "valid": true }, "geometry": { "type": "Point", "coordinates": [ -0.33279475569725, 5.50605583190918 ] } },
{ "type": "Feature", "properties": { "particle": 1956, "seed_idx": 97, "valid": true }, "geometry": { "type": "Point", "coordinates": [ -0.332673370838165, 5.505846500396729 ] } },
{ "type": "Feature", "properties": { "particle": 1957, "seed_idx": 97, "valid": true }, "geometry": { "type": "Point", "coordinates": [ -0.332876712083817, 5.506653308868408 ] } },
{ "type": "Feature", "properties": { "particle": 1958, "seed_idx": 97, "valid": true }, "geometry": { "type": "Point", "coordinates": [ -0.332817077636719, 5.506259918212891 ] } },
{ "type": "Feature", "properties": { "particle": 1959, "seed_idx": 97, "valid": true }, "geometry": { "type": "Point", "coordinates": [ -0.332723259925842, 5.506153583526611 ] } },
{ "type": "Feature", "properties": { "particle": 1960, "seed_idx": 98, "valid": true }, "geometry": { "type": "Point", "coordinates": [ -0.332967698574066, 5.506158351898193 ] } },
{ "type": "Feature", "properties": { "particle": 1961, "seed_idx": 98, "valid": true }, "geometry": { "type": "Point", "coordinates": [ -0.332944244146347, 5.506433963775635 ] } },
{ "type": "Feature", "properties": { "particle": 1962, "seed_idx": 98, "valid": true }, "geometry": { "type": "Point", "coordinates": [ -0.332718342542648, 5.506513595581055 ] } },
{ "type": "Feature", "properties": { "particle": 1963, "seed_idx": 98, "valid": true }, "geometry": { "type": "Point", "coordinates": [ -0.332840174436569, 5.506590366363525 ] } },
{ "type": "Feature", "properties": { "particle": 1964, "seed_idx": 98, "valid": true }, "geometry": { "type": "Point", "coordinates": [ -0.332911908626556, 5.505671977996826 ] } },
{ "type": "Feature", "properties": { "particle": 1965, "seed_idx": 98, "valid": true }, "geometry": { "type": "Point", "coordinates": [ -0.332846105098724, 5.506182670593262 ] } },
{ "type": "Feature", "properties": { "particle": 1966, "seed_idx": 98, "valid": true }, "geometry": { "type": "Point", "coordinates": [ -0.332697510719299, 5.506466388702393 ] } },
{ "type": "Feature", "properties": { "particle": 1967, "seed_idx": 98, "valid": true }, "geometry": { "type": "Point", "coordinates": [ -0.332656383514404, 5.506500244140625 ] } },
{ "type": "Feature", "properties": { "particle": 1968, "seed_idx": 98, "valid": true }, "geometry": { "type": "Point", "coordinates": [ -0.33287912607193, 5.50636100769043 ] } },
{ "type": "Feature", "properties": { "particle": 1969, "seed_idx": 98, "valid": true }, "geometry": { "type": "Point", "coordinates": [ -0.332882732152939, 5.506476402282715 ] } },
{ "type": "Feature", "properties": { "particle": 1970, "seed_idx": 98, "valid": true }, "geometry": { "type": "Point", "coordinates": [ -0.332865178585052, 5.505821228027344 ] } },
{ "type": "Feature", "properties": { "particle": 1971, "seed_idx": 98, "valid": true }, "geometry": { "type": "Point", "coordinates": [ -0.332718193531036, 5.506588459014893 ] } },
{ "type": "Feature", "properties": { "particle": 1972, "seed_idx": 98, "valid": true }, "geometry": { "type": "Point", "coordinates": [ -0.332939147949219, 5.506397247314453 ] } },
{ "type": "Feature", "properties": { "particle": 1973, "seed_idx": 98, "valid": true }, "geometry": { "type": "Point", "coordinates": [ -0.332827389240265, 5.506391048431396 ] } },
{ "type": "Feature", "properties": { "particle": 1974, "seed_idx": 98, "valid": true }, "geometry": { "type": "Point", "coordinates": [ -0.33287239074707, 5.506408214569092 ] } },
{ "type": "Feature", "properties": { "particle": 1975, "seed_idx": 98, "valid": true }, "geometry": { "type": "Point", "coordinates": [ -0.332806348800659, 5.505838871002197 ] } },
{ "type": "Feature", "properties": { "particle": 1976, "seed_idx": 98, "valid": true }, "geometry": { "type": "Point", "coordinates": [ -0.332959294319153, 5.506064414978027 ] } },
{ "type": "Feature", "properties": { "particle": 1977, "seed_idx": 98, "valid": true }, "geometry": { "type": "Point", "coordinates": [ -0.331150859594345, 5.505736827850342 ] } },
{ "type": "Feature", "properties": { "particle": 1978, "seed_idx": 98, "valid": true }, "geometry": { "type": "Point", "coordinates": [ -0.332924634218216, 5.505636215209961 ] } },
{ "type": "Feature", "properties": { "particle": 1979, "seed_idx": 98, "valid": true }, "geometry": { "type": "Point", "coordinates": [ -0.33291107416153, 5.506440162658691 ] } },
{ "type": "Feature", "properties": { "particle": 1980, "seed_idx": 99, "valid": true }, "geometry": { "type": "Point", "coordinates": [ -0.332869023084641, 5.505378246307373 ] } },
{ "type": "Feature", "properties": { "particle": 1981, "seed_idx": 99, "valid": true }, "geometry": { "type": "Point", "coordinates": [ -0.333212047815323, 5.504884243011475 ] } },
{ "type": "Feature", "properties": { "particle": 1982, "seed_idx": 99, "valid": true }, "geometry": { "type": "Point", "coordinates": [ -0.332804888486862, 5.5052809715271 ] } },
{ "type": "Feature", "properties": { "particle": 1983, "seed_idx": 99, "valid": true }, "geometry": { "type": "Point", "coordinates": [ -0.333524584770203, 5.504740715026855 ] } },
{ "type": "Feature", "properties": { "particle": 1984, "seed_idx": 99, "valid": true }, "geometry": { "type": "Point", "coordinates": [ -0.332779467105865, 5.505222797393799 ] } },
{ "type": "Feature", "properties": { "particle": 1985, "seed_idx": 99, "valid": true }, "geometry": { "type": "Point", "coordinates": [ -0.33383047580719, 5.504755020141602 ] } },
{ "type": "Feature", "properties": { "particle": 1986, "seed_idx": 99, "valid": true }, "geometry": { "type": "Point", "coordinates": [ -0.33343917131424, 5.504872798919678 ] } },
{ "type": "Feature", "properties": { "particle": 1987, "seed_idx": 99, "valid": true }, "geometry": { "type": "Point", "coordinates": [ -0.333644509315491, 5.504992008209229 ] } },
{ "type": "Feature", "properties": { "particle": 1988, "seed_idx": 99, "valid": true }, "geometry": { "type": "Point", "coordinates": [ -0.332869976758957, 5.505397319793701 ] } },
{ "type": "Feature", "properties": { "particle": 1989, "seed_idx": 99, "valid": true }, "geometry": { "type": "Point", "coordinates": [ -0.332898616790771, 5.505665302276611 ] } },
{ "type": "Feature", "properties": { "particle": 1990, "seed_idx": 99, "valid": true }, "geometry": { "type": "Point", "coordinates": [ -0.332742869853973, 5.505379199981689 ] } },
{ "type": "Feature", "properties": { "particle": 1991, "seed_idx": 99, "valid": true }, "geometry": { "type": "Point", "coordinates": [ -0.333781063556671, 5.504923820495605 ] } },
{ "type": "Feature", "properties": { "particle": 1992, "seed_idx": 99, "valid": true }, "geometry": { "type": "Point", "coordinates": [ -0.333538562059402, 5.504898071289062 ] } },
{ "type": "Feature", "properties": { "particle": 1993, "seed_idx": 99, "valid": true }, "geometry": { "type": "Point", "coordinates": [ -0.333847790956497, 5.504745006561279 ] } },
{ "type": "Feature", "properties": { "particle": 1994, "seed_idx": 99, "valid": true }, "geometry": { "type": "Point", "coordinates": [ -0.33292344212532, 5.505621433258057 ] } },
{ "type": "Feature", "properties": { "particle": 1995, "seed_idx": 99, "valid": true }, "geometry": { "type": "Point", "coordinates": [ -0.332878291606903, 5.505631923675537 ] } },
{ "type": "Feature", "properties": { "particle": 1996, "seed_idx": 99, "valid": true }, "geometry": { "type": "Point", "coordinates": [ -0.332673698663712, 5.505417823791504 ] } },
{ "type": "Feature", "properties": { "particle": 1997, "seed_idx": 99, "valid": true }, "geometry": { "type": "Point", "coordinates": [ -0.33268478512764, 5.505057334899902 ] } },
{ "type": "Feature", "properties": { "particle": 1998, "seed_idx": 99, "valid": true }, "geometry": { "type": "Point", "coordinates": [ -0.333786457777023, 5.504810810089111 ] } },
{ "type": "Feature", "properties": { "particle": 1999, "seed_idx": 99, "valid": true }, "geometry": { "type": "Point", "coordinates": [ -0.333261579275131, 5.504918575286865 ] } },
{ "type": "Feature", "properties": { "particle": 2000, "seed_idx": 100, "valid": true }, "geometry": { "type": "Point", "coordinates": [ -0.334410309791565, 5.503912448883057 ] } },
{ "type": "Feature", "properties": { "particle": 2001, "seed_idx": 100, "valid": true }, "geometry": { "type": "Point", "coordinates": [ -0.33647295832634, 5.503913402557373 ] } },
{ "type": "Feature", "properties": { "particle": 2002, "seed_idx": 100, "valid": true }, "geometry": { "type": "Point", "coordinates": [ -0.334003955125809, 5.503945827484131 ] } },
{ "type": "Feature", "properties": { "particle": 2003, "seed_idx": 100, "valid": true }, "geometry": { "type": "Point", "coordinates": [ -0.333717733621597, 5.504230976104736 ] } },
{ "type": "Feature", "properties": { "particle": 2004, "seed_idx": 100, "valid": true }, "geometry": { "type": "Point", "coordinates": [ -0.335680902004242, 5.504574775695801 ] } },
{ "type": "Feature", "properties": { "particle": 2005, "seed_idx": 100, "valid": true }, "geometry": { "type": "Point", "coordinates": [ -0.333920896053314, 5.504124164581299 ] } },
{ "type": "Feature", "properties": { "particle": 2006, "seed_idx": 100, "valid": true }, "geometry": { "type": "Point", "coordinates": [ -0.335708171129227, 5.504403591156006 ] } },
{ "type": "Feature", "properties": { "particle": 2007, "seed_idx": 100, "valid": true }, "geometry": { "type": "Point", "coordinates": [ -0.333867430686951, 5.504189968109131 ] } },
{ "type": "Feature", "properties": { "particle": 2008, "seed_idx": 100, "valid": true }, "geometry": { "type": "Point", "coordinates": [ -0.333868592977524, 5.504136085510254 ] } },
{ "type": "Feature", "properties": { "particle": 2009, "seed_idx": 100, "valid": true }, "geometry": { "type": "Point", "coordinates": [ -0.335719138383865, 5.504487037658691 ] } },
{ "type": "Feature", "properties": { "particle": 2010, "seed_idx": 100, "valid": true }, "geometry": { "type": "Point", "coordinates": [ -0.333833813667297, 5.504020214080811 ] } },
{ "type": "Feature", "properties": { "particle": 2011, "seed_idx": 100, "valid": true }, "geometry": { "type": "Point", "coordinates": [ -0.333773463964462, 5.504644393920898 ] } },
{ "type": "Feature", "properties": { "particle": 2012, "seed_idx": 100, "valid": true }, "geometry": { "type": "Point", "coordinates": [ -0.335726410150528, 5.504665851593018 ] } },
{ "type": "Feature", "properties": { "particle": 2013, "seed_idx": 100, "valid": true }, "geometry": { "type": "Point", "coordinates": [ -0.335942775011063, 5.504171371459961 ] } },
{ "type": "Feature", "properties": { "particle": 2014, "seed_idx": 100, "valid": true }, "geometry": { "type": "Point", "coordinates": [ -0.333716243505478, 5.504666805267334 ] } },
{ "type": "Feature", "properties": { "particle": 2015, "seed_idx": 100, "valid": true }, "geometry": { "type": "Point", "coordinates": [ -0.335637658834457, 5.504394054412842 ] } },
{ "type": "Feature", "properties": { "particle": 2016, "seed_idx": 100, "valid": true }, "geometry": { "type": "Point", "coordinates": [ -0.33372962474823, 5.504239082336426 ] } },
{ "type": "Feature", "properties": { "particle": 2017, "seed_idx": 100, "valid": true }, "geometry": { "type": "Point", "coordinates": [ -0.333877563476562, 5.504560470581055 ] } },
{ "type": "Feature", "properties": { "particle": 2018, "seed_idx": 100, "valid": true }, "geometry": { "type": "Point", "coordinates": [ -0.334194511175156, 5.50380802154541 ] } },
{ "type": "Feature", "properties": { "particle": 2019, "seed_idx": 100, "valid": true }, "geometry": { "type": "Point", "coordinates": [ -0.333872377872467, 5.504615306854248 ] } },
{ "type": "Feature", "properties": { "particle": 2020, "seed_idx": 101, "valid": true }, "geometry": { "type": "Point", "coordinates": [ -0.335843950510025, 5.504469871520996 ] } },
{ "type": "Feature", "properties": { "particle": 2021, "seed_idx": 101, "valid": true }, "geometry": { "type": "Point", "coordinates": [ -0.33417546749115, 5.503772258758545 ] } },
{ "type": "Feature", "properties": { "particle": 2022, "seed_idx": 101, "valid": true }, "geometry": { "type": "Point", "coordinates": [ -0.333911061286926, 5.504191875457764 ] } },
{ "type": "Feature", "properties": { "particle": 2023, "seed_idx": 101, "valid": true }, "geometry": { "type": "Point", "coordinates": [ -0.335834324359894, 5.504433631896973 ] } },
{ "type": "Feature", "properties": { "particle": 2024, "seed_idx": 101, "valid": true }, "geometry": { "type": "Point", "coordinates": [ -0.335609883069992, 5.503731250762939 ] } },
{ "type": "Feature", "properties": { "particle": 2025, "seed_idx": 101, "valid": true }, "geometry": { "type": "Point", "coordinates": [ -0.334042578935623, 5.503945827484131 ] } },
{ "type": "Feature", "properties": { "particle": 2026, "seed_idx": 101, "valid": true }, "geometry": { "type": "Point", "coordinates": [ -0.335864961147308, 5.50440502166748 ] } },
{ "type": "Feature", "properties": { "particle": 2027, "seed_idx": 101, "valid": true }, "geometry": { "type": "Point", "coordinates": [ -0.335829198360443, 5.504274368286133 ] } },
{ "type": "Feature", "properties": { "particle": 2028, "seed_idx": 101, "valid": true }, "geometry": { "type": "Point", "coordinates": [ -0.335820347070694, 5.504641532897949 ] } },
{ "type": "Feature", "properties": { "particle": 2029, "seed_idx": 101, "valid": true }, "geometry": { "type": "Point", "coordinates": [ -0.333770781755447, 5.503883838653564 ] } },
{ "type": "Feature", "properties": { "particle": 2030, "seed_idx": 101, "valid": true }, "geometry": { "type": "Point", "coordinates": [ -0.335873812437057, 5.504328727722168 ] } },
{ "type": "Feature", "properties": { "particle": 2031, "seed_idx": 101, "valid": true }, "geometry": { "type": "Point", "coordinates": [ -0.335887849330902, 5.504080295562744 ] } },
{ "type": "Feature", "properties": { "particle": 2032, "seed_idx": 101, "valid": true }, "geometry": { "type": "Point", "coordinates": [ -0.335844784975052, 5.504533767700195 ] } },
{ "type": "Feature", "properties": { "particle": 2033, "seed_idx": 101, "valid": true }, "geometry": { "type": "Point", "coordinates": [ -0.335726767778397, 5.504374504089355 ] } },
{ "type": "Feature", "properties": { "particle": 2034, "seed_idx": 101, "valid": true }, "geometry": { "type": "Point", "coordinates": [ -0.33569747209549, 5.503971576690674 ] } },
{ "type": "Feature", "properties": { "particle": 2035, "seed_idx": 101, "valid": true }, "geometry": { "type": "Point", "coordinates": [ -0.335851222276688, 5.504216194152832 ] } },
{ "type": "Feature", "properties": { "particle": 2036, "seed_idx": 101, "valid": true }, "geometry": { "type": "Point", "coordinates": [ -0.333676010370255, 5.503908157348633 ] } },
{ "type": "Feature", "properties": { "particle": 2037, "seed_idx": 101, "valid": true }, "geometry": { "type": "Point", "coordinates": [ -0.335886657238007, 5.50486421585083 ] } },
{ "type": "Feature", "properties": { "particle": 2038, "seed_idx": 101, "valid": true }, "geometry": { "type": "Point", "coordinates": [ -0.335803896188736, 5.504626750946045 ] } },
{ "type": "Feature", "properties": { "particle": 2039, "seed_idx": 101, "valid": true }, "geometry": { "type": "Point", "coordinates": [ -0.335856795310974, 5.504591464996338 ] } },
{ "type": "Feature", "properties": { "particle": 2040, "seed_idx": 102, "valid": true }, "geometry": { "type": "Point", "coordinates": [ -0.334049016237259, 5.503829479217529 ] } },
{ "type": "Feature", "properties": { "particle": 2041, "seed_idx": 102, "valid": true }, "geometry": { "type": "Point", "coordinates": [ -0.334808081388474, 5.503983020782471 ] } },
{ "type": "Feature", "properties": { "particle": 2042, "seed_idx": 102, "valid": true }, "geometry": { "type": "Point", "coordinates": [ -0.336473971605301, 5.503828048706055 ] } },
{ "type": "Feature", "properties": { "particle": 2043, "seed_idx": 102, "valid": true }, "geometry": { "type": "Point", "coordinates": [ -0.335931032896042, 5.504380226135254 ] } },
{ "type": "Feature", "properties": { "particle": 2044, "seed_idx": 102, "valid": true }, "geometry": { "type": "Point", "coordinates": [ -0.335784882307053, 5.504370212554932 ] } },
{ "type": "Feature", "properties": { "particle": 2045, "seed_idx": 102, "valid": true }, "geometry": { "type": "Point", "coordinates": [ -0.336270779371262, 5.503948211669922 ] } },
{ "type": "Feature", "properties": { "particle": 2046, "seed_idx": 102, "valid": true }, "geometry": { "type": "Point", "coordinates": [ -0.335811883211136, 5.503989696502686 ] } },
{ "type": "Feature", "properties": { "particle": 2047, "seed_idx": 102, "valid": true }, "geometry": { "type": "Point", "coordinates": [ -0.33586260676384, 5.503777503967285 ] } },
{ "type": "Feature", "properties": { "particle": 2048, "seed_idx": 102, "valid": true }, "geometry": { "type": "Point", "coordinates": [ -0.336603313684464, 5.503798961639404 ] } },
{ "type": "Feature", "properties": { "particle": 2049, "seed_idx": 102, "valid": true }, "geometry": { "type": "Point", "coordinates": [ -0.333780527114868, 5.503939151763916 ] } },
{ "type": "Feature", "properties": { "particle": 2050, "seed_idx": 102, "valid": true }, "geometry": { "type": "Point", "coordinates": [ -0.336943089962006, 5.503612518310547 ] } },
{ "type": "Feature", "properties": { "particle": 2051, "seed_idx": 102, "valid": true }, "geometry": { "type": "Point", "coordinates": [ -0.336787283420563, 5.503932952880859 ] } },
{ "type": "Feature", "properties": { "particle": 2052, "seed_idx": 102, "valid": true }, "geometry": { "type": "Point", "coordinates": [ -0.335949689149857, 5.504830360412598 ] } },
{ "type": "Feature", "properties": { "particle": 2053, "seed_idx": 102, "valid": true }, "geometry": { "type": "Point", "coordinates": [ -0.335642158985138, 5.504027366638184 ] } },
{ "type": "Feature", "properties": { "particle": 2054, "seed_idx": 102, "valid": true }, "geometry": { "type": "Point", "coordinates": [ -0.335951507091522, 5.504746437072754 ] } },
{ "type": "Feature", "properties": { "particle": 2055, "seed_idx": 102, "valid": true }, "geometry": { "type": "Point", "coordinates": [ -0.336885929107666, 5.503902912139893 ] } },
{ "type": "Feature", "properties": { "particle": 2056, "seed_idx": 102, "valid": true }, "geometry": { "type": "Point", "coordinates": [ -0.335787087678909, 5.504199028015137 ] } },
{ "type": "Feature", "properties": { "particle": 2057, "seed_idx": 102, "valid": true }, "geometry": { "type": "Point", "coordinates": [ -0.33569872379303, 5.504646778106689 ] } },
{ "type": "Feature", "properties": { "particle": 2058, "seed_idx": 102, "valid": true }, "geometry": { "type": "Point", "coordinates": [ -0.335954546928406, 5.504424095153809 ] } },
{ "type": "Feature", "properties": { "particle": 2059, "seed_idx": 102, "valid": true }, "geometry": { "type": "Point", "coordinates": [ -0.336069852113724, 5.503902912139893 ] } },
{ "type": "Feature", "properties": { "particle": 2060, "seed_idx": 103, "valid": true }, "geometry": { "type": "Point", "coordinates": [ -0.33586174249649, 5.504432678222656 ] } },
{ "type": "Feature", "properties": { "particle": 2061, "seed_idx": 103, "valid": true }, "geometry": { "type": "Point", "coordinates": [ -0.336377114057541, 5.503817081451416 ] } },
{ "type": "Feature", "properties": { "particle": 2062, "seed_idx": 103, "valid": true }, "geometry": { "type": "Point", "coordinates": [ -0.335773348808289, 5.504651546478271 ] } },
{ "type": "Feature", "properties": { "particle": 2063, "seed_idx": 103, "valid": true }, "geometry": { "type": "Point", "coordinates": [ -0.334120780229568, 5.503861427307129 ] } },
{ "type": "Feature", "properties": { "particle": 2064, "seed_idx": 103, "valid": true }, "geometry": { "type": "Point", "coordinates": [ -0.33581268787384, 5.504462718963623 ] } },
{ "type": "Feature", "properties": { "particle": 2065, "seed_idx": 103, "valid": true }, "geometry": { "type": "Point", "coordinates": [ -0.335785746574402, 5.50401782989502 ] } },
{ "type": "Feature", "properties": { "particle": 2066, "seed_idx": 103, "valid": true }, "geometry": { "type": "Point", "coordinates": [ -0.335763663053513, 5.504192352294922 ] } },
{ "type": "Feature", "properties": { "particle": 2067, "seed_idx": 103, "valid": true }, "geometry": { "type": "Point", "coordinates": [ -0.335643231868744, 5.504515171051025 ] } },
{ "type": "Feature", "properties": { "particle": 2068, "seed_idx": 103, "valid": true }, "geometry": { "type": "Point", "coordinates": [ -0.336801767349243, 5.503737926483154 ] } },
{ "type": "Feature", "properties": { "particle": 2069, "seed_idx": 103, "valid": true }, "geometry": { "type": "Point", "coordinates": [ -0.334395438432693, 5.503788948059082 ] } },
{ "type": "Feature", "properties": { "particle": 2070, "seed_idx": 103, "valid": true }, "geometry": { "type": "Point", "coordinates": [ -0.334162563085556, 5.503866672515869 ] } },
{ "type": "Feature", "properties": { "particle": 2071, "seed_idx": 103, "valid": true }, "geometry": { "type": "Point", "coordinates": [ -0.335665643215179, 5.504529476165771 ] } },
{ "type": "Feature", "properties": { "particle": 2072, "seed_idx": 103, "valid": true }, "geometry": { "type": "Point", "coordinates": [ -0.334270387887955, 5.50391960144043 ] } },
{ "type": "Feature", "properties": { "particle": 2073, "seed_idx": 103, "valid": true }, "geometry": { "type": "Point", "coordinates": [ -0.33469831943512, 5.503968238830566 ] } },
{ "type": "Feature", "properties": { "particle": 2074, "seed_idx": 103, "valid": true }, "geometry": { "type": "Point", "coordinates": [ -0.336776077747345, 5.503876209259033 ] } },
{ "type": "Feature", "properties": { "particle": 2075, "seed_idx": 103, "valid": true }, "geometry": { "type": "Point", "coordinates": [ -0.335657835006714, 5.504190444946289 ] } },
{ "type": "Feature", "properties": { "particle": 2076, "seed_idx": 103, "valid": true }, "geometry": { "type": "Point", "coordinates": [ -0.333873182535172, 5.504012107849121 ] } },
{ "type": "Feature", "properties": { "particle": 2077, "seed_idx": 103, "valid": true }, "geometry": { "type": "Point", "coordinates": [ -0.335786879062653, 5.504449367523193 ] } },
{ "type": "Feature", "properties": { "particle": 2078, "seed_idx": 103, "valid": true }, "geometry": { "type": "Point", "coordinates": [ -0.335860282182693, 5.504465103149414 ] } },
{ "type": "Feature", "properties": { "particle": 2079, "seed_idx": 103, "valid": true }, "geometry": { "type": "Point", "coordinates": [ -0.335907280445099, 5.504284858703613 ] } },
{ "type": "Feature", "properties": { "particle": 2080, "seed_idx": 104, "valid": true }, "geometry": { "type": "Point", "coordinates": [ -0.336290568113327, 5.503997802734375 ] } },
{ "type": "Feature", "properties": { "particle": 2081, "seed_idx": 104, "valid": true }, "geometry": { "type": "Point", "coordinates": [ -0.3361437022686, 5.50383996963501 ] } },
{ "type": "Feature", "properties": { "particle": 2082, "seed_idx": 104, "valid": true }, "geometry": { "type": "Point", "coordinates": [ -0.334172368049622, 5.503916263580322 ] } },
{ "type": "Feature", "properties": { "particle": 2083, "seed_idx": 104, "valid": true }, "geometry": { "type": "Point", "coordinates": [ -0.335703104734421, 5.504308700561523 ] } },
{ "type": "Feature", "properties": { "particle": 2084, "seed_idx": 104, "valid": true }, "geometry": { "type": "Point", "coordinates": [ -0.334391564130783, 5.503762722015381 ] } },
{ "type": "Feature", "properties": { "particle": 2085, "seed_idx": 104, "valid": true }, "geometry": { "type": "Point", "coordinates": [ -0.334318906068802, 5.503844738006592 ] } },
{ "type": "Feature", "properties": { "particle": 2086, "seed_idx": 104, "valid": true }, "geometry": { "type": "Point", "coordinates": [ -0.335898607969284, 5.50420093536377 ] } },
{ "type": "Feature", "properties": { "particle": 2087, "seed_idx": 104, "valid": true }, "geometry": { "type": "Point", "coordinates": [ -0.335893034934998, 5.503799438476562 ] } },
{ "type": "Feature", "properties": { "particle": 2088, "seed_idx": 104, "valid": true }, "geometry": { "type": "Point", "coordinates": [ -0.335844218730927, 5.504400730133057 ] } },
{ "type": "Feature", "properties": { "particle": 2089, "seed_idx": 104, "valid": true }, "geometry": { "type": "Point", "coordinates": [ -0.335648357868195, 5.504499435424805 ] } },
{ "type": "Feature", "properties": { "particle": 2090, "seed_idx": 104, "valid": true }, "geometry": { "type": "Point", "coordinates": [ -0.335707157850266, 5.504268646240234 ] } },
{ "type": "Feature", "properties": { "particle": 2091, "seed_idx": 104, "valid": true }, "geometry": { "type": "Point", "coordinates": [ -0.335899233818054, 5.504570960998535 ] } },
{ "type": "Feature", "properties": { "particle": 2092, "seed_idx": 104, "valid": true }, "geometry": { "type": "Point", "coordinates": [ -0.335937649011612, 5.504720687866211 ] } },
{ "type": "Feature", "properties": { "particle": 2093, "seed_idx": 104, "valid": true }, "geometry": { "type": "Point", "coordinates": [ -0.335633248090744, 5.504213809967041 ] } },
{ "type": "Feature", "properties": { "particle": 2094, "seed_idx": 104, "valid": true }, "geometry": { "type": "Point", "coordinates": [ -0.336465239524841, 5.503925323486328 ] } },
{ "type": "Feature", "properties": { "particle": 2095, "seed_idx": 104, "valid": true }, "geometry": { "type": "Point", "coordinates": [ -0.336217999458313, 5.503918170928955 ] } },
{ "type": "Feature", "properties": { "particle": 2096, "seed_idx": 104, "valid": true }, "geometry": { "type": "Point", "coordinates": [ -0.334184646606445, 5.503899574279785 ] } },
{ "type": "Feature", "properties": { "particle": 2097, "seed_idx": 104, "valid": true }, "geometry": { "type": "Point", "coordinates": [ -0.33575651049614, 5.504606246948242 ] } },
{ "type": "Feature", "properties": { "particle": 2098, "seed_idx": 104, "valid": true }, "geometry": { "type": "Point", "coordinates": [ -0.335689514875412, 5.504446506500244 ] } },
{ "type": "Feature", "properties": { "particle": 2099, "seed_idx": 104, "valid": true }, "geometry": { "type": "Point", "coordinates": [ -0.33600640296936, 5.503886222839355 ] } },
{ "type": "Feature", "properties": { "particle": 2100, "seed_idx": 105, "valid": true }, "geometry": { "type": "Point", "coordinates": [ -0.336853832006454, 5.503503799438477 ] } },
{ "type": "Feature", "properties": { "particle": 2101, "seed_idx": 105, "valid": true }, "geometry": { "type": "Point", "coordinates": [ -0.336828887462616, 5.503901958465576 ] } },
{ "type": "Feature", "properties": { "particle": 2102, "seed_idx": 105, "valid": true }, "geometry": { "type": "Point", "coordinates": [ -0.336402833461761, 5.503754615783691 ] } },
{ "type": "Feature", "properties": { "particle": 2103, "seed_idx": 105, "valid": true }, "geometry": { "type": "Point", "coordinates": [ -0.337740480899811, 5.502755641937256 ] } },
{ "type": "Feature", "properties": { "particle": 2104, "seed_idx": 105, "valid": true }, "geometry": { "type": "Point", "coordinates": [ -0.338859409093857, 5.503588676452637 ] } },
{ "type": "Feature", "properties": { "particle": 2105, "seed_idx": 105, "valid": true }, "geometry": { "type": "Point", "coordinates": [ -0.336764872074127, 5.503112316131592 ] } },
{ "type": "Feature", "properties": { "particle": 2106, "seed_idx": 105, "valid": true }, "geometry": { "type": "Point", "coordinates": [ -0.336697936058044, 5.50348424911499 ] } },
{ "type": "Feature", "properties": { "particle": 2107, "seed_idx": 105, "valid": true }, "geometry": { "type": "Point", "coordinates": [ -0.336642533540726, 5.503694534301758 ] } },
{ "type": "Feature", "properties": { "particle": 2108, "seed_idx": 105, "valid": true }, "geometry": { "type": "Point", "coordinates": [ -0.336731731891632, 5.503684043884277 ] } },
{ "type": "Feature", "properties": { "particle": 2109, "seed_idx": 105, "valid": true }, "geometry": { "type": "Point", "coordinates": [ -0.336823463439941, 5.503945350646973 ] } },
{ "type": "Feature", "properties": { "particle": 2110, "seed_idx": 105, "valid": true }, "geometry": { "type": "Point", "coordinates": [ -0.336723804473877, 5.503334045410156 ] } },
{ "type": "Feature", "properties": { "particle": 2111, "seed_idx": 105, "valid": true }, "geometry": { "type": "Point", "coordinates": [ -0.336855322122574, 5.5035080909729 ] } },
{ "type": "Feature", "properties": { "particle": 2112, "seed_idx": 105, "valid": true }, "geometry": { "type": "Point", "coordinates": [ -0.336871743202209, 5.503983020782471 ] } },
{ "type": "Feature", "properties": { "particle": 2113, "seed_idx": 105, "valid": true }, "geometry": { "type": "Point", "coordinates": [ -0.336855053901672, 5.50389289855957 ] } },
{ "type": "Feature", "properties": { "particle": 2114, "seed_idx": 105, "valid": true }, "geometry": { "type": "Point", "coordinates": [ -0.336264312267303, 5.503881931304932 ] } },
{ "type": "Feature", "properties": { "particle": 2115, "seed_idx": 105, "valid": true }, "geometry": { "type": "Point", "coordinates": [ -0.337426632642746, 5.502929210662842 ] } },
{ "type": "Feature", "properties": { "particle": 2116, "seed_idx": 105, "valid": true }, "geometry": { "type": "Point", "coordinates": [ -0.336767911911011, 5.503342151641846 ] } },
{ "type": "Feature", "properties": { "particle": 2117, "seed_idx": 105, "valid": true }, "geometry": { "type": "Point", "coordinates": [ -0.336688339710236, 5.50297737121582 ] } },
{ "type": "Feature", "properties": { "particle": 2118, "seed_idx": 105, "valid": true }, "geometry": { "type": "Point", "coordinates": [ -0.336877673864365, 5.50335168838501 ] } },
{ "type": "Feature", "properties": { "particle": 2119, "seed_idx": 105, "valid": true }, "geometry": { "type": "Point", "coordinates": [ -0.336710721254349, 5.503546714782715 ] } },
{ "type": "Feature", "properties": { "particle": 2120, "seed_idx": 106, "valid": true }, "geometry": { "type": "Point", "coordinates": [ -0.336844742298126, 5.503249645233154 ] } },
{ "type": "Feature", "properties": { "particle": 2121, "seed_idx": 106, "valid": true }, "geometry": { "type": "Point", "coordinates": [ -0.336774796247482, 5.503721714019775 ] } },
{ "type": "Feature", "properties": { "particle": 2122, "seed_idx": 106, "valid": true }, "geometry": { "type": "Point", "coordinates": [ -0.33878618478775, 5.503446578979492 ] } },
{ "type": "Feature", "properties": { "particle": 2123, "seed_idx": 106, "valid": true }, "geometry": { "type": "Point", "coordinates": [ -0.338698953390121, 5.503454208374023 ] } },
{ "type": "Feature", "properties": { "particle": 2124, "seed_idx": 106, "valid": true }, "geometry": { "type": "Point", "coordinates": [ -0.336762696504593, 5.503622531890869 ] } },
{ "type": "Feature", "properties": { "particle": 2125, "seed_idx": 106, "valid": true }, "geometry": { "type": "Point", "coordinates": [ -0.336718738079071, 5.502943515777588 ] } },
{ "type": "Feature", "properties": { "particle": 2126, "seed_idx": 106, "valid": true }, "geometry": { "type": "Point", "coordinates": [ -0.338755458593369, 5.503540515899658 ] } },
{ "type": "Feature", "properties": { "particle": 2127, "seed_idx": 106, "valid": true }, "geometry": { "type": "Point", "coordinates": [ -0.336845368146896, 5.503688335418701 ] } },
{ "type": "Feature", "properties": { "particle": 2128, "seed_idx": 106, "valid": true }, "geometry": { "type": "Point", "coordinates": [ -0.336851447820663, 5.503654003143311 ] } },
{ "type": "Feature", "properties": { "particle": 2129, "seed_idx": 106, "valid": true }, "geometry": { "type": "Point", "coordinates": [ -0.336847215890884, 5.503553867340088 ] } },
{ "type": "Feature", "properties": { "particle": 2130, "seed_idx": 106, "valid": true }, "geometry": { "type": "Point", "coordinates": [ -0.336719781160355, 5.503778457641602 ] } },
{ "type": "Feature", "properties": { "particle": 2131, "seed_idx": 106, "valid": true }, "geometry": { "type": "Point", "coordinates": [ -0.336847454309464, 5.503695487976074 ] } },
{ "type": "Feature", "properties": { "particle": 2132, "seed_idx": 106, "valid": true }, "geometry": { "type": "Point", "coordinates": [ -0.336785554885864, 5.503742694854736 ] } },
{ "type": "Feature", "properties": { "particle": 2133, "seed_idx": 106, "valid": true }, "geometry": { "type": "Point", "coordinates": [ -0.33665207028389, 5.503516674041748 ] } },
{ "type": "Feature", "properties": { "particle": 2134, "seed_idx": 106, "valid": true }, "geometry": { "type": "Point", "coordinates": [ -0.338725358247757, 5.50355339050293 ] } },
{ "type": "Feature", "properties": { "particle": 2135, "seed_idx": 106, "valid": true }, "geometry": { "type": "Point", "coordinates": [ -0.338918566703796, 5.503824710845947 ] } },
{ "type": "Feature", "properties": { "particle": 2136, "seed_idx": 106, "valid": true }, "geometry": { "type": "Point", "coordinates": [ -0.339493721723557, 5.502877712249756 ] } },
{ "type": "Feature", "properties": { "particle": 2137, "seed_idx": 106, "valid": true }, "geometry": { "type": "Point", "coordinates": [ -0.336762249469757, 5.503398418426514 ] } },
{ "type": "Feature", "properties": { "particle": 2138, "seed_idx": 106, "valid": true }, "geometry": { "type": "Point", "coordinates": [ -0.338888704776764, 5.503602504730225 ] } },
{ "type": "Feature", "properties": { "particle": 2139, "seed_idx": 106, "valid": true }, "geometry": { "type": "Point", "coordinates": [ -0.336813658475876, 5.503376007080078 ] } },
{ "type": "Feature", "properties": { "particle": 2140, "seed_idx": 107, "valid": true }, "geometry": { "type": "Point", "coordinates": [ -0.338895320892334, 5.503509998321533 ] } },
{ "type": "Feature", "properties": { "particle": 2141, "seed_idx": 107, "valid": true }, "geometry": { "type": "Point", "coordinates": [ -0.336782664060593, 5.502923011779785 ] } },
{ "type": "Feature", "properties": { "particle": 2142, "seed_idx": 107, "valid": true }, "geometry": { "type": "Point", "coordinates": [ -0.338724255561829, 5.503666400909424 ] } },
{ "type": "Feature", "properties": { "particle": 2143, "seed_idx": 107, "valid": true }, "geometry": { "type": "Point", "coordinates": [ -0.337446808815002, 5.502883911132812 ] } },
{ "type": "Feature", "properties": { "particle": 2144, "seed_idx": 107, "valid": true }, "geometry": { "type": "Point", "coordinates": [ -0.336752653121948, 5.503171443939209 ] } },
{ "type": "Feature", "properties": { "particle": 2145, "seed_idx": 107, "valid": true }, "geometry": { "type": "Point", "coordinates": [ -0.336852788925171, 5.503064155578613 ] } },
{ "type": "Feature", "properties": { "particle": 2146, "seed_idx": 107, "valid": true }, "geometry": { "type": "Point", "coordinates": [ -0.338713616132736, 5.503585815429688 ] } },
{ "type": "Feature", "properties": { "particle": 2147, "seed_idx": 107, "valid": true }, "geometry": { "type": "Point", "coordinates": [ -0.3373082280159, 5.502834320068359 ] } },
{ "type": "Feature", "properties": { "particle": 2148, "seed_idx": 107, "valid": true }, "geometry": { "type": "Point", "coordinates": [ -0.338623613119125, 5.503639221191406 ] } },
{ "type": "Feature", "properties": { "particle": 2149, "seed_idx": 107, "valid": true }, "geometry": { "type": "Point", "coordinates": [ -0.336684793233871, 5.503209114074707 ] } },
{ "type": "Feature", "properties": { "particle": 2150, "seed_idx": 107, "valid": true }, "geometry": { "type": "Point", "coordinates": [ -0.337229073047638, 5.502941131591797 ] } },
{ "type": "Feature", "properties": { "particle": 2151, "seed_idx": 107, "valid": true }, "geometry": { "type": "Point", "coordinates": [ -0.336638689041138, 5.502914905548096 ] } },
{ "type": "Feature", "properties": { "particle": 2152, "seed_idx": 107, "valid": true }, "geometry": { "type": "Point", "coordinates": [ -0.339687168598175, 5.502586841583252 ] } },
{ "type": "Feature", "properties": { "particle": 2153, "seed_idx": 107, "valid": true }, "geometry": { "type": "Point", "coordinates": [ -0.336714655160904, 5.502982139587402 ] } },
{ "type": "Feature", "properties": { "particle": 2154, "seed_idx": 107, "valid": true }, "geometry": { "type": "Point", "coordinates": [ -0.33884185552597, 5.503522872924805 ] } },
{ "type": "Feature", "properties": { "particle": 2155, "seed_idx": 107, "valid": true }, "geometry": { "type": "Point", "coordinates": [ -0.338616609573364, 5.502928733825684 ] } },
{ "type": "Feature", "properties": { "particle": 2156, "seed_idx": 107, "valid": true }, "geometry": { "type": "Point", "coordinates": [ -0.337191134691238, 5.502938747406006 ] } },
{ "type": "Feature", "properties": { "particle": 2157, "seed_idx": 107, "valid": true }, "geometry": { "type": "Point", "coordinates": [ -0.338875144720078, 5.503498554229736 ] } },
{ "type": "Feature", "properties": { "particle": 2158, "seed_idx": 107, "valid": true }, "geometry": { "type": "Point", "coordinates": [ -0.336663544178009, 5.503185749053955 ] } },
{ "type": "Feature", "properties": { "particle": 2159, "seed_idx": 107, "valid": true }, "geometry": { "type": "Point", "coordinates": [ -0.338795870542526, 5.50307035446167 ] } },
{ "type": "Feature", "properties": { "particle": 2160, "seed_idx": 108, "valid": true }, "geometry": { "type": "Point", "coordinates": [ -0.338770121335983, 5.503429889678955 ] } },
{ "type": "Feature", "properties": { "particle": 2161, "seed_idx": 108, "valid": true }, "geometry": { "type": "Point", "coordinates": [ -0.337226003408432, 5.502798557281494 ] } },
{ "type": "Feature", "properties": { "particle": 2162, "seed_idx": 108, "valid": true }, "geometry": { "type": "Point", "coordinates": [ -0.336792945861816, 5.503164768218994 ] } },
{ "type": "Feature", "properties": { "particle": 2163, "seed_idx": 108, "valid": true }, "geometry": { "type": "Point", "coordinates": [ -0.338891983032227, 5.503382682800293 ] } },
{ "type": "Feature", "properties": { "particle": 2164, "seed_idx": 108, "valid": true }, "geometry": { "type": "Point", "coordinates": [ -0.336663126945496, 5.502792835235596 ] } },
{ "type": "Feature", "properties": { "particle": 2165, "seed_idx": 108, "valid": true }, "geometry": { "type": "Point", "coordinates": [ -0.338882267475128, 5.503567695617676 ] } },
{ "type": "Feature", "properties": { "particle": 2166, "seed_idx": 108, "valid": true }, "geometry": { "type": "Point", "coordinates": [ -0.338879376649857, 5.503607749938965 ] } },
{ "type": "Feature", "properties": { "particle": 2167, "seed_idx": 108, "valid": true }, "geometry": { "type": "Point", "coordinates": [ -0.337412148714066, 5.502911567687988 ] } },
{ "type": "Feature", "properties": { "particle": 2168, "seed_idx": 108, "valid": true }, "geometry": { "type": "Point", "coordinates": [ -0.336922615766525, 5.503058910369873 ] } },
{ "type": "Feature", "properties": { "particle": 2169, "seed_idx": 108, "valid": true }, "geometry": { "type": "Point", "coordinates": [ -0.338877290487289, 5.503912925720215 ] } },
{ "type": "Feature", "properties": { "particle": 2170, "seed_idx": 108, "valid": true }, "geometry": { "type": "Point", "coordinates": [ -0.339416593313217, 5.502768993377686 ] } },
{ "type": "Feature", "properties": { "particle": 2171, "seed_idx": 108, "valid": true }, "geometry": { "type": "Point", "coordinates": [ -0.33891773223877, 5.50376558303833 ] } },
{ "type": "Feature", "properties": { "particle": 2172, "seed_idx": 108, "valid": true }, "geometry": { "type": "Point", "coordinates": [ -0.338654190301895, 5.50328254699707 ] } },
{ "type": "Feature", "properties": { "particle": 2173, "seed_idx": 108, "valid": true }, "geometry": { "type": "Point", "coordinates": [ -0.338816672563553, 5.503509998321533 ] } },
{ "type": "Feature", "properties": { "particle": 2174, "seed_idx": 108, "valid": true }, "geometry": { "type": "Point", "coordinates": [ -0.337624311447144, 5.503006458282471 ] } },
{ "type": "Feature", "properties": { "particle": 2175, "seed_idx": 108, "valid": true }, "geometry": { "type": "Point", "coordinates": [ -0.33689671754837, 5.502955436706543 ] } },
{ "type": "Feature", "properties": { "particle": 2176, "seed_idx": 108, "valid": true }, "geometry": { "type": "Point", "coordinates": [ -0.336855590343475, 5.503087043762207 ] } },
{ "type": "Feature", "properties": { "particle": 2177, "seed_idx": 108, "valid": true }, "geometry": { "type": "Point", "coordinates": [ -0.33868795633316, 5.503603935241699 ] } },
{ "type": "Feature", "properties": { "particle": 2178, "seed_idx": 108, "valid": true }, "geometry": { "type": "Point", "coordinates": [ -0.336903899908066, 5.50306224822998 ] } },
{ "type": "Feature", "properties": { "particle": 2179, "seed_idx": 108, "valid": true }, "geometry": { "type": "Point", "coordinates": [ -0.337265998125076, 5.502926826477051 ] } },
{ "type": "Feature", "properties": { "particle": 2180, "seed_idx": 109, "valid": true }, "geometry": { "type": "Point", "coordinates": [ -0.338680624961853, 5.503071784973145 ] } },
{ "type": "Feature", "properties": { "particle": 2181, "seed_idx": 109, "valid": true }, "geometry": { "type": "Point", "coordinates": [ -0.336729556322098, 5.503051280975342 ] } },
{ "type": "Feature", "properties": { "particle": 2182, "seed_idx": 109, "valid": true }, "geometry": { "type": "Point", "coordinates": [ -0.338810712099075, 5.503050804138184 ] } },
{ "type": "Feature", "properties": { "particle": 2183, "seed_idx": 109, "valid": true }, "geometry": { "type": "Point", "coordinates": [ -0.338875472545624, 5.503520965576172 ] } },
{ "type": "Feature", "properties": { "particle": 2184, "seed_idx": 109, "valid": true }, "geometry": { "type": "Point", "coordinates": [ -0.336925357580185, 5.503373622894287 ] } },
{ "type": "Feature", "properties": { "particle": 2185, "seed_idx": 109, "valid": true }, "geometry": { "type": "Point", "coordinates": [ -0.338760703802109, 5.503476619720459 ] } },
{ "type": "Feature", "properties": { "particle": 2186, "seed_idx": 109, "valid": true }, "geometry": { "type": "Point", "coordinates": [ -0.336745887994766, 5.503328800201416 ] } },
{ "type": "Feature", "properties": { "particle": 2187, "seed_idx": 109, "valid": true }, "geometry": { "type": "Point", "coordinates": [ -0.33734992146492, 5.502815723419189 ] } },
{ "type": "Feature", "properties": { "particle": 2188, "seed_idx": 109, "valid": true }, "geometry": { "type": "Point", "coordinates": [ -0.338789373636246, 5.503345966339111 ] } },
{ "type": "Feature", "properties": { "particle": 2189, "seed_idx": 109, "valid": true }, "geometry": { "type": "Point", "coordinates": [ -0.338641256093979, 5.503195285797119 ] } },
{ "type": "Feature", "properties": { "particle": 2190, "seed_idx": 109, "valid": true }, "geometry": { "type": "Point", "coordinates": [ -0.338634312152863, 5.50346565246582 ] } },
{ "type": "Feature", "properties": { "particle": 2191, "seed_idx": 109, "valid": true }, "geometry": { "type": "Point", "coordinates": [ -0.337346851825714, 5.502805709838867 ] } },
{ "type": "Feature", "properties": { "particle": 2192, "seed_idx": 109, "valid": true }, "geometry": { "type": "Point", "coordinates": [ -0.336805522441864, 5.503101825714111 ] } },
{ "type": "Feature", "properties": { "particle": 2193, "seed_idx": 109, "valid": true }, "geometry": { "type": "Point", "coordinates": [ -0.337289065122604, 5.50283145904541 ] } },
{ "type": "Feature", "properties": { "particle": 2194, "seed_idx": 109, "valid": true }, "geometry": { "type": "Point", "coordinates": [ -0.337337762117386, 5.502856731414795 ] } },
{ "type": "Feature", "properties": { "particle": 2195, "seed_idx": 109, "valid": true }, "geometry": { "type": "Point", "coordinates": [ -0.336803048849106, 5.503119945526123 ] } },
{ "type": "Feature", "properties": { "particle": 2196, "seed_idx": 109, "valid": true }, "geometry": { "type": "Point", "coordinates": [ -0.336723744869232, 5.503046989440918 ] } },
{ "type": "Feature", "properties": { "particle": 2197, "seed_idx": 109, "valid": true }, "geometry": { "type": "Point", "coordinates": [ -0.337401896715164, 5.502916812896729 ] } },
{ "type": "Feature", "properties": { "particle": 2198, "seed_idx": 109, "valid": true }, "geometry": { "type": "Point", "coordinates": [ -0.338885903358459, 5.503820896148682 ] } },
{ "type": "Feature", "properties": { "particle": 2199, "seed_idx": 109, "valid": true }, "geometry": { "type": "Point", "coordinates": [ -0.338797241449356, 5.503385066986084 ] } },
{ "type": "Feature", "properties": { "particle": 2200, "seed_idx": 110, "valid": true }, "geometry": { "type": "Point", "coordinates": [ -0.339686244726181, 5.502835273742676 ] } },
{ "type": "Feature", "properties": { "particle": 2201, "seed_idx": 110, "valid": true }, "geometry": { "type": "Point", "coordinates": [ -0.33878818154335, 5.503052711486816 ] } },
{ "type": "Feature", "properties": { "particle": 2202, "seed_idx": 110, "valid": true }, "geometry": { "type": "Point", "coordinates": [ -0.338844418525696, 5.503496170043945 ] } },
{ "type": "Feature", "properties": { "particle": 2203, "seed_idx": 110, "valid": true }, "geometry": { "type": "Point", "coordinates": [ -0.338842034339905, 5.503636360168457 ] } },
{ "type": "Feature", "properties": { "particle": 2204, "seed_idx": 110, "valid": true }, "geometry": { "type": "Point", "coordinates": [ -0.338833779096603, 5.503099918365479 ] } },
{ "type": "Feature", "properties": { "particle": 2205, "seed_idx": 110, "valid": true }, "geometry": { "type": "Point", "coordinates": [ -0.338683426380157, 5.502976894378662 ] } },
{ "type": "Feature", "properties": { "particle": 2206, "seed_idx": 110, "valid": true }, "geometry": { "type": "Point", "coordinates": [ -0.338844925165176, 5.503463268280029 ] } },
{ "type": "Feature", "properties": { "particle": 2207, "seed_idx": 110, "valid": true }, "geometry": { "type": "Point", "coordinates": [ -0.339580148458481, 5.502833843231201 ] } },
{ "type": "Feature", "properties": { "particle": 2208, "seed_idx": 110, "valid": true }, "geometry": { "type": "Point", "coordinates": [ -0.338844299316406, 5.503415584564209 ] } },
{ "type": "Feature", "properties": { "particle": 2209, "seed_idx": 110, "valid": true }, "geometry": { "type": "Point", "coordinates": [ -0.338670641183853, 5.503071308135986 ] } },
{ "type": "Feature", "properties": { "particle": 2210, "seed_idx": 110, "valid": true }, "geometry": { "type": "Point", "coordinates": [ -0.33867883682251, 5.503142356872559 ] } },
{ "type": "Feature", "properties": { "particle": 2211, "seed_idx": 110, "valid": true }, "geometry": { "type": "Point", "coordinates": [ -0.33892810344696, 5.503181934356689 ] } },
{ "type": "Feature", "properties": { "particle": 2212, "seed_idx": 110, "valid": true }, "geometry": { "type": "Point", "coordinates": [ -0.337089627981186, 5.502816200256348 ] } },
{ "type": "Feature", "properties": { "particle": 2213, "seed_idx": 110, "valid": true }, "geometry": { "type": "Point", "coordinates": [ -0.339544057846069, 5.502885818481445 ] } },
{ "type": "Feature", "properties": { "particle": 2214, "seed_idx": 110, "valid": true }, "geometry": { "type": "Point", "coordinates": [ -0.338643401861191, 5.503518104553223 ] } },
{ "type": "Feature", "properties": { "particle": 2215, "seed_idx": 110, "valid": true }, "geometry": { "type": "Point", "coordinates": [ -0.338650584220886, 5.503499507904053 ] } },
{ "type": "Feature", "properties": { "particle": 2216, "seed_idx": 110, "valid": true }, "geometry": { "type": "Point", "coordinates": [ -0.337063908576965, 5.50282096862793 ] } },
{ "type": "Feature", "properties": { "particle": 2217, "seed_idx": 110, "valid": true }, "geometry": { "type": "Point", "coordinates": [ -0.338912218809128, 5.503848075866699 ] } },
{ "type": "Feature", "properties": { "particle": 2218, "seed_idx": 110, "valid": true }, "geometry": { "type": "Point", "coordinates": [ -0.339681267738342, 5.502997398376465 ] } },
{ "type": "Feature", "properties": { "particle": 2219, "seed_idx": 110, "valid": true }, "geometry": { "type": "Point", "coordinates": [ -0.338917821645737, 5.503024101257324 ] } },
{ "type": "Feature", "properties": { "particle": 2220, "seed_idx": 111, "valid": true }, "geometry": { "type": "Point", "coordinates": [ -0.338924765586853, 5.50359582901001 ] } },
{ "type": "Feature", "properties": { "particle": 2221, "seed_idx": 111, "valid": true }, "geometry": { "type": "Point", "coordinates": [ -0.33918634057045, 5.502950191497803 ] } },
{ "type": "Feature", "properties": { "particle": 2222, "seed_idx": 111, "valid": true }, "geometry": { "type": "Point", "coordinates": [ -0.339472979307175, 5.502862930297852 ] } },
{ "type": "Feature", "properties": { "particle": 2223, "seed_idx": 111, "valid": true }, "geometry": { "type": "Point", "coordinates": [ -0.338886916637421, 5.5035400390625 ] } },
{ "type": "Feature", "properties": { "particle": 2224, "seed_idx": 111, "valid": true }, "geometry": { "type": "Point", "coordinates": [ -0.338919281959534, 5.503252506256104 ] } },
{ "type": "Feature", "properties": { "particle": 2225, "seed_idx": 111, "valid": true }, "geometry": { "type": "Point", "coordinates": [ -0.339197248220444, 5.50279426574707 ] } },
{ "type": "Feature", "properties": { "particle": 2226, "seed_idx": 111, "valid": true }, "geometry": { "type": "Point", "coordinates": [ -0.338751763105392, 5.502879619598389 ] } },
{ "type": "Feature", "properties": { "particle": 2227, "seed_idx": 111, "valid": true }, "geometry": { "type": "Point", "coordinates": [ -0.339613527059555, 5.502940654754639 ] } },
{ "type": "Feature", "properties": { "particle": 2228, "seed_idx": 111, "valid": true }, "geometry": { "type": "Point", "coordinates": [ -0.33888828754425, 5.503642559051514 ] } },
{ "type": "Feature", "properties": { "particle": 2229, "seed_idx": 111, "valid": true }, "geometry": { "type": "Point", "coordinates": [ -0.339430391788483, 5.502510070800781 ] } },
{ "type": "Feature", "properties": { "particle": 2230, "seed_idx": 111, "valid": true }, "geometry": { "type": "Point", "coordinates": [ -0.339734196662903, 5.502914905548096 ] } },
{ "type": "Feature", "properties": { "particle": 2231, "seed_idx": 111, "valid": true }, "geometry": { "type": "Point", "coordinates": [ -0.339616507291794, 5.502847671508789 ] } },
{ "type": "Feature", "properties": { "particle": 2232, "seed_idx": 111, "valid": true }, "geometry": { "type": "Point", "coordinates": [ -0.33873438835144, 5.503295421600342 ] } },
{ "type": "Feature", "properties": { "particle": 2233, "seed_idx": 111, "valid": true }, "geometry": { "type": "Point", "coordinates": [ -0.33892497420311, 5.503598213195801 ] } },
{ "type": "Feature", "properties": { "particle": 2234, "seed_idx": 111, "valid": true }, "geometry": { "type": "Point", "coordinates": [ -0.33873775601387, 5.503345489501953 ] } },
{ "type": "Feature", "properties": { "particle": 2235, "seed_idx": 111, "valid": true }, "geometry": { "type": "Point", "coordinates": [ -0.339387565851212, 5.502832412719727 ] } },
{ "type": "Feature", "properties": { "particle": 2236, "seed_idx": 111, "valid": true }, "geometry": { "type": "Point", "coordinates": [ -0.339430034160614, 5.502880096435547 ] } },
{ "type": "Feature", "properties": { "particle": 2237, "seed_idx": 111, "valid": true }, "geometry": { "type": "Point", "coordinates": [ -0.338844746351242, 5.5036301612854 ] } },
{ "type": "Feature", "properties": { "particle": 2238, "seed_idx": 111, "valid": true }, "geometry": { "type": "Point", "coordinates": [ -0.339665502309799, 5.502736568450928 ] } },
{ "type": "Feature", "properties": { "particle": 2239, "seed_idx": 111, "valid": true }, "geometry": { "type": "Point", "coordinates": [ -0.338794559240341, 5.503285884857178 ] } },
{ "type": "Feature", "properties": { "particle": 2240, "seed_idx": 112, "valid": true }, "geometry": { "type": "Point", "coordinates": [ -0.340811520814896, 5.501923561096191 ] } },
{ "type": "Feature", "properties": { "particle": 2241, "seed_idx": 112, "valid": true }, "geometry": { "type": "Point", "coordinates": [ -0.339653253555298, 5.502042293548584 ] } },
{ "type": "Feature", "properties": { "particle": 2242, "seed_idx": 112, "valid": true }, "geometry": { "type": "Point", "coordinates": [ -0.340171039104462, 5.502000331878662 ] } },
{ "type": "Feature", "properties": { "particle": 2243, "seed_idx": 112, "valid": true }, "geometry": { "type": "Point", "coordinates": [ -0.339816004037857, 5.502205371856689 ] } },
{ "type": "Feature", "properties": { "particle": 2244, "seed_idx": 112, "valid": true }, "geometry": { "type": "Point", "coordinates": [ -0.339841216802597, 5.502520561218262 ] } },
{ "type": "Feature", "properties": { "particle": 2245, "seed_idx": 112, "valid": true }, "geometry": { "type": "Point", "coordinates": [ -0.339688062667847, 5.502254962921143 ] } },
{ "type": "Feature", "properties": { "particle": 2246, "seed_idx": 112, "valid": true }, "geometry": { "type": "Point", "coordinates": [ -0.339750349521637, 5.502615928649902 ] } },
{ "type": "Feature", "properties": { "particle": 2247, "seed_idx": 112, "valid": true }, "geometry": { "type": "Point", "coordinates": [ -0.339765965938568, 5.502366065979004 ] } },
{ "type": "Feature", "properties": { "particle": 2248, "seed_idx": 112, "valid": true }, "geometry": { "type": "Point", "coordinates": [ -0.339897334575653, 5.502282619476318 ] } },
{ "type": "Feature", "properties": { "particle": 2249, "seed_idx": 112, "valid": true }, "geometry": { "type": "Point", "coordinates": [ -0.339837431907654, 5.502159118652344 ] } },
{ "type": "Feature", "properties": { "particle": 2250, "seed_idx": 112, "valid": true }, "geometry": { "type": "Point", "coordinates": [ -0.339650422334671, 5.502699851989746 ] } },
{ "type": "Feature", "properties": { "particle": 2251, "seed_idx": 112, "valid": true }, "geometry": { "type": "Point", "coordinates": [ -0.339823573827744, 5.502262115478516 ] } },
{ "type": "Feature", "properties": { "particle": 2252, "seed_idx": 112, "valid": true }, "geometry": { "type": "Point", "coordinates": [ -0.339873671531677, 5.502554416656494 ] } },
{ "type": "Feature", "properties": { "particle": 2253, "seed_idx": 112, "valid": true }, "geometry": { "type": "Point", "coordinates": [ -0.340670555830002, 5.501908302307129 ] } },
{ "type": "Feature", "properties": { "particle": 2254, "seed_idx": 112, "valid": true }, "geometry": { "type": "Point", "coordinates": [ -0.339812904596329, 5.502316474914551 ] } },
{ "type": "Feature", "properties": { "particle": 2255, "seed_idx": 112, "valid": true }, "geometry": { "type": "Point", "coordinates": [ -0.340533196926117, 5.501903533935547 ] } },
{ "type": "Feature", "properties": { "particle": 2256, "seed_idx": 112, "valid": true }, "geometry": { "type": "Point", "coordinates": [ -0.340773552656174, 5.501996517181396 ] } },
{ "type": "Feature", "properties": { "particle": 2257, "seed_idx": 112, "valid": true }, "geometry": { "type": "Point", "coordinates": [ -0.340667575597763, 5.501604080200195 ] } },
{ "type": "Feature", "properties": { "particle": 2258, "seed_idx": 112, "valid": true }, "geometry": { "type": "Point", "coordinates": [ -0.340427041053772, 5.501933097839355 ] } },
{ "type": "Feature", "properties": { "particle": 2259, "seed_idx": 112, "valid": true }, "geometry": { "type": "Point", "coordinates": [ -0.340834081172943, 5.501605987548828 ] } },
{ "type": "Feature", "properties": { "particle": 2260, "seed_idx": 113, "valid": true }, "geometry": { "type": "Point", "coordinates": [ -0.342693537473679, 5.501694679260254 ] } },
{ "type": "Feature", "properties": { "particle": 2261, "seed_idx": 113, "valid": true }, "geometry": { "type": "Point", "coordinates": [ -0.340636998414993, 5.501404762268066 ] } },
{ "type": "Feature", "properties": { "particle": 2262, "seed_idx": 113, "valid": true }, "geometry": { "type": "Point", "coordinates": [ -0.340918302536011, 5.50118350982666 ] } },
{ "type": "Feature", "properties": { "particle": 2263, "seed_idx": 113, "valid": true }, "geometry": { "type": "Point", "coordinates": [ -0.340912222862244, 5.501609802246094 ] } },
{ "type": "Feature", "properties": { "particle": 2264, "seed_idx": 113, "valid": true }, "geometry": { "type": "Point", "coordinates": [ -0.34076663851738, 5.501489639282227 ] } },
{ "type": "Feature", "properties": { "particle": 2265, "seed_idx": 113, "valid": true }, "geometry": { "type": "Point", "coordinates": [ -0.341353833675385, 5.500956058502197 ] } },
{ "type": "Feature", "properties": { "particle": 2266, "seed_idx": 113, "valid": true }, "geometry": { "type": "Point", "coordinates": [ -0.342676997184753, 5.501224517822266 ] } },
{ "type": "Feature", "properties": { "particle": 2267, "seed_idx": 113, "valid": true }, "geometry": { "type": "Point", "coordinates": [ -0.340920031070709, 5.50120735168457 ] } },
{ "type": "Feature", "properties": { "particle": 2268, "seed_idx": 113, "valid": true }, "geometry": { "type": "Point", "coordinates": [ -0.340813934803009, 5.501735210418701 ] } },
{ "type": "Feature", "properties": { "particle": 2269, "seed_idx": 113, "valid": true }, "geometry": { "type": "Point", "coordinates": [ -0.34076726436615, 5.501431465148926 ] } },
{ "type": "Feature", "properties": { "particle": 2270, "seed_idx": 113, "valid": true }, "geometry": { "type": "Point", "coordinates": [ -0.340656518936157, 5.50135326385498 ] } },
{ "type": "Feature", "properties": { "particle": 2271, "seed_idx": 113, "valid": true }, "geometry": { "type": "Point", "coordinates": [ -0.340674012899399, 5.501401901245117 ] } },
{ "type": "Feature", "properties": { "particle": 2272, "seed_idx": 113, "valid": true }, "geometry": { "type": "Point", "coordinates": [ -0.340833902359009, 5.501703262329102 ] } },
{ "type": "Feature", "properties": { "particle": 2273, "seed_idx": 113, "valid": true }, "geometry": { "type": "Point", "coordinates": [ -0.341704994440079, 5.50100040435791 ] } },
{ "type": "Feature", "properties": { "particle": 2274, "seed_idx": 113, "valid": true }, "geometry": { "type": "Point", "coordinates": [ -0.340830504894257, 5.501684188842773 ] } },
{ "type": "Feature", "properties": { "particle": 2275, "seed_idx": 113, "valid": true }, "geometry": { "type": "Point", "coordinates": [ -0.340628772974014, 5.500996589660645 ] } },
{ "type": "Feature", "properties": { "particle": 2276, "seed_idx": 113, "valid": true }, "geometry": { "type": "Point", "coordinates": [ -0.34082880616188, 5.501529216766357 ] } },
{ "type": "Feature", "properties": { "particle": 2277, "seed_idx": 113, "valid": true }, "geometry": { "type": "Point", "coordinates": [ -0.340630561113358, 5.500967979431152 ] } },
{ "type": "Feature", "properties": { "particle": 2278, "seed_idx": 113, "valid": true }, "geometry": { "type": "Point", "coordinates": [ -0.342776030302048, 5.501375198364258 ] } },
{ "type": "Feature", "properties": { "particle": 2279, "seed_idx": 113, "valid": true }, "geometry": { "type": "Point", "coordinates": [ -0.341185092926025, 5.500851154327393 ] } },
{ "type": "Feature", "properties": { "particle": 2280, "seed_idx": 114, "valid": true }, "geometry": { "type": "Point", "coordinates": [ -0.342651546001434, 5.501700878143311 ] } },
{ "type": "Feature", "properties": { "particle": 2281, "seed_idx": 114, "valid": true }, "geometry": { "type": "Point", "coordinates": [ -0.342861920595169, 5.501644611358643 ] } },
{ "type": "Feature", "properties": { "particle": 2282, "seed_idx": 114, "valid": true }, "geometry": { "type": "Point", "coordinates": [ -0.340851157903671, 5.500964641571045 ] } },
{ "type": "Feature", "properties": { "particle": 2283, "seed_idx": 114, "valid": true }, "geometry": { "type": "Point", "coordinates": [ -0.341344684362411, 5.500909328460693 ] } },
{ "type": "Feature", "properties": { "particle": 2284, "seed_idx": 114, "valid": true }, "geometry": { "type": "Point", "coordinates": [ -0.341637670993805, 5.500747203826904 ] } },
{ "type": "Feature", "properties": { "particle": 2285, "seed_idx": 114, "valid": true }, "geometry": { "type": "Point", "coordinates": [ -0.340740293264389, 5.501291751861572 ] } },
{ "type": "Feature", "properties": { "particle": 2286, "seed_idx": 114, "valid": true }, "geometry": { "type": "Point", "coordinates": [ -0.340820968151093, 5.501113891601562 ] } },
{ "type": "Feature", "properties": { "particle": 2287, "seed_idx": 114, "valid": true }, "geometry": { "type": "Point", "coordinates": [ -0.342663109302521, 5.501286029815674 ] } },
{ "type": "Feature", "properties": { "particle": 2288, "seed_idx": 114, "valid": true }, "geometry": { "type": "Point", "coordinates": [ -0.342844486236572, 5.501321792602539 ] } },
{ "type": "Feature", "properties": { "particle": 2289, "seed_idx": 114, "valid": true }, "geometry": { "type": "Point", "coordinates": [ -0.342825144529343, 5.501422882080078 ] } },
{ "type": "Feature", "properties": { "particle": 2290, "seed_idx": 114, "valid": true }, "geometry": { "type": "Point", "coordinates": [ -0.342617988586426, 5.501073837280273 ] } },
{ "type": "Feature", "properties": { "particle": 2291, "seed_idx": 114, "valid": true }, "geometry": { "type": "Point", "coordinates": [ -0.340771794319153, 5.501283168792725 ] } },
{ "type": "Feature", "properties": { "particle": 2292, "seed_idx": 114, "valid": true }, "geometry": { "type": "Point", "coordinates": [ -0.340862214565277, 5.501649379730225 ] } },
{ "type": "Feature", "properties": { "particle": 2293, "seed_idx": 114, "valid": true }, "geometry": { "type": "Point", "coordinates": [ -0.340891659259796, 5.501626014709473 ] } },
{ "type": "Feature", "properties": { "particle": 2294, "seed_idx": 114, "valid": true }, "geometry": { "type": "Point", "coordinates": [ -0.340789288282394, 5.501337051391602 ] } },
{ "type": "Feature", "properties": { "particle": 2295, "seed_idx": 114, "valid": true }, "geometry": { "type": "Point", "coordinates": [ -0.340813666582108, 5.501089096069336 ] } },
{ "type": "Feature", "properties": { "particle": 2296, "seed_idx": 114, "valid": true }, "geometry": { "type": "Point", "coordinates": [ -0.340657591819763, 5.50136137008667 ] } },
{ "type": "Feature", "properties": { "particle": 2297, "seed_idx": 114, "valid": true }, "geometry": { "type": "Point", "coordinates": [ -0.341713309288025, 5.501017093658447 ] } },
{ "type": "Feature", "properties": { "particle": 2298, "seed_idx": 114, "valid": true }, "geometry": { "type": "Point", "coordinates": [ -0.340686142444611, 5.501389980316162 ] } },
{ "type": "Feature", "properties": { "particle": 2299, "seed_idx": 114, "valid": true }, "geometry": { "type": "Point", "coordinates": [ -0.340684473514557, 5.501347064971924 ] } },
{ "type": "Feature", "properties": { "particle": 2300, "seed_idx": 115, "valid": true }, "geometry": { "type": "Point", "coordinates": [ -0.345199912786484, 5.500825881958008 ] } },
{ "type": "Feature", "properties": { "particle": 2301, "seed_idx": 115, "valid": true }, "geometry": { "type": "Point", "coordinates": [ -0.345242291688919, 5.500879764556885 ] } },
{ "type": "Feature", "properties": { "particle": 2302, "seed_idx": 115, "valid": true }, "geometry": { "type": "Point", "coordinates": [ -0.345572888851166, 5.500903129577637 ] } },
{ "type": "Feature", "properties": { "particle": 2303, "seed_idx": 115, "valid": true }, "geometry": { "type": "Point", "coordinates": [ -0.345584988594055, 5.500914096832275 ] } },
{ "type": "Feature", "properties": { "particle": 2304, "seed_idx": 115, "valid": true }, "geometry": { "type": "Point", "coordinates": [ -0.345715999603271, 5.500766277313232 ] } },
{ "type": "Feature", "properties": { "particle": 2305, "seed_idx": 115, "valid": true }, "geometry": { "type": "Point", "coordinates": [ -0.345835387706757, 5.500475406646729 ] } },
{ "type": "Feature", "properties": { "particle": 2306, "seed_idx": 115, "valid": true }, "geometry": { "type": "Point", "coordinates": [ -0.345524281263351, 5.500947952270508 ] } },
{ "type": "Feature", "properties": { "particle": 2307, "seed_idx": 115, "valid": true }, "geometry": { "type": "Point", "coordinates": [ -0.345328152179718, 5.500902652740479 ] } },
{ "type": "Feature", "properties": { "particle": 2308, "seed_idx": 115, "valid": true }, "geometry": { "type": "Point", "coordinates": [ -0.345597207546234, 5.50096607208252 ] } },
{ "type": "Feature", "properties": { "particle": 2309, "seed_idx": 115, "valid": true }, "geometry": { "type": "Point", "coordinates": [ -0.345613032579422, 5.500612258911133 ] } },
{ "type": "Feature", "properties": { "particle": 2310, "seed_idx": 115, "valid": true }, "geometry": { "type": "Point", "coordinates": [ -0.345344811677933, 5.501007080078125 ] } },
{ "type": "Feature", "properties": { "particle": 2311, "seed_idx": 115, "valid": true }, "geometry": { "type": "Point", "coordinates": [ -0.345376938581467, 5.500823020935059 ] } },
{ "type": "Feature", "properties": { "particle": 2312, "seed_idx": 115, "valid": true }, "geometry": { "type": "Point", "coordinates": [ -0.345637291669846, 5.500680446624756 ] } },
{ "type": "Feature", "properties": { "particle": 2313, "seed_idx": 115, "valid": true }, "geometry": { "type": "Point", "coordinates": [ -0.34579798579216, 5.500650882720947 ] } },
{ "type": "Feature", "properties": { "particle": 2314, "seed_idx": 115, "valid": true }, "geometry": { "type": "Point", "coordinates": [ -0.344985961914062, 5.50084114074707 ] } },
{ "type": "Feature", "properties": { "particle": 2315, "seed_idx": 115, "valid": true }, "geometry": { "type": "Point", "coordinates": [ -0.345744758844376, 5.500917911529541 ] } },
{ "type": "Feature", "properties": { "particle": 2316, "seed_idx": 115, "valid": true }, "geometry": { "type": "Point", "coordinates": [ -0.345580697059631, 5.500894069671631 ] } },
{ "type": "Feature", "properties": { "particle": 2317, "seed_idx": 115, "valid": true }, "geometry": { "type": "Point", "coordinates": [ -0.345338821411133, 5.500864028930664 ] } },
{ "type": "Feature", "properties": { "particle": 2318, "seed_idx": 115, "valid": true }, "geometry": { "type": "Point", "coordinates": [ -0.345146715641022, 5.500952243804932 ] } },
{ "type": "Feature", "properties": { "particle": 2319, "seed_idx": 115, "valid": true }, "geometry": { "type": "Point", "coordinates": [ -0.345727443695068, 5.500974178314209 ] } },
{ "type": "Feature", "properties": { "particle": 2320, "seed_idx": 116, "valid": true }, "geometry": { "type": "Point", "coordinates": [ -0.346642851829529, 5.498985767364502 ] } },
{ "type": "Feature", "properties": { "particle": 2321, "seed_idx": 116, "valid": true }, "geometry": { "type": "Point", "coordinates": [ -0.346839398145676, 5.499444007873535 ] } },
{ "type": "Feature", "properties": { "particle": 2322, "seed_idx": 116, "valid": true }, "geometry": { "type": "Point", "coordinates": [ -0.346709221601486, 5.499067783355713 ] } },
{ "type": "Feature", "properties": { "particle": 2323, "seed_idx": 116, "valid": true }, "geometry": { "type": "Point", "coordinates": [ -0.347627073526382, 5.498688697814941 ] } },
{ "type": "Feature", "properties": { "particle": 2324, "seed_idx": 116, "valid": true }, "geometry": { "type": "Point", "coordinates": [ -0.347631067037582, 5.498958587646484 ] } },
{ "type": "Feature", "properties": { "particle": 2325, "seed_idx": 116, "valid": true }, "geometry": { "type": "Point", "coordinates": [ -0.347465306520462, 5.498882293701172 ] } },
{ "type": "Feature", "properties": { "particle": 2326, "seed_idx": 116, "valid": true }, "geometry": { "type": "Point", "coordinates": [ -0.347020417451859, 5.498981475830078 ] } },
{ "type": "Feature", "properties": { "particle": 2327, "seed_idx": 116, "valid": true }, "geometry": { "type": "Point", "coordinates": [ -0.347509145736694, 5.498960971832275 ] } },
{ "type": "Feature", "properties": { "particle": 2328, "seed_idx": 116, "valid": true }, "geometry": { "type": "Point", "coordinates": [ -0.347138404846191, 5.49891471862793 ] } },
{ "type": "Feature", "properties": { "particle": 2329, "seed_idx": 116, "valid": true }, "geometry": { "type": "Point", "coordinates": [ -0.347616076469421, 5.498362064361572 ] } },
{ "type": "Feature", "properties": { "particle": 2330, "seed_idx": 116, "valid": true }, "geometry": { "type": "Point", "coordinates": [ -0.347375094890594, 5.498806476593018 ] } },
{ "type": "Feature", "properties": { "particle": 2331, "seed_idx": 116, "valid": true }, "geometry": { "type": "Point", "coordinates": [ -0.347718060016632, 5.498964309692383 ] } },
{ "type": "Feature", "properties": { "particle": 2332, "seed_idx": 116, "valid": true }, "geometry": { "type": "Point", "coordinates": [ -0.346720308065414, 5.49889612197876 ] } },
{ "type": "Feature", "properties": { "particle": 2333, "seed_idx": 116, "valid": true }, "geometry": { "type": "Point", "coordinates": [ -0.347694605588913, 5.498936176300049 ] } },
{ "type": "Feature", "properties": { "particle": 2334, "seed_idx": 116, "valid": true }, "geometry": { "type": "Point", "coordinates": [ -0.347792565822601, 5.498821258544922 ] } },
{ "type": "Feature", "properties": { "particle": 2335, "seed_idx": 116, "valid": true }, "geometry": { "type": "Point", "coordinates": [ -0.346772044897079, 5.49943733215332 ] } },
{ "type": "Feature", "properties": { "particle": 2336, "seed_idx": 116, "valid": true }, "geometry": { "type": "Point", "coordinates": [ -0.34737828373909, 5.498822689056396 ] } },
{ "type": "Feature", "properties": { "particle": 2337, "seed_idx": 116, "valid": true }, "geometry": { "type": "Point", "coordinates": [ -0.346685528755188, 5.498848438262939 ] } },
{ "type": "Feature", "properties": { "particle": 2338, "seed_idx": 116, "valid": true }, "geometry": { "type": "Point", "coordinates": [ -0.347613245248795, 5.498973369598389 ] } },
{ "type": "Feature", "properties": { "particle": 2339, "seed_idx": 116, "valid": true }, "geometry": { "type": "Point", "coordinates": [ -0.34716072678566, 5.498908519744873 ] } }
]
}
