{
"type": "FeatureCollection",
"name": "predicted_particle_points",
"crs": { "type": "name", "properties": { "name": "urn:ogc:def:crs:OGC:1.3:CRS84" } },
"features": [
{ "type": "Feature", "properties": { "particle": 0, "seed_idx": 0, "valid": true }, "geometry": { "type": "Point", "coordinates": [ 31.294466018676758, -29.754692077636719 ] } },
{ "type": "Feature", "properties": { "particle": 1, "seed_idx": 0, "valid": true }, "geometry": { "type": "Point", "coordinates": [ 31.293991088867188, -29.755163192749023 ] } },
{ "type": "Feature", "properties": { "particle": 2, "seed_idx": 0, "valid": true }, "geometry": { "type": "Point", "coordinates": [ 31.294485092163086, -29.754701614379883 ] } },
{ "type": "Feature", "properties": { "particle": 3, "seed_idx": 0, "valid": true }, "geometry": { "type": "Point", "coordinates": [ 31.29490852355957, -29.754562377929688 ] } },
{ "type": "Feature", "properties": { "particle": 4, "seed_idx": 0, "valid": true }, "geometry": { "type": "Point", "coordinates": [ 31.294628143310547, -29.754707336425781 ] } },
{ "type": "Feature", "properties": { "particle": 5, "seed_idx": 0, "valid": true }, "geometry": { "type": "Point", "coordinates": [ 31.294012069702148, -29.75482177734375 ] } },
{ "type": "Feature", "properties": { "particle": 6, "seed_idx": 0, "valid": true }, "geometry": { "type": "Point", "coordinates": [ 31.294853210449219, -29.754549026489258 ] } },
{ "type": "Feature", "properties": { "particle": 7, "seed_idx": 0, "valid": true }, "geometry": { "type": "Point", "coordinates": [ 31.294792175292969, -29.75457763671875 ] } },
{ "type": "Feature", "properties": { "particle": 8, "seed_idx": 0, "valid": true }, "geometry": { "type": "Point", "coordinates": [ 31.294387817382812, -29.754701614379883 ] } },
{ "type": "Feature", "properties": { "particle": 9, "seed_idx": 0, "valid": true }, "geometry": { "type": "Point", "coordinates": [ 31.294645309448242, -29.754589080810547 ] } },
{ "type": "Feature", "properties": { "particle": 10, "seed_idx": 0, "valid": true }, "geometry": { "type": "Point", "coordinates": [ 31.294101715087891, -29.754806518554688 ] } },
{ "type": "Feature", "properties": { "particle": 11, "seed_idx": 0, "valid": true }, "geometry": { "type": "Point", "coordinates": [ 31.293861389160156, -29.755247116088867 ] } },
{ "type": "Feature", "properties": { "particle": 12, "seed_idx": 0, "valid": true }, "geometry": { "type": "Point", "coordinates": [ 31.29388427734375, -29.755142211914062 ] } },
{ "type": "Feature", "properties": { "particle": 13, "seed_idx": 0, "valid": true }, "geometry": { "type": "Point", "coordinates": [ 31.294805526733398, -29.754533767700195 ] } },
{ "type": "Feature", "properties": { "particle": 14, "seed_idx": 0, "valid": true }, "geometry": { "type": "Point", "coordinates": [ 31.294338226318359, -29.754655838012695 ] } },
{ "type": "Feature", "properties": { "particle": 15, "seed_idx": 0, "valid": true }, "geometry": { "type": "Point", "coordinates": [ 31.294384002685547, -29.754741668701172 ] } },
{ "type": "Feature", "properties": { "particle": 16, "seed_idx": 0, "valid": true }, "geometry": { "type": "Point", "coordinates": [ 31.294349670410156, -29.754983901977539 ] } },
{ "type": "Feature", "properties": { "particle": 17, "seed_idx": 0, "valid": true }, "geometry": { "type": "Point", "coordinates": [ 31.294797897338867, -29.754602432250977 ] } },
{ "type": "Feature", "properties": { "particle": 18, "seed_idx": 0, "valid": true }, "geometry": { "type": "Point", "coordinates": [ 31.294092178344727, -29.754865646362305 ] } },
{ "type": "Feature", "properties": { "particle": 19, "seed_idx": 0, "valid": true }, "geometry": { "type": "Point", "coordinates": [ 31.2943115234375, -29.754825592041016 ] } },
{ "type": "Feature", "properties": { "particle": 20, "seed_idx": 1, "valid": true }, "geometry": { "type": "Point", "coordinates": [ 31.309965133666992, -29.741531372070312 ] } },
{ "type": "Feature", "properties": { "particle": 21, "seed_idx": 1, "valid": true }, "geometry": { "type": "Point", "coordinates": [ 31.309335708618164, -29.742021560668945 ] } },
{ "type": "Feature", "properties": { "particle": 22, "seed_idx": 1, "valid": true }, "geometry": { "type": "Point", "coordinates": [ 31.309457778930664, -29.741970062255859 ] } },
{ "type": "Feature", "properties": { "particle": 23, "seed_idx": 1, "valid": true }, "geometry": { "type": "Point", "coordinates": [ 31.309179306030273, -29.741973876953125 ] } },
{ "type": "Feature", "properties": { "particle": 24, "seed_idx": 1, "valid": true }, "geometry": { "type": "Point", "coordinates": [ 31.309045791625977, -29.742055892944336 ] } },
{ "type": "Feature", "properties": { "particle": 25, "seed_idx": 1, "valid": true }, "geometry": { "type": "Point", "coordinates": [ 31.310033798217773, -29.741733551025391 ] } },
{ "type": "Feature", "properties": { "particle": 26, "seed_idx": 1, "valid": true }, "geometry": { "type": "Point", "coordinates": [ 31.309146881103516, -29.741748809814453 ] } },
{ "type": "Feature", "properties": { "particle": 27, "seed_idx": 1, "valid": true }, "geometry": { "type": "Point", "coordinates": [ 31.310131072998047, -29.741628646850586 ] } },
{ "type": "Feature", "properties": { "particle": 28, "seed_idx": 1, "valid": true }, "geometry": { "type": "Point", "coordinates": [ 31.310409545898438, -29.741580963134766 ] } },
{ "type": "Feature", "properties": { "particle": 29, "seed_idx": 1, "valid": true }, "geometry": { "type": "Point", "coordinates": [ 31.309186935424805, -29.742286682128906 ] } },
{ "type": "Feature", "properties": { "particle": 30, "seed_idx": 1, "valid": true }, "geometry": { "type": "Point", "coordinates": [ 31.310094833374023, -29.741655349731445 ] } },
{ "type": "Feature", "properties": { "particle": 31, "seed_idx": 1, "valid": true }, "geometry": { "type": "Point", "coordinates": [ 31.310157775878906, -29.741641998291016 ] } },
{ "type": "Feature", "properties": { "particle": 32, "seed_idx": 1, "valid": true }, "geometry": { "type": "Point", "coordinates": [ 31.310543060302734, -29.741500854492188 ] } },
{ "type": "Feature", "properties": { "particle": 33, "seed_idx": 1, "valid": true }, "geometry": { "type": "Point", "coordinates": [ 31.310195922851562, -29.741600036621094 ] } },
{ "type": "Feature", "properties": { "particle": 34, "seed_idx": 1, "valid": true }, "geometry": { "type": "Point", "coordinates": [ 31.309154510498047, -29.742326736450195 ] } },
{ "type": "Feature", "properties": { "particle": 35, "seed_idx": 1, "valid": true }, "geometry": { "type": "Point", "coordinates": [ 31.309858322143555, -29.741987228393555 ] } },
{ "type": "Feature", "properties": { "particle": 36, "seed_idx": 1, "valid": true }, "geometry": { "type": "Point", "coordinates": [ 31.310239791870117, -29.741584777832031 ] } },
{ "type": "Feature", "properties": { "particle": 37, "seed_idx": 1, "valid": true }, "geometry": { "type": "Point", "coordinates": [ 31.310012817382812, -29.741571426391602 ] } },
{ "type": "Feature", "properties": { "particle": 38, "seed_idx": 1, "valid": true }, "geometry": { "type": "Point", "coordinates": [ 31.30970573425293, -29.741682052612305 ] } },
{ "type": "Feature", "properties": { "particle": 39, "seed_idx": 1, "valid": true }, "geometry": { "type": "Point", "coordinates": [ 31.309839248657227, -29.741846084594727 ] } },
{ "type": "Feature", "properties": { "particle": 40, "seed_idx": 2, "valid": true }, "geometry": { "type": "Point", "coordinates": [ 31.276327133178711, -29.76982307434082 ] } },
{ "type": "Feature", "properties": { "particle": 41, "seed_idx": 2, "valid": true }, "geometry": { "type": "Point", "coordinates": [ 31.276853561401367, -29.769781112670898 ] } },
{ "type": "Feature", "properties": { "particle": 42, "seed_idx": 2, "valid": true }, "geometry": { "type": "Point", "coordinates": [ 31.276161193847656, -29.769868850708008 ] } },
{ "type": "Feature", "properties": { "particle": 43, "seed_idx": 2, "valid": true }, "geometry": { "type": "Point", "coordinates": [ 31.276374816894531, -29.769804000854492 ] } },
{ "type": "Feature", "properties": { "particle": 44, "seed_idx": 2, "valid": true }, "geometry": { "type": "Point", "coordinates": [ 31.276281356811523, -29.769842147827148 ] } },
{ "type": "Feature", "properties": { "particle": 45, "seed_idx": 2, "valid": true }, "geometry": { "type": "Point", "coordinates": [ 31.275970458984375, -29.770044326782227 ] } },
{ "type": "Feature", "properties": { "particle": 46, "seed_idx": 2, "valid": true }, "geometry": { "type": "Point", "coordinates": [ 31.276185989379883, -29.769996643066406 ] } },
{ "type": "Feature", "properties": { "particle": 47, "seed_idx": 2, "valid": true }, "geometry": { "type": "Point", "coordinates": [ 31.276754379272461, -29.769685745239258 ] } },
{ "type": "Feature", "properties": { "particle": 48, "seed_idx": 2, "valid": true }, "geometry": { "type": "Point", "coordinates": [ 31.276653289794922, -29.769725799560547 ] } },
{ "type": "Feature", "properties": { "particle": 49, "seed_idx": 2, "valid": true }, "geometry": { "type": "Point", "coordinates": [ 31.276006698608398, -29.77021598815918 ] } },
{ "type": "Feature", "properties": { "particle": 50, "seed_idx": 2, "valid": true }, "geometry": { "type": "Point", "coordinates": [ 31.275547027587891, -29.770578384399414 ] } },
{ "type": "Feature", "properties": { "particle": 51, "seed_idx": 2, "valid": true }, "geometry": { "type": "Point", "coordinates": [ 31.276557922363281, -29.769779205322266 ] } },
{ "type": "Feature", "properties": { "particle": 52, "seed_idx": 2, "valid": true }, "geometry": { "type": "Point", "coordinates": [ 31.276168823242188, -29.769861221313477 ] } },
{ "type": "Feature", "properties": { "particle": 53, "seed_idx": 2, "valid": true }, "geometry": { "type": "Point", "coordinates": [ 31.276260375976562, -29.769956588745117 ] } },
{ "type": "Feature", "properties": { "particle": 54, "seed_idx": 2, "valid": true }, "geometry": { "type": "Point", "coordinates": [ 31.276153564453125, -29.769880294799805 ] } },
{ "type": "Feature", "properties": { "particle": 55, "seed_idx": 2, "valid": true }, "geometry": { "type": "Point", "coordinates": [ 31.276348114013672, -29.769943237304688 ] } },
{ "type": "Feature", "properties": { "particle": 56, "seed_idx": 2, "valid": true }, "geometry": { "type": "Point", "coordinates": [ 31.275978088378906, -29.770114898681641 ] } },
{ "type": "Feature", "properties": { "particle": 57, "seed_idx": 2, "valid": true }, "geometry": { "type": "Point", "coordinates": [ 31.275907516479492, -29.77027702331543 ] } },
{ "type": "Feature", "properties": { "particle": 58, "seed_idx": 2, "valid": true }, "geometry": { "type": "Point", "coordinates": [ 31.276020050048828, -29.769994735717773 ] } },
{ "type": "Feature", "properties": { "particle": 59, "seed_idx": 2, "valid": true }, "geometry": { "type": "Point", "coordinates": [ 31.276033401489258, -29.770193099975586 ] } },
{ "type": "Feature", "properties": { "particle": 60, "seed_idx": 3, "valid": true }, "geometry": { "type": "Point", "coordinates": [ 31.301979064941406, -29.745244979858398 ] } },
{ "type": "Feature", "properties": { "particle": 61, "seed_idx": 3, "valid": true }, "geometry": { "type": "Point", "coordinates": [ 31.302907943725586, -29.744924545288086 ] } },
{ "type": "Feature", "properties": { "particle": 62, "seed_idx": 3, "valid": true }, "geometry": { "type": "Point", "coordinates": [ 31.302783966064453, -29.744962692260742 ] } },
{ "type": "Feature", "properties": { "particle": 63, "seed_idx": 3, "valid": true }, "geometry": { "type": "Point", "coordinates": [ 31.302227020263672, -29.745132446289062 ] } },
{ "type": "Feature", "properties": { "particle": 64, "seed_idx": 3, "valid": true }, "geometry": { "type": "Point", "coordinates": [ 31.301849365234375, -29.7454833984375 ] } },
{ "type": "Feature", "properties": { "particle": 65, "seed_idx": 3, "valid": true }, "geometry": { "type": "Point", "coordinates": [ 31.301296234130859, -29.745672225952148 ] } },
{ "type": "Feature", "properties": { "particle": 66, "seed_idx": 3, "valid": true }, "geometry": { "type": "Point", "coordinates": [ 31.302513122558594, -29.745122909545898 ] } },
{ "type": "Feature", "properties": { "particle": 67, "seed_idx": 3, "valid": true }, "geometry": { "type": "Point", "coordinates": [ 31.303033828735352, -29.744873046875 ] } },
{ "type": "Feature", "properties": { "particle": 68, "seed_idx": 3, "valid": true }, "geometry": { "type": "Point", "coordinates": [ 31.3026123046875, -29.745052337646484 ] } },
{ "type": "Feature", "properties": { "particle": 69, "seed_idx": 3, "valid": true }, "geometry": { "type": "Point", "coordinates": [ 31.30219841003418, -29.745687484741211 ] } },
{ "type": "Feature", "properties": { "particle": 70, "seed_idx": 3, "valid": true }, "geometry": { "type": "Point", "coordinates": [ 31.302406311035156, -29.745267868041992 ] } },
{ "type": "Feature", "properties": { "particle": 71, "seed_idx": 3, "valid": true }, "geometry": { "type": "Point", "coordinates": [ 31.30235481262207, -29.745105743408203 ] } },
{ "type": "Feature", "properties": { "particle": 72, "seed_idx": 3, "valid": true }, "geometry": { "type": "Point", "coordinates": [ 31.302492141723633, -29.745071411132812 ] } },
{ "type": "Feature", "properties": { "particle": 73, "seed_idx": 3, "valid": true }, "geometry": { "type": "Point", "coordinates": [ 31.302177429199219, -29.745195388793945 ] } },
{ "type": "Feature", "properties": { "particle": 74, "seed_idx": 3, "valid": true }, "geometry": { "type": "Point", "coordinates": [ 31.302251815795898, -29.745138168334961 ] } },
{ "type": "Feature", "properties": { "particle": 75, "seed_idx": 3, "valid": true }, "geometry": { "type": "Point", "coordinates": [ 31.302288055419922, -29.745203018188477 ] } },
{ "type": "Feature", "properties": { "particle": 76, "seed_idx": 3, "valid": true }, "geometry": { "type": "Point", "coordinates": [ 31.302141189575195, -29.745004653930664 ] } },
{ "type": "Feature", "properties": { "particle": 77, "seed_idx": 3, "valid": true }, "geometry": { "type": "Point", "coordinates": [ 31.302387237548828, -29.745048522949219 ] } },
{ "type": "Feature", "properties": { "particle": 78, "seed_idx": 3, "valid": true }, "geometry": { "type": "Point", "coordinates": [ 31.302860260009766, -29.744930267333984 ] } },
{ "type": "Feature", "properties": { "particle": 79, "seed_idx": 3, "valid": true }, "geometry": { "type": "Point", "coordinates": [ 31.302398681640625, -29.744987487792969 ] } },
{ "type": "Feature", "properties": { "particle": 80, "seed_idx": 4, "valid": true }, "geometry": { "type": "Point", "coordinates": [ 31.251800537109375, -29.812732696533203 ] } },
{ "type": "Feature", "properties": { "particle": 81, "seed_idx": 4, "valid": true }, "geometry": { "type": "Point", "coordinates": [ 31.251499176025391, -29.813007354736328 ] } },
{ "type": "Feature", "properties": { "particle": 82, "seed_idx": 4, "valid": true }, "geometry": { "type": "Point", "coordinates": [ 31.251585006713867, -29.812982559204102 ] } },
{ "type": "Feature", "properties": { "particle": 83, "seed_idx": 4, "valid": true }, "geometry": { "type": "Point", "coordinates": [ 31.25166130065918, -29.812788009643555 ] } },
{ "type": "Feature", "properties": { "particle": 84, "seed_idx": 4, "valid": true }, "geometry": { "type": "Point", "coordinates": [ 31.252069473266602, -29.812646865844727 ] } },
{ "type": "Feature", "properties": { "particle": 85, "seed_idx": 4, "valid": true }, "geometry": { "type": "Point", "coordinates": [ 31.251174926757812, -29.813138961791992 ] } },
{ "type": "Feature", "properties": { "particle": 86, "seed_idx": 4, "valid": true }, "geometry": { "type": "Point", "coordinates": [ 31.250970840454102, -29.813375473022461 ] } },
{ "type": "Feature", "properties": { "particle": 87, "seed_idx": 4, "valid": true }, "geometry": { "type": "Point", "coordinates": [ 31.251802444458008, -29.812740325927734 ] } },
{ "type": "Feature", "properties": { "particle": 88, "seed_idx": 4, "valid": true }, "geometry": { "type": "Point", "coordinates": [ 31.251289367675781, -29.812892913818359 ] } },
{ "type": "Feature", "properties": { "particle": 89, "seed_idx": 4, "valid": true }, "geometry": { "type": "Point", "coordinates": [ 31.251375198364258, -29.813037872314453 ] } },
{ "type": "Feature", "properties": { "particle": 90, "seed_idx": 4, "valid": true }, "geometry": { "type": "Point", "coordinates": [ 31.251913070678711, -29.812723159790039 ] } },
{ "type": "Feature", "properties": { "particle": 91, "seed_idx": 4, "valid": true }, "geometry": { "type": "Point", "coordinates": [ 31.251598358154297, -29.812782287597656 ] } },
{ "type": "Feature", "properties": { "particle": 92, "seed_idx": 4, "valid": true }, "geometry": { "type": "Point", "coordinates": [ 31.252323150634766, -29.812566757202148 ] } },
{ "type": "Feature", "properties": { "particle": 93, "seed_idx": 4, "valid": true }, "geometry": { "type": "Point", "coordinates": [ 31.251224517822266, -29.81287956237793 ] } },
{ "type": "Feature", "properties": { "particle": 94, "seed_idx": 4, "valid": true }, "geometry": { "type": "Point", "coordinates": [ 31.252031326293945, -29.812648773193359 ] } },
{ "type": "Feature", "properties": { "particle": 95, "seed_idx": 4, "valid": true }, "geometry": { "type": "Point", "coordinates": [ 31.25084114074707, -29.813211441040039 ] } },
{ "type": "Feature", "properties": { "particle": 96, "seed_idx": 4, "valid": true }, "geometry": { "type": "Point", "coordinates": [ 31.251495361328125, -29.813007354736328 ] } },
{ "type": "Feature", "properties": { "particle": 97, "seed_idx": 4, "valid": true }, "geometry": { "type": "Point", "coordinates": [ 31.2515869140625, -29.812795639038086 ] } },
{ "type": "Feature", "properties": { "particle": 98, "seed_idx": 4, "valid": true }, "geometry": { "type": "Point", "coordinates": [ 31.251520156860352, -29.812831878662109 ] } },
{ "type": "Feature", "properties": { "particle": 99, "seed_idx": 4, "valid": true }, "geometry": { "type": "Point", "coordinates": [ 31.25108528137207, -29.813053131103516 ] } },
{ "type": "Feature", "properties": { "particle": 100, "seed_idx": 5, "valid": true }, "geometry": { "type": "Point", "coordinates": [ 31.266429901123047, -29.779457092285156 ] } },
{ "type": "Feature", "properties": { "particle": 101, "seed_idx": 5, "valid": true }, "geometry": { "type": "Point", "coordinates": [ 31.266868591308594, -29.779136657714844 ] } },
{ "type": "Feature", "properties": { "particle": 102, "seed_idx": 5, "valid": true }, "geometry": { "type": "Point", "coordinates": [ 31.266201019287109, -29.779489517211914 ] } },
{ "type": "Feature", "properties": { "particle": 103, "seed_idx": 5, "valid": true }, "geometry": { "type": "Point", "coordinates": [ 31.266578674316406, -29.779600143432617 ] } },
{ "type": "Feature", "properties": { "particle": 104, "seed_idx": 5, "valid": true }, "geometry": { "type": "Point", "coordinates": [ 31.266464233398438, -29.779270172119141 ] } },
{ "type": "Feature", "properties": { "particle": 105, "seed_idx": 5, "valid": true }, "geometry": { "type": "Point", "coordinates": [ 31.266592025756836, -29.779354095458984 ] } },
{ "type": "Feature", "properties": { "particle": 106, "seed_idx": 5, "valid": true }, "geometry": { "type": "Point", "coordinates": [ 31.267002105712891, -29.779090881347656 ] } },
{ "type": "Feature", "properties": { "particle": 107, "seed_idx": 5, "valid": true }, "geometry": { "type": "Point", "coordinates": [ 31.266719818115234, -29.779184341430664 ] } },
{ "type": "Feature", "properties": { "particle": 108, "seed_idx": 5, "valid": true }, "geometry": { "type": "Point", "coordinates": [ 31.266393661499023, -29.779661178588867 ] } },
{ "type": "Feature", "properties": { "particle": 109, "seed_idx": 5, "valid": true }, "geometry": { "type": "Point", "coordinates": [ 31.266757965087891, -29.779184341430664 ] } },
{ "type": "Feature", "properties": { "particle": 110, "seed_idx": 5, "valid": true }, "geometry": { "type": "Point", "coordinates": [ 31.265813827514648, -29.779829025268555 ] } },
{ "type": "Feature", "properties": { "particle": 111, "seed_idx": 5, "valid": true }, "geometry": { "type": "Point", "coordinates": [ 31.266523361206055, -29.779270172119141 ] } },
{ "type": "Feature", "properties": { "particle": 112, "seed_idx": 5, "valid": true }, "geometry": { "type": "Point", "coordinates": [ 31.266616821289062, -29.779209136962891 ] } },
{ "type": "Feature", "properties": { "particle": 113, "seed_idx": 5, "valid": true }, "geometry": { "type": "Point", "coordinates": [ 31.266578674316406, -29.779407501220703 ] } },
{ "type": "Feature", "properties": { "particle": 114, "seed_idx": 5, "valid": true }, "geometry": { "type": "Point", "coordinates": [ 31.266365051269531, -29.779317855834961 ] } },
{ "type": "Feature", "properties": { "particle": 115, "seed_idx": 5, "valid": true }, "geometry": { "type": "Point", "coordinates": [ 31.266769409179688, -29.779205322265625 ] } },
{ "type": "Feature", "properties": { "particle": 116, "seed_idx": 5, "valid": true }, "geometry": { "type": "Point", "coordinates": [ 31.266500473022461, -29.779237747192383 ] } },
{ "type": "Feature", "properties": { "particle": 117, "seed_idx": 5, "valid": true }, "geometry": { "type": "Point", "coordinates": [ 31.266031265258789, -29.779762268066406 ] } },
{ "type": "Feature", "properties": { "particle": 118, "seed_idx": 5, "valid": true }, "geometry": { "type": "Point", "coordinates": [ 31.267080307006836, -29.779064178466797 ] } },
{ "type": "Feature", "properties": { "particle": 119, "seed_idx": 5, "valid": true }, "geometry": { "type": "Point", "coordinates": [ 31.266853332519531, -29.77912712097168 ] } },
{ "type": "Feature", "properties": { "particle": 120, "seed_idx": 6, "valid": true }, "geometry": { "type": "Point", "coordinates": [ 31.275751113891602, -29.770269393920898 ] } },
{ "type": "Feature", "properties": { "particle": 121, "seed_idx": 6, "valid": true }, "geometry": { "type": "Point", "coordinates": [ 31.276590347290039, -29.769670486450195 ] } },
{ "type": "Feature", "properties": { "particle": 122, "seed_idx": 6, "valid": true }, "geometry": { "type": "Point", "coordinates": [ 31.276596069335938, -29.7696533203125 ] } },
{ "type": "Feature", "properties": { "particle": 123, "seed_idx": 6, "valid": true }, "geometry": { "type": "Point", "coordinates": [ 31.276742935180664, -29.769699096679688 ] } },
{ "type": "Feature", "properties": { "particle": 124, "seed_idx": 6, "valid": true }, "geometry": { "type": "Point", "coordinates": [ 31.276510238647461, -29.769796371459961 ] } },
{ "type": "Feature", "properties": { "particle": 125, "seed_idx": 6, "valid": true }, "geometry": { "type": "Point", "coordinates": [ 31.276710510253906, -29.76976203918457 ] } },
{ "type": "Feature", "properties": { "particle": 126, "seed_idx": 6, "valid": true }, "geometry": { "type": "Point", "coordinates": [ 31.276174545288086, -29.769718170166016 ] } },
{ "type": "Feature", "properties": { "particle": 127, "seed_idx": 6, "valid": true }, "geometry": { "type": "Point", "coordinates": [ 31.276483535766602, -29.769725799560547 ] } },
{ "type": "Feature", "properties": { "particle": 128, "seed_idx": 6, "valid": true }, "geometry": { "type": "Point", "coordinates": [ 31.276271820068359, -29.769804000854492 ] } },
{ "type": "Feature", "properties": { "particle": 129, "seed_idx": 6, "valid": true }, "geometry": { "type": "Point", "coordinates": [ 31.275922775268555, -29.770450592041016 ] } },
{ "type": "Feature", "properties": { "particle": 130, "seed_idx": 6, "valid": true }, "geometry": { "type": "Point", "coordinates": [ 31.276033401489258, -29.770004272460938 ] } },
{ "type": "Feature", "properties": { "particle": 131, "seed_idx": 6, "valid": true }, "geometry": { "type": "Point", "coordinates": [ 31.276254653930664, -29.769815444946289 ] } },
{ "type": "Feature", "properties": { "particle": 132, "seed_idx": 6, "valid": true }, "geometry": { "type": "Point", "coordinates": [ 31.276243209838867, -29.769790649414062 ] } },
{ "type": "Feature", "properties": { "particle": 133, "seed_idx": 6, "valid": true }, "geometry": { "type": "Point", "coordinates": [ 31.276870727539062, -29.769618988037109 ] } },
{ "type": "Feature", "properties": { "particle": 134, "seed_idx": 6, "valid": true }, "geometry": { "type": "Point", "coordinates": [ 31.276462554931641, -29.769754409790039 ] } },
{ "type": "Feature", "properties": { "particle": 135, "seed_idx": 6, "valid": true }, "geometry": { "type": "Point", "coordinates": [ 31.27635383605957, -29.76984977722168 ] } },
{ "type": "Feature", "properties": { "particle": 136, "seed_idx": 6, "valid": true }, "geometry": { "type": "Point", "coordinates": [ 31.275312423706055, -29.77058219909668 ] } },
{ "type": "Feature", "properties": { "particle": 137, "seed_idx": 6, "valid": true }, "geometry": { "type": "Point", "coordinates": [ 31.275844573974609, -29.770429611206055 ] } },
{ "type": "Feature", "properties": { "particle": 138, "seed_idx": 6, "valid": true }, "geometry": { "type": "Point", "coordinates": [ 31.276607513427734, -29.769706726074219 ] } },
{ "type": "Feature", "properties": { "particle": 139, "seed_idx": 6, "valid": true }, "geometry": { "type": "Point", "coordinates": [ 31.276702880859375, -29.769662857055664 ] } },
{ "type": "Feature", "properties": { "particle": 140, "seed_idx": 7, "valid": true }, "geometry": { "type": "Point", "coordinates": [ 31.268098831176758, -29.776294708251953 ] } },
{ "type": "Feature", "properties": { "particle": 141, "seed_idx": 7, "valid": true }, "geometry": { "type": "Point", "coordinates": [ 31.267717361450195, -29.776371002197266 ] } },
{ "type": "Feature", "properties": { "particle": 142, "seed_idx": 7, "valid": true }, "geometry": { "type": "Point", "coordinates": [ 31.267805099487305, -29.77641487121582 ] } },
{ "type": "Feature", "properties": { "particle": 143, "seed_idx": 7, "valid": true }, "geometry": { "type": "Point", "coordinates": [ 31.267866134643555, -29.776765823364258 ] } },
{ "type": "Feature", "properties": { "particle": 144, "seed_idx": 7, "valid": true }, "geometry": { "type": "Point", "coordinates": [ 31.267297744750977, -29.776483535766602 ] } },
{ "type": "Feature", "properties": { "particle": 145, "seed_idx": 7, "valid": true }, "geometry": { "type": "Point", "coordinates": [ 31.266532897949219, -29.777303695678711 ] } },
{ "type": "Feature", "properties": { "particle": 146, "seed_idx": 7, "valid": true }, "geometry": { "type": "Point", "coordinates": [ 31.267662048339844, -29.77672004699707 ] } },
{ "type": "Feature", "properties": { "particle": 147, "seed_idx": 7, "valid": true }, "geometry": { "type": "Point", "coordinates": [ 31.268089294433594, -29.776279449462891 ] } },
{ "type": "Feature", "properties": { "particle": 148, "seed_idx": 7, "valid": true }, "geometry": { "type": "Point", "coordinates": [ 31.267417907714844, -29.776927947998047 ] } },
{ "type": "Feature", "properties": { "particle": 149, "seed_idx": 7, "valid": true }, "geometry": { "type": "Point", "coordinates": [ 31.267650604248047, -29.77650260925293 ] } },
{ "type": "Feature", "properties": { "particle": 150, "seed_idx": 7, "valid": true }, "geometry": { "type": "Point", "coordinates": [ 31.267280578613281, -29.776952743530273 ] } },
{ "type": "Feature", "properties": { "particle": 151, "seed_idx": 7, "valid": true }, "geometry": { "type": "Point", "coordinates": [ 31.267425537109375, -29.776851654052734 ] } },
{ "type": "Feature", "properties": { "particle": 152, "seed_idx": 7, "valid": true }, "geometry": { "type": "Point", "coordinates": [ 31.267576217651367, -29.776508331298828 ] } },
{ "type": "Feature", "properties": { "particle": 153, "seed_idx": 7, "valid": true }, "geometry": { "type": "Point", "coordinates": [ 31.267940521240234, -29.7763671875 ] } },
{ "type": "Feature", "properties": { "particle": 154, "seed_idx": 7, "valid": true }, "geometry": { "type": "Point", "coordinates": [ 31.267961502075195, -29.776332855224609 ] } },
{ "type": "Feature", "properties": { "particle": 155, "seed_idx": 7, "valid": true }, "geometry": { "type": "Point", "coordinates": [ 31.267894744873047, -29.776679992675781 ] } },
{ "type": "Feature", "properties": { "particle": 156, "seed_idx": 7, "valid": true }, "geometry": { "type": "Point", "coordinates": [ 31.267688751220703, -29.776863098144531 ] } },
{ "type": "Feature", "properties": { "particle": 157, "seed_idx": 7, "valid": true }, "geometry": { "type": "Point", "coordinates": [ 31.268257141113281, -29.776224136352539 ] } },
{ "type": "Feature", "properties": { "particle": 158, "seed_idx": 7, "valid": true }, "geometry": { "type": "Point", "coordinates": [ 31.268123626708984, -29.776271820068359 ] } },
{ "type": "Feature", "properties": { "particle": 159, "seed_idx": 7, "valid": true }, "geometry": { "type": "Point", "coordinates": [ 31.267711639404297, -29.776405334472656 ] } },
{ "type": "Feature", "properties": { "particle": 160, "seed_idx": 8, "valid": true }, "geometry": { "type": "Point", "coordinates": [ 31.247997283935547, -29.818918228149414 ] } },
{ "type": "Feature", "properties": { "particle": 161, "seed_idx": 8, "valid": true }, "geometry": { "type": "Point", "coordinates": [ 31.247758865356445, -29.819219589233398 ] } },
{ "type": "Feature", "properties": { "particle": 162, "seed_idx": 8, "valid": true }, "geometry": { "type": "Point", "coordinates": [ 31.247125625610352, -29.819374084472656 ] } },
{ "type": "Feature", "properties": { "particle": 163, "seed_idx": 8, "valid": true }, "geometry": { "type": "Point", "coordinates": [ 31.248092651367188, -29.81871223449707 ] } },
{ "type": "Feature", "properties": { "particle": 164, "seed_idx": 8, "valid": true }, "geometry": { "type": "Point", "coordinates": [ 31.248254776000977, -29.81867790222168 ] } },
{ "type": "Feature", "properties": { "particle": 165, "seed_idx": 8, "valid": true }, "geometry": { "type": "Point", "coordinates": [ 31.248136520385742, -29.818735122680664 ] } },
{ "type": "Feature", "properties": { "particle": 166, "seed_idx": 8, "valid": true }, "geometry": { "type": "Point", "coordinates": [ 31.247873306274414, -29.818887710571289 ] } },
{ "type": "Feature", "properties": { "particle": 167, "seed_idx": 8, "valid": true }, "geometry": { "type": "Point", "coordinates": [ 31.248550415039062, -29.818523406982422 ] } },
{ "type": "Feature", "properties": { "particle": 168, "seed_idx": 8, "valid": true }, "geometry": { "type": "Point", "coordinates": [ 31.248161315917969, -29.818693161010742 ] } },
{ "type": "Feature", "properties": { "particle": 169, "seed_idx": 8, "valid": true }, "geometry": { "type": "Point", "coordinates": [ 31.248044967651367, -29.818897247314453 ] } },
{ "type": "Feature", "properties": { "particle": 170, "seed_idx": 8, "valid": true }, "geometry": { "type": "Point", "coordinates": [ 31.247718811035156, -29.818857192993164 ] } },
{ "type": "Feature", "properties": { "particle": 171, "seed_idx": 8, "valid": true }, "geometry": { "type": "Point", "coordinates": [ 31.247650146484375, -29.818790435791016 ] } },
{ "type": "Feature", "properties": { "particle": 172, "seed_idx": 8, "valid": true }, "geometry": { "type": "Point", "coordinates": [ 31.248266220092773, -29.818643569946289 ] } },
{ "type": "Feature", "properties": { "particle": 173, "seed_idx": 8, "valid": true }, "geometry": { "type": "Point", "coordinates": [ 31.247722625732422, -29.819072723388672 ] } },
{ "type": "Feature", "properties": { "particle": 174, "seed_idx": 8, "valid": true }, "geometry": { "type": "Point", "coordinates": [ 31.247575759887695, -29.818923950195312 ] } },
{ "type": "Feature", "properties": { "particle": 175, "seed_idx": 8, "valid": true }, "geometry": { "type": "Point", "coordinates": [ 31.248054504394531, -29.818700790405273 ] } },
{ "type": "Feature", "properties": { "particle": 176, "seed_idx": 8, "valid": true }, "geometry": { "type": "Point", "coordinates": [ 31.248104095458984, -29.818660736083984 ] } },
{ "type": "Feature", "properties": { "particle": 177, "seed_idx": 8, "valid": true }, "geometry": { "type": "Point", "coordinates": [ 31.247142791748047, -29.819568634033203 ] } },
{ "type": "Feature", "properties": { "particle": 178, "seed_idx": 8, "valid": true }, "geometry": { "type": "Point", "coordinates": [ 31.2481689453125, -29.818672180175781 ] } },
{ "type": "Feature", "properties": { "particle": 179, "seed_idx": 8, "valid": true }, "geometry": { "type": "Point", "coordinates": [ 31.248411178588867, -29.818679809570312 ] } },
{ "type": "Feature", "properties": { "particle": 180, "seed_idx": 9, "valid": true }, "geometry": { "type": "Point", "coordinates": [ 31.26606559753418, -29.779830932617188 ] } },
{ "type": "Feature", "properties": { "particle": 181, "seed_idx": 9, "valid": true }, "geometry": { "type": "Point", "coordinates": [ 31.265792846679688, -29.779960632324219 ] } },
{ "type": "Feature", "properties": { "particle": 182, "seed_idx": 9, "valid": true }, "geometry": { "type": "Point", "coordinates": [ 31.266166687011719, -29.779809951782227 ] } },
{ "type": "Feature", "properties": { "particle": 183, "seed_idx": 9, "valid": true }, "geometry": { "type": "Point", "coordinates": [ 31.2657470703125, -29.780267715454102 ] } },
{ "type": "Feature", "properties": { "particle": 184, "seed_idx": 9, "valid": true }, "geometry": { "type": "Point", "coordinates": [ 31.265523910522461, -29.780134201049805 ] } },
{ "type": "Feature", "properties": { "particle": 185, "seed_idx": 9, "valid": true }, "geometry": { "type": "Point", "coordinates": [ 31.265356063842773, -29.780588150024414 ] } },
{ "type": "Feature", "properties": { "particle": 186, "seed_idx": 9, "valid": true }, "geometry": { "type": "Point", "coordinates": [ 31.265321731567383, -29.780641555786133 ] } },
{ "type": "Feature", "properties": { "particle": 187, "seed_idx": 9, "valid": true }, "geometry": { "type": "Point", "coordinates": [ 31.266109466552734, -29.779962539672852 ] } },
{ "type": "Feature", "properties": { "particle": 188, "seed_idx": 9, "valid": true }, "geometry": { "type": "Point", "coordinates": [ 31.266138076782227, -29.779842376708984 ] } },
{ "type": "Feature", "properties": { "particle": 189, "seed_idx": 9, "valid": true }, "geometry": { "type": "Point", "coordinates": [ 31.265403747558594, -29.780319213867188 ] } },
{ "type": "Feature", "properties": { "particle": 190, "seed_idx": 9, "valid": true }, "geometry": { "type": "Point", "coordinates": [ 31.265926361083984, -29.779882431030273 ] } },
{ "type": "Feature", "properties": { "particle": 191, "seed_idx": 9, "valid": true }, "geometry": { "type": "Point", "coordinates": [ 31.265253067016602, -29.78044319152832 ] } },
{ "type": "Feature", "properties": { "particle": 192, "seed_idx": 9, "valid": true }, "geometry": { "type": "Point", "coordinates": [ 31.2652587890625, -29.780488967895508 ] } },
{ "type": "Feature", "properties": { "particle": 193, "seed_idx": 9, "valid": true }, "geometry": { "type": "Point", "coordinates": [ 31.265716552734375, -29.779914855957031 ] } },
{ "type": "Feature", "properties": { "particle": 194, "seed_idx": 9, "valid": true }, "geometry": { "type": "Point", "coordinates": [ 31.265579223632812, -29.780000686645508 ] } },
{ "type": "Feature", "properties": { "particle": 195, "seed_idx": 9, "valid": true }, "geometry": { "type": "Point", "coordinates": [ 31.265548706054688, -29.780351638793945 ] } },
{ "type": "Feature", "properties": { "particle": 196, "seed_idx": 9, "valid": true }, "geometry": { "type": "Point", "coordinates": [ 31.266384124755859, -29.779731750488281 ] } },
{ "type": "Feature", "properties": { "particle": 197, "seed_idx": 9, "valid": true }, "geometry": { "type": "Point", "coordinates": [ 31.266069412231445, -29.779827117919922 ] } },
{ "type": "Feature", "properties": { "particle": 198, "seed_idx": 9, "valid": true }, "geometry": { "type": "Point", "coordinates": [ 31.26533317565918, -29.780502319335938 ] } },
{ "type": "Feature", "properties": { "particle": 199, "seed_idx": 9, "valid": true }, "geometry": { "type": "Point", "coordinates": [ 31.265998840332031, -29.779876708984375 ] } },
{ "type": "Feature", "properties": { "particle": 200, "seed_idx": 10, "valid": true }, "geometry": { "type": "Point", "coordinates": [ 31.274818420410156, -29.770465850830078 ] } },
{ "type": "Feature", "properties": { "particle": 201, "seed_idx": 10, "valid": true }, "geometry": { "type": "Point", "coordinates": [ 31.274332046508789, -29.770757675170898 ] } },
{ "type": "Feature", "properties": { "particle": 202, "seed_idx": 10, "valid": true }, "geometry": { "type": "Point", "coordinates": [ 31.274621963500977, -29.770484924316406 ] } },
{ "type": "Feature", "properties": { "particle": 203, "seed_idx": 10, "valid": true }, "geometry": { "type": "Point", "coordinates": [ 31.273496627807617, -29.771484375 ] } },
{ "type": "Feature", "properties": { "particle": 204, "seed_idx": 10, "valid": true }, "geometry": { "type": "Point", "coordinates": [ 31.274896621704102, -29.770425796508789 ] } },
{ "type": "Feature", "properties": { "particle": 205, "seed_idx": 10, "valid": true }, "geometry": { "type": "Point", "coordinates": [ 31.274723052978516, -29.770490646362305 ] } },
{ "type": "Feature", "properties": { "particle": 206, "seed_idx": 10, "valid": true }, "geometry": { "type": "Point", "coordinates": [ 31.274333953857422, -29.770614624023438 ] } },
{ "type": "Feature", "properties": { "particle": 207, "seed_idx": 10, "valid": true }, "geometry": { "type": "Point", "coordinates": [ 31.274541854858398, -29.770597457885742 ] } },
{ "type": "Feature", "properties": { "particle": 208, "seed_idx": 10, "valid": true }, "geometry": { "type": "Point", "coordinates": [ 31.27484130859375, -29.770467758178711 ] } },
{ "type": "Feature", "properties": { "particle": 209, "seed_idx": 10, "valid": true }, "geometry": { "type": "Point", "coordinates": [ 31.273950576782227, -29.771121978759766 ] } },
{ "type": "Feature", "properties": { "particle": 210, "seed_idx": 10, "valid": true }, "geometry": { "type": "Point", "coordinates": [ 31.274242401123047, -29.770645141601562 ] } },
{ "type": "Feature", "properties": { "particle": 211, "seed_idx": 10, "valid": true }, "geometry": { "type": "Point", "coordinates": [ 31.274682998657227, -29.770473480224609 ] } },
{ "type": "Feature", "properties": { "particle": 212, "seed_idx": 10, "valid": true }, "geometry": { "type": "Point", "coordinates": [ 31.274364471435547, -29.77067756652832 ] } },
{ "type": "Feature", "properties": { "particle": 213, "seed_idx": 10, "valid": true }, "geometry": { "type": "Point", "coordinates": [ 31.274909973144531, -29.770410537719727 ] } },
{ "type": "Feature", "properties": { "particle": 214, "seed_idx": 10, "valid": true }, "geometry": { "type": "Point", "coordinates": [ 31.274496078491211, -29.770563125610352 ] } },
{ "type": "Feature", "properties": { "particle": 215, "seed_idx": 10, "valid": true }, "geometry": { "type": "Point", "coordinates": [ 31.27430534362793, -29.770606994628906 ] } },
{ "type": "Feature", "properties": { "particle": 216, "seed_idx": 10, "valid": true }, "geometry": { "type": "Point", "coordinates": [ 31.274406433105469, -29.770544052124023 ] } },
{ "type": "Feature", "properties": { "particle": 217, "seed_idx": 10, "valid": true }, "geometry": { "type": "Point", "coordinates": [ 31.2747802734375, -29.770454406738281 ] } },
{ "type": "Feature", "properties": { "particle": 218, "seed_idx": 10, "valid": true }, "geometry": { "type": "Point", "coordinates": [ 31.274070739746094, -29.771007537841797 ] } },
{ "type": "Feature", "properties": { "particle": 219, "seed_idx": 10, "valid": true }, "geometry": { "type": "Point", "coordinates": [ 31.273830413818359, -29.770807266235352 ] } },
{ "type": "Feature", "properties": { "particle": 220, "seed_idx": 11, "valid": true }, "geometry": { "type": "Point", "coordinates": [ 31.295799255371094, -29.752414703369141 ] } },
{ "type": "Feature", "properties": { "particle": 221, "seed_idx": 11, "valid": true }, "geometry": { "type": "Point", "coordinates": [ 31.295600891113281, -29.752105712890625 ] } },
{ "type": "Feature", "properties": { "particle": 222, "seed_idx": 11, "valid": true }, "geometry": { "type": "Point", "coordinates": [ 31.296445846557617, -29.752130508422852 ] } },
{ "type": "Feature", "properties": { "particle": 223, "seed_idx": 11, "valid": true }, "geometry": { "type": "Point", "coordinates": [ 31.296079635620117, -29.752338409423828 ] } },
{ "type": "Feature", "properties": { "particle": 224, "seed_idx": 11, "valid": true }, "geometry": { "type": "Point", "coordinates": [ 31.29606819152832, -29.752466201782227 ] } },
{ "type": "Feature", "properties": { "particle": 225, "seed_idx": 11, "valid": true }, "geometry": { "type": "Point", "coordinates": [ 31.295265197753906, -29.752847671508789 ] } },
{ "type": "Feature", "properties": { "particle": 226, "seed_idx": 11, "valid": true }, "geometry": { "type": "Point", "coordinates": [ 31.295654296875, -29.75262451171875 ] } },
{ "type": "Feature", "properties": { "particle": 227, "seed_idx": 11, "valid": true }, "geometry": { "type": "Point", "coordinates": [ 31.29640007019043, -29.752132415771484 ] } },
{ "type": "Feature", "properties": { "particle": 228, "seed_idx": 11, "valid": true }, "geometry": { "type": "Point", "coordinates": [ 31.296697616577148, -29.752017974853516 ] } },
{ "type": "Feature", "properties": { "particle": 229, "seed_idx": 11, "valid": true }, "geometry": { "type": "Point", "coordinates": [ 31.296970367431641, -29.751932144165039 ] } },
{ "type": "Feature", "properties": { "particle": 230, "seed_idx": 11, "valid": true }, "geometry": { "type": "Point", "coordinates": [ 31.29620361328125, -29.752157211303711 ] } },
{ "type": "Feature", "properties": { "particle": 231, "seed_idx": 11, "valid": true }, "geometry": { "type": "Point", "coordinates": [ 31.29620361328125, -29.752195358276367 ] } },
{ "type": "Feature", "properties": { "particle": 232, "seed_idx": 11, "valid": true }, "geometry": { "type": "Point", "coordinates": [ 31.296485900878906, -29.752059936523438 ] } },
{ "type": "Feature", "properties": { "particle": 233, "seed_idx": 11, "valid": true }, "geometry": { "type": "Point", "coordinates": [ 31.296491622924805, -29.752092361450195 ] } },
{ "type": "Feature", "properties": { "particle": 234, "seed_idx": 11, "valid": true }, "geometry": { "type": "Point", "coordinates": [ 31.295928955078125, -29.752237319946289 ] } },
{ "type": "Feature", "properties": { "particle": 235, "seed_idx": 11, "valid": true }, "geometry": { "type": "Point", "coordinates": [ 31.29655647277832, -29.752052307128906 ] } },
{ "type": "Feature", "properties": { "particle": 236, "seed_idx": 11, "valid": true }, "geometry": { "type": "Point", "coordinates": [ 31.296131134033203, -29.752170562744141 ] } },
{ "type": "Feature", "properties": { "particle": 237, "seed_idx": 11, "valid": true }, "geometry": { "type": "Point", "coordinates": [ 31.29638671875, -29.752143859863281 ] } },
{ "type": "Feature", "properties": { "particle": 238, "seed_idx": 11, "valid": true }, "geometry": { "type": "Point", "coordinates": [ 31.296546936035156, -29.752092361450195 ] } },
{ "type": "Feature", "properties": { "particle": 239, "seed_idx": 11, "valid": true }, "geometry": { "type": "Point", "coordinates": [ 31.295936584472656, -29.752347946166992 ] } },
{ "type": "Feature", "properties": { "particle": 240, "seed_idx": 12, "valid": true }, "geometry": { "type": "Point", "coordinates": [ 31.265300750732422, -29.784208297729492 ] } },
{ "type": "Feature", "properties": { "particle": 241, "seed_idx": 12, "valid": true }, "geometry": { "type": "Point", "coordinates": [ 31.265600204467773, -29.784152984619141 ] } },
{ "type": "Feature", "properties": { "particle": 242, "seed_idx": 12, "valid": true }, "geometry": { "type": "Point", "coordinates": [ 31.265140533447266, -29.784303665161133 ] } },
{ "type": "Feature", "properties": { "particle": 243, "seed_idx": 12, "valid": true }, "geometry": { "type": "Point", "coordinates": [ 31.265043258666992, -29.784273147583008 ] } },
{ "type": "Feature", "properties": { "particle": 244, "seed_idx": 12, "valid": true }, "geometry": { "type": "Point", "coordinates": [ 31.264919281005859, -29.784587860107422 ] } },
{ "type": "Feature", "properties": { "particle": 245, "seed_idx": 12, "valid": true }, "geometry": { "type": "Point", "coordinates": [ 31.264335632324219, -29.785005569458008 ] } },
{ "type": "Feature", "properties": { "particle": 246, "seed_idx": 12, "valid": true }, "geometry": { "type": "Point", "coordinates": [ 31.265289306640625, -29.784400939941406 ] } },
{ "type": "Feature", "properties": { "particle": 247, "seed_idx": 12, "valid": true }, "geometry": { "type": "Point", "coordinates": [ 31.264738082885742, -29.784433364868164 ] } },
{ "type": "Feature", "properties": { "particle": 248, "seed_idx": 12, "valid": true }, "geometry": { "type": "Point", "coordinates": [ 31.2650146484375, -29.78428840637207 ] } },
{ "type": "Feature", "properties": { "particle": 249, "seed_idx": 12, "valid": true }, "geometry": { "type": "Point", "coordinates": [ 31.264326095581055, -29.785129547119141 ] } },
{ "type": "Feature", "properties": { "particle": 250, "seed_idx": 12, "valid": true }, "geometry": { "type": "Point", "coordinates": [ 31.265108108520508, -29.784275054931641 ] } },
{ "type": "Feature", "properties": { "particle": 251, "seed_idx": 12, "valid": true }, "geometry": { "type": "Point", "coordinates": [ 31.264865875244141, -29.784360885620117 ] } },
{ "type": "Feature", "properties": { "particle": 252, "seed_idx": 12, "valid": true }, "geometry": { "type": "Point", "coordinates": [ 31.265214920043945, -29.784286499023438 ] } },
{ "type": "Feature", "properties": { "particle": 253, "seed_idx": 12, "valid": true }, "geometry": { "type": "Point", "coordinates": [ 31.264816284179688, -29.784366607666016 ] } },
{ "type": "Feature", "properties": { "particle": 254, "seed_idx": 12, "valid": true }, "geometry": { "type": "Point", "coordinates": [ 31.264787673950195, -29.784378051757812 ] } },
{ "type": "Feature", "properties": { "particle": 255, "seed_idx": 12, "valid": true }, "geometry": { "type": "Point", "coordinates": [ 31.264978408813477, -29.784358978271484 ] } },
{ "type": "Feature", "properties": { "particle": 256, "seed_idx": 12, "valid": true }, "geometry": { "type": "Point", "coordinates": [ 31.26496696472168, -29.784317016601562 ] } },
{ "type": "Feature", "properties": { "particle": 257, "seed_idx": 12, "valid": true }, "geometry": { "type": "Point", "coordinates": [ 31.264974594116211, -29.784364700317383 ] } },
{ "type": "Feature", "properties": { "particle": 258, "seed_idx": 12, "valid": true }, "geometry": { "type": "Point", "coordinates": [ 31.26483154296875, -29.784406661987305 ] } },
{ "type": "Feature", "properties": { "particle": 259, "seed_idx": 12, "valid": true }, "geometry": { "type": "Point", "coordinates": [ 31.264589309692383, -29.784450531005859 ] } },
{ "type": "Feature", "properties": { "particle": 260, "seed_idx": 13, "valid": true }, "geometry": { "type": "Point", "coordinates": [ 31.249355316162109, -29.816684722900391 ] } },
{ "type": "Feature", "properties": { "particle": 261, "seed_idx": 13, "valid": true }, "geometry": { "type": "Point", "coordinates": [ 31.249507904052734, -29.816518783569336 ] } },
{ "type": "Feature", "properties": { "particle": 262, "seed_idx": 13, "valid": true }, "geometry": { "type": "Point", "coordinates": [ 31.249916076660156, -29.816381454467773 ] } },
{ "type": "Feature", "properties": { "particle": 263, "seed_idx": 13, "valid": true }, "geometry": { "type": "Point", "coordinates": [ 31.249382019042969, -29.816566467285156 ] } },
{ "type": "Feature", "properties": { "particle": 264, "seed_idx": 13, "valid": true }, "geometry": { "type": "Point", "coordinates": [ 31.249561309814453, -29.816488265991211 ] } },
{ "type": "Feature", "properties": { "particle": 265, "seed_idx": 13, "valid": true }, "geometry": { "type": "Point", "coordinates": [ 31.249540328979492, -29.816522598266602 ] } },
{ "type": "Feature", "properties": { "particle": 266, "seed_idx": 13, "valid": true }, "geometry": { "type": "Point", "coordinates": [ 31.248666763305664, -29.816764831542969 ] } },
{ "type": "Feature", "properties": { "particle": 267, "seed_idx": 13, "valid": true }, "geometry": { "type": "Point", "coordinates": [ 31.24943733215332, -29.816591262817383 ] } },
{ "type": "Feature", "properties": { "particle": 268, "seed_idx": 13, "valid": true }, "geometry": { "type": "Point", "coordinates": [ 31.248615264892578, -29.81715202331543 ] } },
{ "type": "Feature", "properties": { "particle": 269, "seed_idx": 13, "valid": true }, "geometry": { "type": "Point", "coordinates": [ 31.248672485351562, -29.816959381103516 ] } },
{ "type": "Feature", "properties": { "particle": 270, "seed_idx": 13, "valid": true }, "geometry": { "type": "Point", "coordinates": [ 31.248868942260742, -29.816762924194336 ] } },
{ "type": "Feature", "properties": { "particle": 271, "seed_idx": 13, "valid": true }, "geometry": { "type": "Point", "coordinates": [ 31.249765396118164, -29.816417694091797 ] } },
{ "type": "Feature", "properties": { "particle": 272, "seed_idx": 13, "valid": true }, "geometry": { "type": "Point", "coordinates": [ 31.249048233032227, -29.816921234130859 ] } },
{ "type": "Feature", "properties": { "particle": 273, "seed_idx": 13, "valid": true }, "geometry": { "type": "Point", "coordinates": [ 31.24934196472168, -29.816736221313477 ] } },
{ "type": "Feature", "properties": { "particle": 274, "seed_idx": 13, "valid": true }, "geometry": { "type": "Point", "coordinates": [ 31.248281478881836, -29.817249298095703 ] } },
{ "type": "Feature", "properties": { "particle": 275, "seed_idx": 13, "valid": true }, "geometry": { "type": "Point", "coordinates": [ 31.24943733215332, -29.8165283203125 ] } },
{ "type": "Feature", "properties": { "particle": 276, "seed_idx": 13, "valid": true }, "geometry": { "type": "Point", "coordinates": [ 31.248842239379883, -29.816825866699219 ] } },
{ "type": "Feature", "properties": { "particle": 277, "seed_idx": 13, "valid": true }, "geometry": { "type": "Point", "coordinates": [ 31.249267578125, -29.816793441772461 ] } },
{ "type": "Feature", "properties": { "particle": 278, "seed_idx": 13, "valid": true }, "geometry": { "type": "Point", "coordinates": [ 31.249351501464844, -29.81658935546875 ] } },
{ "type": "Feature", "properties": { "particle": 279, "seed_idx": 13, "valid": true }, "geometry": { "type": "Point", "coordinates": [ 31.249090194702148, -29.81663703918457 ] } },
{ "type": "Feature", "properties": { "particle": 280, "seed_idx": 14, "valid": true }, "geometry": { "type": "Point", "coordinates": [ 31.254318237304688, -29.80645751953125 ] } },
{ "type": "Feature", "properties": { "particle": 281, "seed_idx": 14, "valid": true }, "geometry": { "type": "Point", "coordinates": [ 31.253368377685547, -29.807254791259766 ] } },
{ "type": "Feature", "properties": { "particle": 282, "seed_idx": 14, "valid": true }, "geometry": { "type": "Point", "coordinates": [ 31.253660202026367, -29.806880950927734 ] } },
{ "type": "Feature", "properties": { "particle": 283, "seed_idx": 14, "valid": true }, "geometry": { "type": "Point", "coordinates": [ 31.253915786743164, -29.806779861450195 ] } },
{ "type": "Feature", "properties": { "particle": 284, "seed_idx": 14, "valid": true }, "geometry": { "type": "Point", "coordinates": [ 31.254186630249023, -29.806480407714844 ] } },
{ "type": "Feature", "properties": { "particle": 285, "seed_idx": 14, "valid": true }, "geometry": { "type": "Point", "coordinates": [ 31.252660751342773, -29.807598114013672 ] } },
{ "type": "Feature", "properties": { "particle": 286, "seed_idx": 14, "valid": true }, "geometry": { "type": "Point", "coordinates": [ 31.254116058349609, -29.806568145751953 ] } },
{ "type": "Feature", "properties": { "particle": 287, "seed_idx": 14, "valid": true }, "geometry": { "type": "Point", "coordinates": [ 31.254056930541992, -29.806510925292969 ] } },
{ "type": "Feature", "properties": { "particle": 288, "seed_idx": 14, "valid": true }, "geometry": { "type": "Point", "coordinates": [ 31.2548828125, -29.806249618530273 ] } },
{ "type": "Feature", "properties": { "particle": 289, "seed_idx": 14, "valid": true }, "geometry": { "type": "Point", "coordinates": [ 31.254270553588867, -29.806493759155273 ] } },
{ "type": "Feature", "properties": { "particle": 290, "seed_idx": 14, "valid": true }, "geometry": { "type": "Point", "coordinates": [ 31.254562377929688, -29.806364059448242 ] } },
{ "type": "Feature", "properties": { "particle": 291, "seed_idx": 14, "valid": true }, "geometry": { "type": "Point", "coordinates": [ 31.253475189208984, -29.807098388671875 ] } },
{ "type": "Feature", "properties": { "particle": 292, "seed_idx": 14, "valid": true }, "geometry": { "type": "Point", "coordinates": [ 31.25347900390625, -29.806970596313477 ] } },
{ "type": "Feature", "properties": { "particle": 293, "seed_idx": 14, "valid": true }, "geometry": { "type": "Point", "coordinates": [ 31.254419326782227, -29.806407928466797 ] } },
{ "type": "Feature", "properties": { "particle": 294, "seed_idx": 14, "valid": true }, "geometry": { "type": "Point", "coordinates": [ 31.254179000854492, -29.806480407714844 ] } },
{ "type": "Feature", "properties": { "particle": 295, "seed_idx": 14, "valid": true }, "geometry": { "type": "Point", "coordinates": [ 31.253702163696289, -29.806848526000977 ] } },
{ "type": "Feature", "properties": { "particle": 296, "seed_idx": 14, "valid": true }, "geometry": { "type": "Point", "coordinates": [ 31.254186630249023, -29.806529998779297 ] } },
{ "type": "Feature", "properties": { "particle": 297, "seed_idx": 14, "valid": true }, "geometry": { "type": "Point", "coordinates": [ 31.254507064819336, -29.806365966796875 ] } },
{ "type": "Feature", "properties": { "particle": 298, "seed_idx": 14, "valid": true }, "geometry": { "type": "Point", "coordinates": [ 31.254150390625, -29.8065185546875 ] } },
{ "type": "Feature", "properties": { "particle": 299, "seed_idx": 14, "valid": true }, "geometry": { "type": "Point", "coordinates": [ 31.253698348999023, -29.806968688964844 ] } },
{ "type": "Feature", "properties": { "particle": 300, "seed_idx": 15, "valid": true }, "geometry": { "type": "Point", "coordinates": [ 31.268592834472656, -29.779228210449219 ] } },
{ "type": "Feature", "properties": { "particle": 301, "seed_idx": 15, "valid": true }, "geometry": { "type": "Point", "coordinates": [ 31.268749237060547, -29.779216766357422 ] } },
{ "type": "Feature", "properties": { "particle": 302, "seed_idx": 15, "valid": true }, "geometry": { "type": "Point", "coordinates": [ 31.268093109130859, -29.779300689697266 ] } },
{ "type": "Feature", "properties": { "particle": 303, "seed_idx": 15, "valid": true }, "geometry": { "type": "Point", "coordinates": [ 31.268560409545898, -29.779226303100586 ] } },
{ "type": "Feature", "properties": { "particle": 304, "seed_idx": 15, "valid": true }, "geometry": { "type": "Point", "coordinates": [ 31.268281936645508, -29.779289245605469 ] } },
{ "type": "Feature", "properties": { "particle": 305, "seed_idx": 15, "valid": true }, "geometry": { "type": "Point", "coordinates": [ 31.268268585205078, -29.779277801513672 ] } },
{ "type": "Feature", "properties": { "particle": 306, "seed_idx": 15, "valid": true }, "geometry": { "type": "Point", "coordinates": [ 31.268688201904297, -29.779190063476562 ] } },
{ "type": "Feature", "properties": { "particle": 307, "seed_idx": 15, "valid": true }, "geometry": { "type": "Point", "coordinates": [ 31.268802642822266, -29.779170989990234 ] } },
{ "type": "Feature", "properties": { "particle": 308, "seed_idx": 15, "valid": true }, "geometry": { "type": "Point", "coordinates": [ 31.267431259155273, -29.780216217041016 ] } },
{ "type": "Feature", "properties": { "particle": 309, "seed_idx": 15, "valid": true }, "geometry": { "type": "Point", "coordinates": [ 31.268539428710938, -29.779354095458984 ] } },
{ "type": "Feature", "properties": { "particle": 310, "seed_idx": 15, "valid": true }, "geometry": { "type": "Point", "coordinates": [ 31.268802642822266, -29.779130935668945 ] } },
{ "type": "Feature", "properties": { "particle": 311, "seed_idx": 15, "valid": true }, "geometry": { "type": "Point", "coordinates": [ 31.268295288085938, -29.779323577880859 ] } },
{ "type": "Feature", "properties": { "particle": 312, "seed_idx": 15, "valid": true }, "geometry": { "type": "Point", "coordinates": [ 31.268651962280273, -29.779211044311523 ] } },
{ "type": "Feature", "properties": { "particle": 313, "seed_idx": 15, "valid": true }, "geometry": { "type": "Point", "coordinates": [ 31.268186569213867, -29.779325485229492 ] } },
{ "type": "Feature", "properties": { "particle": 314, "seed_idx": 15, "valid": true }, "geometry": { "type": "Point", "coordinates": [ 31.268827438354492, -29.779136657714844 ] } },
{ "type": "Feature", "properties": { "particle": 315, "seed_idx": 15, "valid": true }, "geometry": { "type": "Point", "coordinates": [ 31.26832389831543, -29.779329299926758 ] } },
{ "type": "Feature", "properties": { "particle": 316, "seed_idx": 15, "valid": true }, "geometry": { "type": "Point", "coordinates": [ 31.268625259399414, -29.779233932495117 ] } },
{ "type": "Feature", "properties": { "particle": 317, "seed_idx": 15, "valid": true }, "geometry": { "type": "Point", "coordinates": [ 31.26850700378418, -29.779365539550781 ] } },
{ "type": "Feature", "properties": { "particle": 318, "seed_idx": 15, "valid": true }, "geometry": { "type": "Point", "coordinates": [ 31.269105911254883, -29.779081344604492 ] } },
{ "type": "Feature", "properties": { "particle": 319, "seed_idx": 15, "valid": true }, "geometry": { "type": "Point", "coordinates": [ 31.268171310424805, -29.779796600341797 ] } },
{ "type": "Feature", "properties": { "particle": 320, "seed_idx": 16, "valid": true }, "geometry": { "type": "Point", "coordinates": [ 31.265682220458984, -29.778478622436523 ] } },
{ "type": "Feature", "properties": { "particle": 321, "seed_idx": 16, "valid": true }, "geometry": { "type": "Point", "coordinates": [ 31.265676498413086, -29.778480529785156 ] } },
{ "type": "Feature", "properties": { "particle": 322, "seed_idx": 16, "valid": true }, "geometry": { "type": "Point", "coordinates": [ 31.265375137329102, -29.778610229492188 ] } },
{ "type": "Feature", "properties": { "particle": 323, "seed_idx": 16, "valid": true }, "geometry": { "type": "Point", "coordinates": [ 31.265069961547852, -29.778728485107422 ] } },
{ "type": "Feature", "properties": { "particle": 324, "seed_idx": 16, "valid": true }, "geometry": { "type": "Point", "coordinates": [ 31.265298843383789, -29.778635025024414 ] } },
{ "type": "Feature", "properties": { "particle": 325, "seed_idx": 16, "valid": true }, "geometry": { "type": "Point", "coordinates": [ 31.264726638793945, -29.779361724853516 ] } },
{ "type": "Feature", "properties": { "particle": 326, "seed_idx": 16, "valid": true }, "geometry": { "type": "Point", "coordinates": [ 31.265325546264648, -29.7786865234375 ] } },
{ "type": "Feature", "properties": { "particle": 327, "seed_idx": 16, "valid": true }, "geometry": { "type": "Point", "coordinates": [ 31.26487922668457, -29.778785705566406 ] } },
{ "type": "Feature", "properties": { "particle": 328, "seed_idx": 16, "valid": true }, "geometry": { "type": "Point", "coordinates": [ 31.265642166137695, -29.778541564941406 ] } },
{ "type": "Feature", "properties": { "particle": 329, "seed_idx": 16, "valid": true }, "geometry": { "type": "Point", "coordinates": [ 31.264923095703125, -29.7786865234375 ] } },
{ "type": "Feature", "properties": { "particle": 330, "seed_idx": 16, "valid": true }, "geometry": { "type": "Point", "coordinates": [ 31.265365600585938, -29.778675079345703 ] } },
{ "type": "Feature", "properties": { "particle": 331, "seed_idx": 16, "valid": true }, "geometry": { "type": "Point", "coordinates": [ 31.264934539794922, -29.77874755859375 ] } },
{ "type": "Feature", "properties": { "particle": 332, "seed_idx": 16, "valid": true }, "geometry": { "type": "Point", "coordinates": [ 31.265192031860352, -29.7789306640625 ] } },
{ "type": "Feature", "properties": { "particle": 333, "seed_idx": 16, "valid": true }, "geometry": { "type": "Point", "coordinates": [ 31.265451431274414, -29.778629302978516 ] } },
{ "type": "Feature", "properties": { "particle": 334, "seed_idx": 16, "valid": true }, "geometry": { "type": "Point", "coordinates": [ 31.265554428100586, -29.778505325317383 ] } },
{ "type": "Feature", "properties": { "particle": 335, "seed_idx": 16, "valid": true }, "geometry": { "type": "Point", "coordinates": [ 31.26548957824707, -29.778572082519531 ] } },
{ "type": "Feature", "properties": { "particle": 336, "seed_idx": 16, "valid": true }, "geometry": { "type": "Point", "coordinates": [ 31.265401840209961, -29.778591156005859 ] } },
{ "type": "Feature", "properties": { "particle": 337, "seed_idx": 16, "valid": true }, "geometry": { "type": "Point", "coordinates": [ 31.265270233154297, -29.778617858886719 ] } },
{ "type": "Feature", "properties": { "particle": 338, "seed_idx": 16, "valid": true }, "geometry": { "type": "Point", "coordinates": [ 31.265464782714844, -29.778654098510742 ] } },
{ "type": "Feature", "properties": { "particle": 339, "seed_idx": 16, "valid": true }, "geometry": { "type": "Point", "coordinates": [ 31.26539421081543, -29.778579711914062 ] } },
{ "type": "Feature", "properties": { "particle": 340, "seed_idx": 17, "valid": true }, "geometry": { "type": "Point", "coordinates": [ 31.249214172363281, -29.816593170166016 ] } },
{ "type": "Feature", "properties": { "particle": 341, "seed_idx": 17, "valid": true }, "geometry": { "type": "Point", "coordinates": [ 31.249568939208984, -29.816442489624023 ] } },
{ "type": "Feature", "properties": { "particle": 342, "seed_idx": 17, "valid": true }, "geometry": { "type": "Point", "coordinates": [ 31.249053955078125, -29.816921234130859 ] } },
{ "type": "Feature", "properties": { "particle": 343, "seed_idx": 17, "valid": true }, "geometry": { "type": "Point", "coordinates": [ 31.24934196472168, -29.816532135009766 ] } },
{ "type": "Feature", "properties": { "particle": 344, "seed_idx": 17, "valid": true }, "geometry": { "type": "Point", "coordinates": [ 31.24835205078125, -29.817371368408203 ] } },
{ "type": "Feature", "properties": { "particle": 345, "seed_idx": 17, "valid": true }, "geometry": { "type": "Point", "coordinates": [ 31.249204635620117, -29.81654167175293 ] } },
{ "type": "Feature", "properties": { "particle": 346, "seed_idx": 17, "valid": true }, "geometry": { "type": "Point", "coordinates": [ 31.248813629150391, -29.816902160644531 ] } },
{ "type": "Feature", "properties": { "particle": 347, "seed_idx": 17, "valid": true }, "geometry": { "type": "Point", "coordinates": [ 31.247587203979492, -29.817741394042969 ] } },
{ "type": "Feature", "properties": { "particle": 348, "seed_idx": 17, "valid": true }, "geometry": { "type": "Point", "coordinates": [ 31.248630523681641, -29.81719970703125 ] } },
{ "type": "Feature", "properties": { "particle": 349, "seed_idx": 17, "valid": true }, "geometry": { "type": "Point", "coordinates": [ 31.249296188354492, -29.816507339477539 ] } },
{ "type": "Feature", "properties": { "particle": 350, "seed_idx": 17, "valid": true }, "geometry": { "type": "Point", "coordinates": [ 31.249029159545898, -29.817041397094727 ] } },
{ "type": "Feature", "properties": { "particle": 351, "seed_idx": 17, "valid": true }, "geometry": { "type": "Point", "coordinates": [ 31.249309539794922, -29.816513061523438 ] } },
{ "type": "Feature", "properties": { "particle": 352, "seed_idx": 17, "valid": true }, "geometry": { "type": "Point", "coordinates": [ 31.248701095581055, -29.816740036010742 ] } },
{ "type": "Feature", "properties": { "particle": 353, "seed_idx": 17, "valid": true }, "geometry": { "type": "Point", "coordinates": [ 31.249507904052734, -29.816505432128906 ] } },
{ "type": "Feature", "properties": { "particle": 354, "seed_idx": 17, "valid": true }, "geometry": { "type": "Point", "coordinates": [ 31.248163223266602, -29.816972732543945 ] } },
{ "type": "Feature", "properties": { "particle": 355, "seed_idx": 17, "valid": true }, "geometry": { "type": "Point", "coordinates": [ 31.248664855957031, -29.817056655883789 ] } },
{ "type": "Feature", "properties": { "particle": 356, "seed_idx": 17, "valid": true }, "geometry": { "type": "Point", "coordinates": [ 31.249088287353516, -29.816604614257812 ] } },
{ "type": "Feature", "properties": { "particle": 357, "seed_idx": 17, "valid": true }, "geometry": { "type": "Point", "coordinates": [ 31.248727798461914, -29.816835403442383 ] } },
{ "type": "Feature", "properties": { "particle": 358, "seed_idx": 17, "valid": true }, "geometry": { "type": "Point", "coordinates": [ 31.248662948608398, -29.817266464233398 ] } },
{ "type": "Feature", "properties": { "particle": 359, "seed_idx": 17, "valid": true }, "geometry": { "type": "Point", "coordinates": [ 31.249063491821289, -29.816848754882812 ] } },
{ "type": "Feature", "properties": { "particle": 360, "seed_idx": 18, "valid": true }, "geometry": { "type": "Point", "coordinates": [ 31.265813827514648, -29.780515670776367 ] } },
{ "type": "Feature", "properties": { "particle": 361, "seed_idx": 18, "valid": true }, "geometry": { "type": "Point", "coordinates": [ 31.26568603515625, -29.780572891235352 ] } },
{ "type": "Feature", "properties": { "particle": 362, "seed_idx": 18, "valid": true }, "geometry": { "type": "Point", "coordinates": [ 31.265998840332031, -29.780498504638672 ] } },
{ "type": "Feature", "properties": { "particle": 363, "seed_idx": 18, "valid": true }, "geometry": { "type": "Point", "coordinates": [ 31.264850616455078, -29.780981063842773 ] } },
{ "type": "Feature", "properties": { "particle": 364, "seed_idx": 18, "valid": true }, "geometry": { "type": "Point", "coordinates": [ 31.265327453613281, -29.780721664428711 ] } },
{ "type": "Feature", "properties": { "particle": 365, "seed_idx": 18, "valid": true }, "geometry": { "type": "Point", "coordinates": [ 31.265087127685547, -29.781082153320312 ] } },
{ "type": "Feature", "properties": { "particle": 366, "seed_idx": 18, "valid": true }, "geometry": { "type": "Point", "coordinates": [ 31.265256881713867, -29.780849456787109 ] } },
{ "type": "Feature", "properties": { "particle": 367, "seed_idx": 18, "valid": true }, "geometry": { "type": "Point", "coordinates": [ 31.265192031860352, -29.781230926513672 ] } },
{ "type": "Feature", "properties": { "particle": 368, "seed_idx": 18, "valid": true }, "geometry": { "type": "Point", "coordinates": [ 31.265386581420898, -29.780874252319336 ] } },
{ "type": "Feature", "properties": { "particle": 369, "seed_idx": 18, "valid": true }, "geometry": { "type": "Point", "coordinates": [ 31.265777587890625, -29.780633926391602 ] } },
{ "type": "Feature", "properties": { "particle": 370, "seed_idx": 18, "valid": true }, "geometry": { "type": "Point", "coordinates": [ 31.265907287597656, -29.780570983886719 ] } },
{ "type": "Feature", "properties": { "particle": 371, "seed_idx": 18, "valid": true }, "geometry": { "type": "Point", "coordinates": [ 31.265439987182617, -29.780673980712891 ] } },
{ "type": "Feature", "properties": { "particle": 372, "seed_idx": 18, "valid": true }, "geometry": { "type": "Point", "coordinates": [ 31.265119552612305, -29.780784606933594 ] } },
{ "type": "Feature", "properties": { "particle": 373, "seed_idx": 18, "valid": true }, "geometry": { "type": "Point", "coordinates": [ 31.266050338745117, -29.78050422668457 ] } },
{ "type": "Feature", "properties": { "particle": 374, "seed_idx": 18, "valid": true }, "geometry": { "type": "Point", "coordinates": [ 31.26594352722168, -29.780532836914062 ] } },
{ "type": "Feature", "properties": { "particle": 375, "seed_idx": 18, "valid": true }, "geometry": { "type": "Point", "coordinates": [ 31.265451431274414, -29.780675888061523 ] } },
{ "type": "Feature", "properties": { "particle": 376, "seed_idx": 18, "valid": true }, "geometry": { "type": "Point", "coordinates": [ 31.265830993652344, -29.780553817749023 ] } },
{ "type": "Feature", "properties": { "particle": 377, "seed_idx": 18, "valid": true }, "geometry": { "type": "Point", "coordinates": [ 31.265260696411133, -29.780845642089844 ] } },
{ "type": "Feature", "properties": { "particle": 378, "seed_idx": 18, "valid": true }, "geometry": { "type": "Point", "coordinates": [ 31.26441764831543, -29.781890869140625 ] } },
{ "type": "Feature", "properties": { "particle": 379, "seed_idx": 18, "valid": true }, "geometry": { "type": "Point", "coordinates": [ 31.265523910522461, -29.780937194824219 ] } },
{ "type": "Feature", "properties": { "particle": 380, "seed_idx": 19, "valid": true }, "geometry": { "type": "Point", "coordinates": [ 31.247028350830078, -29.823246002197266 ] } },
{ "type": "Feature", "properties": { "particle": 381, "seed_idx": 19, "valid": true }, "geometry": { "type": "Point", "coordinates": [ 31.246210098266602, -29.823633193969727 ] } },
{ "type": "Feature", "properties": { "particle": 382, "seed_idx": 19, "valid": true }, "geometry": { "type": "Point", "coordinates": [ 31.246892929077148, -29.823236465454102 ] } },
{ "type": "Feature", "properties": { "particle": 383, "seed_idx": 19, "valid": true }, "geometry": { "type": "Point", "coordinates": [ 31.245737075805664, -29.824115753173828 ] } },
{ "type": "Feature", "properties": { "particle": 384, "seed_idx": 19, "valid": true }, "geometry": { "type": "Point", "coordinates": [ 31.246686935424805, -29.823442459106445 ] } },
{ "type": "Feature", "properties": { "particle": 385, "seed_idx": 19, "valid": true }, "geometry": { "type": "Point", "coordinates": [ 31.246297836303711, -29.823755264282227 ] } },
{ "type": "Feature", "properties": { "particle": 386, "seed_idx": 19, "valid": true }, "geometry": { "type": "Point", "coordinates": [ 31.246810913085938, -29.823390960693359 ] } },
{ "type": "Feature", "properties": { "particle": 387, "seed_idx": 19, "valid": true }, "geometry": { "type": "Point", "coordinates": [ 31.247346878051758, -29.823123931884766 ] } },
{ "type": "Feature", "properties": { "particle": 388, "seed_idx": 19, "valid": true }, "geometry": { "type": "Point", "coordinates": [ 31.247312545776367, -29.823097229003906 ] } },
{ "type": "Feature", "properties": { "particle": 389, "seed_idx": 19, "valid": true }, "geometry": { "type": "Point", "coordinates": [ 31.246746063232422, -29.82343864440918 ] } },
{ "type": "Feature", "properties": { "particle": 390, "seed_idx": 19, "valid": true }, "geometry": { "type": "Point", "coordinates": [ 31.246835708618164, -29.823314666748047 ] } },
{ "type": "Feature", "properties": { "particle": 391, "seed_idx": 19, "valid": true }, "geometry": { "type": "Point", "coordinates": [ 31.245473861694336, -29.824302673339844 ] } },
{ "type": "Feature", "properties": { "particle": 392, "seed_idx": 19, "valid": true }, "geometry": { "type": "Point", "coordinates": [ 31.246242523193359, -29.823570251464844 ] } },
{ "type": "Feature", "properties": { "particle": 393, "seed_idx": 19, "valid": true }, "geometry": { "type": "Point", "coordinates": [ 31.246967315673828, -29.823215484619141 ] } },
{ "type": "Feature", "properties": { "particle": 394, "seed_idx": 19, "valid": true }, "geometry": { "type": "Point", "coordinates": [ 31.246128082275391, -29.824192047119141 ] } },
{ "type": "Feature", "properties": { "particle": 395, "seed_idx": 19, "valid": true }, "geometry": { "type": "Point", "coordinates": [ 31.246370315551758, -29.823575973510742 ] } },
{ "type": "Feature", "properties": { "particle": 396, "seed_idx": 19, "valid": true }, "geometry": { "type": "Point", "coordinates": [ 31.247085571289062, -29.823188781738281 ] } },
{ "type": "Feature", "properties": { "particle": 397, "seed_idx": 19, "valid": true }, "geometry": { "type": "Point", "coordinates": [ 31.246843338012695, -29.82330322265625 ] } },
{ "type": "Feature", "properties": { "particle": 398, "seed_idx": 19, "valid": true }, "geometry": { "type": "Point", "coordinates": [ 31.247379302978516, -29.823131561279297 ] } },
{ "type": "Feature", "properties": { "particle": 399, "seed_idx": 19, "valid": true }, "geometry": { "type": "Point", "coordinates": [ 31.246877670288086, -29.823373794555664 ] } },
{ "type": "Feature", "properties": { "particle": 400, "seed_idx": 20, "valid": true }, "geometry": { "type": "Point", "coordinates": [ 31.263908386230469, -29.785673141479492 ] } },
{ "type": "Feature", "properties": { "particle": 401, "seed_idx": 20, "valid": true }, "geometry": { "type": "Point", "coordinates": [ 31.263101577758789, -29.786464691162109 ] } },
{ "type": "Feature", "properties": { "particle": 402, "seed_idx": 20, "valid": true }, "geometry": { "type": "Point", "coordinates": [ 31.263662338256836, -29.78565788269043 ] } },
{ "type": "Feature", "properties": { "particle": 403, "seed_idx": 20, "valid": true }, "geometry": { "type": "Point", "coordinates": [ 31.264064788818359, -29.785615921020508 ] } },
{ "type": "Feature", "properties": { "particle": 404, "seed_idx": 20, "valid": true }, "geometry": { "type": "Point", "coordinates": [ 31.26385498046875, -29.785678863525391 ] } },
{ "type": "Feature", "properties": { "particle": 405, "seed_idx": 20, "valid": true }, "geometry": { "type": "Point", "coordinates": [ 31.264135360717773, -29.785642623901367 ] } },
{ "type": "Feature", "properties": { "particle": 406, "seed_idx": 20, "valid": true }, "geometry": { "type": "Point", "coordinates": [ 31.264183044433594, -29.785602569580078 ] } },
{ "type": "Feature", "properties": { "particle": 407, "seed_idx": 20, "valid": true }, "geometry": { "type": "Point", "coordinates": [ 31.264080047607422, -29.785818099975586 ] } },
{ "type": "Feature", "properties": { "particle": 408, "seed_idx": 20, "valid": true }, "geometry": { "type": "Point", "coordinates": [ 31.264657974243164, -29.785429000854492 ] } },
{ "type": "Feature", "properties": { "particle": 409, "seed_idx": 20, "valid": true }, "geometry": { "type": "Point", "coordinates": [ 31.264013290405273, -29.785604476928711 ] } },
{ "type": "Feature", "properties": { "particle": 410, "seed_idx": 20, "valid": true }, "geometry": { "type": "Point", "coordinates": [ 31.2633056640625, -29.786212921142578 ] } },
{ "type": "Feature", "properties": { "particle": 411, "seed_idx": 20, "valid": true }, "geometry": { "type": "Point", "coordinates": [ 31.26368522644043, -29.785917282104492 ] } },
{ "type": "Feature", "properties": { "particle": 412, "seed_idx": 20, "valid": true }, "geometry": { "type": "Point", "coordinates": [ 31.264102935791016, -29.785629272460938 ] } },
{ "type": "Feature", "properties": { "particle": 413, "seed_idx": 20, "valid": true }, "geometry": { "type": "Point", "coordinates": [ 31.264328002929688, -29.785568237304688 ] } },
{ "type": "Feature", "properties": { "particle": 414, "seed_idx": 20, "valid": true }, "geometry": { "type": "Point", "coordinates": [ 31.262863159179688, -29.786319732666016 ] } },
{ "type": "Feature", "properties": { "particle": 415, "seed_idx": 20, "valid": true }, "geometry": { "type": "Point", "coordinates": [ 31.263759613037109, -29.785623550415039 ] } },
{ "type": "Feature", "properties": { "particle": 416, "seed_idx": 20, "valid": true }, "geometry": { "type": "Point", "coordinates": [ 31.262874603271484, -29.786300659179688 ] } },
{ "type": "Feature", "properties": { "particle": 417, "seed_idx": 20, "valid": true }, "geometry": { "type": "Point", "coordinates": [ 31.264469146728516, -29.785490036010742 ] } },
{ "type": "Feature", "properties": { "particle": 418, "seed_idx": 20, "valid": true }, "geometry": { "type": "Point", "coordinates": [ 31.263526916503906, -29.785785675048828 ] } },
{ "type": "Feature", "properties": { "particle": 419, "seed_idx": 20, "valid": true }, "geometry": { "type": "Point", "coordinates": [ 31.264505386352539, -29.785480499267578 ] } },
{ "type": "Feature", "properties": { "particle": 420, "seed_idx": 21, "valid": true }, "geometry": { "type": "Point", "coordinates": [ 31.299108505249023, -29.74711799621582 ] } },
{ "type": "Feature", "properties": { "particle": 421, "seed_idx": 21, "valid": true }, "geometry": { "type": "Point", "coordinates": [ 31.299186706542969, -29.747341156005859 ] } },
{ "type": "Feature", "properties": { "particle": 422, "seed_idx": 21, "valid": true }, "geometry": { "type": "Point", "coordinates": [ 31.298730850219727, -29.747329711914062 ] } },
{ "type": "Feature", "properties": { "particle": 423, "seed_idx": 21, "valid": true }, "geometry": { "type": "Point", "coordinates": [ 31.299810409545898, -29.747177124023438 ] } },
{ "type": "Feature", "properties": { "particle": 424, "seed_idx": 21, "valid": true }, "geometry": { "type": "Point", "coordinates": [ 31.29957389831543, -29.747251510620117 ] } },
{ "type": "Feature", "properties": { "particle": 425, "seed_idx": 21, "valid": true }, "geometry": { "type": "Point", "coordinates": [ 31.29896354675293, -29.747919082641602 ] } },
{ "type": "Feature", "properties": { "particle": 426, "seed_idx": 21, "valid": true }, "geometry": { "type": "Point", "coordinates": [ 31.29994010925293, -29.74711799621582 ] } },
{ "type": "Feature", "properties": { "particle": 427, "seed_idx": 21, "valid": true }, "geometry": { "type": "Point", "coordinates": [ 31.299297332763672, -29.747549057006836 ] } },
{ "type": "Feature", "properties": { "particle": 428, "seed_idx": 21, "valid": true }, "geometry": { "type": "Point", "coordinates": [ 31.299623489379883, -29.74724006652832 ] } },
{ "type": "Feature", "properties": { "particle": 429, "seed_idx": 21, "valid": true }, "geometry": { "type": "Point", "coordinates": [ 31.298845291137695, -29.747415542602539 ] } },
{ "type": "Feature", "properties": { "particle": 430, "seed_idx": 21, "valid": true }, "geometry": { "type": "Point", "coordinates": [ 31.299503326416016, -29.747308731079102 ] } },
{ "type": "Feature", "properties": { "particle": 431, "seed_idx": 21, "valid": true }, "geometry": { "type": "Point", "coordinates": [ 31.299589157104492, -29.747224807739258 ] } },
{ "type": "Feature", "properties": { "particle": 432, "seed_idx": 21, "valid": true }, "geometry": { "type": "Point", "coordinates": [ 31.298770904541016, -29.747381210327148 ] } },
{ "type": "Feature", "properties": { "particle": 433, "seed_idx": 21, "valid": true }, "geometry": { "type": "Point", "coordinates": [ 31.299510955810547, -29.747245788574219 ] } },
{ "type": "Feature", "properties": { "particle": 434, "seed_idx": 21, "valid": true }, "geometry": { "type": "Point", "coordinates": [ 31.299310684204102, -29.747282028198242 ] } },
{ "type": "Feature", "properties": { "particle": 435, "seed_idx": 21, "valid": true }, "geometry": { "type": "Point", "coordinates": [ 31.299539566040039, -29.747234344482422 ] } },
{ "type": "Feature", "properties": { "particle": 436, "seed_idx": 21, "valid": true }, "geometry": { "type": "Point", "coordinates": [ 31.29998779296875, -29.747121810913086 ] } },
{ "type": "Feature", "properties": { "particle": 437, "seed_idx": 21, "valid": true }, "geometry": { "type": "Point", "coordinates": [ 31.299619674682617, -29.747104644775391 ] } },
{ "type": "Feature", "properties": { "particle": 438, "seed_idx": 21, "valid": true }, "geometry": { "type": "Point", "coordinates": [ 31.299203872680664, -29.747516632080078 ] } },
{ "type": "Feature", "properties": { "particle": 439, "seed_idx": 21, "valid": true }, "geometry": { "type": "Point", "coordinates": [ 31.299596786499023, -29.747222900390625 ] } },
{ "type": "Feature", "properties": { "particle": 440, "seed_idx": 22, "valid": true }, "geometry": { "type": "Point", "coordinates": [ 31.255914688110352, -29.80494499206543 ] } },
{ "type": "Feature", "properties": { "particle": 441, "seed_idx": 22, "valid": true }, "geometry": { "type": "Point", "coordinates": [ 31.255731582641602, -29.805021286010742 ] } },
{ "type": "Feature", "properties": { "particle": 442, "seed_idx": 22, "valid": true }, "geometry": { "type": "Point", "coordinates": [ 31.254644393920898, -29.805887222290039 ] } },
{ "type": "Feature", "properties": { "particle": 443, "seed_idx": 22, "valid": true }, "geometry": { "type": "Point", "coordinates": [ 31.255218505859375, -29.8052978515625 ] } },
{ "type": "Feature", "properties": { "particle": 444, "seed_idx": 22, "valid": true }, "geometry": { "type": "Point", "coordinates": [ 31.254962921142578, -29.80523681640625 ] } },
{ "type": "Feature", "properties": { "particle": 445, "seed_idx": 22, "valid": true }, "geometry": { "type": "Point", "coordinates": [ 31.254955291748047, -29.805540084838867 ] } },
{ "type": "Feature", "properties": { "particle": 446, "seed_idx": 22, "valid": true }, "geometry": { "type": "Point", "coordinates": [ 31.255561828613281, -29.8050537109375 ] } },
{ "type": "Feature", "properties": { "particle": 447, "seed_idx": 22, "valid": true }, "geometry": { "type": "Point", "coordinates": [ 31.255321502685547, -29.805145263671875 ] } },
{ "type": "Feature", "properties": { "particle": 448, "seed_idx": 22, "valid": true }, "geometry": { "type": "Point", "coordinates": [ 31.2554931640625, -29.805074691772461 ] } },
{ "type": "Feature", "properties": { "particle": 449, "seed_idx": 22, "valid": true }, "geometry": { "type": "Point", "coordinates": [ 31.25514030456543, -29.805286407470703 ] } },
{ "type": "Feature", "properties": { "particle": 450, "seed_idx": 22, "valid": true }, "geometry": { "type": "Point", "coordinates": [ 31.255361557006836, -29.805112838745117 ] } },
{ "type": "Feature", "properties": { "particle": 451, "seed_idx": 22, "valid": true }, "geometry": { "type": "Point", "coordinates": [ 31.255390167236328, -29.805055618286133 ] } },
{ "type": "Feature", "properties": { "particle": 452, "seed_idx": 22, "valid": true }, "geometry": { "type": "Point", "coordinates": [ 31.254880905151367, -29.805690765380859 ] } },
{ "type": "Feature", "properties": { "particle": 453, "seed_idx": 22, "valid": true }, "geometry": { "type": "Point", "coordinates": [ 31.255199432373047, -29.805625915527344 ] } },
{ "type": "Feature", "properties": { "particle": 454, "seed_idx": 22, "valid": true }, "geometry": { "type": "Point", "coordinates": [ 31.255386352539062, -29.805149078369141 ] } },
{ "type": "Feature", "properties": { "particle": 455, "seed_idx": 22, "valid": true }, "geometry": { "type": "Point", "coordinates": [ 31.255537033081055, -29.805072784423828 ] } },
{ "type": "Feature", "properties": { "particle": 456, "seed_idx": 22, "valid": true }, "geometry": { "type": "Point", "coordinates": [ 31.255622863769531, -29.80504035949707 ] } },
{ "type": "Feature", "properties": { "particle": 457, "seed_idx": 22, "valid": true }, "geometry": { "type": "Point", "coordinates": [ 31.254875183105469, -29.805952072143555 ] } },
{ "type": "Feature", "properties": { "particle": 458, "seed_idx": 22, "valid": true }, "geometry": { "type": "Point", "coordinates": [ 31.255289077758789, -29.805122375488281 ] } },
{ "type": "Feature", "properties": { "particle": 459, "seed_idx": 22, "valid": true }, "geometry": { "type": "Point", "coordinates": [ 31.255699157714844, -29.805171966552734 ] } },
{ "type": "Feature", "properties": { "particle": 460, "seed_idx": 23, "valid": true }, "geometry": { "type": "Point", "coordinates": [ 31.249994277954102, -29.813901901245117 ] } },
{ "type": "Feature", "properties": { "particle": 461, "seed_idx": 23, "valid": true }, "geometry": { "type": "Point", "coordinates": [ 31.250896453857422, -29.813104629516602 ] } },
{ "type": "Feature", "properties": { "particle": 462, "seed_idx": 23, "valid": true }, "geometry": { "type": "Point", "coordinates": [ 31.249563217163086, -29.813949584960938 ] } },
{ "type": "Feature", "properties": { "particle": 463, "seed_idx": 23, "valid": true }, "geometry": { "type": "Point", "coordinates": [ 31.250308990478516, -29.813669204711914 ] } },
{ "type": "Feature", "properties": { "particle": 464, "seed_idx": 23, "valid": true }, "geometry": { "type": "Point", "coordinates": [ 31.250925064086914, -29.813100814819336 ] } },
{ "type": "Feature", "properties": { "particle": 465, "seed_idx": 23, "valid": true }, "geometry": { "type": "Point", "coordinates": [ 31.250991821289062, -29.813070297241211 ] } },
{ "type": "Feature", "properties": { "particle": 466, "seed_idx": 23, "valid": true }, "geometry": { "type": "Point", "coordinates": [ 31.250085830688477, -29.813745498657227 ] } },
{ "type": "Feature", "properties": { "particle": 467, "seed_idx": 23, "valid": true }, "geometry": { "type": "Point", "coordinates": [ 31.250862121582031, -29.813127517700195 ] } },
{ "type": "Feature", "properties": { "particle": 468, "seed_idx": 23, "valid": true }, "geometry": { "type": "Point", "coordinates": [ 31.250865936279297, -29.813154220581055 ] } },
{ "type": "Feature", "properties": { "particle": 469, "seed_idx": 23, "valid": true }, "geometry": { "type": "Point", "coordinates": [ 31.25048828125, -29.813352584838867 ] } },
{ "type": "Feature", "properties": { "particle": 470, "seed_idx": 23, "valid": true }, "geometry": { "type": "Point", "coordinates": [ 31.250143051147461, -29.813665390014648 ] } },
{ "type": "Feature", "properties": { "particle": 471, "seed_idx": 23, "valid": true }, "geometry": { "type": "Point", "coordinates": [ 31.250089645385742, -29.813518524169922 ] } },
{ "type": "Feature", "properties": { "particle": 472, "seed_idx": 23, "valid": true }, "geometry": { "type": "Point", "coordinates": [ 31.25031852722168, -29.813282012939453 ] } },
{ "type": "Feature", "properties": { "particle": 473, "seed_idx": 23, "valid": true }, "geometry": { "type": "Point", "coordinates": [ 31.250358581542969, -29.813291549682617 ] } },
{ "type": "Feature", "properties": { "particle": 474, "seed_idx": 23, "valid": true }, "geometry": { "type": "Point", "coordinates": [ 31.2503662109375, -29.813461303710938 ] } },
{ "type": "Feature", "properties": { "particle": 475, "seed_idx": 23, "valid": true }, "geometry": { "type": "Point", "coordinates": [ 31.251005172729492, -29.813085556030273 ] } },
{ "type": "Feature", "properties": { "particle": 476, "seed_idx": 23, "valid": true }, "geometry": { "type": "Point", "coordinates": [ 31.24974250793457, -29.813924789428711 ] } },
{ "type": "Feature", "properties": { "particle": 477, "seed_idx": 23, "valid": true }, "geometry": { "type": "Point", "coordinates": [ 31.250955581665039, -29.813373565673828 ] } },
{ "type": "Feature", "properties": { "particle": 478, "seed_idx": 23, "valid": true }, "geometry": { "type": "Point", "coordinates": [ 31.251014709472656, -29.81306266784668 ] } },
{ "type": "Feature", "properties": { "particle": 479, "seed_idx": 23, "valid": true }, "geometry": { "type": "Point", "coordinates": [ 31.251049041748047, -29.813089370727539 ] } },
{ "type": "Feature", "properties": { "particle": 480, "seed_idx": 24, "valid": true }, "geometry": { "type": "Point", "coordinates": [ 31.265113830566406, -29.780340194702148 ] } },
{ "type": "Feature", "properties": { "particle": 481, "seed_idx": 24, "valid": true }, "geometry": { "type": "Point", "coordinates": [ 31.264368057250977, -29.780704498291016 ] } },
{ "type": "Feature", "properties": { "particle": 482, "seed_idx": 24, "valid": true }, "geometry": { "type": "Point", "coordinates": [ 31.264738082885742, -29.780557632446289 ] } },
{ "type": "Feature", "properties": { "particle": 483, "seed_idx": 24, "valid": true }, "geometry": { "type": "Point", "coordinates": [ 31.265008926391602, -29.780364990234375 ] } },
{ "type": "Feature", "properties": { "particle": 484, "seed_idx": 24, "valid": true }, "geometry": { "type": "Point", "coordinates": [ 31.264791488647461, -29.780471801757812 ] } },
{ "type": "Feature", "properties": { "particle": 485, "seed_idx": 24, "valid": true }, "geometry": { "type": "Point", "coordinates": [ 31.264627456665039, -29.780487060546875 ] } },
{ "type": "Feature", "properties": { "particle": 486, "seed_idx": 24, "valid": true }, "geometry": { "type": "Point", "coordinates": [ 31.264631271362305, -29.780487060546875 ] } },
{ "type": "Feature", "properties": { "particle": 487, "seed_idx": 24, "valid": true }, "geometry": { "type": "Point", "coordinates": [ 31.265169143676758, -29.780294418334961 ] } },
{ "type": "Feature", "properties": { "particle": 488, "seed_idx": 24, "valid": true }, "geometry": { "type": "Point", "coordinates": [ 31.264825820922852, -29.780403137207031 ] } },
{ "type": "Feature", "properties": { "particle": 489, "seed_idx": 24, "valid": true }, "geometry": { "type": "Point", "coordinates": [ 31.263515472412109, -29.781587600708008 ] } },
{ "type": "Feature", "properties": { "particle": 490, "seed_idx": 24, "valid": true }, "geometry": { "type": "Point", "coordinates": [ 31.265050888061523, -29.78033447265625 ] } },
{ "type": "Feature", "properties": { "particle": 491, "seed_idx": 24, "valid": true }, "geometry": { "type": "Point", "coordinates": [ 31.264804840087891, -29.780641555786133 ] } },
{ "type": "Feature", "properties": { "particle": 492, "seed_idx": 24, "valid": true }, "geometry": { "type": "Point", "coordinates": [ 31.264488220214844, -29.780797958374023 ] } },
{ "type": "Feature", "properties": { "particle": 493, "seed_idx": 24, "valid": true }, "geometry": { "type": "Point", "coordinates": [ 31.263784408569336, -29.781055450439453 ] } },
{ "type": "Feature", "properties": { "particle": 494, "seed_idx": 24, "valid": true }, "geometry": { "type": "Point", "coordinates": [ 31.264822006225586, -29.780420303344727 ] } },
{ "type": "Feature", "properties": { "particle": 495, "seed_idx": 24, "valid": true }, "geometry": { "type": "Point", "coordinates": [ 31.264801025390625, -29.780422210693359 ] } },
{ "type": "Feature", "properties": { "particle": 496, "seed_idx": 24, "valid": true }, "geometry": { "type": "Point", "coordinates": [ 31.264972686767578, -29.780364990234375 ] } },
{ "type": "Feature", "properties": { "particle": 497, "seed_idx": 24, "valid": true }, "geometry": { "type": "Point", "coordinates": [ 31.265048980712891, -29.780521392822266 ] } },
{ "type": "Feature", "properties": { "particle": 498, "seed_idx": 24, "valid": true }, "geometry": { "type": "Point", "coordinates": [ 31.264585494995117, -29.780628204345703 ] } },
{ "type": "Feature", "properties": { "particle": 499, "seed_idx": 24, "valid": true }, "geometry": { "type": "Point", "coordinates": [ 31.263883590698242, -29.780956268310547 ] } },
{ "type": "Feature", "properties": { "particle": 500, "seed_idx": 25, "valid": true }, "geometry": { "type": "Point", "coordinates": [ 31.301273345947266, -29.74608039855957 ] } },
{ "type": "Feature", "properties": { "particle": 501, "seed_idx": 25, "valid": true }, "geometry": { "type": "Point", "coordinates": [ 31.300441741943359, -29.746519088745117 ] } },
{ "type": "Feature", "properties": { "particle": 502, "seed_idx": 25, "valid": true }, "geometry": { "type": "Point", "coordinates": [ 31.300884246826172, -29.746515274047852 ] } },
{ "type": "Feature", "properties": { "particle": 503, "seed_idx": 25, "valid": true }, "geometry": { "type": "Point", "coordinates": [ 31.301116943359375, -29.746112823486328 ] } },
{ "type": "Feature", "properties": { "particle": 504, "seed_idx": 25, "valid": true }, "geometry": { "type": "Point", "coordinates": [ 31.301387786865234, -29.746034622192383 ] } },
{ "type": "Feature", "properties": { "particle": 505, "seed_idx": 25, "valid": true }, "geometry": { "type": "Point", "coordinates": [ 31.301471710205078, -29.745969772338867 ] } },
{ "type": "Feature", "properties": { "particle": 506, "seed_idx": 25, "valid": true }, "geometry": { "type": "Point", "coordinates": [ 31.300920486450195, -29.746242523193359 ] } },
{ "type": "Feature", "properties": { "particle": 507, "seed_idx": 25, "valid": true }, "geometry": { "type": "Point", "coordinates": [ 31.300607681274414, -29.746471405029297 ] } },
{ "type": "Feature", "properties": { "particle": 508, "seed_idx": 25, "valid": true }, "geometry": { "type": "Point", "coordinates": [ 31.301151275634766, -29.746313095092773 ] } },
{ "type": "Feature", "properties": { "particle": 509, "seed_idx": 25, "valid": true }, "geometry": { "type": "Point", "coordinates": [ 31.301179885864258, -29.746040344238281 ] } },
{ "type": "Feature", "properties": { "particle": 510, "seed_idx": 25, "valid": true }, "geometry": { "type": "Point", "coordinates": [ 31.301410675048828, -29.746042251586914 ] } },
{ "type": "Feature", "properties": { "particle": 511, "seed_idx": 25, "valid": true }, "geometry": { "type": "Point", "coordinates": [ 31.30058479309082, -29.74627685546875 ] } },
{ "type": "Feature", "properties": { "particle": 512, "seed_idx": 25, "valid": true }, "geometry": { "type": "Point", "coordinates": [ 31.301025390625, -29.746156692504883 ] } },
{ "type": "Feature", "properties": { "particle": 513, "seed_idx": 25, "valid": true }, "geometry": { "type": "Point", "coordinates": [ 31.301502227783203, -29.746004104614258 ] } },
{ "type": "Feature", "properties": { "particle": 514, "seed_idx": 25, "valid": true }, "geometry": { "type": "Point", "coordinates": [ 31.301210403442383, -29.746017456054688 ] } },
{ "type": "Feature", "properties": { "particle": 515, "seed_idx": 25, "valid": true }, "geometry": { "type": "Point", "coordinates": [ 31.301170349121094, -29.746126174926758 ] } },
{ "type": "Feature", "properties": { "particle": 516, "seed_idx": 25, "valid": true }, "geometry": { "type": "Point", "coordinates": [ 31.301637649536133, -29.745946884155273 ] } },
{ "type": "Feature", "properties": { "particle": 517, "seed_idx": 25, "valid": true }, "geometry": { "type": "Point", "coordinates": [ 31.300228118896484, -29.746530532836914 ] } },
{ "type": "Feature", "properties": { "particle": 518, "seed_idx": 25, "valid": true }, "geometry": { "type": "Point", "coordinates": [ 31.301513671875, -29.74609375 ] } },
{ "type": "Feature", "properties": { "particle": 519, "seed_idx": 25, "valid": true }, "geometry": { "type": "Point", "coordinates": [ 31.30097770690918, -29.746026992797852 ] } },
{ "type": "Feature", "properties": { "particle": 520, "seed_idx": 26, "valid": true }, "geometry": { "type": "Point", "coordinates": [ 31.274286270141602, -29.771312713623047 ] } },
{ "type": "Feature", "properties": { "particle": 521, "seed_idx": 26, "valid": true }, "geometry": { "type": "Point", "coordinates": [ 31.274391174316406, -29.771211624145508 ] } },
{ "type": "Feature", "properties": { "particle": 522, "seed_idx": 26, "valid": true }, "geometry": { "type": "Point", "coordinates": [ 31.273641586303711, -29.771791458129883 ] } },
{ "type": "Feature", "properties": { "particle": 523, "seed_idx": 26, "valid": true }, "geometry": { "type": "Point", "coordinates": [ 31.274173736572266, -29.771530151367188 ] } },
{ "type": "Feature", "properties": { "particle": 524, "seed_idx": 26, "valid": true }, "geometry": { "type": "Point", "coordinates": [ 31.274499893188477, -29.771139144897461 ] } },
{ "type": "Feature", "properties": { "particle": 525, "seed_idx": 26, "valid": true }, "geometry": { "type": "Point", "coordinates": [ 31.274496078491211, -29.771125793457031 ] } },
{ "type": "Feature", "properties": { "particle": 526, "seed_idx": 26, "valid": true }, "geometry": { "type": "Point", "coordinates": [ 31.273916244506836, -29.771608352661133 ] } },
{ "type": "Feature", "properties": { "particle": 527, "seed_idx": 26, "valid": true }, "geometry": { "type": "Point", "coordinates": [ 31.274019241333008, -29.771327972412109 ] } },
{ "type": "Feature", "properties": { "particle": 528, "seed_idx": 26, "valid": true }, "geometry": { "type": "Point", "coordinates": [ 31.27470588684082, -29.771078109741211 ] } },
{ "type": "Feature", "properties": { "particle": 529, "seed_idx": 26, "valid": true }, "geometry": { "type": "Point", "coordinates": [ 31.274600982666016, -29.771120071411133 ] } },
{ "type": "Feature", "properties": { "particle": 530, "seed_idx": 26, "valid": true }, "geometry": { "type": "Point", "coordinates": [ 31.273984909057617, -29.771518707275391 ] } },
{ "type": "Feature", "properties": { "particle": 531, "seed_idx": 26, "valid": true }, "geometry": { "type": "Point", "coordinates": [ 31.274303436279297, -29.771209716796875 ] } },
{ "type": "Feature", "properties": { "particle": 532, "seed_idx": 26, "valid": true }, "geometry": { "type": "Point", "coordinates": [ 31.274141311645508, -29.771228790283203 ] } },
{ "type": "Feature", "properties": { "particle": 533, "seed_idx": 26, "valid": true }, "geometry": { "type": "Point", "coordinates": [ 31.274074554443359, -29.77130126953125 ] } },
{ "type": "Feature", "properties": { "particle": 534, "seed_idx": 26, "valid": true }, "geometry": { "type": "Point", "coordinates": [ 31.274646759033203, -29.771087646484375 ] } },
{ "type": "Feature", "properties": { "particle": 535, "seed_idx": 26, "valid": true }, "geometry": { "type": "Point", "coordinates": [ 31.273370742797852, -29.771415710449219 ] } },
{ "type": "Feature", "properties": { "particle": 536, "seed_idx": 26, "valid": true }, "geometry": { "type": "Point", "coordinates": [ 31.273725509643555, -29.771476745605469 ] } },
{ "type": "Feature", "properties": { "particle": 537, "seed_idx": 26, "valid": true }, "geometry": { "type": "Point", "coordinates": [ 31.273977279663086, -29.771194458007812 ] } },
{ "type": "Feature", "properties": { "particle": 538, "seed_idx": 26, "valid": true }, "geometry": { "type": "Point", "coordinates": [ 31.273841857910156, -29.77171516418457 ] } },
{ "type": "Feature", "properties": { "particle": 539, "seed_idx": 26, "valid": true }, "geometry": { "type": "Point", "coordinates": [ 31.274656295776367, -29.771097183227539 ] } },
{ "type": "Feature", "properties": { "particle": 540, "seed_idx": 27, "valid": true }, "geometry": { "type": "Point", "coordinates": [ 31.293806076049805, -29.755435943603516 ] } },
{ "type": "Feature", "properties": { "particle": 541, "seed_idx": 27, "valid": true }, "geometry": { "type": "Point", "coordinates": [ 31.29435920715332, -29.755373001098633 ] } },
{ "type": "Feature", "properties": { "particle": 542, "seed_idx": 27, "valid": true }, "geometry": { "type": "Point", "coordinates": [ 31.294254302978516, -29.755466461181641 ] } },
{ "type": "Feature", "properties": { "particle": 543, "seed_idx": 27, "valid": true }, "geometry": { "type": "Point", "coordinates": [ 31.294858932495117, -29.755178451538086 ] } },
{ "type": "Feature", "properties": { "particle": 544, "seed_idx": 27, "valid": true }, "geometry": { "type": "Point", "coordinates": [ 31.295009613037109, -29.755172729492188 ] } },
{ "type": "Feature", "properties": { "particle": 545, "seed_idx": 27, "valid": true }, "geometry": { "type": "Point", "coordinates": [ 31.293973922729492, -29.755578994750977 ] } },
{ "type": "Feature", "properties": { "particle": 546, "seed_idx": 27, "valid": true }, "geometry": { "type": "Point", "coordinates": [ 31.294368743896484, -29.75529670715332 ] } },
{ "type": "Feature", "properties": { "particle": 547, "seed_idx": 27, "valid": true }, "geometry": { "type": "Point", "coordinates": [ 31.294883728027344, -29.75518798828125 ] } },
{ "type": "Feature", "properties": { "particle": 548, "seed_idx": 27, "valid": true }, "geometry": { "type": "Point", "coordinates": [ 31.294862747192383, -29.755178451538086 ] } },
{ "type": "Feature", "properties": { "particle": 549, "seed_idx": 27, "valid": true }, "geometry": { "type": "Point", "coordinates": [ 31.294376373291016, -29.755538940429688 ] } },
{ "type": "Feature", "properties": { "particle": 550, "seed_idx": 27, "valid": true }, "geometry": { "type": "Point", "coordinates": [ 31.294637680053711, -29.755266189575195 ] } },
{ "type": "Feature", "properties": { "particle": 551, "seed_idx": 27, "valid": true }, "geometry": { "type": "Point", "coordinates": [ 31.293937683105469, -29.755844116210938 ] } },
{ "type": "Feature", "properties": { "particle": 552, "seed_idx": 27, "valid": true }, "geometry": { "type": "Point", "coordinates": [ 31.29438591003418, -29.75532341003418 ] } },
{ "type": "Feature", "properties": { "particle": 553, "seed_idx": 27, "valid": true }, "geometry": { "type": "Point", "coordinates": [ 31.294282913208008, -29.75538444519043 ] } },
{ "type": "Feature", "properties": { "particle": 554, "seed_idx": 27, "valid": true }, "geometry": { "type": "Point", "coordinates": [ 31.294353485107422, -29.755241394042969 ] } },
{ "type": "Feature", "properties": { "particle": 555, "seed_idx": 27, "valid": true }, "geometry": { "type": "Point", "coordinates": [ 31.294746398925781, -29.755207061767578 ] } },
{ "type": "Feature", "properties": { "particle": 556, "seed_idx": 27, "valid": true }, "geometry": { "type": "Point", "coordinates": [ 31.294229507446289, -29.755407333374023 ] } },
{ "type": "Feature", "properties": { "particle": 557, "seed_idx": 27, "valid": true }, "geometry": { "type": "Point", "coordinates": [ 31.295013427734375, -29.755111694335938 ] } },
{ "type": "Feature", "properties": { "particle": 558, "seed_idx": 27, "valid": true }, "geometry": { "type": "Point", "coordinates": [ 31.2933349609375, -29.756000518798828 ] } },
{ "type": "Feature", "properties": { "particle": 559, "seed_idx": 27, "valid": true }, "geometry": { "type": "Point", "coordinates": [ 31.29395866394043, -29.75531005859375 ] } },
{ "type": "Feature", "properties": { "particle": 560, "seed_idx": 28, "valid": true }, "geometry": { "type": "Point", "coordinates": [ 31.26542854309082, -29.77989387512207 ] } },
{ "type": "Feature", "properties": { "particle": 561, "seed_idx": 28, "valid": true }, "geometry": { "type": "Point", "coordinates": [ 31.26531982421875, -29.780065536499023 ] } },
{ "type": "Feature", "properties": { "particle": 562, "seed_idx": 28, "valid": true }, "geometry": { "type": "Point", "coordinates": [ 31.265607833862305, -29.779848098754883 ] } },
{ "type": "Feature", "properties": { "particle": 563, "seed_idx": 28, "valid": true }, "geometry": { "type": "Point", "coordinates": [ 31.26527214050293, -29.779958724975586 ] } },
{ "type": "Feature", "properties": { "particle": 564, "seed_idx": 28, "valid": true }, "geometry": { "type": "Point", "coordinates": [ 31.264541625976562, -29.780506134033203 ] } },
{ "type": "Feature", "properties": { "particle": 565, "seed_idx": 28, "valid": true }, "geometry": { "type": "Point", "coordinates": [ 31.264686584472656, -29.780431747436523 ] } },
{ "type": "Feature", "properties": { "particle": 566, "seed_idx": 28, "valid": true }, "geometry": { "type": "Point", "coordinates": [ 31.264883041381836, -29.780040740966797 ] } },
{ "type": "Feature", "properties": { "particle": 567, "seed_idx": 28, "valid": true }, "geometry": { "type": "Point", "coordinates": [ 31.265251159667969, -29.779966354370117 ] } },
{ "type": "Feature", "properties": { "particle": 568, "seed_idx": 28, "valid": true }, "geometry": { "type": "Point", "coordinates": [ 31.265327453613281, -29.779947280883789 ] } },
{ "type": "Feature", "properties": { "particle": 569, "seed_idx": 28, "valid": true }, "geometry": { "type": "Point", "coordinates": [ 31.265262603759766, -29.780014038085938 ] } },
{ "type": "Feature", "properties": { "particle": 570, "seed_idx": 28, "valid": true }, "geometry": { "type": "Point", "coordinates": [ 31.265344619750977, -29.779928207397461 ] } },
{ "type": "Feature", "properties": { "particle": 571, "seed_idx": 28, "valid": true }, "geometry": { "type": "Point", "coordinates": [ 31.264837265014648, -29.780403137207031 ] } },
{ "type": "Feature", "properties": { "particle": 572, "seed_idx": 28, "valid": true }, "geometry": { "type": "Point", "coordinates": [ 31.265420913696289, -29.779891967773438 ] } },
{ "type": "Feature", "properties": { "particle": 573, "seed_idx": 28, "valid": true }, "geometry": { "type": "Point", "coordinates": [ 31.264640808105469, -29.780067443847656 ] } },
{ "type": "Feature", "properties": { "particle": 574, "seed_idx": 28, "valid": true }, "geometry": { "type": "Point", "coordinates": [ 31.265417098999023, -29.779855728149414 ] } },
{ "type": "Feature", "properties": { "particle": 575, "seed_idx": 28, "valid": true }, "geometry": { "type": "Point", "coordinates": [ 31.265430450439453, -29.779861450195312 ] } },
{ "type": "Feature", "properties": { "particle": 576, "seed_idx": 28, "valid": true }, "geometry": { "type": "Point", "coordinates": [ 31.264158248901367, -29.780574798583984 ] } },
{ "type": "Feature", "properties": { "particle": 577, "seed_idx": 28, "valid": true }, "geometry": { "type": "Point", "coordinates": [ 31.265596389770508, -29.779838562011719 ] } },
{ "type": "Feature", "properties": { "particle": 578, "seed_idx": 28, "valid": true }, "geometry": { "type": "Point", "coordinates": [ 31.265262603759766, -29.779941558837891 ] } },
{ "type": "Feature", "properties": { "particle": 579, "seed_idx": 28, "valid": true }, "geometry": { "type": "Point", "coordinates": [ 31.265012741088867, -29.78001594543457 ] } },
{ "type": "Feature", "properties": { "particle": 580, "seed_idx": 29, "valid": true }, "geometry": { "type": "Point", "coordinates": [ 31.25468635559082, -29.805948257446289 ] } },
{ "type": "Feature", "properties": { "particle": 581, "seed_idx": 29, "valid": true }, "geometry": { "type": "Point", "coordinates": [ 31.254837036132812, -29.805946350097656 ] } },
{ "type": "Feature", "properties": { "particle": 582, "seed_idx": 29, "valid": true }, "geometry": { "type": "Point", "coordinates": [ 31.254207611083984, -29.806606292724609 ] } },
{ "type": "Feature", "properties": { "particle": 583, "seed_idx": 29, "valid": true }, "geometry": { "type": "Point", "coordinates": [ 31.254692077636719, -29.806062698364258 ] } },
{ "type": "Feature", "properties": { "particle": 584, "seed_idx": 29, "valid": true }, "geometry": { "type": "Point", "coordinates": [ 31.254842758178711, -29.80592155456543 ] } },
{ "type": "Feature", "properties": { "particle": 585, "seed_idx": 29, "valid": true }, "geometry": { "type": "Point", "coordinates": [ 31.255142211914062, -29.805839538574219 ] } },
{ "type": "Feature", "properties": { "particle": 586, "seed_idx": 29, "valid": true }, "geometry": { "type": "Point", "coordinates": [ 31.253557205200195, -29.806680679321289 ] } },
{ "type": "Feature", "properties": { "particle": 587, "seed_idx": 29, "valid": true }, "geometry": { "type": "Point", "coordinates": [ 31.254629135131836, -29.805963516235352 ] } },
{ "type": "Feature", "properties": { "particle": 588, "seed_idx": 29, "valid": true }, "geometry": { "type": "Point", "coordinates": [ 31.254350662231445, -29.80610466003418 ] } },
{ "type": "Feature", "properties": { "particle": 589, "seed_idx": 29, "valid": true }, "geometry": { "type": "Point", "coordinates": [ 31.255149841308594, -29.805812835693359 ] } },
{ "type": "Feature", "properties": { "particle": 590, "seed_idx": 29, "valid": true }, "geometry": { "type": "Point", "coordinates": [ 31.254463195800781, -29.806346893310547 ] } },
{ "type": "Feature", "properties": { "particle": 591, "seed_idx": 29, "valid": true }, "geometry": { "type": "Point", "coordinates": [ 31.254352569580078, -29.80626106262207 ] } },
{ "type": "Feature", "properties": { "particle": 592, "seed_idx": 29, "valid": true }, "geometry": { "type": "Point", "coordinates": [ 31.254386901855469, -29.806310653686523 ] } },
{ "type": "Feature", "properties": { "particle": 593, "seed_idx": 29, "valid": true }, "geometry": { "type": "Point", "coordinates": [ 31.254600524902344, -29.806051254272461 ] } },
{ "type": "Feature", "properties": { "particle": 594, "seed_idx": 29, "valid": true }, "geometry": { "type": "Point", "coordinates": [ 31.254682540893555, -29.805988311767578 ] } },
{ "type": "Feature", "properties": { "particle": 595, "seed_idx": 29, "valid": true }, "geometry": { "type": "Point", "coordinates": [ 31.254325866699219, -29.806474685668945 ] } },
{ "type": "Feature", "properties": { "particle": 596, "seed_idx": 29, "valid": true }, "geometry": { "type": "Point", "coordinates": [ 31.254293441772461, -29.806083679199219 ] } },
{ "type": "Feature", "properties": { "particle": 597, "seed_idx": 29, "valid": true }, "geometry": { "type": "Point", "coordinates": [ 31.254447937011719, -29.806205749511719 ] } },
{ "type": "Feature", "properties": { "particle": 598, "seed_idx": 29, "valid": true }, "geometry": { "type": "Point", "coordinates": [ 31.254613876342773, -29.806003570556641 ] } },
{ "type": "Feature", "properties": { "particle": 599, "seed_idx": 29, "valid": true }, "geometry": { "type": "Point", "coordinates": [ 31.254579544067383, -29.8060302734375 ] } },
{ "type": "Feature", "properties": { "particle": 600, "seed_idx": 30, "valid": true }, "geometry": { "type": "Point", "coordinates": [ 31.263452529907227, -29.781213760375977 ] } },
{ "type": "Feature", "properties": { "particle": 601, "seed_idx": 30, "valid": true }, "geometry": { "type": "Point", "coordinates": [ 31.262870788574219, -29.781883239746094 ] } },
{ "type": "Feature", "properties": { "particle": 602, "seed_idx": 30, "valid": true }, "geometry": { "type": "Point", "coordinates": [ 31.263463973999023, -29.781299591064453 ] } },
{ "type": "Feature", "properties": { "particle": 603, "seed_idx": 30, "valid": true }, "geometry": { "type": "Point", "coordinates": [ 31.263694763183594, -29.781192779541016 ] } },
{ "type": "Feature", "properties": { "particle": 604, "seed_idx": 30, "valid": true }, "geometry": { "type": "Point", "coordinates": [ 31.263523101806641, -29.781200408935547 ] } },
{ "type": "Feature", "properties": { "particle": 605, "seed_idx": 30, "valid": true }, "geometry": { "type": "Point", "coordinates": [ 31.262901306152344, -29.781412124633789 ] } },
{ "type": "Feature", "properties": { "particle": 606, "seed_idx": 30, "valid": true }, "geometry": { "type": "Point", "coordinates": [ 31.263582229614258, -29.781196594238281 ] } },
{ "type": "Feature", "properties": { "particle": 607, "seed_idx": 30, "valid": true }, "geometry": { "type": "Point", "coordinates": [ 31.263412475585938, -29.781272888183594 ] } },
{ "type": "Feature", "properties": { "particle": 608, "seed_idx": 30, "valid": true }, "geometry": { "type": "Point", "coordinates": [ 31.263723373413086, -29.781150817871094 ] } },
{ "type": "Feature", "properties": { "particle": 609, "seed_idx": 30, "valid": true }, "geometry": { "type": "Point", "coordinates": [ 31.263511657714844, -29.78120231628418 ] } },
{ "type": "Feature", "properties": { "particle": 610, "seed_idx": 30, "valid": true }, "geometry": { "type": "Point", "coordinates": [ 31.263778686523438, -29.781131744384766 ] } },
{ "type": "Feature", "properties": { "particle": 611, "seed_idx": 30, "valid": true }, "geometry": { "type": "Point", "coordinates": [ 31.262903213500977, -29.781435012817383 ] } },
{ "type": "Feature", "properties": { "particle": 612, "seed_idx": 30, "valid": true }, "geometry": { "type": "Point", "coordinates": [ 31.263603210449219, -29.781492233276367 ] } },
{ "type": "Feature", "properties": { "particle": 613, "seed_idx": 30, "valid": true }, "geometry": { "type": "Point", "coordinates": [ 31.263141632080078, -29.781473159790039 ] } },
{ "type": "Feature", "properties": { "particle": 614, "seed_idx": 30, "valid": true }, "geometry": { "type": "Point", "coordinates": [ 31.26325798034668, -29.781486511230469 ] } },
{ "type": "Feature", "properties": { "particle": 615, "seed_idx": 30, "valid": true }, "geometry": { "type": "Point", "coordinates": [ 31.263700485229492, -29.781160354614258 ] } },
{ "type": "Feature", "properties": { "particle": 616, "seed_idx": 30, "valid": true }, "geometry": { "type": "Point", "coordinates": [ 31.263023376464844, -29.781858444213867 ] } },
{ "type": "Feature", "properties": { "particle": 617, "seed_idx": 30, "valid": true }, "geometry": { "type": "Point", "coordinates": [ 31.263238906860352, -29.781312942504883 ] } },
{ "type": "Feature", "properties": { "particle": 618, "seed_idx": 30, "valid": true }, "geometry": { "type": "Point", "coordinates": [ 31.263671875, -29.781396865844727 ] } },
{ "type": "Feature", "properties": { "particle": 619, "seed_idx": 30, "valid": true }, "geometry": { "type": "Point", "coordinates": [ 31.263933181762695, -29.781076431274414 ] } },
{ "type": "Feature", "properties": { "particle": 620, "seed_idx": 31, "valid": true }, "geometry": { "type": "Point", "coordinates": [ 31.280744552612305, -29.765962600708008 ] } },
{ "type": "Feature", "properties": { "particle": 621, "seed_idx": 31, "valid": true }, "geometry": { "type": "Point", "coordinates": [ 31.280929565429688, -29.76606559753418 ] } },
{ "type": "Feature", "properties": { "particle": 622, "seed_idx": 31, "valid": true }, "geometry": { "type": "Point", "coordinates": [ 31.280632019042969, -29.766046524047852 ] } },
{ "type": "Feature", "properties": { "particle": 623, "seed_idx": 31, "valid": true }, "geometry": { "type": "Point", "coordinates": [ 31.279939651489258, -29.766361236572266 ] } },
{ "type": "Feature", "properties": { "particle": 624, "seed_idx": 31, "valid": true }, "geometry": { "type": "Point", "coordinates": [ 31.281160354614258, -29.765884399414062 ] } },
{ "type": "Feature", "properties": { "particle": 625, "seed_idx": 31, "valid": true }, "geometry": { "type": "Point", "coordinates": [ 31.280729293823242, -29.766031265258789 ] } },
{ "type": "Feature", "properties": { "particle": 626, "seed_idx": 31, "valid": true }, "geometry": { "type": "Point", "coordinates": [ 31.280124664306641, -29.766441345214844 ] } },
{ "type": "Feature", "properties": { "particle": 627, "seed_idx": 31, "valid": true }, "geometry": { "type": "Point", "coordinates": [ 31.280546188354492, -29.76612663269043 ] } },
{ "type": "Feature", "properties": { "particle": 628, "seed_idx": 31, "valid": true }, "geometry": { "type": "Point", "coordinates": [ 31.279916763305664, -29.766700744628906 ] } },
{ "type": "Feature", "properties": { "particle": 629, "seed_idx": 31, "valid": true }, "geometry": { "type": "Point", "coordinates": [ 31.280544281005859, -29.766046524047852 ] } },
{ "type": "Feature", "properties": { "particle": 630, "seed_idx": 31, "valid": true }, "geometry": { "type": "Point", "coordinates": [ 31.280313491821289, -29.766145706176758 ] } },
{ "type": "Feature", "properties": { "particle": 631, "seed_idx": 31, "valid": true }, "geometry": { "type": "Point", "coordinates": [ 31.280878067016602, -29.765981674194336 ] } },
{ "type": "Feature", "properties": { "particle": 632, "seed_idx": 31, "valid": true }, "geometry": { "type": "Point", "coordinates": [ 31.279993057250977, -29.766237258911133 ] } },
{ "type": "Feature", "properties": { "particle": 633, "seed_idx": 31, "valid": true }, "geometry": { "type": "Point", "coordinates": [ 31.280874252319336, -29.765989303588867 ] } },
{ "type": "Feature", "properties": { "particle": 634, "seed_idx": 31, "valid": true }, "geometry": { "type": "Point", "coordinates": [ 31.280178070068359, -29.766193389892578 ] } },
{ "type": "Feature", "properties": { "particle": 635, "seed_idx": 31, "valid": true }, "geometry": { "type": "Point", "coordinates": [ 31.281293869018555, -29.765951156616211 ] } },
{ "type": "Feature", "properties": { "particle": 636, "seed_idx": 31, "valid": true }, "geometry": { "type": "Point", "coordinates": [ 31.280673980712891, -29.766122817993164 ] } },
{ "type": "Feature", "properties": { "particle": 637, "seed_idx": 31, "valid": true }, "geometry": { "type": "Point", "coordinates": [ 31.280363082885742, -29.766014099121094 ] } },
{ "type": "Feature", "properties": { "particle": 638, "seed_idx": 31, "valid": true }, "geometry": { "type": "Point", "coordinates": [ 31.280704498291016, -29.766033172607422 ] } },
{ "type": "Feature", "properties": { "particle": 639, "seed_idx": 31, "valid": true }, "geometry": { "type": "Point", "coordinates": [ 31.280527114868164, -29.766006469726562 ] } },
{ "type": "Feature", "properties": { "particle": 640, "seed_idx": 32, "valid": true }, "geometry": { "type": "Point", "coordinates": [ 31.267051696777344, -29.777753829956055 ] } },
{ "type": "Feature", "properties": { "particle": 641, "seed_idx": 32, "valid": true }, "geometry": { "type": "Point", "coordinates": [ 31.267375946044922, -29.777660369873047 ] } },
{ "type": "Feature", "properties": { "particle": 642, "seed_idx": 32, "valid": true }, "geometry": { "type": "Point", "coordinates": [ 31.267267227172852, -29.777692794799805 ] } },
{ "type": "Feature", "properties": { "particle": 643, "seed_idx": 32, "valid": true }, "geometry": { "type": "Point", "coordinates": [ 31.267599105834961, -29.777566909790039 ] } },
{ "type": "Feature", "properties": { "particle": 644, "seed_idx": 32, "valid": true }, "geometry": { "type": "Point", "coordinates": [ 31.267816543579102, -29.777519226074219 ] } },
{ "type": "Feature", "properties": { "particle": 645, "seed_idx": 32, "valid": true }, "geometry": { "type": "Point", "coordinates": [ 31.267238616943359, -29.777839660644531 ] } },
{ "type": "Feature", "properties": { "particle": 646, "seed_idx": 32, "valid": true }, "geometry": { "type": "Point", "coordinates": [ 31.266841888427734, -29.777854919433594 ] } },
{ "type": "Feature", "properties": { "particle": 647, "seed_idx": 32, "valid": true }, "geometry": { "type": "Point", "coordinates": [ 31.267078399658203, -29.777870178222656 ] } },
{ "type": "Feature", "properties": { "particle": 648, "seed_idx": 32, "valid": true }, "geometry": { "type": "Point", "coordinates": [ 31.267702102661133, -29.777629852294922 ] } },
{ "type": "Feature", "properties": { "particle": 649, "seed_idx": 32, "valid": true }, "geometry": { "type": "Point", "coordinates": [ 31.266952514648438, -29.77777099609375 ] } },
{ "type": "Feature", "properties": { "particle": 650, "seed_idx": 32, "valid": true }, "geometry": { "type": "Point", "coordinates": [ 31.267765045166016, -29.777544021606445 ] } },
{ "type": "Feature", "properties": { "particle": 651, "seed_idx": 32, "valid": true }, "geometry": { "type": "Point", "coordinates": [ 31.26707649230957, -29.778104782104492 ] } },
{ "type": "Feature", "properties": { "particle": 652, "seed_idx": 32, "valid": true }, "geometry": { "type": "Point", "coordinates": [ 31.26617431640625, -29.77869987487793 ] } },
{ "type": "Feature", "properties": { "particle": 653, "seed_idx": 32, "valid": true }, "geometry": { "type": "Point", "coordinates": [ 31.267391204833984, -29.777658462524414 ] } },
{ "type": "Feature", "properties": { "particle": 654, "seed_idx": 32, "valid": true }, "geometry": { "type": "Point", "coordinates": [ 31.266836166381836, -29.778181076049805 ] } },
{ "type": "Feature", "properties": { "particle": 655, "seed_idx": 32, "valid": true }, "geometry": { "type": "Point", "coordinates": [ 31.267293930053711, -29.777622222900391 ] } },
{ "type": "Feature", "properties": { "particle": 656, "seed_idx": 32, "valid": true }, "geometry": { "type": "Point", "coordinates": [ 31.267633438110352, -29.77757453918457 ] } },
{ "type": "Feature", "properties": { "particle": 657, "seed_idx": 32, "valid": true }, "geometry": { "type": "Point", "coordinates": [ 31.266559600830078, -29.778448104858398 ] } },
{ "type": "Feature", "properties": { "particle": 658, "seed_idx": 32, "valid": true }, "geometry": { "type": "Point", "coordinates": [ 31.26713752746582, -29.777727127075195 ] } },
{ "type": "Feature", "properties": { "particle": 659, "seed_idx": 32, "valid": true }, "geometry": { "type": "Point", "coordinates": [ 31.266918182373047, -29.778312683105469 ] } },
{ "type": "Feature", "properties": { "particle": 660, "seed_idx": 33, "valid": true }, "geometry": { "type": "Point", "coordinates": [ 31.259796142578125, -29.792827606201172 ] } },
{ "type": "Feature", "properties": { "particle": 661, "seed_idx": 33, "valid": true }, "geometry": { "type": "Point", "coordinates": [ 31.25932502746582, -29.792774200439453 ] } },
{ "type": "Feature", "properties": { "particle": 662, "seed_idx": 33, "valid": true }, "geometry": { "type": "Point", "coordinates": [ 31.259393692016602, -29.793045043945312 ] } },
{ "type": "Feature", "properties": { "particle": 663, "seed_idx": 33, "valid": true }, "geometry": { "type": "Point", "coordinates": [ 31.260440826416016, -29.792400360107422 ] } },
{ "type": "Feature", "properties": { "particle": 664, "seed_idx": 33, "valid": true }, "geometry": { "type": "Point", "coordinates": [ 31.260013580322266, -29.792579650878906 ] } },
{ "type": "Feature", "properties": { "particle": 665, "seed_idx": 33, "valid": true }, "geometry": { "type": "Point", "coordinates": [ 31.259883880615234, -29.79271125793457 ] } },
{ "type": "Feature", "properties": { "particle": 666, "seed_idx": 33, "valid": true }, "geometry": { "type": "Point", "coordinates": [ 31.259725570678711, -29.792911529541016 ] } },
{ "type": "Feature", "properties": { "particle": 667, "seed_idx": 33, "valid": true }, "geometry": { "type": "Point", "coordinates": [ 31.259986877441406, -29.792636871337891 ] } },
{ "type": "Feature", "properties": { "particle": 668, "seed_idx": 33, "valid": true }, "geometry": { "type": "Point", "coordinates": [ 31.259857177734375, -29.792572021484375 ] } },
{ "type": "Feature", "properties": { "particle": 669, "seed_idx": 33, "valid": true }, "geometry": { "type": "Point", "coordinates": [ 31.259105682373047, -29.793188095092773 ] } },
{ "type": "Feature", "properties": { "particle": 670, "seed_idx": 33, "valid": true }, "geometry": { "type": "Point", "coordinates": [ 31.259944915771484, -29.792604446411133 ] } },
{ "type": "Feature", "properties": { "particle": 671, "seed_idx": 33, "valid": true }, "geometry": { "type": "Point", "coordinates": [ 31.260360717773438, -29.79246711730957 ] } },
{ "type": "Feature", "properties": { "particle": 672, "seed_idx": 33, "valid": true }, "geometry": { "type": "Point", "coordinates": [ 31.259904861450195, -29.792573928833008 ] } },
{ "type": "Feature", "properties": { "particle": 673, "seed_idx": 33, "valid": true }, "geometry": { "type": "Point", "coordinates": [ 31.260091781616211, -29.792530059814453 ] } },
{ "type": "Feature", "properties": { "particle": 674, "seed_idx": 33, "valid": true }, "geometry": { "type": "Point", "coordinates": [ 31.260150909423828, -29.792530059814453 ] } },
{ "type": "Feature", "properties": { "particle": 675, "seed_idx": 33, "valid": true }, "geometry": { "type": "Point", "coordinates": [ 31.259342193603516, -29.793256759643555 ] } },
{ "type": "Feature", "properties": { "particle": 676, "seed_idx": 33, "valid": true }, "geometry": { "type": "Point", "coordinates": [ 31.259487152099609, -29.793174743652344 ] } },
{ "type": "Feature", "properties": { "particle": 677, "seed_idx": 33, "valid": true }, "geometry": { "type": "Point", "coordinates": [ 31.259735107421875, -29.792867660522461 ] } },
{ "type": "Feature", "properties": { "particle": 678, "seed_idx": 33, "valid": true }, "geometry": { "type": "Point", "coordinates": [ 31.260044097900391, -29.792543411254883 ] } },
{ "type": "Feature", "properties": { "particle": 679, "seed_idx": 33, "valid": true }, "geometry": { "type": "Point", "coordinates": [ 31.26002311706543, -29.792535781860352 ] } },
{ "type": "Feature", "properties": { "particle": 680, "seed_idx": 34, "valid": true }, "geometry": { "type": "Point", "coordinates": [ 31.253328323364258, -29.808193206787109 ] } },
{ "type": "Feature", "properties": { "particle": 681, "seed_idx": 34, "valid": true }, "geometry": { "type": "Point", "coordinates": [ 31.253913879394531, -29.808040618896484 ] } },
{ "type": "Feature", "properties": { "particle": 682, "seed_idx": 34, "valid": true }, "geometry": { "type": "Point", "coordinates": [ 31.253707885742188, -29.808042526245117 ] } },
{ "type": "Feature", "properties": { "particle": 683, "seed_idx": 34, "valid": true }, "geometry": { "type": "Point", "coordinates": [ 31.253393173217773, -29.808216094970703 ] } },
{ "type": "Feature", "properties": { "particle": 684, "seed_idx": 34, "valid": true }, "geometry": { "type": "Point", "coordinates": [ 31.253671646118164, -29.808294296264648 ] } },
{ "type": "Feature", "properties": { "particle": 685, "seed_idx": 34, "valid": true }, "geometry": { "type": "Point", "coordinates": [ 31.254184722900391, -29.807876586914062 ] } },
{ "type": "Feature", "properties": { "particle": 686, "seed_idx": 34, "valid": true }, "geometry": { "type": "Point", "coordinates": [ 31.253299713134766, -29.808433532714844 ] } },
{ "type": "Feature", "properties": { "particle": 687, "seed_idx": 34, "valid": true }, "geometry": { "type": "Point", "coordinates": [ 31.252534866333008, -29.808906555175781 ] } },
{ "type": "Feature", "properties": { "particle": 688, "seed_idx": 34, "valid": true }, "geometry": { "type": "Point", "coordinates": [ 31.253574371337891, -29.808320999145508 ] } },
{ "type": "Feature", "properties": { "particle": 689, "seed_idx": 34, "valid": true }, "geometry": { "type": "Point", "coordinates": [ 31.253215789794922, -29.808395385742188 ] } },
{ "type": "Feature", "properties": { "particle": 690, "seed_idx": 34, "valid": true }, "geometry": { "type": "Point", "coordinates": [ 31.253877639770508, -29.807985305786133 ] } },
{ "type": "Feature", "properties": { "particle": 691, "seed_idx": 34, "valid": true }, "geometry": { "type": "Point", "coordinates": [ 31.253808975219727, -29.808149337768555 ] } },
{ "type": "Feature", "properties": { "particle": 692, "seed_idx": 34, "valid": true }, "geometry": { "type": "Point", "coordinates": [ 31.254039764404297, -29.80793571472168 ] } },
{ "type": "Feature", "properties": { "particle": 693, "seed_idx": 34, "valid": true }, "geometry": { "type": "Point", "coordinates": [ 31.253290176391602, -29.808225631713867 ] } },
{ "type": "Feature", "properties": { "particle": 694, "seed_idx": 34, "valid": true }, "geometry": { "type": "Point", "coordinates": [ 31.25379753112793, -29.808015823364258 ] } },
{ "type": "Feature", "properties": { "particle": 695, "seed_idx": 34, "valid": true }, "geometry": { "type": "Point", "coordinates": [ 31.253170013427734, -29.808282852172852 ] } },
{ "type": "Feature", "properties": { "particle": 696, "seed_idx": 34, "valid": true }, "geometry": { "type": "Point", "coordinates": [ 31.252779006958008, -29.808868408203125 ] } },
{ "type": "Feature", "properties": { "particle": 697, "seed_idx": 34, "valid": true }, "geometry": { "type": "Point", "coordinates": [ 31.253713607788086, -29.80803108215332 ] } },
{ "type": "Feature", "properties": { "particle": 698, "seed_idx": 34, "valid": true }, "geometry": { "type": "Point", "coordinates": [ 31.253671646118164, -29.808046340942383 ] } },
{ "type": "Feature", "properties": { "particle": 699, "seed_idx": 34, "valid": true }, "geometry": { "type": "Point", "coordinates": [ 31.253324508666992, -29.808210372924805 ] } },
{ "type": "Feature", "properties": { "particle": 700, "seed_idx": 35, "valid": true }, "geometry": { "type": "Point", "coordinates": [ 31.268314361572266, -29.776580810546875 ] } },
{ "type": "Feature", "properties": { "particle": 701, "seed_idx": 35, "valid": true }, "geometry": { "type": "Point", "coordinates": [ 31.268125534057617, -29.776643753051758 ] } },
{ "type": "Feature", "properties": { "particle": 702, "seed_idx": 35, "valid": true }, "geometry": { "type": "Point", "coordinates": [ 31.267871856689453, -29.776754379272461 ] } },
{ "type": "Feature", "properties": { "particle": 703, "seed_idx": 35, "valid": true }, "geometry": { "type": "Point", "coordinates": [ 31.268026351928711, -29.776691436767578 ] } },
{ "type": "Feature", "properties": { "particle": 704, "seed_idx": 35, "valid": true }, "geometry": { "type": "Point", "coordinates": [ 31.267562866210938, -29.777164459228516 ] } },
{ "type": "Feature", "properties": { "particle": 705, "seed_idx": 35, "valid": true }, "geometry": { "type": "Point", "coordinates": [ 31.267610549926758, -29.776704788208008 ] } },
{ "type": "Feature", "properties": { "particle": 706, "seed_idx": 35, "valid": true }, "geometry": { "type": "Point", "coordinates": [ 31.268115997314453, -29.776844024658203 ] } },
{ "type": "Feature", "properties": { "particle": 707, "seed_idx": 35, "valid": true }, "geometry": { "type": "Point", "coordinates": [ 31.268257141113281, -29.776578903198242 ] } },
{ "type": "Feature", "properties": { "particle": 708, "seed_idx": 35, "valid": true }, "geometry": { "type": "Point", "coordinates": [ 31.268104553222656, -29.776678085327148 ] } },
{ "type": "Feature", "properties": { "particle": 709, "seed_idx": 35, "valid": true }, "geometry": { "type": "Point", "coordinates": [ 31.267368316650391, -29.77692985534668 ] } },
{ "type": "Feature", "properties": { "particle": 710, "seed_idx": 35, "valid": true }, "geometry": { "type": "Point", "coordinates": [ 31.268581390380859, -29.776498794555664 ] } },
{ "type": "Feature", "properties": { "particle": 711, "seed_idx": 35, "valid": true }, "geometry": { "type": "Point", "coordinates": [ 31.268312454223633, -29.776576995849609 ] } },
{ "type": "Feature", "properties": { "particle": 712, "seed_idx": 35, "valid": true }, "geometry": { "type": "Point", "coordinates": [ 31.268213272094727, -29.776575088500977 ] } },
{ "type": "Feature", "properties": { "particle": 713, "seed_idx": 35, "valid": true }, "geometry": { "type": "Point", "coordinates": [ 31.267868041992188, -29.776756286621094 ] } },
{ "type": "Feature", "properties": { "particle": 714, "seed_idx": 35, "valid": true }, "geometry": { "type": "Point", "coordinates": [ 31.268064498901367, -29.776731491088867 ] } },
{ "type": "Feature", "properties": { "particle": 715, "seed_idx": 35, "valid": true }, "geometry": { "type": "Point", "coordinates": [ 31.267665863037109, -29.777275085449219 ] } },
{ "type": "Feature", "properties": { "particle": 716, "seed_idx": 35, "valid": true }, "geometry": { "type": "Point", "coordinates": [ 31.267452239990234, -29.777019500732422 ] } },
{ "type": "Feature", "properties": { "particle": 717, "seed_idx": 35, "valid": true }, "geometry": { "type": "Point", "coordinates": [ 31.267948150634766, -29.776714324951172 ] } },
{ "type": "Feature", "properties": { "particle": 718, "seed_idx": 35, "valid": true }, "geometry": { "type": "Point", "coordinates": [ 31.268760681152344, -29.776443481445312 ] } },
{ "type": "Feature", "properties": { "particle": 719, "seed_idx": 35, "valid": true }, "geometry": { "type": "Point", "coordinates": [ 31.268136978149414, -29.776647567749023 ] } },
{ "type": "Feature", "properties": { "particle": 720, "seed_idx": 36, "valid": true }, "geometry": { "type": "Point", "coordinates": [ 31.245943069458008, -29.826583862304688 ] } },
{ "type": "Feature", "properties": { "particle": 721, "seed_idx": 36, "valid": true }, "geometry": { "type": "Point", "coordinates": [ 31.245174407958984, -29.826980590820312 ] } },
{ "type": "Feature", "properties": { "particle": 722, "seed_idx": 36, "valid": true }, "geometry": { "type": "Point", "coordinates": [ 31.245265960693359, -29.827072143554688 ] } },
{ "type": "Feature", "properties": { "particle": 723, "seed_idx": 36, "valid": true }, "geometry": { "type": "Point", "coordinates": [ 31.245798110961914, -29.82676887512207 ] } },
{ "type": "Feature", "properties": { "particle": 724, "seed_idx": 36, "valid": true }, "geometry": { "type": "Point", "coordinates": [ 31.244894027709961, -29.827005386352539 ] } },
{ "type": "Feature", "properties": { "particle": 725, "seed_idx": 36, "valid": true }, "geometry": { "type": "Point", "coordinates": [ 31.245718002319336, -29.826642990112305 ] } },
{ "type": "Feature", "properties": { "particle": 726, "seed_idx": 36, "valid": true }, "geometry": { "type": "Point", "coordinates": [ 31.245403289794922, -29.826784133911133 ] } },
{ "type": "Feature", "properties": { "particle": 727, "seed_idx": 36, "valid": true }, "geometry": { "type": "Point", "coordinates": [ 31.246059417724609, -29.826541900634766 ] } },
{ "type": "Feature", "properties": { "particle": 728, "seed_idx": 36, "valid": true }, "geometry": { "type": "Point", "coordinates": [ 31.246086120605469, -29.826591491699219 ] } },
{ "type": "Feature", "properties": { "particle": 729, "seed_idx": 36, "valid": true }, "geometry": { "type": "Point", "coordinates": [ 31.245889663696289, -29.826583862304688 ] } },
{ "type": "Feature", "properties": { "particle": 730, "seed_idx": 36, "valid": true }, "geometry": { "type": "Point", "coordinates": [ 31.245649337768555, -29.826705932617188 ] } },
{ "type": "Feature", "properties": { "particle": 731, "seed_idx": 36, "valid": true }, "geometry": { "type": "Point", "coordinates": [ 31.245796203613281, -29.82667350769043 ] } },
{ "type": "Feature", "properties": { "particle": 732, "seed_idx": 36, "valid": true }, "geometry": { "type": "Point", "coordinates": [ 31.245744705200195, -29.826648712158203 ] } },
{ "type": "Feature", "properties": { "particle": 733, "seed_idx": 36, "valid": true }, "geometry": { "type": "Point", "coordinates": [ 31.246089935302734, -29.826572418212891 ] } },
{ "type": "Feature", "properties": { "particle": 734, "seed_idx": 36, "valid": true }, "geometry": { "type": "Point", "coordinates": [ 31.245725631713867, -29.826719284057617 ] } },
{ "type": "Feature", "properties": { "particle": 735, "seed_idx": 36, "valid": true }, "geometry": { "type": "Point", "coordinates": [ 31.24583625793457, -29.826652526855469 ] } },
{ "type": "Feature", "properties": { "particle": 736, "seed_idx": 36, "valid": true }, "geometry": { "type": "Point", "coordinates": [ 31.24577522277832, -29.82667350769043 ] } },
{ "type": "Feature", "properties": { "particle": 737, "seed_idx": 36, "valid": true }, "geometry": { "type": "Point", "coordinates": [ 31.245933532714844, -29.826625823974609 ] } },
{ "type": "Feature", "properties": { "particle": 738, "seed_idx": 36, "valid": true }, "geometry": { "type": "Point", "coordinates": [ 31.246013641357422, -29.826547622680664 ] } },
{ "type": "Feature", "properties": { "particle": 739, "seed_idx": 36, "valid": true }, "geometry": { "type": "Point", "coordinates": [ 31.245651245117188, -29.826694488525391 ] } },
{ "type": "Feature", "properties": { "particle": 740, "seed_idx": 37, "valid": true }, "geometry": { "type": "Point", "coordinates": [ 31.282735824584961, -29.762542724609375 ] } },
{ "type": "Feature", "properties": { "particle": 741, "seed_idx": 37, "valid": true }, "geometry": { "type": "Point", "coordinates": [ 31.283109664916992, -29.762413024902344 ] } },
{ "type": "Feature", "properties": { "particle": 742, "seed_idx": 37, "valid": true }, "geometry": { "type": "Point", "coordinates": [ 31.283554077148438, -29.762334823608398 ] } },
{ "type": "Feature", "properties": { "particle": 743, "seed_idx": 37, "valid": true }, "geometry": { "type": "Point", "coordinates": [ 31.283275604248047, -29.762367248535156 ] } },
{ "type": "Feature", "properties": { "particle": 744, "seed_idx": 37, "valid": true }, "geometry": { "type": "Point", "coordinates": [ 31.283069610595703, -29.762470245361328 ] } },
{ "type": "Feature", "properties": { "particle": 745, "seed_idx": 37, "valid": true }, "geometry": { "type": "Point", "coordinates": [ 31.28248405456543, -29.762674331665039 ] } },
{ "type": "Feature", "properties": { "particle": 746, "seed_idx": 37, "valid": true }, "geometry": { "type": "Point", "coordinates": [ 31.283653259277344, -29.762290954589844 ] } },
{ "type": "Feature", "properties": { "particle": 747, "seed_idx": 37, "valid": true }, "geometry": { "type": "Point", "coordinates": [ 31.283170700073242, -29.762458801269531 ] } },
{ "type": "Feature", "properties": { "particle": 748, "seed_idx": 37, "valid": true }, "geometry": { "type": "Point", "coordinates": [ 31.282892227172852, -29.76252555847168 ] } },
{ "type": "Feature", "properties": { "particle": 749, "seed_idx": 37, "valid": true }, "geometry": { "type": "Point", "coordinates": [ 31.28306770324707, -29.762752532958984 ] } },
{ "type": "Feature", "properties": { "particle": 750, "seed_idx": 37, "valid": true }, "geometry": { "type": "Point", "coordinates": [ 31.283456802368164, -29.762346267700195 ] } },
{ "type": "Feature", "properties": { "particle": 751, "seed_idx": 37, "valid": true }, "geometry": { "type": "Point", "coordinates": [ 31.282398223876953, -29.762920379638672 ] } },
{ "type": "Feature", "properties": { "particle": 752, "seed_idx": 37, "valid": true }, "geometry": { "type": "Point", "coordinates": [ 31.283058166503906, -29.762443542480469 ] } },
{ "type": "Feature", "properties": { "particle": 753, "seed_idx": 37, "valid": true }, "geometry": { "type": "Point", "coordinates": [ 31.282915115356445, -29.762529373168945 ] } },
{ "type": "Feature", "properties": { "particle": 754, "seed_idx": 37, "valid": true }, "geometry": { "type": "Point", "coordinates": [ 31.283023834228516, -29.762477874755859 ] } },
{ "type": "Feature", "properties": { "particle": 755, "seed_idx": 37, "valid": true }, "geometry": { "type": "Point", "coordinates": [ 31.283420562744141, -29.762353897094727 ] } },
{ "type": "Feature", "properties": { "particle": 756, "seed_idx": 37, "valid": true }, "geometry": { "type": "Point", "coordinates": [ 31.282587051391602, -29.763088226318359 ] } },
{ "type": "Feature", "properties": { "particle": 757, "seed_idx": 37, "valid": true }, "geometry": { "type": "Point", "coordinates": [ 31.283130645751953, -29.762434005737305 ] } },
{ "type": "Feature", "properties": { "particle": 758, "seed_idx": 37, "valid": true }, "geometry": { "type": "Point", "coordinates": [ 31.283159255981445, -29.762428283691406 ] } },
{ "type": "Feature", "properties": { "particle": 759, "seed_idx": 37, "valid": true }, "geometry": { "type": "Point", "coordinates": [ 31.283346176147461, -29.762374877929688 ] } },
{ "type": "Feature", "properties": { "particle": 760, "seed_idx": 38, "valid": true }, "geometry": { "type": "Point", "coordinates": [ 31.290531158447266, -29.758596420288086 ] } },
{ "type": "Feature", "properties": { "particle": 761, "seed_idx": 38, "valid": true }, "geometry": { "type": "Point", "coordinates": [ 31.290130615234375, -29.758371353149414 ] } },
{ "type": "Feature", "properties": { "particle": 762, "seed_idx": 38, "valid": true }, "geometry": { "type": "Point", "coordinates": [ 31.291265487670898, -29.758199691772461 ] } },
{ "type": "Feature", "properties": { "particle": 763, "seed_idx": 38, "valid": true }, "geometry": { "type": "Point", "coordinates": [ 31.290525436401367, -29.758438110351562 ] } },
{ "type": "Feature", "properties": { "particle": 764, "seed_idx": 38, "valid": true }, "geometry": { "type": "Point", "coordinates": [ 31.290826797485352, -29.758277893066406 ] } },
{ "type": "Feature", "properties": { "particle": 765, "seed_idx": 38, "valid": true }, "geometry": { "type": "Point", "coordinates": [ 31.290168762207031, -29.758520126342773 ] } },
{ "type": "Feature", "properties": { "particle": 766, "seed_idx": 38, "valid": true }, "geometry": { "type": "Point", "coordinates": [ 31.290155410766602, -29.759004592895508 ] } },
{ "type": "Feature", "properties": { "particle": 767, "seed_idx": 38, "valid": true }, "geometry": { "type": "Point", "coordinates": [ 31.290990829467773, -29.75831413269043 ] } },
{ "type": "Feature", "properties": { "particle": 768, "seed_idx": 38, "valid": true }, "geometry": { "type": "Point", "coordinates": [ 31.289752960205078, -29.759065628051758 ] } },
{ "type": "Feature", "properties": { "particle": 769, "seed_idx": 38, "valid": true }, "geometry": { "type": "Point", "coordinates": [ 31.290470123291016, -29.758377075195312 ] } },
{ "type": "Feature", "properties": { "particle": 770, "seed_idx": 38, "valid": true }, "geometry": { "type": "Point", "coordinates": [ 31.290567398071289, -29.75840950012207 ] } },
{ "type": "Feature", "properties": { "particle": 771, "seed_idx": 38, "valid": true }, "geometry": { "type": "Point", "coordinates": [ 31.290630340576172, -29.758346557617188 ] } },
{ "type": "Feature", "properties": { "particle": 772, "seed_idx": 38, "valid": true }, "geometry": { "type": "Point", "coordinates": [ 31.290904998779297, -29.758279800415039 ] } },
{ "type": "Feature", "properties": { "particle": 773, "seed_idx": 38, "valid": true }, "geometry": { "type": "Point", "coordinates": [ 31.29052734375, -29.758344650268555 ] } },
{ "type": "Feature", "properties": { "particle": 774, "seed_idx": 38, "valid": true }, "geometry": { "type": "Point", "coordinates": [ 31.290592193603516, -29.758358001708984 ] } },
{ "type": "Feature", "properties": { "particle": 775, "seed_idx": 38, "valid": true }, "geometry": { "type": "Point", "coordinates": [ 31.289829254150391, -29.758443832397461 ] } },
{ "type": "Feature", "properties": { "particle": 776, "seed_idx": 38, "valid": true }, "geometry": { "type": "Point", "coordinates": [ 31.289928436279297, -29.758834838867188 ] } },
{ "type": "Feature", "properties": { "particle": 777, "seed_idx": 38, "valid": true }, "geometry": { "type": "Point", "coordinates": [ 31.290603637695312, -29.758321762084961 ] } },
{ "type": "Feature", "properties": { "particle": 778, "seed_idx": 38, "valid": true }, "geometry": { "type": "Point", "coordinates": [ 31.290847778320312, -29.758245468139648 ] } },
{ "type": "Feature", "properties": { "particle": 779, "seed_idx": 38, "valid": true }, "geometry": { "type": "Point", "coordinates": [ 31.290782928466797, -29.758293151855469 ] } },
{ "type": "Feature", "properties": { "particle": 780, "seed_idx": 39, "valid": true }, "geometry": { "type": "Point", "coordinates": [ 31.275510787963867, -29.77008056640625 ] } },
{ "type": "Feature", "properties": { "particle": 781, "seed_idx": 39, "valid": true }, "geometry": { "type": "Point", "coordinates": [ 31.275423049926758, -29.770198822021484 ] } },
{ "type": "Feature", "properties": { "particle": 782, "seed_idx": 39, "valid": true }, "geometry": { "type": "Point", "coordinates": [ 31.274833679199219, -29.770950317382812 ] } },
{ "type": "Feature", "properties": { "particle": 783, "seed_idx": 39, "valid": true }, "geometry": { "type": "Point", "coordinates": [ 31.27604866027832, -29.770036697387695 ] } },
{ "type": "Feature", "properties": { "particle": 784, "seed_idx": 39, "valid": true }, "geometry": { "type": "Point", "coordinates": [ 31.275825500488281, -29.770002365112305 ] } },
{ "type": "Feature", "properties": { "particle": 785, "seed_idx": 39, "valid": true }, "geometry": { "type": "Point", "coordinates": [ 31.276124954223633, -29.769886016845703 ] } },
{ "type": "Feature", "properties": { "particle": 786, "seed_idx": 39, "valid": true }, "geometry": { "type": "Point", "coordinates": [ 31.27623176574707, -29.769859313964844 ] } },
{ "type": "Feature", "properties": { "particle": 787, "seed_idx": 39, "valid": true }, "geometry": { "type": "Point", "coordinates": [ 31.275501251220703, -29.770177841186523 ] } },
{ "type": "Feature", "properties": { "particle": 788, "seed_idx": 39, "valid": true }, "geometry": { "type": "Point", "coordinates": [ 31.275245666503906, -29.770353317260742 ] } },
{ "type": "Feature", "properties": { "particle": 789, "seed_idx": 39, "valid": true }, "geometry": { "type": "Point", "coordinates": [ 31.27537727355957, -29.770732879638672 ] } },
{ "type": "Feature", "properties": { "particle": 790, "seed_idx": 39, "valid": true }, "geometry": { "type": "Point", "coordinates": [ 31.275781631469727, -29.770174026489258 ] } },
{ "type": "Feature", "properties": { "particle": 791, "seed_idx": 39, "valid": true }, "geometry": { "type": "Point", "coordinates": [ 31.275093078613281, -29.770503997802734 ] } },
{ "type": "Feature", "properties": { "particle": 792, "seed_idx": 39, "valid": true }, "geometry": { "type": "Point", "coordinates": [ 31.275774002075195, -29.770086288452148 ] } },
{ "type": "Feature", "properties": { "particle": 793, "seed_idx": 39, "valid": true }, "geometry": { "type": "Point", "coordinates": [ 31.275909423828125, -29.769887924194336 ] } },
{ "type": "Feature", "properties": { "particle": 794, "seed_idx": 39, "valid": true }, "geometry": { "type": "Point", "coordinates": [ 31.275379180908203, -29.770130157470703 ] } },
{ "type": "Feature", "properties": { "particle": 795, "seed_idx": 39, "valid": true }, "geometry": { "type": "Point", "coordinates": [ 31.275636672973633, -29.770183563232422 ] } },
{ "type": "Feature", "properties": { "particle": 796, "seed_idx": 39, "valid": true }, "geometry": { "type": "Point", "coordinates": [ 31.275718688964844, -29.770013809204102 ] } },
{ "type": "Feature", "properties": { "particle": 797, "seed_idx": 39, "valid": true }, "geometry": { "type": "Point", "coordinates": [ 31.27520751953125, -29.770500183105469 ] } },
{ "type": "Feature", "properties": { "particle": 798, "seed_idx": 39, "valid": true }, "geometry": { "type": "Point", "coordinates": [ 31.276128768920898, -29.769906997680664 ] } },
{ "type": "Feature", "properties": { "particle": 799, "seed_idx": 39, "valid": true }, "geometry": { "type": "Point", "coordinates": [ 31.276023864746094, -29.769927978515625 ] } },
{ "type": "Feature", "properties": { "particle": 800, "seed_idx": 40, "valid": true }, "geometry": { "type": "Point", "coordinates": [ 31.264909744262695, -29.780960083007812 ] } },
{ "type": "Feature", "properties": { "particle": 801, "seed_idx": 40, "valid": true }, "geometry": { "type": "Point", "coordinates": [ 31.263923645019531, -29.781429290771484 ] } },
{ "type": "Feature", "properties": { "particle": 802, "seed_idx": 40, "valid": true }, "geometry": { "type": "Point", "coordinates": [ 31.264736175537109, -29.780683517456055 ] } },
{ "type": "Feature", "properties": { "particle": 803, "seed_idx": 40, "valid": true }, "geometry": { "type": "Point", "coordinates": [ 31.26439094543457, -29.78114128112793 ] } },
{ "type": "Feature", "properties": { "particle": 804, "seed_idx": 40, "valid": true }, "geometry": { "type": "Point", "coordinates": [ 31.264986038208008, -29.780603408813477 ] } },
{ "type": "Feature", "properties": { "particle": 805, "seed_idx": 40, "valid": true }, "geometry": { "type": "Point", "coordinates": [ 31.264127731323242, -29.78101921081543 ] } },
{ "type": "Feature", "properties": { "particle": 806, "seed_idx": 40, "valid": true }, "geometry": { "type": "Point", "coordinates": [ 31.265285491943359, -29.780519485473633 ] } },
{ "type": "Feature", "properties": { "particle": 807, "seed_idx": 40, "valid": true }, "geometry": { "type": "Point", "coordinates": [ 31.265470504760742, -29.780462265014648 ] } },
{ "type": "Feature", "properties": { "particle": 808, "seed_idx": 40, "valid": true }, "geometry": { "type": "Point", "coordinates": [ 31.265094757080078, -29.780563354492188 ] } },
{ "type": "Feature", "properties": { "particle": 809, "seed_idx": 40, "valid": true }, "geometry": { "type": "Point", "coordinates": [ 31.264572143554688, -29.780693054199219 ] } },
{ "type": "Feature", "properties": { "particle": 810, "seed_idx": 40, "valid": true }, "geometry": { "type": "Point", "coordinates": [ 31.264629364013672, -29.781106948852539 ] } },
{ "type": "Feature", "properties": { "particle": 811, "seed_idx": 40, "valid": true }, "geometry": { "type": "Point", "coordinates": [ 31.264535903930664, -29.780834197998047 ] } },
{ "type": "Feature", "properties": { "particle": 812, "seed_idx": 40, "valid": true }, "geometry": { "type": "Point", "coordinates": [ 31.265289306640625, -29.780677795410156 ] } },
{ "type": "Feature", "properties": { "particle": 813, "seed_idx": 40, "valid": true }, "geometry": { "type": "Point", "coordinates": [ 31.26469612121582, -29.780889511108398 ] } },
{ "type": "Feature", "properties": { "particle": 814, "seed_idx": 40, "valid": true }, "geometry": { "type": "Point", "coordinates": [ 31.264942169189453, -29.780620574951172 ] } },
{ "type": "Feature", "properties": { "particle": 815, "seed_idx": 40, "valid": true }, "geometry": { "type": "Point", "coordinates": [ 31.264652252197266, -29.780773162841797 ] } },
{ "type": "Feature", "properties": { "particle": 816, "seed_idx": 40, "valid": true }, "geometry": { "type": "Point", "coordinates": [ 31.264606475830078, -29.780738830566406 ] } },
{ "type": "Feature", "properties": { "particle": 817, "seed_idx": 40, "valid": true }, "geometry": { "type": "Point", "coordinates": [ 31.264841079711914, -29.780628204345703 ] } },
{ "type": "Feature", "properties": { "particle": 818, "seed_idx": 40, "valid": true }, "geometry": { "type": "Point", "coordinates": [ 31.265192031860352, -29.780542373657227 ] } },
{ "type": "Feature", "properties": { "particle": 819, "seed_idx": 40, "valid": true }, "geometry": { "type": "Point", "coordinates": [ 31.265327453613281, -29.780498504638672 ] } },
{ "type": "Feature", "properties": { "particle": 820, "seed_idx": 41, "valid": true }, "geometry": { "type": "Point", "coordinates": [ 31.266645431518555, -29.780866622924805 ] } },
{ "type": "Feature", "properties": { "particle": 821, "seed_idx": 41, "valid": true }, "geometry": { "type": "Point", "coordinates": [ 31.266782760620117, -29.780857086181641 ] } },
{ "type": "Feature", "properties": { "particle": 822, "seed_idx": 41, "valid": true }, "geometry": { "type": "Point", "coordinates": [ 31.266889572143555, -29.780782699584961 ] } },
{ "type": "Feature", "properties": { "particle": 823, "seed_idx": 41, "valid": true }, "geometry": { "type": "Point", "coordinates": [ 31.266731262207031, -29.78083610534668 ] } },
{ "type": "Feature", "properties": { "particle": 824, "seed_idx": 41, "valid": true }, "geometry": { "type": "Point", "coordinates": [ 31.266471862792969, -29.781000137329102 ] } },
{ "type": "Feature", "properties": { "particle": 825, "seed_idx": 41, "valid": true }, "geometry": { "type": "Point", "coordinates": [ 31.26634407043457, -29.781278610229492 ] } },
{ "type": "Feature", "properties": { "particle": 826, "seed_idx": 41, "valid": true }, "geometry": { "type": "Point", "coordinates": [ 31.265806198120117, -29.781593322753906 ] } },
{ "type": "Feature", "properties": { "particle": 827, "seed_idx": 41, "valid": true }, "geometry": { "type": "Point", "coordinates": [ 31.266277313232422, -29.781135559082031 ] } },
{ "type": "Feature", "properties": { "particle": 828, "seed_idx": 41, "valid": true }, "geometry": { "type": "Point", "coordinates": [ 31.26683235168457, -29.780811309814453 ] } },
{ "type": "Feature", "properties": { "particle": 829, "seed_idx": 41, "valid": true }, "geometry": { "type": "Point", "coordinates": [ 31.266578674316406, -29.780887603759766 ] } },
{ "type": "Feature", "properties": { "particle": 830, "seed_idx": 41, "valid": true }, "geometry": { "type": "Point", "coordinates": [ 31.266576766967773, -29.780885696411133 ] } },
{ "type": "Feature", "properties": { "particle": 831, "seed_idx": 41, "valid": true }, "geometry": { "type": "Point", "coordinates": [ 31.266672134399414, -29.780967712402344 ] } },
{ "type": "Feature", "properties": { "particle": 832, "seed_idx": 41, "valid": true }, "geometry": { "type": "Point", "coordinates": [ 31.266996383666992, -29.780780792236328 ] } },
{ "type": "Feature", "properties": { "particle": 833, "seed_idx": 41, "valid": true }, "geometry": { "type": "Point", "coordinates": [ 31.266494750976562, -29.780921936035156 ] } },
{ "type": "Feature", "properties": { "particle": 834, "seed_idx": 41, "valid": true }, "geometry": { "type": "Point", "coordinates": [ 31.266838073730469, -29.780832290649414 ] } },
{ "type": "Feature", "properties": { "particle": 835, "seed_idx": 41, "valid": true }, "geometry": { "type": "Point", "coordinates": [ 31.266429901123047, -29.780981063842773 ] } },
{ "type": "Feature", "properties": { "particle": 836, "seed_idx": 41, "valid": true }, "geometry": { "type": "Point", "coordinates": [ 31.266439437866211, -29.780925750732422 ] } },
{ "type": "Feature", "properties": { "particle": 837, "seed_idx": 41, "valid": true }, "geometry": { "type": "Point", "coordinates": [ 31.266603469848633, -29.780954360961914 ] } },
{ "type": "Feature", "properties": { "particle": 838, "seed_idx": 41, "valid": true }, "geometry": { "type": "Point", "coordinates": [ 31.266422271728516, -29.780977249145508 ] } },
{ "type": "Feature", "properties": { "particle": 839, "seed_idx": 41, "valid": true }, "geometry": { "type": "Point", "coordinates": [ 31.266685485839844, -29.780885696411133 ] } },
{ "type": "Feature", "properties": { "particle": 840, "seed_idx": 42, "valid": true }, "geometry": { "type": "Point", "coordinates": [ 31.252161026000977, -29.81114387512207 ] } },
{ "type": "Feature", "properties": { "particle": 841, "seed_idx": 42, "valid": true }, "geometry": { "type": "Point", "coordinates": [ 31.25105094909668, -29.81151008605957 ] } },
{ "type": "Feature", "properties": { "particle": 842, "seed_idx": 42, "valid": true }, "geometry": { "type": "Point", "coordinates": [ 31.252828598022461, -29.810880661010742 ] } },
{ "type": "Feature", "properties": { "particle": 843, "seed_idx": 42, "valid": true }, "geometry": { "type": "Point", "coordinates": [ 31.252019882202148, -29.811332702636719 ] } },
{ "type": "Feature", "properties": { "particle": 844, "seed_idx": 42, "valid": true }, "geometry": { "type": "Point", "coordinates": [ 31.25257682800293, -29.810911178588867 ] } },
{ "type": "Feature", "properties": { "particle": 845, "seed_idx": 42, "valid": true }, "geometry": { "type": "Point", "coordinates": [ 31.252355575561523, -29.810991287231445 ] } },
{ "type": "Feature", "properties": { "particle": 846, "seed_idx": 42, "valid": true }, "geometry": { "type": "Point", "coordinates": [ 31.251983642578125, -29.81123161315918 ] } },
{ "type": "Feature", "properties": { "particle": 847, "seed_idx": 42, "valid": true }, "geometry": { "type": "Point", "coordinates": [ 31.252731323242188, -29.810857772827148 ] } },
{ "type": "Feature", "properties": { "particle": 848, "seed_idx": 42, "valid": true }, "geometry": { "type": "Point", "coordinates": [ 31.252071380615234, -29.811262130737305 ] } },
{ "type": "Feature", "properties": { "particle": 849, "seed_idx": 42, "valid": true }, "geometry": { "type": "Point", "coordinates": [ 31.252140045166016, -29.811088562011719 ] } },
{ "type": "Feature", "properties": { "particle": 850, "seed_idx": 42, "valid": true }, "geometry": { "type": "Point", "coordinates": [ 31.250844955444336, -29.81171989440918 ] } },
{ "type": "Feature", "properties": { "particle": 851, "seed_idx": 42, "valid": true }, "geometry": { "type": "Point", "coordinates": [ 31.252376556396484, -29.811031341552734 ] } },
{ "type": "Feature", "properties": { "particle": 852, "seed_idx": 42, "valid": true }, "geometry": { "type": "Point", "coordinates": [ 31.252521514892578, -29.811050415039062 ] } },
{ "type": "Feature", "properties": { "particle": 853, "seed_idx": 42, "valid": true }, "geometry": { "type": "Point", "coordinates": [ 31.252079010009766, -29.811244964599609 ] } },
{ "type": "Feature", "properties": { "particle": 854, "seed_idx": 42, "valid": true }, "geometry": { "type": "Point", "coordinates": [ 31.251541137695312, -29.811422348022461 ] } },
{ "type": "Feature", "properties": { "particle": 855, "seed_idx": 42, "valid": true }, "geometry": { "type": "Point", "coordinates": [ 31.252290725708008, -29.81102180480957 ] } },
{ "type": "Feature", "properties": { "particle": 856, "seed_idx": 42, "valid": true }, "geometry": { "type": "Point", "coordinates": [ 31.252708435058594, -29.810941696166992 ] } },
{ "type": "Feature", "properties": { "particle": 857, "seed_idx": 42, "valid": true }, "geometry": { "type": "Point", "coordinates": [ 31.252466201782227, -29.811088562011719 ] } },
{ "type": "Feature", "properties": { "particle": 858, "seed_idx": 42, "valid": true }, "geometry": { "type": "Point", "coordinates": [ 31.252225875854492, -29.811056137084961 ] } },
{ "type": "Feature", "properties": { "particle": 859, "seed_idx": 42, "valid": true }, "geometry": { "type": "Point", "coordinates": [ 31.252250671386719, -29.811090469360352 ] } },
{ "type": "Feature", "properties": { "particle": 860, "seed_idx": 43, "valid": true }, "geometry": { "type": "Point", "coordinates": [ 31.26910400390625, -29.778221130371094 ] } },
{ "type": "Feature", "properties": { "particle": 861, "seed_idx": 43, "valid": true }, "geometry": { "type": "Point", "coordinates": [ 31.268775939941406, -29.778322219848633 ] } },
{ "type": "Feature", "properties": { "particle": 862, "seed_idx": 43, "valid": true }, "geometry": { "type": "Point", "coordinates": [ 31.269039154052734, -29.778244018554688 ] } },
{ "type": "Feature", "properties": { "particle": 863, "seed_idx": 43, "valid": true }, "geometry": { "type": "Point", "coordinates": [ 31.268205642700195, -29.779022216796875 ] } },
{ "type": "Feature", "properties": { "particle": 864, "seed_idx": 43, "valid": true }, "geometry": { "type": "Point", "coordinates": [ 31.268991470336914, -29.778244018554688 ] } },
{ "type": "Feature", "properties": { "particle": 865, "seed_idx": 43, "valid": true }, "geometry": { "type": "Point", "coordinates": [ 31.268861770629883, -29.778255462646484 ] } },
{ "type": "Feature", "properties": { "particle": 866, "seed_idx": 43, "valid": true }, "geometry": { "type": "Point", "coordinates": [ 31.269075393676758, -29.778244018554688 ] } },
{ "type": "Feature", "properties": { "particle": 867, "seed_idx": 43, "valid": true }, "geometry": { "type": "Point", "coordinates": [ 31.269191741943359, -29.778167724609375 ] } },
{ "type": "Feature", "properties": { "particle": 868, "seed_idx": 43, "valid": true }, "geometry": { "type": "Point", "coordinates": [ 31.268287658691406, -29.778619766235352 ] } },
{ "type": "Feature", "properties": { "particle": 869, "seed_idx": 43, "valid": true }, "geometry": { "type": "Point", "coordinates": [ 31.269147872924805, -29.778253555297852 ] } },
{ "type": "Feature", "properties": { "particle": 870, "seed_idx": 43, "valid": true }, "geometry": { "type": "Point", "coordinates": [ 31.268991470336914, -29.778249740600586 ] } },
{ "type": "Feature", "properties": { "particle": 871, "seed_idx": 43, "valid": true }, "geometry": { "type": "Point", "coordinates": [ 31.268918991088867, -29.778337478637695 ] } },
{ "type": "Feature", "properties": { "particle": 872, "seed_idx": 43, "valid": true }, "geometry": { "type": "Point", "coordinates": [ 31.268945693969727, -29.778249740600586 ] } },
{ "type": "Feature", "properties": { "particle": 873, "seed_idx": 43, "valid": true }, "geometry": { "type": "Point", "coordinates": [ 31.268230438232422, -29.778526306152344 ] } },
{ "type": "Feature", "properties": { "particle": 874, "seed_idx": 43, "valid": true }, "geometry": { "type": "Point", "coordinates": [ 31.268648147583008, -29.778430938720703 ] } },
{ "type": "Feature", "properties": { "particle": 875, "seed_idx": 43, "valid": true }, "geometry": { "type": "Point", "coordinates": [ 31.268320083618164, -29.778753280639648 ] } },
{ "type": "Feature", "properties": { "particle": 876, "seed_idx": 43, "valid": true }, "geometry": { "type": "Point", "coordinates": [ 31.268442153930664, -29.778661727905273 ] } },
{ "type": "Feature", "properties": { "particle": 877, "seed_idx": 43, "valid": true }, "geometry": { "type": "Point", "coordinates": [ 31.268739700317383, -29.778337478637695 ] } },
{ "type": "Feature", "properties": { "particle": 878, "seed_idx": 43, "valid": true }, "geometry": { "type": "Point", "coordinates": [ 31.269098281860352, -29.778213500976562 ] } },
{ "type": "Feature", "properties": { "particle": 879, "seed_idx": 43, "valid": true }, "geometry": { "type": "Point", "coordinates": [ 31.268970489501953, -29.778293609619141 ] } },
{ "type": "Feature", "properties": { "particle": 880, "seed_idx": 44, "valid": true }, "geometry": { "type": "Point", "coordinates": [ 31.247797012329102, -29.817790985107422 ] } },
{ "type": "Feature", "properties": { "particle": 881, "seed_idx": 44, "valid": true }, "geometry": { "type": "Point", "coordinates": [ 31.249443054199219, -29.816980361938477 ] } },
{ "type": "Feature", "properties": { "particle": 882, "seed_idx": 44, "valid": true }, "geometry": { "type": "Point", "coordinates": [ 31.249282836914062, -29.817047119140625 ] } },
{ "type": "Feature", "properties": { "particle": 883, "seed_idx": 44, "valid": true }, "geometry": { "type": "Point", "coordinates": [ 31.248924255371094, -29.817161560058594 ] } },
{ "type": "Feature", "properties": { "particle": 884, "seed_idx": 44, "valid": true }, "geometry": { "type": "Point", "coordinates": [ 31.249439239501953, -29.817008972167969 ] } },
{ "type": "Feature", "properties": { "particle": 885, "seed_idx": 44, "valid": true }, "geometry": { "type": "Point", "coordinates": [ 31.248004913330078, -29.81776237487793 ] } },
{ "type": "Feature", "properties": { "particle": 886, "seed_idx": 44, "valid": true }, "geometry": { "type": "Point", "coordinates": [ 31.249088287353516, -29.817134857177734 ] } },
{ "type": "Feature", "properties": { "particle": 887, "seed_idx": 44, "valid": true }, "geometry": { "type": "Point", "coordinates": [ 31.248708724975586, -29.81733512878418 ] } },
{ "type": "Feature", "properties": { "particle": 888, "seed_idx": 44, "valid": true }, "geometry": { "type": "Point", "coordinates": [ 31.249143600463867, -29.817094802856445 ] } },
{ "type": "Feature", "properties": { "particle": 889, "seed_idx": 44, "valid": true }, "geometry": { "type": "Point", "coordinates": [ 31.247959136962891, -29.817813873291016 ] } },
{ "type": "Feature", "properties": { "particle": 890, "seed_idx": 44, "valid": true }, "geometry": { "type": "Point", "coordinates": [ 31.248189926147461, -29.817855834960938 ] } },
{ "type": "Feature", "properties": { "particle": 891, "seed_idx": 44, "valid": true }, "geometry": { "type": "Point", "coordinates": [ 31.248680114746094, -29.817232131958008 ] } },
{ "type": "Feature", "properties": { "particle": 892, "seed_idx": 44, "valid": true }, "geometry": { "type": "Point", "coordinates": [ 31.248849868774414, -29.81721305847168 ] } },
{ "type": "Feature", "properties": { "particle": 893, "seed_idx": 44, "valid": true }, "geometry": { "type": "Point", "coordinates": [ 31.248668670654297, -29.817510604858398 ] } },
{ "type": "Feature", "properties": { "particle": 894, "seed_idx": 44, "valid": true }, "geometry": { "type": "Point", "coordinates": [ 31.248477935791016, -29.817663192749023 ] } },
{ "type": "Feature", "properties": { "particle": 895, "seed_idx": 44, "valid": true }, "geometry": { "type": "Point", "coordinates": [ 31.248964309692383, -29.817136764526367 ] } },
{ "type": "Feature", "properties": { "particle": 896, "seed_idx": 44, "valid": true }, "geometry": { "type": "Point", "coordinates": [ 31.248928070068359, -29.817178726196289 ] } },
{ "type": "Feature", "properties": { "particle": 897, "seed_idx": 44, "valid": true }, "geometry": { "type": "Point", "coordinates": [ 31.248809814453125, -29.817234039306641 ] } },
{ "type": "Feature", "properties": { "particle": 898, "seed_idx": 44, "valid": true }, "geometry": { "type": "Point", "coordinates": [ 31.249183654785156, -29.817075729370117 ] } },
{ "type": "Feature", "properties": { "particle": 899, "seed_idx": 44, "valid": true }, "geometry": { "type": "Point", "coordinates": [ 31.248569488525391, -29.817287445068359 ] } },
{ "type": "Feature", "properties": { "particle": 900, "seed_idx": 45, "valid": true }, "geometry": { "type": "Point", "coordinates": [ 31.264335632324219, -29.77806282043457 ] } },
{ "type": "Feature", "properties": { "particle": 901, "seed_idx": 45, "valid": true }, "geometry": { "type": "Point", "coordinates": [ 31.264780044555664, -29.777894973754883 ] } },
{ "type": "Feature", "properties": { "particle": 902, "seed_idx": 45, "valid": true }, "geometry": { "type": "Point", "coordinates": [ 31.264760971069336, -29.777843475341797 ] } },
{ "type": "Feature", "properties": { "particle": 903, "seed_idx": 45, "valid": true }, "geometry": { "type": "Point", "coordinates": [ 31.26515007019043, -29.777730941772461 ] } },
{ "type": "Feature", "properties": { "particle": 904, "seed_idx": 45, "valid": true }, "geometry": { "type": "Point", "coordinates": [ 31.264896392822266, -29.777999877929688 ] } },
{ "type": "Feature", "properties": { "particle": 905, "seed_idx": 45, "valid": true }, "geometry": { "type": "Point", "coordinates": [ 31.263631820678711, -29.778739929199219 ] } },
{ "type": "Feature", "properties": { "particle": 906, "seed_idx": 45, "valid": true }, "geometry": { "type": "Point", "coordinates": [ 31.264162063598633, -29.778377532958984 ] } },
{ "type": "Feature", "properties": { "particle": 907, "seed_idx": 45, "valid": true }, "geometry": { "type": "Point", "coordinates": [ 31.265108108520508, -29.7777099609375 ] } },
{ "type": "Feature", "properties": { "particle": 908, "seed_idx": 45, "valid": true }, "geometry": { "type": "Point", "coordinates": [ 31.264980316162109, -29.777759552001953 ] } },
{ "type": "Feature", "properties": { "particle": 909, "seed_idx": 45, "valid": true }, "geometry": { "type": "Point", "coordinates": [ 31.26484489440918, -29.77783203125 ] } },
{ "type": "Feature", "properties": { "particle": 910, "seed_idx": 45, "valid": true }, "geometry": { "type": "Point", "coordinates": [ 31.264684677124023, -29.777900695800781 ] } },
{ "type": "Feature", "properties": { "particle": 911, "seed_idx": 45, "valid": true }, "geometry": { "type": "Point", "coordinates": [ 31.264541625976562, -29.778099060058594 ] } },
{ "type": "Feature", "properties": { "particle": 912, "seed_idx": 45, "valid": true }, "geometry": { "type": "Point", "coordinates": [ 31.264236450195312, -29.778196334838867 ] } },
{ "type": "Feature", "properties": { "particle": 913, "seed_idx": 45, "valid": true }, "geometry": { "type": "Point", "coordinates": [ 31.264446258544922, -29.778097152709961 ] } },
{ "type": "Feature", "properties": { "particle": 914, "seed_idx": 45, "valid": true }, "geometry": { "type": "Point", "coordinates": [ 31.264244079589844, -29.778024673461914 ] } },
{ "type": "Feature", "properties": { "particle": 915, "seed_idx": 45, "valid": true }, "geometry": { "type": "Point", "coordinates": [ 31.264923095703125, -29.777755737304688 ] } },
{ "type": "Feature", "properties": { "particle": 916, "seed_idx": 45, "valid": true }, "geometry": { "type": "Point", "coordinates": [ 31.264053344726562, -29.778463363647461 ] } },
{ "type": "Feature", "properties": { "particle": 917, "seed_idx": 45, "valid": true }, "geometry": { "type": "Point", "coordinates": [ 31.264793395996094, -29.777933120727539 ] } },
{ "type": "Feature", "properties": { "particle": 918, "seed_idx": 45, "valid": true }, "geometry": { "type": "Point", "coordinates": [ 31.264133453369141, -29.777935028076172 ] } },
{ "type": "Feature", "properties": { "particle": 919, "seed_idx": 45, "valid": true }, "geometry": { "type": "Point", "coordinates": [ 31.265266418457031, -29.777677536010742 ] } },
{ "type": "Feature", "properties": { "particle": 920, "seed_idx": 46, "valid": true }, "geometry": { "type": "Point", "coordinates": [ 31.258125305175781, -29.795799255371094 ] } },
{ "type": "Feature", "properties": { "particle": 921, "seed_idx": 46, "valid": true }, "geometry": { "type": "Point", "coordinates": [ 31.258157730102539, -29.795843124389648 ] } },
{ "type": "Feature", "properties": { "particle": 922, "seed_idx": 46, "valid": true }, "geometry": { "type": "Point", "coordinates": [ 31.258430480957031, -29.7957763671875 ] } },
{ "type": "Feature", "properties": { "particle": 923, "seed_idx": 46, "valid": true }, "geometry": { "type": "Point", "coordinates": [ 31.258090972900391, -29.795888900756836 ] } },
{ "type": "Feature", "properties": { "particle": 924, "seed_idx": 46, "valid": true }, "geometry": { "type": "Point", "coordinates": [ 31.258064270019531, -29.795944213867188 ] } },
{ "type": "Feature", "properties": { "particle": 925, "seed_idx": 46, "valid": true }, "geometry": { "type": "Point", "coordinates": [ 31.258371353149414, -29.795783996582031 ] } },
{ "type": "Feature", "properties": { "particle": 926, "seed_idx": 46, "valid": true }, "geometry": { "type": "Point", "coordinates": [ 31.258129119873047, -29.795846939086914 ] } },
{ "type": "Feature", "properties": { "particle": 927, "seed_idx": 46, "valid": true }, "geometry": { "type": "Point", "coordinates": [ 31.258783340454102, -29.795677185058594 ] } },
{ "type": "Feature", "properties": { "particle": 928, "seed_idx": 46, "valid": true }, "geometry": { "type": "Point", "coordinates": [ 31.25758171081543, -29.796123504638672 ] } },
{ "type": "Feature", "properties": { "particle": 929, "seed_idx": 46, "valid": true }, "geometry": { "type": "Point", "coordinates": [ 31.257879257202148, -29.796274185180664 ] } },
{ "type": "Feature", "properties": { "particle": 930, "seed_idx": 46, "valid": true }, "geometry": { "type": "Point", "coordinates": [ 31.258449554443359, -29.795761108398438 ] } },
{ "type": "Feature", "properties": { "particle": 931, "seed_idx": 46, "valid": true }, "geometry": { "type": "Point", "coordinates": [ 31.258333206176758, -29.795812606811523 ] } },
{ "type": "Feature", "properties": { "particle": 932, "seed_idx": 46, "valid": true }, "geometry": { "type": "Point", "coordinates": [ 31.258920669555664, -29.795612335205078 ] } },
{ "type": "Feature", "properties": { "particle": 933, "seed_idx": 46, "valid": true }, "geometry": { "type": "Point", "coordinates": [ 31.258758544921875, -29.79566764831543 ] } },
{ "type": "Feature", "properties": { "particle": 934, "seed_idx": 46, "valid": true }, "geometry": { "type": "Point", "coordinates": [ 31.258249282836914, -29.796014785766602 ] } },
{ "type": "Feature", "properties": { "particle": 935, "seed_idx": 46, "valid": true }, "geometry": { "type": "Point", "coordinates": [ 31.258550643920898, -29.795730590820312 ] } },
{ "type": "Feature", "properties": { "particle": 936, "seed_idx": 46, "valid": true }, "geometry": { "type": "Point", "coordinates": [ 31.258451461791992, -29.795747756958008 ] } },
{ "type": "Feature", "properties": { "particle": 937, "seed_idx": 46, "valid": true }, "geometry": { "type": "Point", "coordinates": [ 31.258388519287109, -29.796157836914062 ] } },
{ "type": "Feature", "properties": { "particle": 938, "seed_idx": 46, "valid": true }, "geometry": { "type": "Point", "coordinates": [ 31.258552551269531, -29.795751571655273 ] } },
{ "type": "Feature", "properties": { "particle": 939, "seed_idx": 46, "valid": true }, "geometry": { "type": "Point", "coordinates": [ 31.258340835571289, -29.795787811279297 ] } },
{ "type": "Feature", "properties": { "particle": 940, "seed_idx": 47, "valid": true }, "geometry": { "type": "Point", "coordinates": [ 31.266241073608398, -29.782791137695312 ] } },
{ "type": "Feature", "properties": { "particle": 941, "seed_idx": 47, "valid": true }, "geometry": { "type": "Point", "coordinates": [ 31.265836715698242, -29.782896041870117 ] } },
{ "type": "Feature", "properties": { "particle": 942, "seed_idx": 47, "valid": true }, "geometry": { "type": "Point", "coordinates": [ 31.265996932983398, -29.782882690429688 ] } },
{ "type": "Feature", "properties": { "particle": 943, "seed_idx": 47, "valid": true }, "geometry": { "type": "Point", "coordinates": [ 31.264802932739258, -29.783838272094727 ] } },
{ "type": "Feature", "properties": { "particle": 944, "seed_idx": 47, "valid": true }, "geometry": { "type": "Point", "coordinates": [ 31.266361236572266, -29.782783508300781 ] } },
{ "type": "Feature", "properties": { "particle": 945, "seed_idx": 47, "valid": true }, "geometry": { "type": "Point", "coordinates": [ 31.26569938659668, -29.782970428466797 ] } },
{ "type": "Feature", "properties": { "particle": 946, "seed_idx": 47, "valid": true }, "geometry": { "type": "Point", "coordinates": [ 31.264957427978516, -29.783744812011719 ] } },
{ "type": "Feature", "properties": { "particle": 947, "seed_idx": 47, "valid": true }, "geometry": { "type": "Point", "coordinates": [ 31.265851974487305, -29.782934188842773 ] } },
{ "type": "Feature", "properties": { "particle": 948, "seed_idx": 47, "valid": true }, "geometry": { "type": "Point", "coordinates": [ 31.264461517333984, -29.78363037109375 ] } },
{ "type": "Feature", "properties": { "particle": 949, "seed_idx": 47, "valid": true }, "geometry": { "type": "Point", "coordinates": [ 31.265867233276367, -29.782905578613281 ] } },
{ "type": "Feature", "properties": { "particle": 950, "seed_idx": 47, "valid": true }, "geometry": { "type": "Point", "coordinates": [ 31.265106201171875, -29.783384323120117 ] } },
{ "type": "Feature", "properties": { "particle": 951, "seed_idx": 47, "valid": true }, "geometry": { "type": "Point", "coordinates": [ 31.266313552856445, -29.78278923034668 ] } },
{ "type": "Feature", "properties": { "particle": 952, "seed_idx": 47, "valid": true }, "geometry": { "type": "Point", "coordinates": [ 31.265966415405273, -29.782930374145508 ] } },
{ "type": "Feature", "properties": { "particle": 953, "seed_idx": 47, "valid": true }, "geometry": { "type": "Point", "coordinates": [ 31.265901565551758, -29.782899856567383 ] } },
{ "type": "Feature", "properties": { "particle": 954, "seed_idx": 47, "valid": true }, "geometry": { "type": "Point", "coordinates": [ 31.266103744506836, -29.782861709594727 ] } },
{ "type": "Feature", "properties": { "particle": 955, "seed_idx": 47, "valid": true }, "geometry": { "type": "Point", "coordinates": [ 31.266284942626953, -29.782783508300781 ] } },
{ "type": "Feature", "properties": { "particle": 956, "seed_idx": 47, "valid": true }, "geometry": { "type": "Point", "coordinates": [ 31.26502799987793, -29.783178329467773 ] } },
{ "type": "Feature", "properties": { "particle": 957, "seed_idx": 47, "valid": true }, "geometry": { "type": "Point", "coordinates": [ 31.26616096496582, -29.782819747924805 ] } },
{ "type": "Feature", "properties": { "particle": 958, "seed_idx": 47, "valid": true }, "geometry": { "type": "Point", "coordinates": [ 31.266494750976562, -29.782720565795898 ] } },
{ "type": "Feature", "properties": { "particle": 959, "seed_idx": 47, "valid": true }, "geometry": { "type": "Point", "coordinates": [ 31.265575408935547, -29.782976150512695 ] } },
{ "type": "Feature", "properties": { "particle": 960, "seed_idx": 48, "valid": true }, "geometry": { "type": "Point", "coordinates": [ 31.272315979003906, -29.772005081176758 ] } },
{ "type": "Feature", "properties": { "particle": 961, "seed_idx": 48, "valid": true }, "geometry": { "type": "Point", "coordinates": [ 31.271694183349609, -29.772253036499023 ] } },
{ "type": "Feature", "properties": { "particle": 962, "seed_idx": 48, "valid": true }, "geometry": { "type": "Point", "coordinates": [ 31.270746231079102, -29.772670745849609 ] } },
{ "type": "Feature", "properties": { "particle": 963, "seed_idx": 48, "valid": true }, "geometry": { "type": "Point", "coordinates": [ 31.271736145019531, -29.772184371948242 ] } },
{ "type": "Feature", "properties": { "particle": 964, "seed_idx": 48, "valid": true }, "geometry": { "type": "Point", "coordinates": [ 31.271587371826172, -29.77244758605957 ] } },
{ "type": "Feature", "properties": { "particle": 965, "seed_idx": 48, "valid": true }, "geometry": { "type": "Point", "coordinates": [ 31.272098541259766, -29.772092819213867 ] } },
{ "type": "Feature", "properties": { "particle": 966, "seed_idx": 48, "valid": true }, "geometry": { "type": "Point", "coordinates": [ 31.27161979675293, -29.772504806518555 ] } },
{ "type": "Feature", "properties": { "particle": 967, "seed_idx": 48, "valid": true }, "geometry": { "type": "Point", "coordinates": [ 31.271743774414062, -29.772209167480469 ] } },
{ "type": "Feature", "properties": { "particle": 968, "seed_idx": 48, "valid": true }, "geometry": { "type": "Point", "coordinates": [ 31.271829605102539, -29.772243499755859 ] } },
{ "type": "Feature", "properties": { "particle": 969, "seed_idx": 48, "valid": true }, "geometry": { "type": "Point", "coordinates": [ 31.271883010864258, -29.77214241027832 ] } },
{ "type": "Feature", "properties": { "particle": 970, "seed_idx": 48, "valid": true }, "geometry": { "type": "Point", "coordinates": [ 31.271223068237305, -29.7723388671875 ] } },
{ "type": "Feature", "properties": { "particle": 971, "seed_idx": 48, "valid": true }, "geometry": { "type": "Point", "coordinates": [ 31.271781921386719, -29.772172927856445 ] } },
{ "type": "Feature", "properties": { "particle": 972, "seed_idx": 48, "valid": true }, "geometry": { "type": "Point", "coordinates": [ 31.271579742431641, -29.772560119628906 ] } },
{ "type": "Feature", "properties": { "particle": 973, "seed_idx": 48, "valid": true }, "geometry": { "type": "Point", "coordinates": [ 31.271295547485352, -29.772651672363281 ] } },
{ "type": "Feature", "properties": { "particle": 974, "seed_idx": 48, "valid": true }, "geometry": { "type": "Point", "coordinates": [ 31.271240234375, -29.772363662719727 ] } },
{ "type": "Feature", "properties": { "particle": 975, "seed_idx": 48, "valid": true }, "geometry": { "type": "Point", "coordinates": [ 31.272060394287109, -29.772193908691406 ] } },
{ "type": "Feature", "properties": { "particle": 976, "seed_idx": 48, "valid": true }, "geometry": { "type": "Point", "coordinates": [ 31.270835876464844, -29.772792816162109 ] } },
{ "type": "Feature", "properties": { "particle": 977, "seed_idx": 48, "valid": true }, "geometry": { "type": "Point", "coordinates": [ 31.27235221862793, -29.771993637084961 ] } },
{ "type": "Feature", "properties": { "particle": 978, "seed_idx": 48, "valid": true }, "geometry": { "type": "Point", "coordinates": [ 31.271539688110352, -29.772462844848633 ] } },
{ "type": "Feature", "properties": { "particle": 979, "seed_idx": 48, "valid": true }, "geometry": { "type": "Point", "coordinates": [ 31.271825790405273, -29.772493362426758 ] } },
{ "type": "Feature", "properties": { "particle": 980, "seed_idx": 49, "valid": true }, "geometry": { "type": "Point", "coordinates": [ 31.301881790161133, -29.744771957397461 ] } },
{ "type": "Feature", "properties": { "particle": 981, "seed_idx": 49, "valid": true }, "geometry": { "type": "Point", "coordinates": [ 31.302022933959961, -29.744791030883789 ] } },
{ "type": "Feature", "properties": { "particle": 982, "seed_idx": 49, "valid": true }, "geometry": { "type": "Point", "coordinates": [ 31.302776336669922, -29.744516372680664 ] } },
{ "type": "Feature", "properties": { "particle": 983, "seed_idx": 49, "valid": true }, "geometry": { "type": "Point", "coordinates": [ 31.301809310913086, -29.74468994140625 ] } },
{ "type": "Feature", "properties": { "particle": 984, "seed_idx": 49, "valid": true }, "geometry": { "type": "Point", "coordinates": [ 31.301481246948242, -29.745151519775391 ] } },
{ "type": "Feature", "properties": { "particle": 985, "seed_idx": 49, "valid": true }, "geometry": { "type": "Point", "coordinates": [ 31.302011489868164, -29.74506950378418 ] } },
{ "type": "Feature", "properties": { "particle": 986, "seed_idx": 49, "valid": true }, "geometry": { "type": "Point", "coordinates": [ 31.30180549621582, -29.744831085205078 ] } },
{ "type": "Feature", "properties": { "particle": 987, "seed_idx": 49, "valid": true }, "geometry": { "type": "Point", "coordinates": [ 31.301431655883789, -29.74492073059082 ] } },
{ "type": "Feature", "properties": { "particle": 988, "seed_idx": 49, "valid": true }, "geometry": { "type": "Point", "coordinates": [ 31.301723480224609, -29.744810104370117 ] } },
{ "type": "Feature", "properties": { "particle": 989, "seed_idx": 49, "valid": true }, "geometry": { "type": "Point", "coordinates": [ 31.301755905151367, -29.744808197021484 ] } },
{ "type": "Feature", "properties": { "particle": 990, "seed_idx": 49, "valid": true }, "geometry": { "type": "Point", "coordinates": [ 31.302373886108398, -29.744598388671875 ] } },
{ "type": "Feature", "properties": { "particle": 991, "seed_idx": 49, "valid": true }, "geometry": { "type": "Point", "coordinates": [ 31.302268981933594, -29.744674682617188 ] } },
{ "type": "Feature", "properties": { "particle": 992, "seed_idx": 49, "valid": true }, "geometry": { "type": "Point", "coordinates": [ 31.301856994628906, -29.745037078857422 ] } },
{ "type": "Feature", "properties": { "particle": 993, "seed_idx": 49, "valid": true }, "geometry": { "type": "Point", "coordinates": [ 31.302244186401367, -29.744705200195312 ] } },
{ "type": "Feature", "properties": { "particle": 994, "seed_idx": 49, "valid": true }, "geometry": { "type": "Point", "coordinates": [ 31.30180549621582, -29.744930267333984 ] } },
{ "type": "Feature", "properties": { "particle": 995, "seed_idx": 49, "valid": true }, "geometry": { "type": "Point", "coordinates": [ 31.301731109619141, -29.745132446289062 ] } },
{ "type": "Feature", "properties": { "particle": 996, "seed_idx": 49, "valid": true }, "geometry": { "type": "Point", "coordinates": [ 31.302814483642578, -29.74449348449707 ] } },
{ "type": "Feature", "properties": { "particle": 997, "seed_idx": 49, "valid": true }, "geometry": { "type": "Point", "coordinates": [ 31.302267074584961, -29.744823455810547 ] } },
{ "type": "Feature", "properties": { "particle": 998, "seed_idx": 49, "valid": true }, "geometry": { "type": "Point", "coordinates": [ 31.302074432373047, -29.744716644287109 ] } },
{ "type": "Feature", "properties": { "particle": 999, "seed_idx": 49, "valid": true }, "geometry": { "type": "Point", "coordinates": [ 31.302536010742188, -29.744619369506836 ] } },
{ "type": "Feature", "properties": { "particle": 1000, "seed_idx": 50, "valid": true }, "geometry": { "type": "Point", "coordinates": [ 31.252191543579102, -29.81123161315918 ] } },
{ "type": "Feature", "properties": { "particle": 1001, "seed_idx": 50, "valid": true }, "geometry": { "type": "Point", "coordinates": [ 31.252132415771484, -29.811273574829102 ] } },
{ "type": "Feature", "properties": { "particle": 1002, "seed_idx": 50, "valid": true }, "geometry": { "type": "Point", "coordinates": [ 31.252103805541992, -29.811267852783203 ] } },
{ "type": "Feature", "properties": { "particle": 1003, "seed_idx": 50, "valid": true }, "geometry": { "type": "Point", "coordinates": [ 31.252275466918945, -29.811222076416016 ] } },
{ "type": "Feature", "properties": { "particle": 1004, "seed_idx": 50, "valid": true }, "geometry": { "type": "Point", "coordinates": [ 31.251739501953125, -29.811391830444336 ] } },
{ "type": "Feature", "properties": { "particle": 1005, "seed_idx": 50, "valid": true }, "geometry": { "type": "Point", "coordinates": [ 31.251125335693359, -29.811880111694336 ] } },
{ "type": "Feature", "properties": { "particle": 1006, "seed_idx": 50, "valid": true }, "geometry": { "type": "Point", "coordinates": [ 31.251567840576172, -29.811420440673828 ] } },
{ "type": "Feature", "properties": { "particle": 1007, "seed_idx": 50, "valid": true }, "geometry": { "type": "Point", "coordinates": [ 31.251605987548828, -29.811515808105469 ] } },
{ "type": "Feature", "properties": { "particle": 1008, "seed_idx": 50, "valid": true }, "geometry": { "type": "Point", "coordinates": [ 31.252531051635742, -29.811140060424805 ] } },
{ "type": "Feature", "properties": { "particle": 1009, "seed_idx": 50, "valid": true }, "geometry": { "type": "Point", "coordinates": [ 31.252231597900391, -29.811241149902344 ] } },
{ "type": "Feature", "properties": { "particle": 1010, "seed_idx": 50, "valid": true }, "geometry": { "type": "Point", "coordinates": [ 31.251674652099609, -29.811546325683594 ] } },
{ "type": "Feature", "properties": { "particle": 1011, "seed_idx": 50, "valid": true }, "geometry": { "type": "Point", "coordinates": [ 31.252145767211914, -29.811271667480469 ] } },
{ "type": "Feature", "properties": { "particle": 1012, "seed_idx": 50, "valid": true }, "geometry": { "type": "Point", "coordinates": [ 31.25196647644043, -29.811305999755859 ] } },
{ "type": "Feature", "properties": { "particle": 1013, "seed_idx": 50, "valid": true }, "geometry": { "type": "Point", "coordinates": [ 31.2513427734375, -29.8115234375 ] } },
{ "type": "Feature", "properties": { "particle": 1014, "seed_idx": 50, "valid": true }, "geometry": { "type": "Point", "coordinates": [ 31.251941680908203, -29.811325073242188 ] } },
{ "type": "Feature", "properties": { "particle": 1015, "seed_idx": 50, "valid": true }, "geometry": { "type": "Point", "coordinates": [ 31.251449584960938, -29.811492919921875 ] } },
{ "type": "Feature", "properties": { "particle": 1016, "seed_idx": 50, "valid": true }, "geometry": { "type": "Point", "coordinates": [ 31.251758575439453, -29.811441421508789 ] } },
{ "type": "Feature", "properties": { "particle": 1017, "seed_idx": 50, "valid": true }, "geometry": { "type": "Point", "coordinates": [ 31.251832962036133, -29.811355590820312 ] } },
{ "type": "Feature", "properties": { "particle": 1018, "seed_idx": 50, "valid": true }, "geometry": { "type": "Point", "coordinates": [ 31.251623153686523, -29.811641693115234 ] } },
{ "type": "Feature", "properties": { "particle": 1019, "seed_idx": 50, "valid": true }, "geometry": { "type": "Point", "coordinates": [ 31.251871109008789, -29.811346054077148 ] } },
{ "type": "Feature", "properties": { "particle": 1020, "seed_idx": 51, "valid": true }, "geometry": { "type": "Point", "coordinates": [ 31.250179290771484, -29.815793991088867 ] } },
{ "type": "Feature", "properties": { "particle": 1021, "seed_idx": 51, "valid": true }, "geometry": { "type": "Point", "coordinates": [ 31.250402450561523, -29.815515518188477 ] } },
{ "type": "Feature", "properties": { "particle": 1022, "seed_idx": 51, "valid": true }, "geometry": { "type": "Point", "coordinates": [ 31.250139236450195, -29.815624237060547 ] } },
{ "type": "Feature", "properties": { "particle": 1023, "seed_idx": 51, "valid": true }, "geometry": { "type": "Point", "coordinates": [ 31.24968147277832, -29.816070556640625 ] } },
{ "type": "Feature", "properties": { "particle": 1024, "seed_idx": 51, "valid": true }, "geometry": { "type": "Point", "coordinates": [ 31.250150680541992, -29.815608978271484 ] } },
{ "type": "Feature", "properties": { "particle": 1025, "seed_idx": 51, "valid": true }, "geometry": { "type": "Point", "coordinates": [ 31.249691009521484, -29.815761566162109 ] } },
{ "type": "Feature", "properties": { "particle": 1026, "seed_idx": 51, "valid": true }, "geometry": { "type": "Point", "coordinates": [ 31.24974250793457, -29.816225051879883 ] } },
{ "type": "Feature", "properties": { "particle": 1027, "seed_idx": 51, "valid": true }, "geometry": { "type": "Point", "coordinates": [ 31.249889373779297, -29.815689086914062 ] } },
{ "type": "Feature", "properties": { "particle": 1028, "seed_idx": 51, "valid": true }, "geometry": { "type": "Point", "coordinates": [ 31.248743057250977, -29.816394805908203 ] } },
{ "type": "Feature", "properties": { "particle": 1029, "seed_idx": 51, "valid": true }, "geometry": { "type": "Point", "coordinates": [ 31.249860763549805, -29.815834045410156 ] } },
{ "type": "Feature", "properties": { "particle": 1030, "seed_idx": 51, "valid": true }, "geometry": { "type": "Point", "coordinates": [ 31.25048828125, -29.815496444702148 ] } },
{ "type": "Feature", "properties": { "particle": 1031, "seed_idx": 51, "valid": true }, "geometry": { "type": "Point", "coordinates": [ 31.249748229980469, -29.816057205200195 ] } },
{ "type": "Feature", "properties": { "particle": 1032, "seed_idx": 51, "valid": true }, "geometry": { "type": "Point", "coordinates": [ 31.250459671020508, -29.815505981445312 ] } },
{ "type": "Feature", "properties": { "particle": 1033, "seed_idx": 51, "valid": true }, "geometry": { "type": "Point", "coordinates": [ 31.249086380004883, -29.816404342651367 ] } },
{ "type": "Feature", "properties": { "particle": 1034, "seed_idx": 51, "valid": true }, "geometry": { "type": "Point", "coordinates": [ 31.249706268310547, -29.815889358520508 ] } },
{ "type": "Feature", "properties": { "particle": 1035, "seed_idx": 51, "valid": true }, "geometry": { "type": "Point", "coordinates": [ 31.249897003173828, -29.815692901611328 ] } },
{ "type": "Feature", "properties": { "particle": 1036, "seed_idx": 51, "valid": true }, "geometry": { "type": "Point", "coordinates": [ 31.249746322631836, -29.815769195556641 ] } },
{ "type": "Feature", "properties": { "particle": 1037, "seed_idx": 51, "valid": true }, "geometry": { "type": "Point", "coordinates": [ 31.250656127929688, -29.81544303894043 ] } },
{ "type": "Feature", "properties": { "particle": 1038, "seed_idx": 51, "valid": true }, "geometry": { "type": "Point", "coordinates": [ 31.250341415405273, -29.815511703491211 ] } },
{ "type": "Feature", "properties": { "particle": 1039, "seed_idx": 51, "valid": true }, "geometry": { "type": "Point", "coordinates": [ 31.249990463256836, -29.815658569335938 ] } },
{ "type": "Feature", "properties": { "particle": 1040, "seed_idx": 52, "valid": true }, "geometry": { "type": "Point", "coordinates": [ 31.263874053955078, -29.785572052001953 ] } },
{ "type": "Feature", "properties": { "particle": 1041, "seed_idx": 52, "valid": true }, "geometry": { "type": "Point", "coordinates": [ 31.264871597290039, -29.784891128540039 ] } },
{ "type": "Feature", "properties": { "particle": 1042, "seed_idx": 52, "valid": true }, "geometry": { "type": "Point", "coordinates": [ 31.264368057250977, -29.785329818725586 ] } },
{ "type": "Feature", "properties": { "particle": 1043, "seed_idx": 52, "valid": true }, "geometry": { "type": "Point", "coordinates": [ 31.264453887939453, -29.78509521484375 ] } },
{ "type": "Feature", "properties": { "particle": 1044, "seed_idx": 52, "valid": true }, "geometry": { "type": "Point", "coordinates": [ 31.26495361328125, -29.784868240356445 ] } },
{ "type": "Feature", "properties": { "particle": 1045, "seed_idx": 52, "valid": true }, "geometry": { "type": "Point", "coordinates": [ 31.264692306518555, -29.784994125366211 ] } },
{ "type": "Feature", "properties": { "particle": 1046, "seed_idx": 52, "valid": true }, "geometry": { "type": "Point", "coordinates": [ 31.264186859130859, -29.785102844238281 ] } },
{ "type": "Feature", "properties": { "particle": 1047, "seed_idx": 52, "valid": true }, "geometry": { "type": "Point", "coordinates": [ 31.264322280883789, -29.785030364990234 ] } },
{ "type": "Feature", "properties": { "particle": 1048, "seed_idx": 52, "valid": true }, "geometry": { "type": "Point", "coordinates": [ 31.264444351196289, -29.785045623779297 ] } },
{ "type": "Feature", "properties": { "particle": 1049, "seed_idx": 52, "valid": true }, "geometry": { "type": "Point", "coordinates": [ 31.264118194580078, -29.785402297973633 ] } },
{ "type": "Feature", "properties": { "particle": 1050, "seed_idx": 52, "valid": true }, "geometry": { "type": "Point", "coordinates": [ 31.264253616333008, -29.785139083862305 ] } },
{ "type": "Feature", "properties": { "particle": 1051, "seed_idx": 52, "valid": true }, "geometry": { "type": "Point", "coordinates": [ 31.264411926269531, -29.785144805908203 ] } },
{ "type": "Feature", "properties": { "particle": 1052, "seed_idx": 52, "valid": true }, "geometry": { "type": "Point", "coordinates": [ 31.264907836914062, -29.784893035888672 ] } },
{ "type": "Feature", "properties": { "particle": 1053, "seed_idx": 52, "valid": true }, "geometry": { "type": "Point", "coordinates": [ 31.264923095703125, -29.784885406494141 ] } },
{ "type": "Feature", "properties": { "particle": 1054, "seed_idx": 52, "valid": true }, "geometry": { "type": "Point", "coordinates": [ 31.264116287231445, -29.785110473632812 ] } },
{ "type": "Feature", "properties": { "particle": 1055, "seed_idx": 52, "valid": true }, "geometry": { "type": "Point", "coordinates": [ 31.264471054077148, -29.785249710083008 ] } },
{ "type": "Feature", "properties": { "particle": 1056, "seed_idx": 52, "valid": true }, "geometry": { "type": "Point", "coordinates": [ 31.264707565307617, -29.784914016723633 ] } },
{ "type": "Feature", "properties": { "particle": 1057, "seed_idx": 52, "valid": true }, "geometry": { "type": "Point", "coordinates": [ 31.264011383056641, -29.78544807434082 ] } },
{ "type": "Feature", "properties": { "particle": 1058, "seed_idx": 52, "valid": true }, "geometry": { "type": "Point", "coordinates": [ 31.264415740966797, -29.785043716430664 ] } },
{ "type": "Feature", "properties": { "particle": 1059, "seed_idx": 52, "valid": true }, "geometry": { "type": "Point", "coordinates": [ 31.264345169067383, -29.785224914550781 ] } },
{ "type": "Feature", "properties": { "particle": 1060, "seed_idx": 53, "valid": true }, "geometry": { "type": "Point", "coordinates": [ 31.300025939941406, -29.746122360229492 ] } },
{ "type": "Feature", "properties": { "particle": 1061, "seed_idx": 53, "valid": true }, "geometry": { "type": "Point", "coordinates": [ 31.300468444824219, -29.746213912963867 ] } },
{ "type": "Feature", "properties": { "particle": 1062, "seed_idx": 53, "valid": true }, "geometry": { "type": "Point", "coordinates": [ 31.300025939941406, -29.746377944946289 ] } },
{ "type": "Feature", "properties": { "particle": 1063, "seed_idx": 53, "valid": true }, "geometry": { "type": "Point", "coordinates": [ 31.299631118774414, -29.746814727783203 ] } },
{ "type": "Feature", "properties": { "particle": 1064, "seed_idx": 53, "valid": true }, "geometry": { "type": "Point", "coordinates": [ 31.300558090209961, -29.746160507202148 ] } },
{ "type": "Feature", "properties": { "particle": 1065, "seed_idx": 53, "valid": true }, "geometry": { "type": "Point", "coordinates": [ 31.300174713134766, -29.746316909790039 ] } },
{ "type": "Feature", "properties": { "particle": 1066, "seed_idx": 53, "valid": true }, "geometry": { "type": "Point", "coordinates": [ 31.300685882568359, -29.746150970458984 ] } },
{ "type": "Feature", "properties": { "particle": 1067, "seed_idx": 53, "valid": true }, "geometry": { "type": "Point", "coordinates": [ 31.300136566162109, -29.746461868286133 ] } },
{ "type": "Feature", "properties": { "particle": 1068, "seed_idx": 53, "valid": true }, "geometry": { "type": "Point", "coordinates": [ 31.300504684448242, -29.74609375 ] } },
{ "type": "Feature", "properties": { "particle": 1069, "seed_idx": 53, "valid": true }, "geometry": { "type": "Point", "coordinates": [ 31.300884246826172, -29.746099472045898 ] } },
{ "type": "Feature", "properties": { "particle": 1070, "seed_idx": 53, "valid": true }, "geometry": { "type": "Point", "coordinates": [ 31.300653457641602, -29.746156692504883 ] } },
{ "type": "Feature", "properties": { "particle": 1071, "seed_idx": 53, "valid": true }, "geometry": { "type": "Point", "coordinates": [ 31.300222396850586, -29.74635124206543 ] } },
{ "type": "Feature", "properties": { "particle": 1072, "seed_idx": 53, "valid": true }, "geometry": { "type": "Point", "coordinates": [ 31.299829483032227, -29.746353149414062 ] } },
{ "type": "Feature", "properties": { "particle": 1073, "seed_idx": 53, "valid": true }, "geometry": { "type": "Point", "coordinates": [ 31.299764633178711, -29.746776580810547 ] } },
{ "type": "Feature", "properties": { "particle": 1074, "seed_idx": 53, "valid": true }, "geometry": { "type": "Point", "coordinates": [ 31.300106048583984, -29.746334075927734 ] } },
{ "type": "Feature", "properties": { "particle": 1075, "seed_idx": 53, "valid": true }, "geometry": { "type": "Point", "coordinates": [ 31.300161361694336, -29.746435165405273 ] } },
{ "type": "Feature", "properties": { "particle": 1076, "seed_idx": 53, "valid": true }, "geometry": { "type": "Point", "coordinates": [ 31.300539016723633, -29.74616813659668 ] } },
{ "type": "Feature", "properties": { "particle": 1077, "seed_idx": 53, "valid": true }, "geometry": { "type": "Point", "coordinates": [ 31.299938201904297, -29.746734619140625 ] } },
{ "type": "Feature", "properties": { "particle": 1078, "seed_idx": 53, "valid": true }, "geometry": { "type": "Point", "coordinates": [ 31.30040168762207, -29.746450424194336 ] } },
{ "type": "Feature", "properties": { "particle": 1079, "seed_idx": 53, "valid": true }, "geometry": { "type": "Point", "coordinates": [ 31.300283432006836, -29.746166229248047 ] } },
{ "type": "Feature", "properties": { "particle": 1080, "seed_idx": 54, "valid": true }, "geometry": { "type": "Point", "coordinates": [ 31.253728866577148, -29.807561874389648 ] } },
{ "type": "Feature", "properties": { "particle": 1081, "seed_idx": 54, "valid": true }, "geometry": { "type": "Point", "coordinates": [ 31.253618240356445, -29.807731628417969 ] } },
{ "type": "Feature", "properties": { "particle": 1082, "seed_idx": 54, "valid": true }, "geometry": { "type": "Point", "coordinates": [ 31.252908706665039, -29.807977676391602 ] } },
{ "type": "Feature", "properties": { "particle": 1083, "seed_idx": 54, "valid": true }, "geometry": { "type": "Point", "coordinates": [ 31.25372314453125, -29.807548522949219 ] } },
{ "type": "Feature", "properties": { "particle": 1084, "seed_idx": 54, "valid": true }, "geometry": { "type": "Point", "coordinates": [ 31.253171920776367, -29.807729721069336 ] } },
{ "type": "Feature", "properties": { "particle": 1085, "seed_idx": 54, "valid": true }, "geometry": { "type": "Point", "coordinates": [ 31.253520965576172, -29.807601928710938 ] } },
{ "type": "Feature", "properties": { "particle": 1086, "seed_idx": 54, "valid": true }, "geometry": { "type": "Point", "coordinates": [ 31.252971649169922, -29.807785034179688 ] } },
{ "type": "Feature", "properties": { "particle": 1087, "seed_idx": 54, "valid": true }, "geometry": { "type": "Point", "coordinates": [ 31.253881454467773, -29.807582855224609 ] } },
{ "type": "Feature", "properties": { "particle": 1088, "seed_idx": 54, "valid": true }, "geometry": { "type": "Point", "coordinates": [ 31.253812789916992, -29.807519912719727 ] } },
{ "type": "Feature", "properties": { "particle": 1089, "seed_idx": 54, "valid": true }, "geometry": { "type": "Point", "coordinates": [ 31.253520965576172, -29.807615280151367 ] } },
{ "type": "Feature", "properties": { "particle": 1090, "seed_idx": 54, "valid": true }, "geometry": { "type": "Point", "coordinates": [ 31.252065658569336, -29.808269500732422 ] } },
{ "type": "Feature", "properties": { "particle": 1091, "seed_idx": 54, "valid": true }, "geometry": { "type": "Point", "coordinates": [ 31.253915786743164, -29.807485580444336 ] } },
{ "type": "Feature", "properties": { "particle": 1092, "seed_idx": 54, "valid": true }, "geometry": { "type": "Point", "coordinates": [ 31.253757476806641, -29.807567596435547 ] } },
{ "type": "Feature", "properties": { "particle": 1093, "seed_idx": 54, "valid": true }, "geometry": { "type": "Point", "coordinates": [ 31.253021240234375, -29.807811737060547 ] } },
{ "type": "Feature", "properties": { "particle": 1094, "seed_idx": 54, "valid": true }, "geometry": { "type": "Point", "coordinates": [ 31.253877639770508, -29.807498931884766 ] } },
{ "type": "Feature", "properties": { "particle": 1095, "seed_idx": 54, "valid": true }, "geometry": { "type": "Point", "coordinates": [ 31.252710342407227, -29.807945251464844 ] } },
{ "type": "Feature", "properties": { "particle": 1096, "seed_idx": 54, "valid": true }, "geometry": { "type": "Point", "coordinates": [ 31.253633499145508, -29.807554244995117 ] } },
{ "type": "Feature", "properties": { "particle": 1097, "seed_idx": 54, "valid": true }, "geometry": { "type": "Point", "coordinates": [ 31.253765106201172, -29.807518005371094 ] } },
{ "type": "Feature", "properties": { "particle": 1098, "seed_idx": 54, "valid": true }, "geometry": { "type": "Point", "coordinates": [ 31.253990173339844, -29.807533264160156 ] } },
{ "type": "Feature", "properties": { "particle": 1099, "seed_idx": 54, "valid": true }, "geometry": { "type": "Point", "coordinates": [ 31.252859115600586, -29.807872772216797 ] } },
{ "type": "Feature", "properties": { "particle": 1100, "seed_idx": 55, "valid": true }, "geometry": { "type": "Point", "coordinates": [ 31.264766693115234, -29.777366638183594 ] } },
{ "type": "Feature", "properties": { "particle": 1101, "seed_idx": 55, "valid": true }, "geometry": { "type": "Point", "coordinates": [ 31.264907836914062, -29.777013778686523 ] } },
{ "type": "Feature", "properties": { "particle": 1102, "seed_idx": 55, "valid": true }, "geometry": { "type": "Point", "coordinates": [ 31.265146255493164, -29.777074813842773 ] } },
{ "type": "Feature", "properties": { "particle": 1103, "seed_idx": 55, "valid": true }, "geometry": { "type": "Point", "coordinates": [ 31.265457153320312, -29.77668571472168 ] } },
{ "type": "Feature", "properties": { "particle": 1104, "seed_idx": 55, "valid": true }, "geometry": { "type": "Point", "coordinates": [ 31.265003204345703, -29.776870727539062 ] } },
{ "type": "Feature", "properties": { "particle": 1105, "seed_idx": 55, "valid": true }, "geometry": { "type": "Point", "coordinates": [ 31.265371322631836, -29.777008056640625 ] } },
{ "type": "Feature", "properties": { "particle": 1106, "seed_idx": 55, "valid": true }, "geometry": { "type": "Point", "coordinates": [ 31.264589309692383, -29.77729606628418 ] } },
{ "type": "Feature", "properties": { "particle": 1107, "seed_idx": 55, "valid": true }, "geometry": { "type": "Point", "coordinates": [ 31.265415191650391, -29.776664733886719 ] } },
{ "type": "Feature", "properties": { "particle": 1108, "seed_idx": 55, "valid": true }, "geometry": { "type": "Point", "coordinates": [ 31.265434265136719, -29.776748657226562 ] } },
{ "type": "Feature", "properties": { "particle": 1109, "seed_idx": 55, "valid": true }, "geometry": { "type": "Point", "coordinates": [ 31.264823913574219, -29.777217864990234 ] } },
{ "type": "Feature", "properties": { "particle": 1110, "seed_idx": 55, "valid": true }, "geometry": { "type": "Point", "coordinates": [ 31.265535354614258, -29.776641845703125 ] } },
{ "type": "Feature", "properties": { "particle": 1111, "seed_idx": 55, "valid": true }, "geometry": { "type": "Point", "coordinates": [ 31.265485763549805, -29.776739120483398 ] } },
{ "type": "Feature", "properties": { "particle": 1112, "seed_idx": 55, "valid": true }, "geometry": { "type": "Point", "coordinates": [ 31.265590667724609, -29.776643753051758 ] } },
{ "type": "Feature", "properties": { "particle": 1113, "seed_idx": 55, "valid": true }, "geometry": { "type": "Point", "coordinates": [ 31.265178680419922, -29.776773452758789 ] } },
{ "type": "Feature", "properties": { "particle": 1114, "seed_idx": 55, "valid": true }, "geometry": { "type": "Point", "coordinates": [ 31.265775680541992, -29.77656364440918 ] } },
{ "type": "Feature", "properties": { "particle": 1115, "seed_idx": 55, "valid": true }, "geometry": { "type": "Point", "coordinates": [ 31.265605926513672, -29.776645660400391 ] } },
{ "type": "Feature", "properties": { "particle": 1116, "seed_idx": 55, "valid": true }, "geometry": { "type": "Point", "coordinates": [ 31.2655029296875, -29.776681900024414 ] } },
{ "type": "Feature", "properties": { "particle": 1117, "seed_idx": 55, "valid": true }, "geometry": { "type": "Point", "coordinates": [ 31.265424728393555, -29.776998519897461 ] } },
{ "type": "Feature", "properties": { "particle": 1118, "seed_idx": 55, "valid": true }, "geometry": { "type": "Point", "coordinates": [ 31.265506744384766, -29.776678085327148 ] } },
{ "type": "Feature", "properties": { "particle": 1119, "seed_idx": 55, "valid": true }, "geometry": { "type": "Point", "coordinates": [ 31.264984130859375, -29.777326583862305 ] } },
{ "type": "Feature", "properties": { "particle": 1120, "seed_idx": 56, "valid": true }, "geometry": { "type": "Point", "coordinates": [ 31.257381439208984, -29.797233581542969 ] } },
{ "type": "Feature", "properties": { "particle": 1121, "seed_idx": 56, "valid": true }, "geometry": { "type": "Point", "coordinates": [ 31.257436752319336, -29.797185897827148 ] } },
{ "type": "Feature", "properties": { "particle": 1122, "seed_idx": 56, "valid": true }, "geometry": { "type": "Point", "coordinates": [ 31.257572174072266, -29.797012329101562 ] } },
{ "type": "Feature", "properties": { "particle": 1123, "seed_idx": 56, "valid": true }, "geometry": { "type": "Point", "coordinates": [ 31.25819206237793, -29.796762466430664 ] } },
{ "type": "Feature", "properties": { "particle": 1124, "seed_idx": 56, "valid": true }, "geometry": { "type": "Point", "coordinates": [ 31.257652282714844, -29.797067642211914 ] } },
{ "type": "Feature", "properties": { "particle": 1125, "seed_idx": 56, "valid": true }, "geometry": { "type": "Point", "coordinates": [ 31.257242202758789, -29.797723770141602 ] } },
{ "type": "Feature", "properties": { "particle": 1126, "seed_idx": 56, "valid": true }, "geometry": { "type": "Point", "coordinates": [ 31.257610321044922, -29.797239303588867 ] } },
{ "type": "Feature", "properties": { "particle": 1127, "seed_idx": 56, "valid": true }, "geometry": { "type": "Point", "coordinates": [ 31.257753372192383, -29.796895980834961 ] } },
{ "type": "Feature", "properties": { "particle": 1128, "seed_idx": 56, "valid": true }, "geometry": { "type": "Point", "coordinates": [ 31.257778167724609, -29.797067642211914 ] } },
{ "type": "Feature", "properties": { "particle": 1129, "seed_idx": 56, "valid": true }, "geometry": { "type": "Point", "coordinates": [ 31.257011413574219, -29.797189712524414 ] } },
{ "type": "Feature", "properties": { "particle": 1130, "seed_idx": 56, "valid": true }, "geometry": { "type": "Point", "coordinates": [ 31.257419586181641, -29.797252655029297 ] } },
{ "type": "Feature", "properties": { "particle": 1131, "seed_idx": 56, "valid": true }, "geometry": { "type": "Point", "coordinates": [ 31.257883071899414, -29.796848297119141 ] } },
{ "type": "Feature", "properties": { "particle": 1132, "seed_idx": 56, "valid": true }, "geometry": { "type": "Point", "coordinates": [ 31.257638931274414, -29.796909332275391 ] } },
{ "type": "Feature", "properties": { "particle": 1133, "seed_idx": 56, "valid": true }, "geometry": { "type": "Point", "coordinates": [ 31.257238388061523, -29.797403335571289 ] } },
{ "type": "Feature", "properties": { "particle": 1134, "seed_idx": 56, "valid": true }, "geometry": { "type": "Point", "coordinates": [ 31.257600784301758, -29.79705810546875 ] } },
{ "type": "Feature", "properties": { "particle": 1135, "seed_idx": 56, "valid": true }, "geometry": { "type": "Point", "coordinates": [ 31.256870269775391, -29.797597885131836 ] } },
{ "type": "Feature", "properties": { "particle": 1136, "seed_idx": 56, "valid": true }, "geometry": { "type": "Point", "coordinates": [ 31.258064270019531, -29.796829223632812 ] } },
{ "type": "Feature", "properties": { "particle": 1137, "seed_idx": 56, "valid": true }, "geometry": { "type": "Point", "coordinates": [ 31.257976531982422, -29.797075271606445 ] } },
{ "type": "Feature", "properties": { "particle": 1138, "seed_idx": 56, "valid": true }, "geometry": { "type": "Point", "coordinates": [ 31.257856369018555, -29.796884536743164 ] } },
{ "type": "Feature", "properties": { "particle": 1139, "seed_idx": 56, "valid": true }, "geometry": { "type": "Point", "coordinates": [ 31.257814407348633, -29.796909332275391 ] } },
{ "type": "Feature", "properties": { "particle": 1140, "seed_idx": 57, "valid": true }, "geometry": { "type": "Point", "coordinates": [ 31.247478485107422, -29.820379257202148 ] } },
{ "type": "Feature", "properties": { "particle": 1141, "seed_idx": 57, "valid": true }, "geometry": { "type": "Point", "coordinates": [ 31.247461318969727, -29.820610046386719 ] } },
{ "type": "Feature", "properties": { "particle": 1142, "seed_idx": 57, "valid": true }, "geometry": { "type": "Point", "coordinates": [ 31.247318267822266, -29.820453643798828 ] } },
{ "type": "Feature", "properties": { "particle": 1143, "seed_idx": 57, "valid": true }, "geometry": { "type": "Point", "coordinates": [ 31.246608734130859, -29.820634841918945 ] } },
{ "type": "Feature", "properties": { "particle": 1144, "seed_idx": 57, "valid": true }, "geometry": { "type": "Point", "coordinates": [ 31.246826171875, -29.820693969726562 ] } },
{ "type": "Feature", "properties": { "particle": 1145, "seed_idx": 57, "valid": true }, "geometry": { "type": "Point", "coordinates": [ 31.247608184814453, -29.820419311523438 ] } },
{ "type": "Feature", "properties": { "particle": 1146, "seed_idx": 57, "valid": true }, "geometry": { "type": "Point", "coordinates": [ 31.247224807739258, -29.820453643798828 ] } },
{ "type": "Feature", "properties": { "particle": 1147, "seed_idx": 57, "valid": true }, "geometry": { "type": "Point", "coordinates": [ 31.247430801391602, -29.820404052734375 ] } },
{ "type": "Feature", "properties": { "particle": 1148, "seed_idx": 57, "valid": true }, "geometry": { "type": "Point", "coordinates": [ 31.247529983520508, -29.820390701293945 ] } },
{ "type": "Feature", "properties": { "particle": 1149, "seed_idx": 57, "valid": true }, "geometry": { "type": "Point", "coordinates": [ 31.246759414672852, -29.820695877075195 ] } },
{ "type": "Feature", "properties": { "particle": 1150, "seed_idx": 57, "valid": true }, "geometry": { "type": "Point", "coordinates": [ 31.247512817382812, -29.820384979248047 ] } },
{ "type": "Feature", "properties": { "particle": 1151, "seed_idx": 57, "valid": true }, "geometry": { "type": "Point", "coordinates": [ 31.246686935424805, -29.820619583129883 ] } },
{ "type": "Feature", "properties": { "particle": 1152, "seed_idx": 57, "valid": true }, "geometry": { "type": "Point", "coordinates": [ 31.247653961181641, -29.820318222045898 ] } },
{ "type": "Feature", "properties": { "particle": 1153, "seed_idx": 57, "valid": true }, "geometry": { "type": "Point", "coordinates": [ 31.247465133666992, -29.820363998413086 ] } },
{ "type": "Feature", "properties": { "particle": 1154, "seed_idx": 57, "valid": true }, "geometry": { "type": "Point", "coordinates": [ 31.247573852539062, -29.820329666137695 ] } },
{ "type": "Feature", "properties": { "particle": 1155, "seed_idx": 57, "valid": true }, "geometry": { "type": "Point", "coordinates": [ 31.247322082519531, -29.820440292358398 ] } },
{ "type": "Feature", "properties": { "particle": 1156, "seed_idx": 57, "valid": true }, "geometry": { "type": "Point", "coordinates": [ 31.247219085693359, -29.820478439331055 ] } },
{ "type": "Feature", "properties": { "particle": 1157, "seed_idx": 57, "valid": true }, "geometry": { "type": "Point", "coordinates": [ 31.24742317199707, -29.820388793945312 ] } },
{ "type": "Feature", "properties": { "particle": 1158, "seed_idx": 57, "valid": true }, "geometry": { "type": "Point", "coordinates": [ 31.247426986694336, -29.820417404174805 ] } },
{ "type": "Feature", "properties": { "particle": 1159, "seed_idx": 57, "valid": true }, "geometry": { "type": "Point", "coordinates": [ 31.247211456298828, -29.820684432983398 ] } },
{ "type": "Feature", "properties": { "particle": 1160, "seed_idx": 58, "valid": true }, "geometry": { "type": "Point", "coordinates": [ 31.255743026733398, -29.804512023925781 ] } },
{ "type": "Feature", "properties": { "particle": 1161, "seed_idx": 58, "valid": true }, "geometry": { "type": "Point", "coordinates": [ 31.255714416503906, -29.804525375366211 ] } },
{ "type": "Feature", "properties": { "particle": 1162, "seed_idx": 58, "valid": true }, "geometry": { "type": "Point", "coordinates": [ 31.255186080932617, -29.804716110229492 ] } },
{ "type": "Feature", "properties": { "particle": 1163, "seed_idx": 58, "valid": true }, "geometry": { "type": "Point", "coordinates": [ 31.255041122436523, -29.804718017578125 ] } },
{ "type": "Feature", "properties": { "particle": 1164, "seed_idx": 58, "valid": true }, "geometry": { "type": "Point", "coordinates": [ 31.255289077758789, -29.804691314697266 ] } },
{ "type": "Feature", "properties": { "particle": 1165, "seed_idx": 58, "valid": true }, "geometry": { "type": "Point", "coordinates": [ 31.254264831542969, -29.805828094482422 ] } },
{ "type": "Feature", "properties": { "particle": 1166, "seed_idx": 58, "valid": true }, "geometry": { "type": "Point", "coordinates": [ 31.254892349243164, -29.805004119873047 ] } },
{ "type": "Feature", "properties": { "particle": 1167, "seed_idx": 58, "valid": true }, "geometry": { "type": "Point", "coordinates": [ 31.25550651550293, -29.804592132568359 ] } },
{ "type": "Feature", "properties": { "particle": 1168, "seed_idx": 58, "valid": true }, "geometry": { "type": "Point", "coordinates": [ 31.255666732788086, -29.804697036743164 ] } },
{ "type": "Feature", "properties": { "particle": 1169, "seed_idx": 58, "valid": true }, "geometry": { "type": "Point", "coordinates": [ 31.25471305847168, -29.805242538452148 ] } },
{ "type": "Feature", "properties": { "particle": 1170, "seed_idx": 58, "valid": true }, "geometry": { "type": "Point", "coordinates": [ 31.255254745483398, -29.804672241210938 ] } },
{ "type": "Feature", "properties": { "particle": 1171, "seed_idx": 58, "valid": true }, "geometry": { "type": "Point", "coordinates": [ 31.254507064819336, -29.805370330810547 ] } },
{ "type": "Feature", "properties": { "particle": 1172, "seed_idx": 58, "valid": true }, "geometry": { "type": "Point", "coordinates": [ 31.255498886108398, -29.804574966430664 ] } },
{ "type": "Feature", "properties": { "particle": 1173, "seed_idx": 58, "valid": true }, "geometry": { "type": "Point", "coordinates": [ 31.255334854125977, -29.804691314697266 ] } },
{ "type": "Feature", "properties": { "particle": 1174, "seed_idx": 58, "valid": true }, "geometry": { "type": "Point", "coordinates": [ 31.255487442016602, -29.80461311340332 ] } },
{ "type": "Feature", "properties": { "particle": 1175, "seed_idx": 58, "valid": true }, "geometry": { "type": "Point", "coordinates": [ 31.255317687988281, -29.804756164550781 ] } },
{ "type": "Feature", "properties": { "particle": 1176, "seed_idx": 58, "valid": true }, "geometry": { "type": "Point", "coordinates": [ 31.254755020141602, -29.805038452148438 ] } },
{ "type": "Feature", "properties": { "particle": 1177, "seed_idx": 58, "valid": true }, "geometry": { "type": "Point", "coordinates": [ 31.254716873168945, -29.805154800415039 ] } },
{ "type": "Feature", "properties": { "particle": 1178, "seed_idx": 58, "valid": true }, "geometry": { "type": "Point", "coordinates": [ 31.254739761352539, -29.804800033569336 ] } },
{ "type": "Feature", "properties": { "particle": 1179, "seed_idx": 58, "valid": true }, "geometry": { "type": "Point", "coordinates": [ 31.255468368530273, -29.804597854614258 ] } },
{ "type": "Feature", "properties": { "particle": 1180, "seed_idx": 59, "valid": true }, "geometry": { "type": "Point", "coordinates": [ 31.26715087890625, -29.77775764465332 ] } },
{ "type": "Feature", "properties": { "particle": 1181, "seed_idx": 59, "valid": true }, "geometry": { "type": "Point", "coordinates": [ 31.267587661743164, -29.777313232421875 ] } },
{ "type": "Feature", "properties": { "particle": 1182, "seed_idx": 59, "valid": true }, "geometry": { "type": "Point", "coordinates": [ 31.267406463623047, -29.777641296386719 ] } },
{ "type": "Feature", "properties": { "particle": 1183, "seed_idx": 59, "valid": true }, "geometry": { "type": "Point", "coordinates": [ 31.267301559448242, -29.77775764465332 ] } },
{ "type": "Feature", "properties": { "particle": 1184, "seed_idx": 59, "valid": true }, "geometry": { "type": "Point", "coordinates": [ 31.267810821533203, -29.777334213256836 ] } },
{ "type": "Feature", "properties": { "particle": 1185, "seed_idx": 59, "valid": true }, "geometry": { "type": "Point", "coordinates": [ 31.267253875732422, -29.777576446533203 ] } },
{ "type": "Feature", "properties": { "particle": 1186, "seed_idx": 59, "valid": true }, "geometry": { "type": "Point", "coordinates": [ 31.267118453979492, -29.777797698974609 ] } },
{ "type": "Feature", "properties": { "particle": 1187, "seed_idx": 59, "valid": true }, "geometry": { "type": "Point", "coordinates": [ 31.267438888549805, -29.777379989624023 ] } },
{ "type": "Feature", "properties": { "particle": 1188, "seed_idx": 59, "valid": true }, "geometry": { "type": "Point", "coordinates": [ 31.267475128173828, -29.777353286743164 ] } },
{ "type": "Feature", "properties": { "particle": 1189, "seed_idx": 59, "valid": true }, "geometry": { "type": "Point", "coordinates": [ 31.267629623413086, -29.777397155761719 ] } },
{ "type": "Feature", "properties": { "particle": 1190, "seed_idx": 59, "valid": true }, "geometry": { "type": "Point", "coordinates": [ 31.267566680908203, -29.777334213256836 ] } },
{ "type": "Feature", "properties": { "particle": 1191, "seed_idx": 59, "valid": true }, "geometry": { "type": "Point", "coordinates": [ 31.267688751220703, -29.77728271484375 ] } },
{ "type": "Feature", "properties": { "particle": 1192, "seed_idx": 59, "valid": true }, "geometry": { "type": "Point", "coordinates": [ 31.267484664916992, -29.777439117431641 ] } },
{ "type": "Feature", "properties": { "particle": 1193, "seed_idx": 59, "valid": true }, "geometry": { "type": "Point", "coordinates": [ 31.267305374145508, -29.777666091918945 ] } },
{ "type": "Feature", "properties": { "particle": 1194, "seed_idx": 59, "valid": true }, "geometry": { "type": "Point", "coordinates": [ 31.267778396606445, -29.777271270751953 ] } },
{ "type": "Feature", "properties": { "particle": 1195, "seed_idx": 59, "valid": true }, "geometry": { "type": "Point", "coordinates": [ 31.267757415771484, -29.777263641357422 ] } },
{ "type": "Feature", "properties": { "particle": 1196, "seed_idx": 59, "valid": true }, "geometry": { "type": "Point", "coordinates": [ 31.267429351806641, -29.777381896972656 ] } },
{ "type": "Feature", "properties": { "particle": 1197, "seed_idx": 59, "valid": true }, "geometry": { "type": "Point", "coordinates": [ 31.267267227172852, -29.777578353881836 ] } },
{ "type": "Feature", "properties": { "particle": 1198, "seed_idx": 59, "valid": true }, "geometry": { "type": "Point", "coordinates": [ 31.266857147216797, -29.777519226074219 ] } },
{ "type": "Feature", "properties": { "particle": 1199, "seed_idx": 59, "valid": true }, "geometry": { "type": "Point", "coordinates": [ 31.267339706420898, -29.777503967285156 ] } }
]
}
