{
"type": "FeatureCollection",
"name": "predicted_particle_points",
"crs": { "type": "name", "properties": { "name": "urn:ogc:def:crs:OGC:1.3:CRS84" } },
"features": [
{ "type": "Feature", "properties": { "particle": 0, "seed_idx": 0, "valid": true, "snap_water": false, "snap_m": 0.0 }, "geometry": { "type": "Point", "coordinates": [ -0.313720107078552, 5.504810333251953 ] } },
{ "type": "Feature", "properties": { "particle": 1, "seed_idx": 0, "valid": true, "snap_water": false, "snap_m": 0.0 }, "geometry": { "type": "Point", "coordinates": [ -0.322272628545761, 5.509693145751953 ] } },
{ "type": "Feature", "properties": { "particle": 2, "seed_idx": 0, "valid": true, "snap_water": false, "snap_m": 0.0 }, "geometry": { "type": "Point", "coordinates": [ -0.317571401596069, 5.507111549377441 ] } },
{ "type": "Feature", "properties": { "particle": 3, "seed_idx": 0, "valid": true, "snap_water": false, "snap_m": 0.0 }, "geometry": { "type": "Point", "coordinates": [ -0.313024044036865, 5.504611015319824 ] } },
{ "type": "Feature", "properties": { "particle": 4, "seed_idx": 0, "valid": true, "snap_water": false, "snap_m": 0.0 }, "geometry": { "type": "Point", "coordinates": [ -0.313717216253281, 5.504801273345947 ] } },
{ "type": "Feature", "properties": { "particle": 5, "seed_idx": 0, "valid": true, "snap_water": false, "snap_m": 0.0 }, "geometry": { "type": "Point", "coordinates": [ -0.312858730554581, 5.504884243011475 ] } },
{ "type": "Feature", "properties": { "particle": 6, "seed_idx": 0, "valid": true, "snap_water": false, "snap_m": 0.0 }, "geometry": { "type": "Point", "coordinates": [ -0.31777685880661, 5.507666110992432 ] } },
{ "type": "Feature", "properties": { "particle": 7, "seed_idx": 0, "valid": true, "snap_water": true, "snap_m": 57.162567 }, "geometry": { "type": "Point", "coordinates": [ -0.31700000166893, 5.504000186920166 ] } },
{ "type": "Feature", "properties": { "particle": 8, "seed_idx": 0, "valid": true, "snap_water": false, "snap_m": 0.0 }, "geometry": { "type": "Point", "coordinates": [ -0.319121599197388, 5.507827758789062 ] } },
{ "type": "Feature", "properties": { "particle": 9, "seed_idx": 0, "valid": true, "snap_water": false, "snap_m": 0.0 }, "geometry": { "type": "Point", "coordinates": [ -0.322480946779251, 5.509675979614258 ] } },
{ "type": "Feature", "properties": { "particle": 10, "seed_idx": 0, "valid": true, "snap_water": false, "snap_m": 0.0 }, "geometry": { "type": "Point", "coordinates": [ -0.323026895523071, 5.508628845214844 ] } },
{ "type": "Feature", "properties": { "particle": 11, "seed_idx": 0, "valid": true, "snap_water": false, "snap_m": 0.0 }, "geometry": { "type": "Point", "coordinates": [ -0.321862757205963, 5.509947299957275 ] } },
{ "type": "Feature", "properties": { "particle": 12, "seed_idx": 0, "valid": true, "snap_water": false, "snap_m": 0.0 }, "geometry": { "type": "Point", "coordinates": [ -0.322819381952286, 5.509416580200195 ] } },
{ "type": "Feature", "properties": { "particle": 13, "seed_idx": 0, "valid": true, "snap_water": false, "snap_m": 0.0 }, "geometry": { "type": "Point", "coordinates": [ -0.321850091218948, 5.509961128234863 ] } },
{ "type": "Feature", "properties": { "particle": 14, "seed_idx": 0, "valid": true, "snap_water": false, "snap_m": 0.0 }, "geometry": { "type": "Point", "coordinates": [ -0.312895536422729, 5.504677295684814 ] } },
{ "type": "Feature", "properties": { "particle": 15, "seed_idx": 0, "valid": true, "snap_water": false, "snap_m": 0.0 }, "geometry": { "type": "Point", "coordinates": [ -0.321788221597672, 5.509934425354004 ] } },
{ "type": "Feature", "properties": { "particle": 16, "seed_idx": 0, "valid": true, "snap_water": false, "snap_m": 0.0 }, "geometry": { "type": "Point", "coordinates": [ -0.315765231847763, 5.506202697753906 ] } },
{ "type": "Feature", "properties": { "particle": 17, "seed_idx": 0, "valid": true, "snap_water": false, "snap_m": 0.0 }, "geometry": { "type": "Point", "coordinates": [ -0.321424037218094, 5.509100914001465 ] } },
{ "type": "Feature", "properties": { "particle": 18, "seed_idx": 0, "valid": true, "snap_water": false, "snap_m": 0.0 }, "geometry": { "type": "Point", "coordinates": [ -0.313062876462936, 5.504951953887939 ] } },
{ "type": "Feature", "properties": { "particle": 19, "seed_idx": 0, "valid": true, "snap_water": false, "snap_m": 0.0 }, "geometry": { "type": "Point", "coordinates": [ -0.312994092702866, 5.50504207611084 ] } },
{ "type": "Feature", "properties": { "particle": 20, "seed_idx": 1, "valid": true, "snap_water": false, "snap_m": 0.0 }, "geometry": { "type": "Point", "coordinates": [ -0.322117775678635, 5.509432315826416 ] } },
{ "type": "Feature", "properties": { "particle": 21, "seed_idx": 1, "valid": true, "snap_water": false, "snap_m": 0.0 }, "geometry": { "type": "Point", "coordinates": [ -0.321793079376221, 5.510174751281738 ] } },
{ "type": "Feature", "properties": { "particle": 22, "seed_idx": 1, "valid": true, "snap_water": false, "snap_m": 0.0 }, "geometry": { "type": "Point", "coordinates": [ -0.321944624185562, 5.509851455688477 ] } },
{ "type": "Feature", "properties": { "particle": 23, "seed_idx": 1, "valid": true, "snap_water": false, "snap_m": 0.0 }, "geometry": { "type": "Point", "coordinates": [ -0.313236087560654, 5.504697799682617 ] } },
{ "type": "Feature", "properties": { "particle": 24, "seed_idx": 1, "valid": true, "snap_water": false, "snap_m": 0.0 }, "geometry": { "type": "Point", "coordinates": [ -0.322007417678833, 5.509750843048096 ] } },
{ "type": "Feature", "properties": { "particle": 25, "seed_idx": 1, "valid": true, "snap_water": false, "snap_m": 0.0 }, "geometry": { "type": "Point", "coordinates": [ -0.316285163164139, 5.506434440612793 ] } },
{ "type": "Feature", "properties": { "particle": 26, "seed_idx": 1, "valid": true, "snap_water": false, "snap_m": 0.0 }, "geometry": { "type": "Point", "coordinates": [ -0.321869015693665, 5.509696960449219 ] } },
{ "type": "Feature", "properties": { "particle": 27, "seed_idx": 1, "valid": true, "snap_water": false, "snap_m": 0.0 }, "geometry": { "type": "Point", "coordinates": [ -0.313593357801437, 5.504613399505615 ] } },
{ "type": "Feature", "properties": { "particle": 28, "seed_idx": 1, "valid": true, "snap_water": false, "snap_m": 0.0 }, "geometry": { "type": "Point", "coordinates": [ -0.32359567284584, 5.508548736572266 ] } },
{ "type": "Feature", "properties": { "particle": 29, "seed_idx": 1, "valid": true, "snap_water": false, "snap_m": 0.0 }, "geometry": { "type": "Point", "coordinates": [ -0.322296380996704, 5.509787082672119 ] } },
{ "type": "Feature", "properties": { "particle": 30, "seed_idx": 1, "valid": true, "snap_water": false, "snap_m": 0.0 }, "geometry": { "type": "Point", "coordinates": [ -0.322037130594254, 5.509167671203613 ] } },
{ "type": "Feature", "properties": { "particle": 31, "seed_idx": 1, "valid": true, "snap_water": false, "snap_m": 0.0 }, "geometry": { "type": "Point", "coordinates": [ -0.318598479032516, 5.507944583892822 ] } },
{ "type": "Feature", "properties": { "particle": 32, "seed_idx": 1, "valid": true, "snap_water": false, "snap_m": 0.0 }, "geometry": { "type": "Point", "coordinates": [ -0.315156102180481, 5.504584789276123 ] } },
{ "type": "Feature", "properties": { "particle": 33, "seed_idx": 1, "valid": true, "snap_water": false, "snap_m": 0.0 }, "geometry": { "type": "Point", "coordinates": [ -0.313672363758087, 5.504609107971191 ] } },
{ "type": "Feature", "properties": { "particle": 34, "seed_idx": 1, "valid": true, "snap_water": false, "snap_m": 0.0 }, "geometry": { "type": "Point", "coordinates": [ -0.313701838254929, 5.504628658294678 ] } },
{ "type": "Feature", "properties": { "particle": 35, "seed_idx": 1, "valid": true, "snap_water": false, "snap_m": 0.0 }, "geometry": { "type": "Point", "coordinates": [ -0.321899771690369, 5.509819507598877 ] } },
{ "type": "Feature", "properties": { "particle": 36, "seed_idx": 1, "valid": true, "snap_water": false, "snap_m": 0.0 }, "geometry": { "type": "Point", "coordinates": [ -0.313150346279144, 5.504795551300049 ] } },
{ "type": "Feature", "properties": { "particle": 37, "seed_idx": 1, "valid": true, "snap_water": false, "snap_m": 0.0 }, "geometry": { "type": "Point", "coordinates": [ -0.322206854820251, 5.509718418121338 ] } },
{ "type": "Feature", "properties": { "particle": 38, "seed_idx": 1, "valid": true, "snap_water": false, "snap_m": 0.0 }, "geometry": { "type": "Point", "coordinates": [ -0.31305730342865, 5.504848003387451 ] } },
{ "type": "Feature", "properties": { "particle": 39, "seed_idx": 1, "valid": true, "snap_water": false, "snap_m": 0.0 }, "geometry": { "type": "Point", "coordinates": [ -0.313255578279495, 5.504744529724121 ] } },
{ "type": "Feature", "properties": { "particle": 40, "seed_idx": 2, "valid": true, "snap_water": false, "snap_m": 0.0 }, "geometry": { "type": "Point", "coordinates": [ -0.320464253425598, 5.508682727813721 ] } },
{ "type": "Feature", "properties": { "particle": 41, "seed_idx": 2, "valid": true, "snap_water": false, "snap_m": 0.0 }, "geometry": { "type": "Point", "coordinates": [ -0.321458965539932, 5.507747173309326 ] } },
{ "type": "Feature", "properties": { "particle": 42, "seed_idx": 2, "valid": true, "snap_water": false, "snap_m": 0.0 }, "geometry": { "type": "Point", "coordinates": [ -0.319343477487564, 5.508223533630371 ] } },
{ "type": "Feature", "properties": { "particle": 43, "seed_idx": 2, "valid": true, "snap_water": false, "snap_m": 0.0 }, "geometry": { "type": "Point", "coordinates": [ -0.313427001237869, 5.504753112792969 ] } },
{ "type": "Feature", "properties": { "particle": 44, "seed_idx": 2, "valid": true, "snap_water": false, "snap_m": 0.0 }, "geometry": { "type": "Point", "coordinates": [ -0.313340604305267, 5.504747867584229 ] } },
{ "type": "Feature", "properties": { "particle": 45, "seed_idx": 2, "valid": true, "snap_water": false, "snap_m": 0.0 }, "geometry": { "type": "Point", "coordinates": [ -0.321512252092361, 5.507407665252686 ] } },
{ "type": "Feature", "properties": { "particle": 46, "seed_idx": 2, "valid": true, "snap_water": false, "snap_m": 0.0 }, "geometry": { "type": "Point", "coordinates": [ -0.32101035118103, 5.507946491241455 ] } },
{ "type": "Feature", "properties": { "particle": 47, "seed_idx": 2, "valid": true, "snap_water": false, "snap_m": 0.0 }, "geometry": { "type": "Point", "coordinates": [ -0.320932626724243, 5.508896350860596 ] } },
{ "type": "Feature", "properties": { "particle": 48, "seed_idx": 2, "valid": true, "snap_water": false, "snap_m": 0.0 }, "geometry": { "type": "Point", "coordinates": [ -0.321157932281494, 5.509074211120605 ] } },
{ "type": "Feature", "properties": { "particle": 49, "seed_idx": 2, "valid": true, "snap_water": false, "snap_m": 0.0 }, "geometry": { "type": "Point", "coordinates": [ -0.320392966270447, 5.509071826934814 ] } },
{ "type": "Feature", "properties": { "particle": 50, "seed_idx": 2, "valid": true, "snap_water": false, "snap_m": 0.0 }, "geometry": { "type": "Point", "coordinates": [ -0.321184396743774, 5.508596420288086 ] } },
{ "type": "Feature", "properties": { "particle": 51, "seed_idx": 2, "valid": true, "snap_water": false, "snap_m": 0.0 }, "geometry": { "type": "Point", "coordinates": [ -0.320636302232742, 5.508622169494629 ] } },
{ "type": "Feature", "properties": { "particle": 52, "seed_idx": 2, "valid": true, "snap_water": false, "snap_m": 0.0 }, "geometry": { "type": "Point", "coordinates": [ -0.318627625703812, 5.507863521575928 ] } },
{ "type": "Feature", "properties": { "particle": 53, "seed_idx": 2, "valid": true, "snap_water": false, "snap_m": 0.0 }, "geometry": { "type": "Point", "coordinates": [ -0.321419596672058, 5.509092807769775 ] } },
{ "type": "Feature", "properties": { "particle": 54, "seed_idx": 2, "valid": true, "snap_water": false, "snap_m": 0.0 }, "geometry": { "type": "Point", "coordinates": [ -0.31363844871521, 5.504611492156982 ] } },
{ "type": "Feature", "properties": { "particle": 55, "seed_idx": 2, "valid": true, "snap_water": false, "snap_m": 0.0 }, "geometry": { "type": "Point", "coordinates": [ -0.313542485237122, 5.504610538482666 ] } },
{ "type": "Feature", "properties": { "particle": 56, "seed_idx": 2, "valid": true, "snap_water": false, "snap_m": 0.0 }, "geometry": { "type": "Point", "coordinates": [ -0.320837944746017, 5.508728981018066 ] } },
{ "type": "Feature", "properties": { "particle": 57, "seed_idx": 2, "valid": true, "snap_water": false, "snap_m": 0.0 }, "geometry": { "type": "Point", "coordinates": [ -0.320763111114502, 5.509303569793701 ] } },
{ "type": "Feature", "properties": { "particle": 58, "seed_idx": 2, "valid": true, "snap_water": false, "snap_m": 0.0 }, "geometry": { "type": "Point", "coordinates": [ -0.320865213871002, 5.50873851776123 ] } },
{ "type": "Feature", "properties": { "particle": 59, "seed_idx": 2, "valid": true, "snap_water": false, "snap_m": 0.0 }, "geometry": { "type": "Point", "coordinates": [ -0.320225983858109, 5.509199142456055 ] } },
{ "type": "Feature", "properties": { "particle": 60, "seed_idx": 3, "valid": true, "snap_water": false, "snap_m": 0.0 }, "geometry": { "type": "Point", "coordinates": [ -0.322112232446671, 5.508706092834473 ] } },
{ "type": "Feature", "properties": { "particle": 61, "seed_idx": 3, "valid": true, "snap_water": false, "snap_m": 0.0 }, "geometry": { "type": "Point", "coordinates": [ -0.32255882024765, 5.508100509643555 ] } },
{ "type": "Feature", "properties": { "particle": 62, "seed_idx": 3, "valid": true, "snap_water": false, "snap_m": 0.0 }, "geometry": { "type": "Point", "coordinates": [ -0.32220271229744, 5.507707595825195 ] } },
{ "type": "Feature", "properties": { "particle": 63, "seed_idx": 3, "valid": true, "snap_water": false, "snap_m": 0.0 }, "geometry": { "type": "Point", "coordinates": [ -0.322777569293976, 5.508090019226074 ] } },
{ "type": "Feature", "properties": { "particle": 64, "seed_idx": 3, "valid": true, "snap_water": false, "snap_m": 0.0 }, "geometry": { "type": "Point", "coordinates": [ -0.321554273366928, 5.508941173553467 ] } },
{ "type": "Feature", "properties": { "particle": 65, "seed_idx": 3, "valid": true, "snap_water": false, "snap_m": 0.0 }, "geometry": { "type": "Point", "coordinates": [ -0.322685688734055, 5.508147716522217 ] } },
{ "type": "Feature", "properties": { "particle": 66, "seed_idx": 3, "valid": true, "snap_water": false, "snap_m": 0.0 }, "geometry": { "type": "Point", "coordinates": [ -0.323029726743698, 5.50806188583374 ] } },
{ "type": "Feature", "properties": { "particle": 67, "seed_idx": 3, "valid": true, "snap_water": false, "snap_m": 0.0 }, "geometry": { "type": "Point", "coordinates": [ -0.321283131837845, 5.508983135223389 ] } },
{ "type": "Feature", "properties": { "particle": 68, "seed_idx": 3, "valid": true, "snap_water": false, "snap_m": 0.0 }, "geometry": { "type": "Point", "coordinates": [ -0.322190314531326, 5.507975578308105 ] } },
{ "type": "Feature", "properties": { "particle": 69, "seed_idx": 3, "valid": true, "snap_water": false, "snap_m": 0.0 }, "geometry": { "type": "Point", "coordinates": [ -0.321935385465622, 5.509023666381836 ] } },
{ "type": "Feature", "properties": { "particle": 70, "seed_idx": 3, "valid": true, "snap_water": false, "snap_m": 0.0 }, "geometry": { "type": "Point", "coordinates": [ -0.321660667657852, 5.508626937866211 ] } },
{ "type": "Feature", "properties": { "particle": 71, "seed_idx": 3, "valid": true, "snap_water": false, "snap_m": 0.0 }, "geometry": { "type": "Point", "coordinates": [ -0.322525501251221, 5.508275032043457 ] } },
{ "type": "Feature", "properties": { "particle": 72, "seed_idx": 3, "valid": true, "snap_water": false, "snap_m": 0.0 }, "geometry": { "type": "Point", "coordinates": [ -0.321187049150467, 5.508633136749268 ] } },
{ "type": "Feature", "properties": { "particle": 73, "seed_idx": 3, "valid": true, "snap_water": false, "snap_m": 0.0 }, "geometry": { "type": "Point", "coordinates": [ -0.321660488843918, 5.508678436279297 ] } },
{ "type": "Feature", "properties": { "particle": 74, "seed_idx": 3, "valid": true, "snap_water": false, "snap_m": 0.0 }, "geometry": { "type": "Point", "coordinates": [ -0.321471631526947, 5.508481502532959 ] } },
{ "type": "Feature", "properties": { "particle": 75, "seed_idx": 3, "valid": true, "snap_water": false, "snap_m": 0.0 }, "geometry": { "type": "Point", "coordinates": [ -0.321292012929916, 5.50908374786377 ] } },
{ "type": "Feature", "properties": { "particle": 76, "seed_idx": 3, "valid": true, "snap_water": false, "snap_m": 0.0 }, "geometry": { "type": "Point", "coordinates": [ -0.321294218301773, 5.508933067321777 ] } },
{ "type": "Feature", "properties": { "particle": 77, "seed_idx": 3, "valid": true, "snap_water": false, "snap_m": 0.0 }, "geometry": { "type": "Point", "coordinates": [ -0.322161078453064, 5.508621215820312 ] } },
{ "type": "Feature", "properties": { "particle": 78, "seed_idx": 3, "valid": true, "snap_water": false, "snap_m": 0.0 }, "geometry": { "type": "Point", "coordinates": [ -0.320648521184921, 5.509090900421143 ] } },
{ "type": "Feature", "properties": { "particle": 79, "seed_idx": 3, "valid": true, "snap_water": false, "snap_m": 0.0 }, "geometry": { "type": "Point", "coordinates": [ -0.321844428777695, 5.508198738098145 ] } },
{ "type": "Feature", "properties": { "particle": 80, "seed_idx": 4, "valid": true, "snap_water": false, "snap_m": 0.0 }, "geometry": { "type": "Point", "coordinates": [ -0.321760237216949, 5.508655548095703 ] } },
{ "type": "Feature", "properties": { "particle": 81, "seed_idx": 4, "valid": true, "snap_water": false, "snap_m": 0.0 }, "geometry": { "type": "Point", "coordinates": [ -0.321446657180786, 5.508874416351318 ] } },
{ "type": "Feature", "properties": { "particle": 82, "seed_idx": 4, "valid": true, "snap_water": false, "snap_m": 0.0 }, "geometry": { "type": "Point", "coordinates": [ -0.322078913450241, 5.507902145385742 ] } },
{ "type": "Feature", "properties": { "particle": 83, "seed_idx": 4, "valid": true, "snap_water": false, "snap_m": 0.0 }, "geometry": { "type": "Point", "coordinates": [ -0.322434812784195, 5.509139060974121 ] } },
{ "type": "Feature", "properties": { "particle": 84, "seed_idx": 4, "valid": true, "snap_water": false, "snap_m": 0.0 }, "geometry": { "type": "Point", "coordinates": [ -0.32129043340683, 5.508621215820312 ] } },
{ "type": "Feature", "properties": { "particle": 85, "seed_idx": 4, "valid": true, "snap_water": false, "snap_m": 0.0 }, "geometry": { "type": "Point", "coordinates": [ -0.322177946567535, 5.508635520935059 ] } },
{ "type": "Feature", "properties": { "particle": 86, "seed_idx": 4, "valid": true, "snap_water": false, "snap_m": 0.0 }, "geometry": { "type": "Point", "coordinates": [ -0.321766078472137, 5.508677005767822 ] } },
{ "type": "Feature", "properties": { "particle": 87, "seed_idx": 4, "valid": true, "snap_water": false, "snap_m": 0.0 }, "geometry": { "type": "Point", "coordinates": [ -0.322403788566589, 5.508643627166748 ] } },
{ "type": "Feature", "properties": { "particle": 88, "seed_idx": 4, "valid": true, "snap_water": false, "snap_m": 0.0 }, "geometry": { "type": "Point", "coordinates": [ -0.321626573801041, 5.508976459503174 ] } },
{ "type": "Feature", "properties": { "particle": 89, "seed_idx": 4, "valid": true, "snap_water": false, "snap_m": 0.0 }, "geometry": { "type": "Point", "coordinates": [ -0.322069644927979, 5.50855016708374 ] } },
{ "type": "Feature", "properties": { "particle": 90, "seed_idx": 4, "valid": true, "snap_water": false, "snap_m": 0.0 }, "geometry": { "type": "Point", "coordinates": [ -0.322256565093994, 5.507822036743164 ] } },
{ "type": "Feature", "properties": { "particle": 91, "seed_idx": 4, "valid": true, "snap_water": false, "snap_m": 0.0 }, "geometry": { "type": "Point", "coordinates": [ -0.321219176054001, 5.509077072143555 ] } },
{ "type": "Feature", "properties": { "particle": 92, "seed_idx": 4, "valid": true, "snap_water": false, "snap_m": 0.0 }, "geometry": { "type": "Point", "coordinates": [ -0.320951610803604, 5.509107112884521 ] } },
{ "type": "Feature", "properties": { "particle": 93, "seed_idx": 4, "valid": true, "snap_water": false, "snap_m": 0.0 }, "geometry": { "type": "Point", "coordinates": [ -0.321852505207062, 5.508888721466064 ] } },
{ "type": "Feature", "properties": { "particle": 94, "seed_idx": 4, "valid": true, "snap_water": false, "snap_m": 0.0 }, "geometry": { "type": "Point", "coordinates": [ -0.322681069374084, 5.508235931396484 ] } },
{ "type": "Feature", "properties": { "particle": 95, "seed_idx": 4, "valid": true, "snap_water": false, "snap_m": 0.0 }, "geometry": { "type": "Point", "coordinates": [ -0.320734560489655, 5.505772590637207 ] } },
{ "type": "Feature", "properties": { "particle": 96, "seed_idx": 4, "valid": true, "snap_water": false, "snap_m": 0.0 }, "geometry": { "type": "Point", "coordinates": [ -0.322743117809296, 5.50823974609375 ] } },
{ "type": "Feature", "properties": { "particle": 97, "seed_idx": 4, "valid": true, "snap_water": false, "snap_m": 0.0 }, "geometry": { "type": "Point", "coordinates": [ -0.322692811489105, 5.50842809677124 ] } },
{ "type": "Feature", "properties": { "particle": 98, "seed_idx": 4, "valid": true, "snap_water": false, "snap_m": 0.0 }, "geometry": { "type": "Point", "coordinates": [ -0.321811378002167, 5.509020328521729 ] } },
{ "type": "Feature", "properties": { "particle": 99, "seed_idx": 4, "valid": true, "snap_water": false, "snap_m": 0.0 }, "geometry": { "type": "Point", "coordinates": [ -0.322017669677734, 5.508457183837891 ] } },
{ "type": "Feature", "properties": { "particle": 100, "seed_idx": 5, "valid": true, "snap_water": false, "snap_m": 0.0 }, "geometry": { "type": "Point", "coordinates": [ -0.319331854581833, 5.509713172912598 ] } },
{ "type": "Feature", "properties": { "particle": 101, "seed_idx": 5, "valid": true, "snap_water": false, "snap_m": 0.0 }, "geometry": { "type": "Point", "coordinates": [ -0.313038408756256, 5.505421161651611 ] } },
{ "type": "Feature", "properties": { "particle": 102, "seed_idx": 5, "valid": true, "snap_water": false, "snap_m": 0.0 }, "geometry": { "type": "Point", "coordinates": [ -0.320143193006516, 5.507896900177002 ] } },
{ "type": "Feature", "properties": { "particle": 103, "seed_idx": 5, "valid": true, "snap_water": false, "snap_m": 0.0 }, "geometry": { "type": "Point", "coordinates": [ -0.312895059585571, 5.504687309265137 ] } },
{ "type": "Feature", "properties": { "particle": 104, "seed_idx": 5, "valid": true, "snap_water": false, "snap_m": 0.0 }, "geometry": { "type": "Point", "coordinates": [ -0.313071489334106, 5.505262851715088 ] } },
{ "type": "Feature", "properties": { "particle": 105, "seed_idx": 5, "valid": true, "snap_water": false, "snap_m": 0.0 }, "geometry": { "type": "Point", "coordinates": [ -0.31284511089325, 5.505109310150146 ] } },
{ "type": "Feature", "properties": { "particle": 106, "seed_idx": 5, "valid": true, "snap_water": false, "snap_m": 0.0 }, "geometry": { "type": "Point", "coordinates": [ -0.318876504898071, 5.507250785827637 ] } },
{ "type": "Feature", "properties": { "particle": 107, "seed_idx": 5, "valid": true, "snap_water": false, "snap_m": 0.0 }, "geometry": { "type": "Point", "coordinates": [ -0.321779727935791, 5.50916576385498 ] } },
{ "type": "Feature", "properties": { "particle": 108, "seed_idx": 5, "valid": true, "snap_water": false, "snap_m": 0.0 }, "geometry": { "type": "Point", "coordinates": [ -0.313524842262268, 5.504737377166748 ] } },
{ "type": "Feature", "properties": { "particle": 109, "seed_idx": 5, "valid": true, "snap_water": false, "snap_m": 0.0 }, "geometry": { "type": "Point", "coordinates": [ -0.312961280345917, 5.504959583282471 ] } },
{ "type": "Feature", "properties": { "particle": 110, "seed_idx": 5, "valid": true, "snap_water": false, "snap_m": 0.0 }, "geometry": { "type": "Point", "coordinates": [ -0.313023924827576, 5.504915714263916 ] } },
{ "type": "Feature", "properties": { "particle": 111, "seed_idx": 5, "valid": true, "snap_water": false, "snap_m": 0.0 }, "geometry": { "type": "Point", "coordinates": [ -0.312889486551285, 5.505438327789307 ] } },
{ "type": "Feature", "properties": { "particle": 112, "seed_idx": 5, "valid": true, "snap_water": false, "snap_m": 0.0 }, "geometry": { "type": "Point", "coordinates": [ -0.321089267730713, 5.50899600982666 ] } },
{ "type": "Feature", "properties": { "particle": 113, "seed_idx": 5, "valid": true, "snap_water": false, "snap_m": 0.0 }, "geometry": { "type": "Point", "coordinates": [ -0.314619451761246, 5.504711151123047 ] } },
{ "type": "Feature", "properties": { "particle": 114, "seed_idx": 5, "valid": true, "snap_water": false, "snap_m": 0.0 }, "geometry": { "type": "Point", "coordinates": [ -0.312858492136002, 5.505163669586182 ] } },
{ "type": "Feature", "properties": { "particle": 115, "seed_idx": 5, "valid": true, "snap_water": false, "snap_m": 0.0 }, "geometry": { "type": "Point", "coordinates": [ -0.312796086072922, 5.505046367645264 ] } },
{ "type": "Feature", "properties": { "particle": 116, "seed_idx": 5, "valid": true, "snap_water": false, "snap_m": 0.0 }, "geometry": { "type": "Point", "coordinates": [ -0.315850108861923, 5.506189346313477 ] } },
{ "type": "Feature", "properties": { "particle": 117, "seed_idx": 5, "valid": true, "snap_water": false, "snap_m": 0.0 }, "geometry": { "type": "Point", "coordinates": [ -0.312994539737701, 5.505009174346924 ] } },
{ "type": "Feature", "properties": { "particle": 118, "seed_idx": 5, "valid": true, "snap_water": false, "snap_m": 0.0 }, "geometry": { "type": "Point", "coordinates": [ -0.32201823592186, 5.509746551513672 ] } },
{ "type": "Feature", "properties": { "particle": 119, "seed_idx": 5, "valid": true, "snap_water": false, "snap_m": 0.0 }, "geometry": { "type": "Point", "coordinates": [ -0.321905553340912, 5.509846210479736 ] } },
{ "type": "Feature", "properties": { "particle": 120, "seed_idx": 6, "valid": true, "snap_water": false, "snap_m": 0.0 }, "geometry": { "type": "Point", "coordinates": [ -0.313670963048935, 5.504635334014893 ] } },
{ "type": "Feature", "properties": { "particle": 121, "seed_idx": 6, "valid": true, "snap_water": false, "snap_m": 0.0 }, "geometry": { "type": "Point", "coordinates": [ -0.316038012504578, 5.505861759185791 ] } },
{ "type": "Feature", "properties": { "particle": 122, "seed_idx": 6, "valid": true, "snap_water": false, "snap_m": 0.0 }, "geometry": { "type": "Point", "coordinates": [ -0.316539287567139, 5.506444931030273 ] } },
{ "type": "Feature", "properties": { "particle": 123, "seed_idx": 6, "valid": true, "snap_water": false, "snap_m": 0.0 }, "geometry": { "type": "Point", "coordinates": [ -0.31292998790741, 5.504910469055176 ] } },
{ "type": "Feature", "properties": { "particle": 124, "seed_idx": 6, "valid": true, "snap_water": false, "snap_m": 0.0 }, "geometry": { "type": "Point", "coordinates": [ -0.322022765874863, 5.509500503540039 ] } },
{ "type": "Feature", "properties": { "particle": 125, "seed_idx": 6, "valid": true, "snap_water": false, "snap_m": 0.0 }, "geometry": { "type": "Point", "coordinates": [ -0.321677684783936, 5.509429931640625 ] } },
{ "type": "Feature", "properties": { "particle": 126, "seed_idx": 6, "valid": true, "snap_water": false, "snap_m": 0.0 }, "geometry": { "type": "Point", "coordinates": [ -0.32201275229454, 5.508888244628906 ] } },
{ "type": "Feature", "properties": { "particle": 127, "seed_idx": 6, "valid": true, "snap_water": false, "snap_m": 0.0 }, "geometry": { "type": "Point", "coordinates": [ -0.313984960317612, 5.50464391708374 ] } },
{ "type": "Feature", "properties": { "particle": 128, "seed_idx": 6, "valid": true, "snap_water": false, "snap_m": 0.0 }, "geometry": { "type": "Point", "coordinates": [ -0.321800947189331, 5.509626865386963 ] } },
{ "type": "Feature", "properties": { "particle": 129, "seed_idx": 6, "valid": true, "snap_water": false, "snap_m": 0.0 }, "geometry": { "type": "Point", "coordinates": [ -0.313537269830704, 5.504764556884766 ] } },
{ "type": "Feature", "properties": { "particle": 130, "seed_idx": 6, "valid": true, "snap_water": false, "snap_m": 0.0 }, "geometry": { "type": "Point", "coordinates": [ -0.312944352626801, 5.504912376403809 ] } },
{ "type": "Feature", "properties": { "particle": 131, "seed_idx": 6, "valid": true, "snap_water": false, "snap_m": 0.0 }, "geometry": { "type": "Point", "coordinates": [ -0.312829107046127, 5.505168437957764 ] } },
{ "type": "Feature", "properties": { "particle": 132, "seed_idx": 6, "valid": true, "snap_water": false, "snap_m": 0.0 }, "geometry": { "type": "Point", "coordinates": [ -0.321314722299576, 5.509145736694336 ] } },
{ "type": "Feature", "properties": { "particle": 133, "seed_idx": 6, "valid": true, "snap_water": false, "snap_m": 0.0 }, "geometry": { "type": "Point", "coordinates": [ -0.321028649806976, 5.50816011428833 ] } },
{ "type": "Feature", "properties": { "particle": 134, "seed_idx": 6, "valid": true, "snap_water": false, "snap_m": 0.0 }, "geometry": { "type": "Point", "coordinates": [ -0.312821418046951, 5.504702568054199 ] } },
{ "type": "Feature", "properties": { "particle": 135, "seed_idx": 6, "valid": true, "snap_water": false, "snap_m": 0.0 }, "geometry": { "type": "Point", "coordinates": [ -0.312977254390717, 5.504924297332764 ] } },
{ "type": "Feature", "properties": { "particle": 136, "seed_idx": 6, "valid": true, "snap_water": false, "snap_m": 0.0 }, "geometry": { "type": "Point", "coordinates": [ -0.312906861305237, 5.504627704620361 ] } },
{ "type": "Feature", "properties": { "particle": 137, "seed_idx": 6, "valid": true, "snap_water": false, "snap_m": 0.0 }, "geometry": { "type": "Point", "coordinates": [ -0.314419090747833, 5.504725456237793 ] } },
{ "type": "Feature", "properties": { "particle": 138, "seed_idx": 6, "valid": true, "snap_water": false, "snap_m": 0.0 }, "geometry": { "type": "Point", "coordinates": [ -0.315066397190094, 5.506667613983154 ] } },
{ "type": "Feature", "properties": { "particle": 139, "seed_idx": 6, "valid": true, "snap_water": false, "snap_m": 0.0 }, "geometry": { "type": "Point", "coordinates": [ -0.315435409545898, 5.505291938781738 ] } },
{ "type": "Feature", "properties": { "particle": 140, "seed_idx": 7, "valid": true, "snap_water": false, "snap_m": 0.0 }, "geometry": { "type": "Point", "coordinates": [ -0.313703536987305, 5.504698276519775 ] } },
{ "type": "Feature", "properties": { "particle": 141, "seed_idx": 7, "valid": true, "snap_water": false, "snap_m": 0.0 }, "geometry": { "type": "Point", "coordinates": [ -0.32301253080368, 5.50868034362793 ] } },
{ "type": "Feature", "properties": { "particle": 142, "seed_idx": 7, "valid": true, "snap_water": true, "snap_m": 57.718544 }, "geometry": { "type": "Point", "coordinates": [ -0.312999993562698, 5.505000114440918 ] } },
{ "type": "Feature", "properties": { "particle": 143, "seed_idx": 7, "valid": true, "snap_water": false, "snap_m": 0.0 }, "geometry": { "type": "Point", "coordinates": [ -0.321855843067169, 5.510001182556152 ] } },
{ "type": "Feature", "properties": { "particle": 144, "seed_idx": 7, "valid": true, "snap_water": false, "snap_m": 0.0 }, "geometry": { "type": "Point", "coordinates": [ -0.313080191612244, 5.504878997802734 ] } },
{ "type": "Feature", "properties": { "particle": 145, "seed_idx": 7, "valid": true, "snap_water": false, "snap_m": 0.0 }, "geometry": { "type": "Point", "coordinates": [ -0.321931660175323, 5.509625434875488 ] } },
{ "type": "Feature", "properties": { "particle": 146, "seed_idx": 7, "valid": true, "snap_water": false, "snap_m": 0.0 }, "geometry": { "type": "Point", "coordinates": [ -0.321851193904877, 5.509598731994629 ] } },
{ "type": "Feature", "properties": { "particle": 147, "seed_idx": 7, "valid": true, "snap_water": false, "snap_m": 0.0 }, "geometry": { "type": "Point", "coordinates": [ -0.313117861747742, 5.504791259765625 ] } },
{ "type": "Feature", "properties": { "particle": 148, "seed_idx": 7, "valid": true, "snap_water": false, "snap_m": 0.0 }, "geometry": { "type": "Point", "coordinates": [ -0.321228384971619, 5.509876728057861 ] } },
{ "type": "Feature", "properties": { "particle": 149, "seed_idx": 7, "valid": true, "snap_water": false, "snap_m": 0.0 }, "geometry": { "type": "Point", "coordinates": [ -0.313097566366196, 5.504662990570068 ] } },
{ "type": "Feature", "properties": { "particle": 150, "seed_idx": 7, "valid": true, "snap_water": false, "snap_m": 0.0 }, "geometry": { "type": "Point", "coordinates": [ -0.31302997469902, 5.505111217498779 ] } },
{ "type": "Feature", "properties": { "particle": 151, "seed_idx": 7, "valid": true, "snap_water": false, "snap_m": 0.0 }, "geometry": { "type": "Point", "coordinates": [ -0.3224917948246, 5.509294986724854 ] } },
{ "type": "Feature", "properties": { "particle": 152, "seed_idx": 7, "valid": true, "snap_water": false, "snap_m": 0.0 }, "geometry": { "type": "Point", "coordinates": [ -0.312900453805923, 5.50510835647583 ] } },
{ "type": "Feature", "properties": { "particle": 153, "seed_idx": 7, "valid": true, "snap_water": false, "snap_m": 0.0 }, "geometry": { "type": "Point", "coordinates": [ -0.312781453132629, 5.505268096923828 ] } },
{ "type": "Feature", "properties": { "particle": 154, "seed_idx": 7, "valid": true, "snap_water": false, "snap_m": 0.0 }, "geometry": { "type": "Point", "coordinates": [ -0.312883973121643, 5.505088329315186 ] } },
{ "type": "Feature", "properties": { "particle": 155, "seed_idx": 7, "valid": true, "snap_water": false, "snap_m": 0.0 }, "geometry": { "type": "Point", "coordinates": [ -0.312877148389816, 5.505212306976318 ] } },
{ "type": "Feature", "properties": { "particle": 156, "seed_idx": 7, "valid": true, "snap_water": false, "snap_m": 0.0 }, "geometry": { "type": "Point", "coordinates": [ -0.320722639560699, 5.507976531982422 ] } },
{ "type": "Feature", "properties": { "particle": 157, "seed_idx": 7, "valid": true, "snap_water": false, "snap_m": 0.0 }, "geometry": { "type": "Point", "coordinates": [ -0.315820932388306, 5.505903720855713 ] } },
{ "type": "Feature", "properties": { "particle": 158, "seed_idx": 7, "valid": true, "snap_water": false, "snap_m": 0.0 }, "geometry": { "type": "Point", "coordinates": [ -0.312946915626526, 5.50486421585083 ] } },
{ "type": "Feature", "properties": { "particle": 159, "seed_idx": 7, "valid": true, "snap_water": false, "snap_m": 0.0 }, "geometry": { "type": "Point", "coordinates": [ -0.313528448343277, 5.504692077636719 ] } },
{ "type": "Feature", "properties": { "particle": 160, "seed_idx": 8, "valid": true, "snap_water": false, "snap_m": 0.0 }, "geometry": { "type": "Point", "coordinates": [ -0.31336784362793, 5.504811763763428 ] } },
{ "type": "Feature", "properties": { "particle": 161, "seed_idx": 8, "valid": true, "snap_water": false, "snap_m": 0.0 }, "geometry": { "type": "Point", "coordinates": [ -0.312952756881714, 5.504605770111084 ] } },
{ "type": "Feature", "properties": { "particle": 162, "seed_idx": 8, "valid": true, "snap_water": false, "snap_m": 0.0 }, "geometry": { "type": "Point", "coordinates": [ -0.313522338867188, 5.504663944244385 ] } },
{ "type": "Feature", "properties": { "particle": 163, "seed_idx": 8, "valid": true, "snap_water": false, "snap_m": 0.0 }, "geometry": { "type": "Point", "coordinates": [ -0.313021272420883, 5.504717350006104 ] } },
{ "type": "Feature", "properties": { "particle": 164, "seed_idx": 8, "valid": true, "snap_water": false, "snap_m": 0.0 }, "geometry": { "type": "Point", "coordinates": [ -0.313452333211899, 5.504611968994141 ] } },
{ "type": "Feature", "properties": { "particle": 165, "seed_idx": 8, "valid": true, "snap_water": false, "snap_m": 0.0 }, "geometry": { "type": "Point", "coordinates": [ -0.322840213775635, 5.509020805358887 ] } },
{ "type": "Feature", "properties": { "particle": 166, "seed_idx": 8, "valid": true, "snap_water": false, "snap_m": 0.0 }, "geometry": { "type": "Point", "coordinates": [ -0.31798192858696, 5.505816459655762 ] } },
{ "type": "Feature", "properties": { "particle": 167, "seed_idx": 8, "valid": true, "snap_water": false, "snap_m": 0.0 }, "geometry": { "type": "Point", "coordinates": [ -0.323072999715805, 5.507895469665527 ] } },
{ "type": "Feature", "properties": { "particle": 168, "seed_idx": 8, "valid": true, "snap_water": false, "snap_m": 0.0 }, "geometry": { "type": "Point", "coordinates": [ -0.312940090894699, 5.504841327667236 ] } },
{ "type": "Feature", "properties": { "particle": 169, "seed_idx": 8, "valid": true, "snap_water": false, "snap_m": 0.0 }, "geometry": { "type": "Point", "coordinates": [ -0.312959015369415, 5.504992485046387 ] } },
{ "type": "Feature", "properties": { "particle": 170, "seed_idx": 8, "valid": true, "snap_water": false, "snap_m": 0.0 }, "geometry": { "type": "Point", "coordinates": [ -0.31847083568573, 5.506551742553711 ] } },
{ "type": "Feature", "properties": { "particle": 171, "seed_idx": 8, "valid": true, "snap_water": false, "snap_m": 0.0 }, "geometry": { "type": "Point", "coordinates": [ -0.322047173976898, 5.510235786437988 ] } },
{ "type": "Feature", "properties": { "particle": 172, "seed_idx": 8, "valid": true, "snap_water": false, "snap_m": 0.0 }, "geometry": { "type": "Point", "coordinates": [ -0.319973289966583, 5.50886344909668 ] } },
{ "type": "Feature", "properties": { "particle": 173, "seed_idx": 8, "valid": true, "snap_water": false, "snap_m": 0.0 }, "geometry": { "type": "Point", "coordinates": [ -0.314168244600296, 5.504579544067383 ] } },
{ "type": "Feature", "properties": { "particle": 174, "seed_idx": 8, "valid": true, "snap_water": false, "snap_m": 0.0 }, "geometry": { "type": "Point", "coordinates": [ -0.319749146699905, 5.508677005767822 ] } },
{ "type": "Feature", "properties": { "particle": 175, "seed_idx": 8, "valid": true, "snap_water": false, "snap_m": 0.0 }, "geometry": { "type": "Point", "coordinates": [ -0.321675509214401, 5.510018348693848 ] } },
{ "type": "Feature", "properties": { "particle": 176, "seed_idx": 8, "valid": true, "snap_water": false, "snap_m": 0.0 }, "geometry": { "type": "Point", "coordinates": [ -0.321469992399216, 5.509343147277832 ] } },
{ "type": "Feature", "properties": { "particle": 177, "seed_idx": 8, "valid": true, "snap_water": false, "snap_m": 0.0 }, "geometry": { "type": "Point", "coordinates": [ -0.313581168651581, 5.504790782928467 ] } },
{ "type": "Feature", "properties": { "particle": 178, "seed_idx": 8, "valid": true, "snap_water": false, "snap_m": 0.0 }, "geometry": { "type": "Point", "coordinates": [ -0.322790324687958, 5.507588386535645 ] } },
{ "type": "Feature", "properties": { "particle": 179, "seed_idx": 8, "valid": true, "snap_water": false, "snap_m": 0.0 }, "geometry": { "type": "Point", "coordinates": [ -0.313559353351593, 5.50468111038208 ] } },
{ "type": "Feature", "properties": { "particle": 180, "seed_idx": 9, "valid": true, "snap_water": false, "snap_m": 0.0 }, "geometry": { "type": "Point", "coordinates": [ -0.312770992517471, 5.505144119262695 ] } },
{ "type": "Feature", "properties": { "particle": 181, "seed_idx": 9, "valid": true, "snap_water": false, "snap_m": 0.0 }, "geometry": { "type": "Point", "coordinates": [ -0.320038735866547, 5.509008407592773 ] } },
{ "type": "Feature", "properties": { "particle": 182, "seed_idx": 9, "valid": true, "snap_water": false, "snap_m": 0.0 }, "geometry": { "type": "Point", "coordinates": [ -0.312912821769714, 5.505226135253906 ] } },
{ "type": "Feature", "properties": { "particle": 183, "seed_idx": 9, "valid": true, "snap_water": false, "snap_m": 0.0 }, "geometry": { "type": "Point", "coordinates": [ -0.312806308269501, 5.504978179931641 ] } },
{ "type": "Feature", "properties": { "particle": 184, "seed_idx": 9, "valid": true, "snap_water": false, "snap_m": 0.0 }, "geometry": { "type": "Point", "coordinates": [ -0.312812209129333, 5.505334854125977 ] } },
{ "type": "Feature", "properties": { "particle": 185, "seed_idx": 9, "valid": true, "snap_water": false, "snap_m": 0.0 }, "geometry": { "type": "Point", "coordinates": [ -0.312786906957626, 5.504915714263916 ] } },
{ "type": "Feature", "properties": { "particle": 186, "seed_idx": 9, "valid": true, "snap_water": false, "snap_m": 0.0 }, "geometry": { "type": "Point", "coordinates": [ -0.313068360090256, 5.505088329315186 ] } },
{ "type": "Feature", "properties": { "particle": 187, "seed_idx": 9, "valid": true, "snap_water": false, "snap_m": 0.0 }, "geometry": { "type": "Point", "coordinates": [ -0.31369748711586, 5.504702568054199 ] } },
{ "type": "Feature", "properties": { "particle": 188, "seed_idx": 9, "valid": true, "snap_water": false, "snap_m": 0.0 }, "geometry": { "type": "Point", "coordinates": [ -0.319273084402084, 5.509666919708252 ] } },
{ "type": "Feature", "properties": { "particle": 189, "seed_idx": 9, "valid": true, "snap_water": false, "snap_m": 0.0 }, "geometry": { "type": "Point", "coordinates": [ -0.319315612316132, 5.509649753570557 ] } },
{ "type": "Feature", "properties": { "particle": 190, "seed_idx": 9, "valid": true, "snap_water": false, "snap_m": 0.0 }, "geometry": { "type": "Point", "coordinates": [ -0.312857180833817, 5.505040168762207 ] } },
{ "type": "Feature", "properties": { "particle": 191, "seed_idx": 9, "valid": true, "snap_water": false, "snap_m": 0.0 }, "geometry": { "type": "Point", "coordinates": [ -0.316225171089172, 5.506394863128662 ] } },
{ "type": "Feature", "properties": { "particle": 192, "seed_idx": 9, "valid": true, "snap_water": false, "snap_m": 0.0 }, "geometry": { "type": "Point", "coordinates": [ -0.313379615545273, 5.504490852355957 ] } },
{ "type": "Feature", "properties": { "particle": 193, "seed_idx": 9, "valid": true, "snap_water": false, "snap_m": 0.0 }, "geometry": { "type": "Point", "coordinates": [ -0.312791079282761, 5.505206108093262 ] } },
{ "type": "Feature", "properties": { "particle": 194, "seed_idx": 9, "valid": true, "snap_water": false, "snap_m": 0.0 }, "geometry": { "type": "Point", "coordinates": [ -0.322608023881912, 5.50940465927124 ] } },
{ "type": "Feature", "properties": { "particle": 195, "seed_idx": 9, "valid": true, "snap_water": false, "snap_m": 0.0 }, "geometry": { "type": "Point", "coordinates": [ -0.318890005350113, 5.509798049926758 ] } },
{ "type": "Feature", "properties": { "particle": 196, "seed_idx": 9, "valid": true, "snap_water": false, "snap_m": 0.0 }, "geometry": { "type": "Point", "coordinates": [ -0.312811732292175, 5.505335330963135 ] } },
{ "type": "Feature", "properties": { "particle": 197, "seed_idx": 9, "valid": true, "snap_water": false, "snap_m": 0.0 }, "geometry": { "type": "Point", "coordinates": [ -0.313216626644135, 5.504792213439941 ] } },
{ "type": "Feature", "properties": { "particle": 198, "seed_idx": 9, "valid": true, "snap_water": false, "snap_m": 0.0 }, "geometry": { "type": "Point", "coordinates": [ -0.312795370817184, 5.504889011383057 ] } },
{ "type": "Feature", "properties": { "particle": 199, "seed_idx": 9, "valid": true, "snap_water": false, "snap_m": 0.0 }, "geometry": { "type": "Point", "coordinates": [ -0.318833649158478, 5.509913444519043 ] } },
{ "type": "Feature", "properties": { "particle": 200, "seed_idx": 10, "valid": true, "snap_water": false, "snap_m": 0.0 }, "geometry": { "type": "Point", "coordinates": [ -0.318895816802979, 5.509785652160645 ] } },
{ "type": "Feature", "properties": { "particle": 201, "seed_idx": 10, "valid": true, "snap_water": false, "snap_m": 0.0 }, "geometry": { "type": "Point", "coordinates": [ -0.31278458237648, 5.505486488342285 ] } },
{ "type": "Feature", "properties": { "particle": 202, "seed_idx": 10, "valid": true, "snap_water": false, "snap_m": 0.0 }, "geometry": { "type": "Point", "coordinates": [ -0.312824159860611, 5.505061149597168 ] } },
{ "type": "Feature", "properties": { "particle": 203, "seed_idx": 10, "valid": true, "snap_water": false, "snap_m": 0.0 }, "geometry": { "type": "Point", "coordinates": [ -0.313182830810547, 5.50468921661377 ] } },
{ "type": "Feature", "properties": { "particle": 204, "seed_idx": 10, "valid": true, "snap_water": false, "snap_m": 0.0 }, "geometry": { "type": "Point", "coordinates": [ -0.318807542324066, 5.509932041168213 ] } },
{ "type": "Feature", "properties": { "particle": 205, "seed_idx": 10, "valid": true, "snap_water": false, "snap_m": 0.0 }, "geometry": { "type": "Point", "coordinates": [ -0.313073396682739, 5.50505542755127 ] } },
{ "type": "Feature", "properties": { "particle": 206, "seed_idx": 10, "valid": true, "snap_water": false, "snap_m": 0.0 }, "geometry": { "type": "Point", "coordinates": [ -0.318839520215988, 5.509905338287354 ] } },
{ "type": "Feature", "properties": { "particle": 207, "seed_idx": 10, "valid": true, "snap_water": false, "snap_m": 0.0 }, "geometry": { "type": "Point", "coordinates": [ -0.318844944238663, 5.509885787963867 ] } },
{ "type": "Feature", "properties": { "particle": 208, "seed_idx": 10, "valid": true, "snap_water": false, "snap_m": 0.0 }, "geometry": { "type": "Point", "coordinates": [ -0.312785863876343, 5.505176544189453 ] } },
{ "type": "Feature", "properties": { "particle": 209, "seed_idx": 10, "valid": true, "snap_water": false, "snap_m": 0.0 }, "geometry": { "type": "Point", "coordinates": [ -0.313080310821533, 5.505458831787109 ] } },
{ "type": "Feature", "properties": { "particle": 210, "seed_idx": 10, "valid": true, "snap_water": false, "snap_m": 0.0 }, "geometry": { "type": "Point", "coordinates": [ -0.31304195523262, 5.505204677581787 ] } },
{ "type": "Feature", "properties": { "particle": 211, "seed_idx": 10, "valid": true, "snap_water": false, "snap_m": 0.0 }, "geometry": { "type": "Point", "coordinates": [ -0.32013875246048, 5.509629249572754 ] } },
{ "type": "Feature", "properties": { "particle": 212, "seed_idx": 10, "valid": true, "snap_water": false, "snap_m": 0.0 }, "geometry": { "type": "Point", "coordinates": [ -0.318920373916626, 5.509623527526855 ] } },
{ "type": "Feature", "properties": { "particle": 213, "seed_idx": 10, "valid": true, "snap_water": false, "snap_m": 0.0 }, "geometry": { "type": "Point", "coordinates": [ -0.313016027212143, 5.505040168762207 ] } },
{ "type": "Feature", "properties": { "particle": 214, "seed_idx": 10, "valid": true, "snap_water": false, "snap_m": 0.0 }, "geometry": { "type": "Point", "coordinates": [ -0.32000321149826, 5.507735252380371 ] } },
{ "type": "Feature", "properties": { "particle": 215, "seed_idx": 10, "valid": true, "snap_water": false, "snap_m": 0.0 }, "geometry": { "type": "Point", "coordinates": [ -0.319486886262894, 5.508378982543945 ] } },
{ "type": "Feature", "properties": { "particle": 216, "seed_idx": 10, "valid": true, "snap_water": false, "snap_m": 0.0 }, "geometry": { "type": "Point", "coordinates": [ -0.318836867809296, 5.510383129119873 ] } },
{ "type": "Feature", "properties": { "particle": 217, "seed_idx": 10, "valid": true, "snap_water": false, "snap_m": 0.0 }, "geometry": { "type": "Point", "coordinates": [ -0.313007116317749, 5.505400657653809 ] } },
{ "type": "Feature", "properties": { "particle": 218, "seed_idx": 10, "valid": true, "snap_water": false, "snap_m": 0.0 }, "geometry": { "type": "Point", "coordinates": [ -0.318077206611633, 5.507268905639648 ] } },
{ "type": "Feature", "properties": { "particle": 219, "seed_idx": 10, "valid": true, "snap_water": false, "snap_m": 0.0 }, "geometry": { "type": "Point", "coordinates": [ -0.322174698114395, 5.509598255157471 ] } },
{ "type": "Feature", "properties": { "particle": 220, "seed_idx": 11, "valid": true, "snap_water": false, "snap_m": 0.0 }, "geometry": { "type": "Point", "coordinates": [ -0.318900883197784, 5.510241031646729 ] } },
{ "type": "Feature", "properties": { "particle": 221, "seed_idx": 11, "valid": true, "snap_water": false, "snap_m": 0.0 }, "geometry": { "type": "Point", "coordinates": [ -0.319367349147797, 5.509720325469971 ] } },
{ "type": "Feature", "properties": { "particle": 222, "seed_idx": 11, "valid": true, "snap_water": true, "snap_m": 62.673256 }, "geometry": { "type": "Point", "coordinates": [ -0.319000005722046, 5.510000228881836 ] } },
{ "type": "Feature", "properties": { "particle": 223, "seed_idx": 11, "valid": true, "snap_water": true, "snap_m": 76.254494 }, "geometry": { "type": "Point", "coordinates": [ -0.319000005722046, 5.510000228881836 ] } },
{ "type": "Feature", "properties": { "particle": 224, "seed_idx": 11, "valid": true, "snap_water": true, "snap_m": 85.069519 }, "geometry": { "type": "Point", "coordinates": [ -0.319000005722046, 5.510000228881836 ] } },
{ "type": "Feature", "properties": { "particle": 225, "seed_idx": 11, "valid": true, "snap_water": false, "snap_m": 0.0 }, "geometry": { "type": "Point", "coordinates": [ -0.317883104085922, 5.510690212249756 ] } },
{ "type": "Feature", "properties": { "particle": 226, "seed_idx": 11, "valid": true, "snap_water": false, "snap_m": 0.0 }, "geometry": { "type": "Point", "coordinates": [ -0.318909138441086, 5.510155200958252 ] } },
{ "type": "Feature", "properties": { "particle": 227, "seed_idx": 11, "valid": true, "snap_water": false, "snap_m": 0.0 }, "geometry": { "type": "Point", "coordinates": [ -0.320332407951355, 5.509663105010986 ] } },
{ "type": "Feature", "properties": { "particle": 228, "seed_idx": 11, "valid": true, "snap_water": false, "snap_m": 0.0 }, "geometry": { "type": "Point", "coordinates": [ -0.318998664617538, 5.510412693023682 ] } },
{ "type": "Feature", "properties": { "particle": 229, "seed_idx": 11, "valid": true, "snap_water": true, "snap_m": 57.165897 }, "geometry": { "type": "Point", "coordinates": [ -0.312999993562698, 5.505000114440918 ] } },
{ "type": "Feature", "properties": { "particle": 230, "seed_idx": 11, "valid": true, "snap_water": false, "snap_m": 0.0 }, "geometry": { "type": "Point", "coordinates": [ -0.319661170244217, 5.509773731231689 ] } },
{ "type": "Feature", "properties": { "particle": 231, "seed_idx": 11, "valid": true, "snap_water": false, "snap_m": 0.0 }, "geometry": { "type": "Point", "coordinates": [ -0.319026499986649, 5.509769439697266 ] } },
{ "type": "Feature", "properties": { "particle": 232, "seed_idx": 11, "valid": true, "snap_water": false, "snap_m": 0.0 }, "geometry": { "type": "Point", "coordinates": [ -0.318051844835281, 5.510783672332764 ] } },
{ "type": "Feature", "properties": { "particle": 233, "seed_idx": 11, "valid": true, "snap_water": false, "snap_m": 0.0 }, "geometry": { "type": "Point", "coordinates": [ -0.318258464336395, 5.510621547698975 ] } },
{ "type": "Feature", "properties": { "particle": 234, "seed_idx": 11, "valid": true, "snap_water": false, "snap_m": 0.0 }, "geometry": { "type": "Point", "coordinates": [ -0.317556411027908, 5.510743141174316 ] } },
{ "type": "Feature", "properties": { "particle": 235, "seed_idx": 11, "valid": true, "snap_water": false, "snap_m": 0.0 }, "geometry": { "type": "Point", "coordinates": [ -0.31767013669014, 5.510581493377686 ] } },
{ "type": "Feature", "properties": { "particle": 236, "seed_idx": 11, "valid": true, "snap_water": false, "snap_m": 0.0 }, "geometry": { "type": "Point", "coordinates": [ -0.31804621219635, 5.510707855224609 ] } },
{ "type": "Feature", "properties": { "particle": 237, "seed_idx": 11, "valid": true, "snap_water": false, "snap_m": 0.0 }, "geometry": { "type": "Point", "coordinates": [ -0.318208932876587, 5.510700225830078 ] } },
{ "type": "Feature", "properties": { "particle": 238, "seed_idx": 11, "valid": true, "snap_water": false, "snap_m": 0.0 }, "geometry": { "type": "Point", "coordinates": [ -0.312799453735352, 5.504971981048584 ] } },
{ "type": "Feature", "properties": { "particle": 239, "seed_idx": 11, "valid": true, "snap_water": false, "snap_m": 0.0 }, "geometry": { "type": "Point", "coordinates": [ -0.318468630313873, 5.510670185089111 ] } },
{ "type": "Feature", "properties": { "particle": 240, "seed_idx": 12, "valid": true, "snap_water": true, "snap_m": 75.219177 }, "geometry": { "type": "Point", "coordinates": [ -0.319000005722046, 5.510000228881836 ] } },
{ "type": "Feature", "properties": { "particle": 241, "seed_idx": 12, "valid": true, "snap_water": false, "snap_m": 0.0 }, "geometry": { "type": "Point", "coordinates": [ -0.317484945058823, 5.510584831237793 ] } },
{ "type": "Feature", "properties": { "particle": 242, "seed_idx": 12, "valid": true, "snap_water": false, "snap_m": 0.0 }, "geometry": { "type": "Point", "coordinates": [ -0.318968176841736, 5.510425090789795 ] } },
{ "type": "Feature", "properties": { "particle": 243, "seed_idx": 12, "valid": true, "snap_water": true, "snap_m": 83.950676 }, "geometry": { "type": "Point", "coordinates": [ -0.319000005722046, 5.510000228881836 ] } },
{ "type": "Feature", "properties": { "particle": 244, "seed_idx": 12, "valid": true, "snap_water": true, "snap_m": 89.531654 }, "geometry": { "type": "Point", "coordinates": [ -0.319000005722046, 5.510000228881836 ] } },
{ "type": "Feature", "properties": { "particle": 245, "seed_idx": 12, "valid": true, "snap_water": false, "snap_m": 0.0 }, "geometry": { "type": "Point", "coordinates": [ -0.319061994552612, 5.510139465332031 ] } },
{ "type": "Feature", "properties": { "particle": 246, "seed_idx": 12, "valid": true, "snap_water": false, "snap_m": 0.0 }, "geometry": { "type": "Point", "coordinates": [ -0.318942934274673, 5.510204315185547 ] } },
{ "type": "Feature", "properties": { "particle": 247, "seed_idx": 12, "valid": true, "snap_water": false, "snap_m": 0.0 }, "geometry": { "type": "Point", "coordinates": [ -0.317178845405579, 5.51070499420166 ] } },
{ "type": "Feature", "properties": { "particle": 248, "seed_idx": 12, "valid": true, "snap_water": false, "snap_m": 0.0 }, "geometry": { "type": "Point", "coordinates": [ -0.317878276109695, 5.510750293731689 ] } },
{ "type": "Feature", "properties": { "particle": 249, "seed_idx": 12, "valid": true, "snap_water": false, "snap_m": 0.0 }, "geometry": { "type": "Point", "coordinates": [ -0.317621201276779, 5.510573863983154 ] } },
{ "type": "Feature", "properties": { "particle": 250, "seed_idx": 12, "valid": true, "snap_water": false, "snap_m": 0.0 }, "geometry": { "type": "Point", "coordinates": [ -0.317616045475006, 5.510682106018066 ] } },
{ "type": "Feature", "properties": { "particle": 251, "seed_idx": 12, "valid": true, "snap_water": false, "snap_m": 0.0 }, "geometry": { "type": "Point", "coordinates": [ -0.318938106298447, 5.510371685028076 ] } },
{ "type": "Feature", "properties": { "particle": 252, "seed_idx": 12, "valid": true, "snap_water": false, "snap_m": 0.0 }, "geometry": { "type": "Point", "coordinates": [ -0.318404376506805, 5.510624885559082 ] } },
{ "type": "Feature", "properties": { "particle": 253, "seed_idx": 12, "valid": true, "snap_water": true, "snap_m": 71.020226 }, "geometry": { "type": "Point", "coordinates": [ -0.319000005722046, 5.510000228881836 ] } },
{ "type": "Feature", "properties": { "particle": 254, "seed_idx": 12, "valid": true, "snap_water": false, "snap_m": 0.0 }, "geometry": { "type": "Point", "coordinates": [ -0.319798558950424, 5.509759902954102 ] } },
{ "type": "Feature", "properties": { "particle": 255, "seed_idx": 12, "valid": true, "snap_water": false, "snap_m": 0.0 }, "geometry": { "type": "Point", "coordinates": [ -0.318995296955109, 5.509659290313721 ] } },
{ "type": "Feature", "properties": { "particle": 256, "seed_idx": 12, "valid": true, "snap_water": false, "snap_m": 0.0 }, "geometry": { "type": "Point", "coordinates": [ -0.318815052509308, 5.510223388671875 ] } },
{ "type": "Feature", "properties": { "particle": 257, "seed_idx": 12, "valid": true, "snap_water": false, "snap_m": 0.0 }, "geometry": { "type": "Point", "coordinates": [ -0.318828165531158, 5.510343551635742 ] } },
{ "type": "Feature", "properties": { "particle": 258, "seed_idx": 12, "valid": true, "snap_water": false, "snap_m": 0.0 }, "geometry": { "type": "Point", "coordinates": [ -0.31856581568718, 5.510388374328613 ] } },
{ "type": "Feature", "properties": { "particle": 259, "seed_idx": 12, "valid": true, "snap_water": false, "snap_m": 0.0 }, "geometry": { "type": "Point", "coordinates": [ -0.319036543369293, 5.509980201721191 ] } },
{ "type": "Feature", "properties": { "particle": 260, "seed_idx": 13, "valid": true, "snap_water": false, "snap_m": 0.0 }, "geometry": { "type": "Point", "coordinates": [ -0.316958785057068, 5.510709285736084 ] } },
{ "type": "Feature", "properties": { "particle": 261, "seed_idx": 13, "valid": true, "snap_water": false, "snap_m": 0.0 }, "geometry": { "type": "Point", "coordinates": [ -0.318402618169785, 5.510766506195068 ] } },
{ "type": "Feature", "properties": { "particle": 262, "seed_idx": 13, "valid": true, "snap_water": false, "snap_m": 0.0 }, "geometry": { "type": "Point", "coordinates": [ -0.317776262760162, 5.510706424713135 ] } },
{ "type": "Feature", "properties": { "particle": 263, "seed_idx": 13, "valid": true, "snap_water": false, "snap_m": 0.0 }, "geometry": { "type": "Point", "coordinates": [ -0.317387759685516, 5.510750770568848 ] } },
{ "type": "Feature", "properties": { "particle": 264, "seed_idx": 13, "valid": true, "snap_water": false, "snap_m": 0.0 }, "geometry": { "type": "Point", "coordinates": [ -0.317460387945175, 5.510621547698975 ] } },
{ "type": "Feature", "properties": { "particle": 265, "seed_idx": 13, "valid": true, "snap_water": false, "snap_m": 0.0 }, "geometry": { "type": "Point", "coordinates": [ -0.317726105451584, 5.510689258575439 ] } },
{ "type": "Feature", "properties": { "particle": 266, "seed_idx": 13, "valid": true, "snap_water": false, "snap_m": 0.0 }, "geometry": { "type": "Point", "coordinates": [ -0.317566126585007, 5.510776519775391 ] } },
{ "type": "Feature", "properties": { "particle": 267, "seed_idx": 13, "valid": true, "snap_water": false, "snap_m": 0.0 }, "geometry": { "type": "Point", "coordinates": [ -0.318325102329254, 5.510324478149414 ] } },
{ "type": "Feature", "properties": { "particle": 268, "seed_idx": 13, "valid": true, "snap_water": false, "snap_m": 0.0 }, "geometry": { "type": "Point", "coordinates": [ -0.318828463554382, 5.509920120239258 ] } },
{ "type": "Feature", "properties": { "particle": 269, "seed_idx": 13, "valid": true, "snap_water": true, "snap_m": 70.891319 }, "geometry": { "type": "Point", "coordinates": [ -0.317999988794327, 5.511000156402588 ] } },
{ "type": "Feature", "properties": { "particle": 270, "seed_idx": 13, "valid": true, "snap_water": false, "snap_m": 0.0 }, "geometry": { "type": "Point", "coordinates": [ -0.31615138053894, 5.510707855224609 ] } },
{ "type": "Feature", "properties": { "particle": 271, "seed_idx": 13, "valid": true, "snap_water": false, "snap_m": 0.0 }, "geometry": { "type": "Point", "coordinates": [ -0.31746718287468, 5.510762214660645 ] } },
{ "type": "Feature", "properties": { "particle": 272, "seed_idx": 13, "valid": true, "snap_water": false, "snap_m": 0.0 }, "geometry": { "type": "Point", "coordinates": [ -0.318111926317215, 5.510591983795166 ] } },
{ "type": "Feature", "properties": { "particle": 273, "seed_idx": 13, "valid": true, "snap_water": false, "snap_m": 0.0 }, "geometry": { "type": "Point", "coordinates": [ -0.317655980587006, 5.510630130767822 ] } },
{ "type": "Feature", "properties": { "particle": 274, "seed_idx": 13, "valid": true, "snap_water": false, "snap_m": 0.0 }, "geometry": { "type": "Point", "coordinates": [ -0.319030255079269, 5.510435581207275 ] } },
{ "type": "Feature", "properties": { "particle": 275, "seed_idx": 13, "valid": true, "snap_water": false, "snap_m": 0.0 }, "geometry": { "type": "Point", "coordinates": [ -0.317974835634232, 5.510587215423584 ] } },
{ "type": "Feature", "properties": { "particle": 276, "seed_idx": 13, "valid": true, "snap_water": false, "snap_m": 0.0 }, "geometry": { "type": "Point", "coordinates": [ -0.317837655544281, 5.510666370391846 ] } },
{ "type": "Feature", "properties": { "particle": 277, "seed_idx": 13, "valid": true, "snap_water": false, "snap_m": 0.0 }, "geometry": { "type": "Point", "coordinates": [ -0.317677617073059, 5.510620594024658 ] } },
{ "type": "Feature", "properties": { "particle": 278, "seed_idx": 13, "valid": true, "snap_water": true, "snap_m": 82.144989 }, "geometry": { "type": "Point", "coordinates": [ -0.317999988794327, 5.511000156402588 ] } },
{ "type": "Feature", "properties": { "particle": 279, "seed_idx": 13, "valid": true, "snap_water": false, "snap_m": 0.0 }, "geometry": { "type": "Point", "coordinates": [ -0.316415637731552, 5.510601043701172 ] } },
{ "type": "Feature", "properties": { "particle": 280, "seed_idx": 14, "valid": true, "snap_water": false, "snap_m": 0.0 }, "geometry": { "type": "Point", "coordinates": [ -0.319008499383926, 5.510293960571289 ] } },
{ "type": "Feature", "properties": { "particle": 281, "seed_idx": 14, "valid": true, "snap_water": false, "snap_m": 0.0 }, "geometry": { "type": "Point", "coordinates": [ -0.317446351051331, 5.510601043701172 ] } },
{ "type": "Feature", "properties": { "particle": 282, "seed_idx": 14, "valid": true, "snap_water": false, "snap_m": 0.0 }, "geometry": { "type": "Point", "coordinates": [ -0.317275375127792, 5.510624408721924 ] } },
{ "type": "Feature", "properties": { "particle": 283, "seed_idx": 14, "valid": true, "snap_water": false, "snap_m": 0.0 }, "geometry": { "type": "Point", "coordinates": [ -0.316044330596924, 5.510837554931641 ] } },
{ "type": "Feature", "properties": { "particle": 284, "seed_idx": 14, "valid": true, "snap_water": true, "snap_m": 63.6912 }, "geometry": { "type": "Point", "coordinates": [ -0.319000005722046, 5.510000228881836 ] } },
{ "type": "Feature", "properties": { "particle": 285, "seed_idx": 14, "valid": true, "snap_water": false, "snap_m": 0.0 }, "geometry": { "type": "Point", "coordinates": [ -0.317657172679901, 5.510690212249756 ] } },
{ "type": "Feature", "properties": { "particle": 286, "seed_idx": 14, "valid": true, "snap_water": false, "snap_m": 0.0 }, "geometry": { "type": "Point", "coordinates": [ -0.316944062709808, 5.510782718658447 ] } },
{ "type": "Feature", "properties": { "particle": 287, "seed_idx": 14, "valid": true, "snap_water": false, "snap_m": 0.0 }, "geometry": { "type": "Point", "coordinates": [ -0.317281037569046, 5.510745525360107 ] } },
{ "type": "Feature", "properties": { "particle": 288, "seed_idx": 14, "valid": true, "snap_water": false, "snap_m": 0.0 }, "geometry": { "type": "Point", "coordinates": [ -0.317767888307571, 5.510787010192871 ] } },
{ "type": "Feature", "properties": { "particle": 289, "seed_idx": 14, "valid": true, "snap_water": false, "snap_m": 0.0 }, "geometry": { "type": "Point", "coordinates": [ -0.319038242101669, 5.51022481918335 ] } },
{ "type": "Feature", "properties": { "particle": 290, "seed_idx": 14, "valid": true, "snap_water": false, "snap_m": 0.0 }, "geometry": { "type": "Point", "coordinates": [ -0.318202793598175, 5.510710716247559 ] } },
{ "type": "Feature", "properties": { "particle": 291, "seed_idx": 14, "valid": true, "snap_water": false, "snap_m": 0.0 }, "geometry": { "type": "Point", "coordinates": [ -0.319137364625931, 5.509747505187988 ] } },
{ "type": "Feature", "properties": { "particle": 292, "seed_idx": 14, "valid": true, "snap_water": false, "snap_m": 0.0 }, "geometry": { "type": "Point", "coordinates": [ -0.317600667476654, 5.510582447052002 ] } },
{ "type": "Feature", "properties": { "particle": 293, "seed_idx": 14, "valid": true, "snap_water": false, "snap_m": 0.0 }, "geometry": { "type": "Point", "coordinates": [ -0.318225920200348, 5.51054573059082 ] } },
{ "type": "Feature", "properties": { "particle": 294, "seed_idx": 14, "valid": true, "snap_water": false, "snap_m": 0.0 }, "geometry": { "type": "Point", "coordinates": [ -0.317356914281845, 5.510658740997314 ] } },
{ "type": "Feature", "properties": { "particle": 295, "seed_idx": 14, "valid": true, "snap_water": false, "snap_m": 0.0 }, "geometry": { "type": "Point", "coordinates": [ -0.318466871976852, 5.510605335235596 ] } },
{ "type": "Feature", "properties": { "particle": 296, "seed_idx": 14, "valid": true, "snap_water": false, "snap_m": 0.0 }, "geometry": { "type": "Point", "coordinates": [ -0.31755605340004, 5.510766983032227 ] } },
{ "type": "Feature", "properties": { "particle": 297, "seed_idx": 14, "valid": true, "snap_water": false, "snap_m": 0.0 }, "geometry": { "type": "Point", "coordinates": [ -0.317817479372025, 5.510715007781982 ] } },
{ "type": "Feature", "properties": { "particle": 298, "seed_idx": 14, "valid": true, "snap_water": false, "snap_m": 0.0 }, "geometry": { "type": "Point", "coordinates": [ -0.317988455295563, 5.510654449462891 ] } },
{ "type": "Feature", "properties": { "particle": 299, "seed_idx": 14, "valid": true, "snap_water": false, "snap_m": 0.0 }, "geometry": { "type": "Point", "coordinates": [ -0.318249434232712, 5.510379314422607 ] } },
{ "type": "Feature", "properties": { "particle": 300, "seed_idx": 15, "valid": true, "snap_water": false, "snap_m": 0.0 }, "geometry": { "type": "Point", "coordinates": [ -0.319060087203979, 5.510027408599854 ] } },
{ "type": "Feature", "properties": { "particle": 301, "seed_idx": 15, "valid": true, "snap_water": false, "snap_m": 0.0 }, "geometry": { "type": "Point", "coordinates": [ -0.316840767860413, 5.510757923126221 ] } },
{ "type": "Feature", "properties": { "particle": 302, "seed_idx": 15, "valid": true, "snap_water": false, "snap_m": 0.0 }, "geometry": { "type": "Point", "coordinates": [ -0.316638141870499, 5.510783195495605 ] } },
{ "type": "Feature", "properties": { "particle": 303, "seed_idx": 15, "valid": true, "snap_water": false, "snap_m": 0.0 }, "geometry": { "type": "Point", "coordinates": [ -0.317341536283493, 5.510670185089111 ] } },
{ "type": "Feature", "properties": { "particle": 304, "seed_idx": 15, "valid": true, "snap_water": false, "snap_m": 0.0 }, "geometry": { "type": "Point", "coordinates": [ -0.31587278842926, 5.510721683502197 ] } },
{ "type": "Feature", "properties": { "particle": 305, "seed_idx": 15, "valid": true, "snap_water": true, "snap_m": 77.614059 }, "geometry": { "type": "Point", "coordinates": [ -0.317999988794327, 5.511000156402588 ] } },
{ "type": "Feature", "properties": { "particle": 306, "seed_idx": 15, "valid": true, "snap_water": false, "snap_m": 0.0 }, "geometry": { "type": "Point", "coordinates": [ -0.315753042697906, 5.511199474334717 ] } },
{ "type": "Feature", "properties": { "particle": 307, "seed_idx": 15, "valid": true, "snap_water": false, "snap_m": 0.0 }, "geometry": { "type": "Point", "coordinates": [ -0.317210078239441, 5.51077938079834 ] } },
{ "type": "Feature", "properties": { "particle": 308, "seed_idx": 15, "valid": true, "snap_water": false, "snap_m": 0.0 }, "geometry": { "type": "Point", "coordinates": [ -0.317029595375061, 5.510654926300049 ] } },
{ "type": "Feature", "properties": { "particle": 309, "seed_idx": 15, "valid": true, "snap_water": false, "snap_m": 0.0 }, "geometry": { "type": "Point", "coordinates": [ -0.315852433443069, 5.510777473449707 ] } },
{ "type": "Feature", "properties": { "particle": 310, "seed_idx": 15, "valid": true, "snap_water": false, "snap_m": 0.0 }, "geometry": { "type": "Point", "coordinates": [ -0.316011399030685, 5.510842323303223 ] } },
{ "type": "Feature", "properties": { "particle": 311, "seed_idx": 15, "valid": true, "snap_water": false, "snap_m": 0.0 }, "geometry": { "type": "Point", "coordinates": [ -0.315965533256531, 5.51112174987793 ] } },
{ "type": "Feature", "properties": { "particle": 312, "seed_idx": 15, "valid": true, "snap_water": false, "snap_m": 0.0 }, "geometry": { "type": "Point", "coordinates": [ -0.317701190710068, 5.510645866394043 ] } },
{ "type": "Feature", "properties": { "particle": 313, "seed_idx": 15, "valid": true, "snap_water": false, "snap_m": 0.0 }, "geometry": { "type": "Point", "coordinates": [ -0.318755835294724, 5.51007604598999 ] } },
{ "type": "Feature", "properties": { "particle": 314, "seed_idx": 15, "valid": true, "snap_water": false, "snap_m": 0.0 }, "geometry": { "type": "Point", "coordinates": [ -0.317038506269455, 5.510248184204102 ] } },
{ "type": "Feature", "properties": { "particle": 315, "seed_idx": 15, "valid": true, "snap_water": false, "snap_m": 0.0 }, "geometry": { "type": "Point", "coordinates": [ -0.315864264965057, 5.510827541351318 ] } },
{ "type": "Feature", "properties": { "particle": 316, "seed_idx": 15, "valid": true, "snap_water": false, "snap_m": 0.0 }, "geometry": { "type": "Point", "coordinates": [ -0.317109256982803, 5.510628700256348 ] } },
{ "type": "Feature", "properties": { "particle": 317, "seed_idx": 15, "valid": true, "snap_water": false, "snap_m": 0.0 }, "geometry": { "type": "Point", "coordinates": [ -0.316356092691422, 5.510758399963379 ] } },
{ "type": "Feature", "properties": { "particle": 318, "seed_idx": 15, "valid": true, "snap_water": false, "snap_m": 0.0 }, "geometry": { "type": "Point", "coordinates": [ -0.317821532487869, 5.510747909545898 ] } },
{ "type": "Feature", "properties": { "particle": 319, "seed_idx": 15, "valid": true, "snap_water": false, "snap_m": 0.0 }, "geometry": { "type": "Point", "coordinates": [ -0.316327333450317, 5.510603427886963 ] } },
{ "type": "Feature", "properties": { "particle": 320, "seed_idx": 16, "valid": true, "snap_water": false, "snap_m": 0.0 }, "geometry": { "type": "Point", "coordinates": [ -0.316490292549133, 5.510765075683594 ] } },
{ "type": "Feature", "properties": { "particle": 321, "seed_idx": 16, "valid": true, "snap_water": false, "snap_m": 0.0 }, "geometry": { "type": "Point", "coordinates": [ -0.318817257881165, 5.51036548614502 ] } },
{ "type": "Feature", "properties": { "particle": 322, "seed_idx": 16, "valid": true, "snap_water": false, "snap_m": 0.0 }, "geometry": { "type": "Point", "coordinates": [ -0.318907201290131, 5.510007381439209 ] } },
{ "type": "Feature", "properties": { "particle": 323, "seed_idx": 16, "valid": true, "snap_water": false, "snap_m": 0.0 }, "geometry": { "type": "Point", "coordinates": [ -0.31696742773056, 5.510777950286865 ] } },
{ "type": "Feature", "properties": { "particle": 324, "seed_idx": 16, "valid": true, "snap_water": false, "snap_m": 0.0 }, "geometry": { "type": "Point", "coordinates": [ -0.317240744829178, 5.51065731048584 ] } },
{ "type": "Feature", "properties": { "particle": 325, "seed_idx": 16, "valid": true, "snap_water": false, "snap_m": 0.0 }, "geometry": { "type": "Point", "coordinates": [ -0.318080633878708, 5.510472774505615 ] } },
{ "type": "Feature", "properties": { "particle": 326, "seed_idx": 16, "valid": true, "snap_water": false, "snap_m": 0.0 }, "geometry": { "type": "Point", "coordinates": [ -0.317743718624115, 5.510573387145996 ] } },
{ "type": "Feature", "properties": { "particle": 327, "seed_idx": 16, "valid": true, "snap_water": false, "snap_m": 0.0 }, "geometry": { "type": "Point", "coordinates": [ -0.316735178232193, 5.510752201080322 ] } },
{ "type": "Feature", "properties": { "particle": 328, "seed_idx": 16, "valid": true, "snap_water": false, "snap_m": 0.0 }, "geometry": { "type": "Point", "coordinates": [ -0.315882474184036, 5.510834693908691 ] } },
{ "type": "Feature", "properties": { "particle": 329, "seed_idx": 16, "valid": true, "snap_water": false, "snap_m": 0.0 }, "geometry": { "type": "Point", "coordinates": [ -0.317685604095459, 5.510615348815918 ] } },
{ "type": "Feature", "properties": { "particle": 330, "seed_idx": 16, "valid": true, "snap_water": false, "snap_m": 0.0 }, "geometry": { "type": "Point", "coordinates": [ -0.316478580236435, 5.51078462600708 ] } },
{ "type": "Feature", "properties": { "particle": 331, "seed_idx": 16, "valid": true, "snap_water": false, "snap_m": 0.0 }, "geometry": { "type": "Point", "coordinates": [ -0.318316966295242, 5.510428428649902 ] } },
{ "type": "Feature", "properties": { "particle": 332, "seed_idx": 16, "valid": true, "snap_water": false, "snap_m": 0.0 }, "geometry": { "type": "Point", "coordinates": [ -0.316235303878784, 5.510620594024658 ] } },
{ "type": "Feature", "properties": { "particle": 333, "seed_idx": 16, "valid": true, "snap_water": false, "snap_m": 0.0 }, "geometry": { "type": "Point", "coordinates": [ -0.315964251756668, 5.510659217834473 ] } },
{ "type": "Feature", "properties": { "particle": 334, "seed_idx": 16, "valid": true, "snap_water": false, "snap_m": 0.0 }, "geometry": { "type": "Point", "coordinates": [ -0.316389709711075, 5.510704040527344 ] } },
{ "type": "Feature", "properties": { "particle": 335, "seed_idx": 16, "valid": true, "snap_water": false, "snap_m": 0.0 }, "geometry": { "type": "Point", "coordinates": [ -0.316021293401718, 5.510763645172119 ] } },
{ "type": "Feature", "properties": { "particle": 336, "seed_idx": 16, "valid": true, "snap_water": false, "snap_m": 0.0 }, "geometry": { "type": "Point", "coordinates": [ -0.316709578037262, 5.510612964630127 ] } },
{ "type": "Feature", "properties": { "particle": 337, "seed_idx": 16, "valid": true, "snap_water": false, "snap_m": 0.0 }, "geometry": { "type": "Point", "coordinates": [ -0.318941473960876, 5.509956836700439 ] } },
{ "type": "Feature", "properties": { "particle": 338, "seed_idx": 16, "valid": true, "snap_water": false, "snap_m": 0.0 }, "geometry": { "type": "Point", "coordinates": [ -0.31635046005249, 5.510591506958008 ] } },
{ "type": "Feature", "properties": { "particle": 339, "seed_idx": 16, "valid": true, "snap_water": false, "snap_m": 0.0 }, "geometry": { "type": "Point", "coordinates": [ -0.318223029375076, 5.510535717010498 ] } },
{ "type": "Feature", "properties": { "particle": 340, "seed_idx": 17, "valid": true, "snap_water": false, "snap_m": 0.0 }, "geometry": { "type": "Point", "coordinates": [ -0.317883491516113, 5.510340213775635 ] } },
{ "type": "Feature", "properties": { "particle": 341, "seed_idx": 17, "valid": true, "snap_water": false, "snap_m": 0.0 }, "geometry": { "type": "Point", "coordinates": [ -0.318934708833694, 5.509737014770508 ] } },
{ "type": "Feature", "properties": { "particle": 342, "seed_idx": 17, "valid": true, "snap_water": false, "snap_m": 0.0 }, "geometry": { "type": "Point", "coordinates": [ -0.317872852087021, 5.510645866394043 ] } },
{ "type": "Feature", "properties": { "particle": 343, "seed_idx": 17, "valid": true, "snap_water": false, "snap_m": 0.0 }, "geometry": { "type": "Point", "coordinates": [ -0.316445767879486, 5.51066780090332 ] } },
{ "type": "Feature", "properties": { "particle": 344, "seed_idx": 17, "valid": true, "snap_water": false, "snap_m": 0.0 }, "geometry": { "type": "Point", "coordinates": [ -0.317301720380783, 5.510567665100098 ] } },
{ "type": "Feature", "properties": { "particle": 345, "seed_idx": 17, "valid": true, "snap_water": false, "snap_m": 0.0 }, "geometry": { "type": "Point", "coordinates": [ -0.316061407327652, 5.510594367980957 ] } },
{ "type": "Feature", "properties": { "particle": 346, "seed_idx": 17, "valid": true, "snap_water": false, "snap_m": 0.0 }, "geometry": { "type": "Point", "coordinates": [ -0.317694276571274, 5.510611057281494 ] } },
{ "type": "Feature", "properties": { "particle": 347, "seed_idx": 17, "valid": true, "snap_water": false, "snap_m": 0.0 }, "geometry": { "type": "Point", "coordinates": [ -0.319031715393066, 5.510087490081787 ] } },
{ "type": "Feature", "properties": { "particle": 348, "seed_idx": 17, "valid": true, "snap_water": false, "snap_m": 0.0 }, "geometry": { "type": "Point", "coordinates": [ -0.318613857030869, 5.510436534881592 ] } },
{ "type": "Feature", "properties": { "particle": 349, "seed_idx": 17, "valid": true, "snap_water": false, "snap_m": 0.0 }, "geometry": { "type": "Point", "coordinates": [ -0.31686145067215, 5.510690689086914 ] } },
{ "type": "Feature", "properties": { "particle": 350, "seed_idx": 17, "valid": true, "snap_water": false, "snap_m": 0.0 }, "geometry": { "type": "Point", "coordinates": [ -0.318022757768631, 5.510633945465088 ] } },
{ "type": "Feature", "properties": { "particle": 351, "seed_idx": 17, "valid": true, "snap_water": false, "snap_m": 0.0 }, "geometry": { "type": "Point", "coordinates": [ -0.318466782569885, 5.509795188903809 ] } },
{ "type": "Feature", "properties": { "particle": 352, "seed_idx": 17, "valid": true, "snap_water": true, "snap_m": 72.478371 }, "geometry": { "type": "Point", "coordinates": [ -0.319000005722046, 5.510000228881836 ] } },
{ "type": "Feature", "properties": { "particle": 353, "seed_idx": 17, "valid": true, "snap_water": false, "snap_m": 0.0 }, "geometry": { "type": "Point", "coordinates": [ -0.318466275930405, 5.510226726531982 ] } },
{ "type": "Feature", "properties": { "particle": 354, "seed_idx": 17, "valid": true, "snap_water": false, "snap_m": 0.0 }, "geometry": { "type": "Point", "coordinates": [ -0.317682892084122, 5.510768890380859 ] } },
{ "type": "Feature", "properties": { "particle": 355, "seed_idx": 17, "valid": true, "snap_water": false, "snap_m": 0.0 }, "geometry": { "type": "Point", "coordinates": [ -0.317269772291183, 5.510662078857422 ] } },
{ "type": "Feature", "properties": { "particle": 356, "seed_idx": 17, "valid": true, "snap_water": false, "snap_m": 0.0 }, "geometry": { "type": "Point", "coordinates": [ -0.318501710891724, 5.510381698608398 ] } },
{ "type": "Feature", "properties": { "particle": 357, "seed_idx": 17, "valid": true, "snap_water": false, "snap_m": 0.0 }, "geometry": { "type": "Point", "coordinates": [ -0.317721366882324, 5.510751247406006 ] } },
{ "type": "Feature", "properties": { "particle": 358, "seed_idx": 17, "valid": true, "snap_water": false, "snap_m": 0.0 }, "geometry": { "type": "Point", "coordinates": [ -0.318658143281937, 5.510035037994385 ] } },
{ "type": "Feature", "properties": { "particle": 359, "seed_idx": 17, "valid": true, "snap_water": false, "snap_m": 0.0 }, "geometry": { "type": "Point", "coordinates": [ -0.317011505365372, 5.510599613189697 ] } },
{ "type": "Feature", "properties": { "particle": 360, "seed_idx": 18, "valid": true, "snap_water": true, "snap_m": 74.010292 }, "geometry": { "type": "Point", "coordinates": [ -0.319000005722046, 5.510000228881836 ] } },
{ "type": "Feature", "properties": { "particle": 361, "seed_idx": 18, "valid": true, "snap_water": true, "snap_m": 73.5746 }, "geometry": { "type": "Point", "coordinates": [ -0.319000005722046, 5.510000228881836 ] } },
{ "type": "Feature", "properties": { "particle": 362, "seed_idx": 18, "valid": true, "snap_water": true, "snap_m": 82.713417 }, "geometry": { "type": "Point", "coordinates": [ -0.319000005722046, 5.510000228881836 ] } },
{ "type": "Feature", "properties": { "particle": 363, "seed_idx": 18, "valid": true, "snap_water": false, "snap_m": 0.0 }, "geometry": { "type": "Point", "coordinates": [ -0.318948209285736, 5.510441303253174 ] } },
{ "type": "Feature", "properties": { "particle": 364, "seed_idx": 18, "valid": true, "snap_water": false, "snap_m": 0.0 }, "geometry": { "type": "Point", "coordinates": [ -0.319573551416397, 5.509770393371582 ] } },
{ "type": "Feature", "properties": { "particle": 365, "seed_idx": 18, "valid": true, "snap_water": false, "snap_m": 0.0 }, "geometry": { "type": "Point", "coordinates": [ -0.318886399269104, 5.510281562805176 ] } },
{ "type": "Feature", "properties": { "particle": 366, "seed_idx": 18, "valid": true, "snap_water": false, "snap_m": 0.0 }, "geometry": { "type": "Point", "coordinates": [ -0.317969620227814, 5.510674476623535 ] } },
{ "type": "Feature", "properties": { "particle": 367, "seed_idx": 18, "valid": true, "snap_water": false, "snap_m": 0.0 }, "geometry": { "type": "Point", "coordinates": [ -0.31847557425499, 5.510761737823486 ] } },
{ "type": "Feature", "properties": { "particle": 368, "seed_idx": 18, "valid": true, "snap_water": true, "snap_m": 66.626663 }, "geometry": { "type": "Point", "coordinates": [ -0.317999988794327, 5.511000156402588 ] } },
{ "type": "Feature", "properties": { "particle": 369, "seed_idx": 18, "valid": true, "snap_water": false, "snap_m": 0.0 }, "geometry": { "type": "Point", "coordinates": [ -0.318983376026154, 5.51039981842041 ] } },
{ "type": "Feature", "properties": { "particle": 370, "seed_idx": 18, "valid": true, "snap_water": false, "snap_m": 0.0 }, "geometry": { "type": "Point", "coordinates": [ -0.317607760429382, 5.510557651519775 ] } },
{ "type": "Feature", "properties": { "particle": 371, "seed_idx": 18, "valid": true, "snap_water": false, "snap_m": 0.0 }, "geometry": { "type": "Point", "coordinates": [ -0.31841915845871, 5.510605335235596 ] } },
{ "type": "Feature", "properties": { "particle": 372, "seed_idx": 18, "valid": true, "snap_water": false, "snap_m": 0.0 }, "geometry": { "type": "Point", "coordinates": [ -0.318794190883636, 5.510088920593262 ] } },
{ "type": "Feature", "properties": { "particle": 373, "seed_idx": 18, "valid": true, "snap_water": false, "snap_m": 0.0 }, "geometry": { "type": "Point", "coordinates": [ -0.318771541118622, 5.510407447814941 ] } },
{ "type": "Feature", "properties": { "particle": 374, "seed_idx": 18, "valid": true, "snap_water": false, "snap_m": 0.0 }, "geometry": { "type": "Point", "coordinates": [ -0.318810164928436, 5.510400772094727 ] } },
{ "type": "Feature", "properties": { "particle": 375, "seed_idx": 18, "valid": true, "snap_water": false, "snap_m": 0.0 }, "geometry": { "type": "Point", "coordinates": [ -0.319280803203583, 5.509683609008789 ] } },
{ "type": "Feature", "properties": { "particle": 376, "seed_idx": 18, "valid": true, "snap_water": false, "snap_m": 0.0 }, "geometry": { "type": "Point", "coordinates": [ -0.318432807922363, 5.510631084442139 ] } },
{ "type": "Feature", "properties": { "particle": 377, "seed_idx": 18, "valid": true, "snap_water": true, "snap_m": 81.61245 }, "geometry": { "type": "Point", "coordinates": [ -0.319000005722046, 5.510000228881836 ] } },
{ "type": "Feature", "properties": { "particle": 378, "seed_idx": 18, "valid": true, "snap_water": false, "snap_m": 0.0 }, "geometry": { "type": "Point", "coordinates": [ -0.3175048828125, 5.510570049285889 ] } },
{ "type": "Feature", "properties": { "particle": 379, "seed_idx": 18, "valid": true, "snap_water": false, "snap_m": 0.0 }, "geometry": { "type": "Point", "coordinates": [ -0.31877675652504, 5.510353088378906 ] } },
{ "type": "Feature", "properties": { "particle": 380, "seed_idx": 19, "valid": true, "snap_water": false, "snap_m": 0.0 }, "geometry": { "type": "Point", "coordinates": [ -0.319058805704117, 5.510129928588867 ] } },
{ "type": "Feature", "properties": { "particle": 381, "seed_idx": 19, "valid": true, "snap_water": false, "snap_m": 0.0 }, "geometry": { "type": "Point", "coordinates": [ -0.319403022527695, 5.509684562683105 ] } },
{ "type": "Feature", "properties": { "particle": 382, "seed_idx": 19, "valid": true, "snap_water": false, "snap_m": 0.0 }, "geometry": { "type": "Point", "coordinates": [ -0.318784415721893, 5.510216236114502 ] } },
{ "type": "Feature", "properties": { "particle": 383, "seed_idx": 19, "valid": true, "snap_water": false, "snap_m": 0.0 }, "geometry": { "type": "Point", "coordinates": [ -0.318852782249451, 5.509768009185791 ] } },
{ "type": "Feature", "properties": { "particle": 384, "seed_idx": 19, "valid": true, "snap_water": false, "snap_m": 0.0 }, "geometry": { "type": "Point", "coordinates": [ -0.318902373313904, 5.51029109954834 ] } },
{ "type": "Feature", "properties": { "particle": 385, "seed_idx": 19, "valid": true, "snap_water": false, "snap_m": 0.0 }, "geometry": { "type": "Point", "coordinates": [ -0.319056630134583, 5.51002025604248 ] } },
{ "type": "Feature", "properties": { "particle": 386, "seed_idx": 19, "valid": true, "snap_water": false, "snap_m": 0.0 }, "geometry": { "type": "Point", "coordinates": [ -0.319193810224533, 5.50965404510498 ] } },
{ "type": "Feature", "properties": { "particle": 387, "seed_idx": 19, "valid": true, "snap_water": false, "snap_m": 0.0 }, "geometry": { "type": "Point", "coordinates": [ -0.319822877645493, 5.509745597839355 ] } },
{ "type": "Feature", "properties": { "particle": 388, "seed_idx": 19, "valid": true, "snap_water": false, "snap_m": 0.0 }, "geometry": { "type": "Point", "coordinates": [ -0.319096386432648, 5.509584903717041 ] } },
{ "type": "Feature", "properties": { "particle": 389, "seed_idx": 19, "valid": true, "snap_water": false, "snap_m": 0.0 }, "geometry": { "type": "Point", "coordinates": [ -0.318970233201981, 5.51046895980835 ] } },
{ "type": "Feature", "properties": { "particle": 390, "seed_idx": 19, "valid": true, "snap_water": false, "snap_m": 0.0 }, "geometry": { "type": "Point", "coordinates": [ -0.318154394626617, 5.510643005371094 ] } },
{ "type": "Feature", "properties": { "particle": 391, "seed_idx": 19, "valid": true, "snap_water": false, "snap_m": 0.0 }, "geometry": { "type": "Point", "coordinates": [ -0.320519328117371, 5.50963020324707 ] } },
{ "type": "Feature", "properties": { "particle": 392, "seed_idx": 19, "valid": true, "snap_water": true, "snap_m": 86.207436 }, "geometry": { "type": "Point", "coordinates": [ -0.317999988794327, 5.511000156402588 ] } },
{ "type": "Feature", "properties": { "particle": 393, "seed_idx": 19, "valid": true, "snap_water": false, "snap_m": 0.0 }, "geometry": { "type": "Point", "coordinates": [ -0.318811416625977, 5.509580612182617 ] } },
{ "type": "Feature", "properties": { "particle": 394, "seed_idx": 19, "valid": true, "snap_water": false, "snap_m": 0.0 }, "geometry": { "type": "Point", "coordinates": [ -0.318837404251099, 5.509861469268799 ] } },
{ "type": "Feature", "properties": { "particle": 395, "seed_idx": 19, "valid": true, "snap_water": false, "snap_m": 0.0 }, "geometry": { "type": "Point", "coordinates": [ -0.318777292966843, 5.509682655334473 ] } },
{ "type": "Feature", "properties": { "particle": 396, "seed_idx": 19, "valid": true, "snap_water": true, "snap_m": 85.55159 }, "geometry": { "type": "Point", "coordinates": [ -0.319000005722046, 5.510000228881836 ] } },
{ "type": "Feature", "properties": { "particle": 397, "seed_idx": 19, "valid": true, "snap_water": false, "snap_m": 0.0 }, "geometry": { "type": "Point", "coordinates": [ -0.318882137537003, 5.510096073150635 ] } },
{ "type": "Feature", "properties": { "particle": 398, "seed_idx": 19, "valid": true, "snap_water": false, "snap_m": 0.0 }, "geometry": { "type": "Point", "coordinates": [ -0.318765670061111, 5.509866714477539 ] } },
{ "type": "Feature", "properties": { "particle": 399, "seed_idx": 19, "valid": true, "snap_water": false, "snap_m": 0.0 }, "geometry": { "type": "Point", "coordinates": [ -0.317951709032059, 5.510692596435547 ] } },
{ "type": "Feature", "properties": { "particle": 400, "seed_idx": 20, "valid": true, "snap_water": true, "snap_m": 57.837395 }, "geometry": { "type": "Point", "coordinates": [ -0.319000005722046, 5.510000228881836 ] } },
{ "type": "Feature", "properties": { "particle": 401, "seed_idx": 20, "valid": true, "snap_water": true, "snap_m": 77.535034 }, "geometry": { "type": "Point", "coordinates": [ -0.317999988794327, 5.511000156402588 ] } },
{ "type": "Feature", "properties": { "particle": 402, "seed_idx": 20, "valid": true, "snap_water": false, "snap_m": 0.0 }, "geometry": { "type": "Point", "coordinates": [ -0.319458574056625, 5.509624481201172 ] } },
{ "type": "Feature", "properties": { "particle": 403, "seed_idx": 20, "valid": true, "snap_water": false, "snap_m": 0.0 }, "geometry": { "type": "Point", "coordinates": [ -0.318893313407898, 5.510075569152832 ] } },
{ "type": "Feature", "properties": { "particle": 404, "seed_idx": 20, "valid": true, "snap_water": false, "snap_m": 0.0 }, "geometry": { "type": "Point", "coordinates": [ -0.318799883127213, 5.510379791259766 ] } },
{ "type": "Feature", "properties": { "particle": 405, "seed_idx": 20, "valid": true, "snap_water": false, "snap_m": 0.0 }, "geometry": { "type": "Point", "coordinates": [ -0.318309962749481, 5.510692596435547 ] } },
{ "type": "Feature", "properties": { "particle": 406, "seed_idx": 20, "valid": true, "snap_water": false, "snap_m": 0.0 }, "geometry": { "type": "Point", "coordinates": [ -0.319811224937439, 5.509697914123535 ] } },
{ "type": "Feature", "properties": { "particle": 407, "seed_idx": 20, "valid": true, "snap_water": true, "snap_m": 77.32962 }, "geometry": { "type": "Point", "coordinates": [ -0.317999988794327, 5.511000156402588 ] } },
{ "type": "Feature", "properties": { "particle": 408, "seed_idx": 20, "valid": true, "snap_water": false, "snap_m": 0.0 }, "geometry": { "type": "Point", "coordinates": [ -0.318443834781647, 5.510734081268311 ] } },
{ "type": "Feature", "properties": { "particle": 409, "seed_idx": 20, "valid": true, "snap_water": true, "snap_m": 84.795616 }, "geometry": { "type": "Point", "coordinates": [ -0.319000005722046, 5.510000228881836 ] } },
{ "type": "Feature", "properties": { "particle": 410, "seed_idx": 20, "valid": true, "snap_water": false, "snap_m": 0.0 }, "geometry": { "type": "Point", "coordinates": [ -0.318860024213791, 5.510114669799805 ] } },
{ "type": "Feature", "properties": { "particle": 411, "seed_idx": 20, "valid": true, "snap_water": false, "snap_m": 0.0 }, "geometry": { "type": "Point", "coordinates": [ -0.317980259656906, 5.510610580444336 ] } },
{ "type": "Feature", "properties": { "particle": 412, "seed_idx": 20, "valid": true, "snap_water": false, "snap_m": 0.0 }, "geometry": { "type": "Point", "coordinates": [ -0.319441974163055, 5.509622573852539 ] } },
{ "type": "Feature", "properties": { "particle": 413, "seed_idx": 20, "valid": true, "snap_water": false, "snap_m": 0.0 }, "geometry": { "type": "Point", "coordinates": [ -0.318836569786072, 5.510181903839111 ] } },
{ "type": "Feature", "properties": { "particle": 414, "seed_idx": 20, "valid": true, "snap_water": false, "snap_m": 0.0 }, "geometry": { "type": "Point", "coordinates": [ -0.31892991065979, 5.5103759765625 ] } },
{ "type": "Feature", "properties": { "particle": 415, "seed_idx": 20, "valid": true, "snap_water": false, "snap_m": 0.0 }, "geometry": { "type": "Point", "coordinates": [ -0.31293785572052, 5.504926204681396 ] } },
{ "type": "Feature", "properties": { "particle": 416, "seed_idx": 20, "valid": true, "snap_water": true, "snap_m": 68.355202 }, "geometry": { "type": "Point", "coordinates": [ -0.319000005722046, 5.510000228881836 ] } },
{ "type": "Feature", "properties": { "particle": 417, "seed_idx": 20, "valid": true, "snap_water": true, "snap_m": 63.412273 }, "geometry": { "type": "Point", "coordinates": [ -0.319000005722046, 5.510000228881836 ] } },
{ "type": "Feature", "properties": { "particle": 418, "seed_idx": 20, "valid": true, "snap_water": false, "snap_m": 0.0 }, "geometry": { "type": "Point", "coordinates": [ -0.318991392850876, 5.50998067855835 ] } },
{ "type": "Feature", "properties": { "particle": 419, "seed_idx": 20, "valid": true, "snap_water": false, "snap_m": 0.0 }, "geometry": { "type": "Point", "coordinates": [ -0.318904101848602, 5.510256290435791 ] } },
{ "type": "Feature", "properties": { "particle": 420, "seed_idx": 21, "valid": true, "snap_water": false, "snap_m": 0.0 }, "geometry": { "type": "Point", "coordinates": [ -0.31878587603569, 5.509946346282959 ] } },
{ "type": "Feature", "properties": { "particle": 421, "seed_idx": 21, "valid": true, "snap_water": false, "snap_m": 0.0 }, "geometry": { "type": "Point", "coordinates": [ -0.319022327661514, 5.50995922088623 ] } },
{ "type": "Feature", "properties": { "particle": 422, "seed_idx": 21, "valid": true, "snap_water": true, "snap_m": 61.982319 }, "geometry": { "type": "Point", "coordinates": [ -0.319000005722046, 5.510000228881836 ] } },
{ "type": "Feature", "properties": { "particle": 423, "seed_idx": 21, "valid": true, "snap_water": true, "snap_m": 81.078674 }, "geometry": { "type": "Point", "coordinates": [ -0.317999988794327, 5.511000156402588 ] } },
{ "type": "Feature", "properties": { "particle": 424, "seed_idx": 21, "valid": true, "snap_water": false, "snap_m": 0.0 }, "geometry": { "type": "Point", "coordinates": [ -0.312992244958878, 5.505016803741455 ] } },
{ "type": "Feature", "properties": { "particle": 425, "seed_idx": 21, "valid": true, "snap_water": true, "snap_m": 79.352547 }, "geometry": { "type": "Point", "coordinates": [ -0.319000005722046, 5.510000228881836 ] } },
{ "type": "Feature", "properties": { "particle": 426, "seed_idx": 21, "valid": true, "snap_water": false, "snap_m": 0.0 }, "geometry": { "type": "Point", "coordinates": [ -0.320207893848419, 5.509647846221924 ] } },
{ "type": "Feature", "properties": { "particle": 427, "seed_idx": 21, "valid": true, "snap_water": false, "snap_m": 0.0 }, "geometry": { "type": "Point", "coordinates": [ -0.318304181098938, 5.510557651519775 ] } },
{ "type": "Feature", "properties": { "particle": 428, "seed_idx": 21, "valid": true, "snap_water": false, "snap_m": 0.0 }, "geometry": { "type": "Point", "coordinates": [ -0.317749261856079, 5.507607936859131 ] } },
{ "type": "Feature", "properties": { "particle": 429, "seed_idx": 21, "valid": true, "snap_water": true, "snap_m": 81.746246 }, "geometry": { "type": "Point", "coordinates": [ -0.319000005722046, 5.510000228881836 ] } },
{ "type": "Feature", "properties": { "particle": 430, "seed_idx": 21, "valid": true, "snap_water": false, "snap_m": 0.0 }, "geometry": { "type": "Point", "coordinates": [ -0.318923652172089, 5.51029634475708 ] } },
{ "type": "Feature", "properties": { "particle": 431, "seed_idx": 21, "valid": true, "snap_water": false, "snap_m": 0.0 }, "geometry": { "type": "Point", "coordinates": [ -0.319048285484314, 5.510286808013916 ] } },
{ "type": "Feature", "properties": { "particle": 432, "seed_idx": 21, "valid": true, "snap_water": true, "snap_m": 81.909103 }, "geometry": { "type": "Point", "coordinates": [ -0.319000005722046, 5.510000228881836 ] } },
{ "type": "Feature", "properties": { "particle": 433, "seed_idx": 21, "valid": true, "snap_water": false, "snap_m": 0.0 }, "geometry": { "type": "Point", "coordinates": [ -0.318946808576584, 5.510323047637939 ] } },
{ "type": "Feature", "properties": { "particle": 434, "seed_idx": 21, "valid": true, "snap_water": true, "snap_m": 86.709793 }, "geometry": { "type": "Point", "coordinates": [ -0.319000005722046, 5.510000228881836 ] } },
{ "type": "Feature", "properties": { "particle": 435, "seed_idx": 21, "valid": true, "snap_water": true, "snap_m": 54.935375 }, "geometry": { "type": "Point", "coordinates": [ -0.319000005722046, 5.510000228881836 ] } },
{ "type": "Feature", "properties": { "particle": 436, "seed_idx": 21, "valid": true, "snap_water": true, "snap_m": 64.207916 }, "geometry": { "type": "Point", "coordinates": [ -0.317999988794327, 5.511000156402588 ] } },
{ "type": "Feature", "properties": { "particle": 437, "seed_idx": 21, "valid": true, "snap_water": true, "snap_m": 81.456184 }, "geometry": { "type": "Point", "coordinates": [ -0.319000005722046, 5.510000228881836 ] } },
{ "type": "Feature", "properties": { "particle": 438, "seed_idx": 21, "valid": true, "snap_water": false, "snap_m": 0.0 }, "geometry": { "type": "Point", "coordinates": [ -0.318894654512405, 5.510021686553955 ] } },
{ "type": "Feature", "properties": { "particle": 439, "seed_idx": 21, "valid": true, "snap_water": false, "snap_m": 0.0 }, "geometry": { "type": "Point", "coordinates": [ -0.321035802364349, 5.50960636138916 ] } },
{ "type": "Feature", "properties": { "particle": 440, "seed_idx": 22, "valid": true, "snap_water": false, "snap_m": 0.0 }, "geometry": { "type": "Point", "coordinates": [ -0.313012540340424, 5.505351543426514 ] } },
{ "type": "Feature", "properties": { "particle": 441, "seed_idx": 22, "valid": true, "snap_water": false, "snap_m": 0.0 }, "geometry": { "type": "Point", "coordinates": [ -0.312992990016937, 5.505409717559814 ] } },
{ "type": "Feature", "properties": { "particle": 442, "seed_idx": 22, "valid": true, "snap_water": false, "snap_m": 0.0 }, "geometry": { "type": "Point", "coordinates": [ -0.313059508800507, 5.50508975982666 ] } },
{ "type": "Feature", "properties": { "particle": 443, "seed_idx": 22, "valid": true, "snap_water": false, "snap_m": 0.0 }, "geometry": { "type": "Point", "coordinates": [ -0.318810403347015, 5.509634017944336 ] } },
{ "type": "Feature", "properties": { "particle": 444, "seed_idx": 22, "valid": true, "snap_water": false, "snap_m": 0.0 }, "geometry": { "type": "Point", "coordinates": [ -0.31297492980957, 5.504989147186279 ] } },
{ "type": "Feature", "properties": { "particle": 445, "seed_idx": 22, "valid": true, "snap_water": false, "snap_m": 0.0 }, "geometry": { "type": "Point", "coordinates": [ -0.312866240739822, 5.505433082580566 ] } },
{ "type": "Feature", "properties": { "particle": 446, "seed_idx": 22, "valid": true, "snap_water": false, "snap_m": 0.0 }, "geometry": { "type": "Point", "coordinates": [ -0.313012182712555, 5.505220890045166 ] } },
{ "type": "Feature", "properties": { "particle": 447, "seed_idx": 22, "valid": true, "snap_water": false, "snap_m": 0.0 }, "geometry": { "type": "Point", "coordinates": [ -0.318866610527039, 5.509648323059082 ] } },
{ "type": "Feature", "properties": { "particle": 448, "seed_idx": 22, "valid": true, "snap_water": false, "snap_m": 0.0 }, "geometry": { "type": "Point", "coordinates": [ -0.312806218862534, 5.505406379699707 ] } },
{ "type": "Feature", "properties": { "particle": 449, "seed_idx": 22, "valid": true, "snap_water": false, "snap_m": 0.0 }, "geometry": { "type": "Point", "coordinates": [ -0.312894970178604, 5.505220413208008 ] } },
{ "type": "Feature", "properties": { "particle": 450, "seed_idx": 22, "valid": true, "snap_water": false, "snap_m": 0.0 }, "geometry": { "type": "Point", "coordinates": [ -0.318927019834518, 5.510097026824951 ] } },
{ "type": "Feature", "properties": { "particle": 451, "seed_idx": 22, "valid": true, "snap_water": true, "snap_m": 95.55323 }, "geometry": { "type": "Point", "coordinates": [ -0.31700000166893, 5.50600004196167 ] } },
{ "type": "Feature", "properties": { "particle": 452, "seed_idx": 22, "valid": true, "snap_water": false, "snap_m": 0.0 }, "geometry": { "type": "Point", "coordinates": [ -0.312769204378128, 5.505485057830811 ] } },
{ "type": "Feature", "properties": { "particle": 453, "seed_idx": 22, "valid": true, "snap_water": false, "snap_m": 0.0 }, "geometry": { "type": "Point", "coordinates": [ -0.31903949379921, 5.510106086730957 ] } },
{ "type": "Feature", "properties": { "particle": 454, "seed_idx": 22, "valid": true, "snap_water": false, "snap_m": 0.0 }, "geometry": { "type": "Point", "coordinates": [ -0.312827438116074, 5.505123138427734 ] } },
{ "type": "Feature", "properties": { "particle": 455, "seed_idx": 22, "valid": true, "snap_water": false, "snap_m": 0.0 }, "geometry": { "type": "Point", "coordinates": [ -0.321082979440689, 5.508518218994141 ] } },
{ "type": "Feature", "properties": { "particle": 456, "seed_idx": 22, "valid": true, "snap_water": false, "snap_m": 0.0 }, "geometry": { "type": "Point", "coordinates": [ -0.318822741508484, 5.509862422943115 ] } },
{ "type": "Feature", "properties": { "particle": 457, "seed_idx": 22, "valid": true, "snap_water": false, "snap_m": 0.0 }, "geometry": { "type": "Point", "coordinates": [ -0.319075852632523, 5.509783267974854 ] } },
{ "type": "Feature", "properties": { "particle": 458, "seed_idx": 22, "valid": true, "snap_water": false, "snap_m": 0.0 }, "geometry": { "type": "Point", "coordinates": [ -0.3129822909832, 5.505467891693115 ] } },
{ "type": "Feature", "properties": { "particle": 459, "seed_idx": 22, "valid": true, "snap_water": false, "snap_m": 0.0 }, "geometry": { "type": "Point", "coordinates": [ -0.319585412740707, 5.509743213653564 ] } },
{ "type": "Feature", "properties": { "particle": 460, "seed_idx": 23, "valid": true, "snap_water": false, "snap_m": 0.0 }, "geometry": { "type": "Point", "coordinates": [ -0.31883031129837, 5.510050296783447 ] } },
{ "type": "Feature", "properties": { "particle": 461, "seed_idx": 23, "valid": true, "snap_water": false, "snap_m": 0.0 }, "geometry": { "type": "Point", "coordinates": [ -0.319039791822433, 5.509859085083008 ] } },
{ "type": "Feature", "properties": { "particle": 462, "seed_idx": 23, "valid": true, "snap_water": false, "snap_m": 0.0 }, "geometry": { "type": "Point", "coordinates": [ -0.318837672472, 5.509846210479736 ] } },
{ "type": "Feature", "properties": { "particle": 463, "seed_idx": 23, "valid": true, "snap_water": false, "snap_m": 0.0 }, "geometry": { "type": "Point", "coordinates": [ -0.318781793117523, 5.509574413299561 ] } },
{ "type": "Feature", "properties": { "particle": 464, "seed_idx": 23, "valid": true, "snap_water": true, "snap_m": 58.939259 }, "geometry": { "type": "Point", "coordinates": [ -0.312999993562698, 5.505000114440918 ] } },
{ "type": "Feature", "properties": { "particle": 465, "seed_idx": 23, "valid": true, "snap_water": false, "snap_m": 0.0 }, "geometry": { "type": "Point", "coordinates": [ -0.319038897752762, 5.510191917419434 ] } },
{ "type": "Feature", "properties": { "particle": 466, "seed_idx": 23, "valid": true, "snap_water": false, "snap_m": 0.0 }, "geometry": { "type": "Point", "coordinates": [ -0.318356364965439, 5.510559558868408 ] } },
{ "type": "Feature", "properties": { "particle": 467, "seed_idx": 23, "valid": true, "snap_water": false, "snap_m": 0.0 }, "geometry": { "type": "Point", "coordinates": [ -0.32010492682457, 5.509286403656006 ] } },
{ "type": "Feature", "properties": { "particle": 468, "seed_idx": 23, "valid": true, "snap_water": false, "snap_m": 0.0 }, "geometry": { "type": "Point", "coordinates": [ -0.318873345851898, 5.51046085357666 ] } },
{ "type": "Feature", "properties": { "particle": 469, "seed_idx": 23, "valid": true, "snap_water": true, "snap_m": 82.361046 }, "geometry": { "type": "Point", "coordinates": [ -0.317999988794327, 5.511000156402588 ] } },
{ "type": "Feature", "properties": { "particle": 470, "seed_idx": 23, "valid": true, "snap_water": false, "snap_m": 0.0 }, "geometry": { "type": "Point", "coordinates": [ -0.312989741563797, 5.505039215087891 ] } },
{ "type": "Feature", "properties": { "particle": 471, "seed_idx": 23, "valid": true, "snap_water": false, "snap_m": 0.0 }, "geometry": { "type": "Point", "coordinates": [ -0.318803519010544, 5.510318279266357 ] } },
{ "type": "Feature", "properties": { "particle": 472, "seed_idx": 23, "valid": true, "snap_water": false, "snap_m": 0.0 }, "geometry": { "type": "Point", "coordinates": [ -0.3191177546978, 5.509634971618652 ] } },
{ "type": "Feature", "properties": { "particle": 473, "seed_idx": 23, "valid": true, "snap_water": false, "snap_m": 0.0 }, "geometry": { "type": "Point", "coordinates": [ -0.31874281167984, 5.509680271148682 ] } },
{ "type": "Feature", "properties": { "particle": 474, "seed_idx": 23, "valid": true, "snap_water": false, "snap_m": 0.0 }, "geometry": { "type": "Point", "coordinates": [ -0.3189757168293, 5.510269641876221 ] } },
{ "type": "Feature", "properties": { "particle": 475, "seed_idx": 23, "valid": true, "snap_water": false, "snap_m": 0.0 }, "geometry": { "type": "Point", "coordinates": [ -0.318760544061661, 5.509753704071045 ] } },
{ "type": "Feature", "properties": { "particle": 476, "seed_idx": 23, "valid": true, "snap_water": false, "snap_m": 0.0 }, "geometry": { "type": "Point", "coordinates": [ -0.318872302770615, 5.509989261627197 ] } },
{ "type": "Feature", "properties": { "particle": 477, "seed_idx": 23, "valid": true, "snap_water": false, "snap_m": 0.0 }, "geometry": { "type": "Point", "coordinates": [ -0.318906188011169, 5.51004695892334 ] } },
{ "type": "Feature", "properties": { "particle": 478, "seed_idx": 23, "valid": true, "snap_water": false, "snap_m": 0.0 }, "geometry": { "type": "Point", "coordinates": [ -0.318940490484238, 5.509582996368408 ] } },
{ "type": "Feature", "properties": { "particle": 479, "seed_idx": 23, "valid": true, "snap_water": false, "snap_m": 0.0 }, "geometry": { "type": "Point", "coordinates": [ -0.319723576307297, 5.509683132171631 ] } },
{ "type": "Feature", "properties": { "particle": 480, "seed_idx": 24, "valid": true, "snap_water": false, "snap_m": 0.0 }, "geometry": { "type": "Point", "coordinates": [ -0.318463265895844, 5.510590553283691 ] } },
{ "type": "Feature", "properties": { "particle": 481, "seed_idx": 24, "valid": true, "snap_water": false, "snap_m": 0.0 }, "geometry": { "type": "Point", "coordinates": [ -0.318798989057541, 5.51003360748291 ] } },
{ "type": "Feature", "properties": { "particle": 482, "seed_idx": 24, "valid": true, "snap_water": false, "snap_m": 0.0 }, "geometry": { "type": "Point", "coordinates": [ -0.312871903181076, 5.505316734313965 ] } },
{ "type": "Feature", "properties": { "particle": 483, "seed_idx": 24, "valid": true, "snap_water": false, "snap_m": 0.0 }, "geometry": { "type": "Point", "coordinates": [ -0.318913578987122, 5.510135173797607 ] } },
{ "type": "Feature", "properties": { "particle": 484, "seed_idx": 24, "valid": true, "snap_water": false, "snap_m": 0.0 }, "geometry": { "type": "Point", "coordinates": [ -0.31945613026619, 5.509774684906006 ] } },
{ "type": "Feature", "properties": { "particle": 485, "seed_idx": 24, "valid": true, "snap_water": false, "snap_m": 0.0 }, "geometry": { "type": "Point", "coordinates": [ -0.319479018449783, 5.509614944458008 ] } },
{ "type": "Feature", "properties": { "particle": 486, "seed_idx": 24, "valid": true, "snap_water": false, "snap_m": 0.0 }, "geometry": { "type": "Point", "coordinates": [ -0.319207668304443, 5.509698390960693 ] } },
{ "type": "Feature", "properties": { "particle": 487, "seed_idx": 24, "valid": true, "snap_water": false, "snap_m": 0.0 }, "geometry": { "type": "Point", "coordinates": [ -0.318925857543945, 5.509767532348633 ] } },
{ "type": "Feature", "properties": { "particle": 488, "seed_idx": 24, "valid": true, "snap_water": false, "snap_m": 0.0 }, "geometry": { "type": "Point", "coordinates": [ -0.318766921758652, 5.509927272796631 ] } },
{ "type": "Feature", "properties": { "particle": 489, "seed_idx": 24, "valid": true, "snap_water": false, "snap_m": 0.0 }, "geometry": { "type": "Point", "coordinates": [ -0.319722324609756, 5.509771347045898 ] } },
{ "type": "Feature", "properties": { "particle": 490, "seed_idx": 24, "valid": true, "snap_water": false, "snap_m": 0.0 }, "geometry": { "type": "Point", "coordinates": [ -0.319937735795975, 5.509770393371582 ] } },
{ "type": "Feature", "properties": { "particle": 491, "seed_idx": 24, "valid": true, "snap_water": true, "snap_m": 83.601357 }, "geometry": { "type": "Point", "coordinates": [ -0.319000005722046, 5.510000228881836 ] } },
{ "type": "Feature", "properties": { "particle": 492, "seed_idx": 24, "valid": true, "snap_water": false, "snap_m": 0.0 }, "geometry": { "type": "Point", "coordinates": [ -0.319057643413544, 5.50996732711792 ] } },
{ "type": "Feature", "properties": { "particle": 493, "seed_idx": 24, "valid": true, "snap_water": true, "snap_m": 68.693436 }, "geometry": { "type": "Point", "coordinates": [ -0.319000005722046, 5.510000228881836 ] } },
{ "type": "Feature", "properties": { "particle": 494, "seed_idx": 24, "valid": true, "snap_water": false, "snap_m": 0.0 }, "geometry": { "type": "Point", "coordinates": [ -0.318974167108536, 5.510469436645508 ] } },
{ "type": "Feature", "properties": { "particle": 495, "seed_idx": 24, "valid": true, "snap_water": true, "snap_m": 78.149757 }, "geometry": { "type": "Point", "coordinates": [ -0.319000005722046, 5.510000228881836 ] } },
{ "type": "Feature", "properties": { "particle": 496, "seed_idx": 24, "valid": true, "snap_water": false, "snap_m": 0.0 }, "geometry": { "type": "Point", "coordinates": [ -0.312829256057739, 5.505259037017822 ] } },
{ "type": "Feature", "properties": { "particle": 497, "seed_idx": 24, "valid": true, "snap_water": false, "snap_m": 0.0 }, "geometry": { "type": "Point", "coordinates": [ -0.318755239248276, 5.509774684906006 ] } },
{ "type": "Feature", "properties": { "particle": 498, "seed_idx": 24, "valid": true, "snap_water": false, "snap_m": 0.0 }, "geometry": { "type": "Point", "coordinates": [ -0.319960504770279, 5.509686470031738 ] } },
{ "type": "Feature", "properties": { "particle": 499, "seed_idx": 24, "valid": true, "snap_water": false, "snap_m": 0.0 }, "geometry": { "type": "Point", "coordinates": [ -0.312971264123917, 5.505191326141357 ] } },
{ "type": "Feature", "properties": { "particle": 500, "seed_idx": 25, "valid": true, "snap_water": false, "snap_m": 0.0 }, "geometry": { "type": "Point", "coordinates": [ -0.319052666425705, 5.510343551635742 ] } },
{ "type": "Feature", "properties": { "particle": 501, "seed_idx": 25, "valid": true, "snap_water": false, "snap_m": 0.0 }, "geometry": { "type": "Point", "coordinates": [ -0.319192320108414, 5.509723663330078 ] } },
{ "type": "Feature", "properties": { "particle": 502, "seed_idx": 25, "valid": true, "snap_water": true, "snap_m": 81.796333 }, "geometry": { "type": "Point", "coordinates": [ -0.317999988794327, 5.511000156402588 ] } },
{ "type": "Feature", "properties": { "particle": 503, "seed_idx": 25, "valid": true, "snap_water": false, "snap_m": 0.0 }, "geometry": { "type": "Point", "coordinates": [ -0.318898051977158, 5.510235786437988 ] } },
{ "type": "Feature", "properties": { "particle": 504, "seed_idx": 25, "valid": true, "snap_water": false, "snap_m": 0.0 }, "geometry": { "type": "Point", "coordinates": [ -0.318584710359573, 5.510289192199707 ] } },
{ "type": "Feature", "properties": { "particle": 505, "seed_idx": 25, "valid": true, "snap_water": true, "snap_m": 77.266289 }, "geometry": { "type": "Point", "coordinates": [ -0.319000005722046, 5.510000228881836 ] } },
{ "type": "Feature", "properties": { "particle": 506, "seed_idx": 25, "valid": true, "snap_water": false, "snap_m": 0.0 }, "geometry": { "type": "Point", "coordinates": [ -0.318982899188995, 5.510481834411621 ] } },
{ "type": "Feature", "properties": { "particle": 507, "seed_idx": 25, "valid": true, "snap_water": false, "snap_m": 0.0 }, "geometry": { "type": "Point", "coordinates": [ -0.318791091442108, 5.510085105895996 ] } },
{ "type": "Feature", "properties": { "particle": 508, "seed_idx": 25, "valid": true, "snap_water": false, "snap_m": 0.0 }, "geometry": { "type": "Point", "coordinates": [ -0.319209426641464, 5.509644031524658 ] } },
{ "type": "Feature", "properties": { "particle": 509, "seed_idx": 25, "valid": true, "snap_water": false, "snap_m": 0.0 }, "geometry": { "type": "Point", "coordinates": [ -0.318819552659988, 5.510370254516602 ] } },
{ "type": "Feature", "properties": { "particle": 510, "seed_idx": 25, "valid": true, "snap_water": false, "snap_m": 0.0 }, "geometry": { "type": "Point", "coordinates": [ -0.319624453783035, 5.509603500366211 ] } },
{ "type": "Feature", "properties": { "particle": 511, "seed_idx": 25, "valid": true, "snap_water": false, "snap_m": 0.0 }, "geometry": { "type": "Point", "coordinates": [ -0.319530487060547, 5.509644031524658 ] } },
{ "type": "Feature", "properties": { "particle": 512, "seed_idx": 25, "valid": true, "snap_water": false, "snap_m": 0.0 }, "geometry": { "type": "Point", "coordinates": [ -0.318189233541489, 5.510330200195312 ] } },
{ "type": "Feature", "properties": { "particle": 513, "seed_idx": 25, "valid": true, "snap_water": false, "snap_m": 0.0 }, "geometry": { "type": "Point", "coordinates": [ -0.319436252117157, 5.509231090545654 ] } },
{ "type": "Feature", "properties": { "particle": 514, "seed_idx": 25, "valid": true, "snap_water": false, "snap_m": 0.0 }, "geometry": { "type": "Point", "coordinates": [ -0.317998945713043, 5.510769367218018 ] } },
{ "type": "Feature", "properties": { "particle": 515, "seed_idx": 25, "valid": true, "snap_water": true, "snap_m": 75.076439 }, "geometry": { "type": "Point", "coordinates": [ -0.317999988794327, 5.511000156402588 ] } },
{ "type": "Feature", "properties": { "particle": 516, "seed_idx": 25, "valid": true, "snap_water": false, "snap_m": 0.0 }, "geometry": { "type": "Point", "coordinates": [ -0.31829047203064, 5.510578632354736 ] } },
{ "type": "Feature", "properties": { "particle": 517, "seed_idx": 25, "valid": true, "snap_water": false, "snap_m": 0.0 }, "geometry": { "type": "Point", "coordinates": [ -0.3188656270504, 5.510375022888184 ] } },
{ "type": "Feature", "properties": { "particle": 518, "seed_idx": 25, "valid": true, "snap_water": true, "snap_m": 71.658096 }, "geometry": { "type": "Point", "coordinates": [ -0.319000005722046, 5.510000228881836 ] } },
{ "type": "Feature", "properties": { "particle": 519, "seed_idx": 25, "valid": true, "snap_water": false, "snap_m": 0.0 }, "geometry": { "type": "Point", "coordinates": [ -0.318250954151154, 5.510514736175537 ] } },
{ "type": "Feature", "properties": { "particle": 520, "seed_idx": 26, "valid": true, "snap_water": false, "snap_m": 0.0 }, "geometry": { "type": "Point", "coordinates": [ -0.318297952413559, 5.510107517242432 ] } },
{ "type": "Feature", "properties": { "particle": 521, "seed_idx": 26, "valid": true, "snap_water": false, "snap_m": 0.0 }, "geometry": { "type": "Point", "coordinates": [ -0.317926347255707, 5.510332584381104 ] } },
{ "type": "Feature", "properties": { "particle": 522, "seed_idx": 26, "valid": true, "snap_water": false, "snap_m": 0.0 }, "geometry": { "type": "Point", "coordinates": [ -0.317891031503677, 5.510774612426758 ] } },
{ "type": "Feature", "properties": { "particle": 523, "seed_idx": 26, "valid": true, "snap_water": true, "snap_m": 86.889465 }, "geometry": { "type": "Point", "coordinates": [ -0.319000005722046, 5.510000228881836 ] } },
{ "type": "Feature", "properties": { "particle": 524, "seed_idx": 26, "valid": true, "snap_water": false, "snap_m": 0.0 }, "geometry": { "type": "Point", "coordinates": [ -0.318968653678894, 5.510071277618408 ] } },
{ "type": "Feature", "properties": { "particle": 525, "seed_idx": 26, "valid": true, "snap_water": false, "snap_m": 0.0 }, "geometry": { "type": "Point", "coordinates": [ -0.317637085914612, 5.51071310043335 ] } },
{ "type": "Feature", "properties": { "particle": 526, "seed_idx": 26, "valid": true, "snap_water": true, "snap_m": 75.816147 }, "geometry": { "type": "Point", "coordinates": [ -0.319000005722046, 5.510000228881836 ] } },
{ "type": "Feature", "properties": { "particle": 527, "seed_idx": 26, "valid": true, "snap_water": false, "snap_m": 0.0 }, "geometry": { "type": "Point", "coordinates": [ -0.318529456853867, 5.510434627532959 ] } },
{ "type": "Feature", "properties": { "particle": 528, "seed_idx": 26, "valid": true, "snap_water": false, "snap_m": 0.0 }, "geometry": { "type": "Point", "coordinates": [ -0.318482130765915, 5.51048469543457 ] } },
{ "type": "Feature", "properties": { "particle": 529, "seed_idx": 26, "valid": true, "snap_water": false, "snap_m": 0.0 }, "geometry": { "type": "Point", "coordinates": [ -0.3181172311306, 5.510565757751465 ] } },
{ "type": "Feature", "properties": { "particle": 530, "seed_idx": 26, "valid": true, "snap_water": false, "snap_m": 0.0 }, "geometry": { "type": "Point", "coordinates": [ -0.318555891513824, 5.510335922241211 ] } },
{ "type": "Feature", "properties": { "particle": 531, "seed_idx": 26, "valid": true, "snap_water": false, "snap_m": 0.0 }, "geometry": { "type": "Point", "coordinates": [ -0.319531351327896, 5.50938606262207 ] } },
{ "type": "Feature", "properties": { "particle": 532, "seed_idx": 26, "valid": true, "snap_water": false, "snap_m": 0.0 }, "geometry": { "type": "Point", "coordinates": [ -0.317192673683167, 5.510552883148193 ] } },
{ "type": "Feature", "properties": { "particle": 533, "seed_idx": 26, "valid": true, "snap_water": false, "snap_m": 0.0 }, "geometry": { "type": "Point", "coordinates": [ -0.318591594696045, 5.50972843170166 ] } },
{ "type": "Feature", "properties": { "particle": 534, "seed_idx": 26, "valid": true, "snap_water": false, "snap_m": 0.0 }, "geometry": { "type": "Point", "coordinates": [ -0.317486584186554, 5.510677814483643 ] } },
{ "type": "Feature", "properties": { "particle": 535, "seed_idx": 26, "valid": true, "snap_water": false, "snap_m": 0.0 }, "geometry": { "type": "Point", "coordinates": [ -0.318217694759369, 5.510560035705566 ] } },
{ "type": "Feature", "properties": { "particle": 536, "seed_idx": 26, "valid": true, "snap_water": false, "snap_m": 0.0 }, "geometry": { "type": "Point", "coordinates": [ -0.31818038225174, 5.510592460632324 ] } },
{ "type": "Feature", "properties": { "particle": 537, "seed_idx": 26, "valid": true, "snap_water": false, "snap_m": 0.0 }, "geometry": { "type": "Point", "coordinates": [ -0.317593395709991, 5.510739326477051 ] } },
{ "type": "Feature", "properties": { "particle": 538, "seed_idx": 26, "valid": true, "snap_water": false, "snap_m": 0.0 }, "geometry": { "type": "Point", "coordinates": [ -0.317716509103775, 5.510676860809326 ] } },
{ "type": "Feature", "properties": { "particle": 539, "seed_idx": 26, "valid": true, "snap_water": false, "snap_m": 0.0 }, "geometry": { "type": "Point", "coordinates": [ -0.317907333374023, 5.510517597198486 ] } },
{ "type": "Feature", "properties": { "particle": 540, "seed_idx": 27, "valid": true, "snap_water": false, "snap_m": 0.0 }, "geometry": { "type": "Point", "coordinates": [ -0.31722965836525, 5.510551929473877 ] } },
{ "type": "Feature", "properties": { "particle": 541, "seed_idx": 27, "valid": true, "snap_water": false, "snap_m": 0.0 }, "geometry": { "type": "Point", "coordinates": [ -0.317655652761459, 5.510571956634521 ] } },
{ "type": "Feature", "properties": { "particle": 542, "seed_idx": 27, "valid": true, "snap_water": false, "snap_m": 0.0 }, "geometry": { "type": "Point", "coordinates": [ -0.318811118602753, 5.510014533996582 ] } },
{ "type": "Feature", "properties": { "particle": 543, "seed_idx": 27, "valid": true, "snap_water": false, "snap_m": 0.0 }, "geometry": { "type": "Point", "coordinates": [ -0.318372488021851, 5.510245800018311 ] } },
{ "type": "Feature", "properties": { "particle": 544, "seed_idx": 27, "valid": true, "snap_water": false, "snap_m": 0.0 }, "geometry": { "type": "Point", "coordinates": [ -0.318358063697815, 5.510149478912354 ] } },
{ "type": "Feature", "properties": { "particle": 545, "seed_idx": 27, "valid": true, "snap_water": false, "snap_m": 0.0 }, "geometry": { "type": "Point", "coordinates": [ -0.316990971565247, 5.510684013366699 ] } },
{ "type": "Feature", "properties": { "particle": 546, "seed_idx": 27, "valid": true, "snap_water": false, "snap_m": 0.0 }, "geometry": { "type": "Point", "coordinates": [ -0.317300766706467, 5.510655879974365 ] } },
{ "type": "Feature", "properties": { "particle": 547, "seed_idx": 27, "valid": true, "snap_water": false, "snap_m": 0.0 }, "geometry": { "type": "Point", "coordinates": [ -0.317748993635178, 5.509696483612061 ] } },
{ "type": "Feature", "properties": { "particle": 548, "seed_idx": 27, "valid": true, "snap_water": false, "snap_m": 0.0 }, "geometry": { "type": "Point", "coordinates": [ -0.318091303110123, 5.510256767272949 ] } },
{ "type": "Feature", "properties": { "particle": 549, "seed_idx": 27, "valid": true, "snap_water": false, "snap_m": 0.0 }, "geometry": { "type": "Point", "coordinates": [ -0.318155109882355, 5.510007381439209 ] } },
{ "type": "Feature", "properties": { "particle": 550, "seed_idx": 27, "valid": true, "snap_water": false, "snap_m": 0.0 }, "geometry": { "type": "Point", "coordinates": [ -0.312835305929184, 5.505244255065918 ] } },
{ "type": "Feature", "properties": { "particle": 551, "seed_idx": 27, "valid": true, "snap_water": false, "snap_m": 0.0 }, "geometry": { "type": "Point", "coordinates": [ -0.318378746509552, 5.510395526885986 ] } },
{ "type": "Feature", "properties": { "particle": 552, "seed_idx": 27, "valid": true, "snap_water": false, "snap_m": 0.0 }, "geometry": { "type": "Point", "coordinates": [ -0.317752748727798, 5.510216236114502 ] } },
{ "type": "Feature", "properties": { "particle": 553, "seed_idx": 27, "valid": true, "snap_water": false, "snap_m": 0.0 }, "geometry": { "type": "Point", "coordinates": [ -0.319043815135956, 5.509133338928223 ] } },
{ "type": "Feature", "properties": { "particle": 554, "seed_idx": 27, "valid": true, "snap_water": false, "snap_m": 0.0 }, "geometry": { "type": "Point", "coordinates": [ -0.318262070417404, 5.510177135467529 ] } },
{ "type": "Feature", "properties": { "particle": 555, "seed_idx": 27, "valid": true, "snap_water": false, "snap_m": 0.0 }, "geometry": { "type": "Point", "coordinates": [ -0.317491501569748, 5.510269165039062 ] } },
{ "type": "Feature", "properties": { "particle": 556, "seed_idx": 27, "valid": true, "snap_water": false, "snap_m": 0.0 }, "geometry": { "type": "Point", "coordinates": [ -0.317594826221466, 5.510330677032471 ] } },
{ "type": "Feature", "properties": { "particle": 557, "seed_idx": 27, "valid": true, "snap_water": false, "snap_m": 0.0 }, "geometry": { "type": "Point", "coordinates": [ -0.317917943000793, 5.51018238067627 ] } },
{ "type": "Feature", "properties": { "particle": 558, "seed_idx": 27, "valid": true, "snap_water": false, "snap_m": 0.0 }, "geometry": { "type": "Point", "coordinates": [ -0.318188101053238, 5.509740352630615 ] } },
{ "type": "Feature", "properties": { "particle": 559, "seed_idx": 27, "valid": true, "snap_water": false, "snap_m": 0.0 }, "geometry": { "type": "Point", "coordinates": [ -0.319068640470505, 5.509446144104004 ] } },
{ "type": "Feature", "properties": { "particle": 560, "seed_idx": 28, "valid": true, "snap_water": false, "snap_m": 0.0 }, "geometry": { "type": "Point", "coordinates": [ -0.318348973989487, 5.51024055480957 ] } },
{ "type": "Feature", "properties": { "particle": 561, "seed_idx": 28, "valid": true, "snap_water": false, "snap_m": 0.0 }, "geometry": { "type": "Point", "coordinates": [ -0.318138480186462, 5.510220527648926 ] } },
{ "type": "Feature", "properties": { "particle": 562, "seed_idx": 28, "valid": true, "snap_water": false, "snap_m": 0.0 }, "geometry": { "type": "Point", "coordinates": [ -0.318493872880936, 5.509910106658936 ] } },
{ "type": "Feature", "properties": { "particle": 563, "seed_idx": 28, "valid": true, "snap_water": false, "snap_m": 0.0 }, "geometry": { "type": "Point", "coordinates": [ -0.313038140535355, 5.505001068115234 ] } },
{ "type": "Feature", "properties": { "particle": 564, "seed_idx": 28, "valid": true, "snap_water": false, "snap_m": 0.0 }, "geometry": { "type": "Point", "coordinates": [ -0.318849921226501, 5.510151386260986 ] } },
{ "type": "Feature", "properties": { "particle": 565, "seed_idx": 28, "valid": true, "snap_water": false, "snap_m": 0.0 }, "geometry": { "type": "Point", "coordinates": [ -0.319296985864639, 5.509157657623291 ] } },
{ "type": "Feature", "properties": { "particle": 566, "seed_idx": 28, "valid": true, "snap_water": false, "snap_m": 0.0 }, "geometry": { "type": "Point", "coordinates": [ -0.318041145801544, 5.510098934173584 ] } },
{ "type": "Feature", "properties": { "particle": 567, "seed_idx": 28, "valid": true, "snap_water": false, "snap_m": 0.0 }, "geometry": { "type": "Point", "coordinates": [ -0.319675028324127, 5.509459972381592 ] } },
{ "type": "Feature", "properties": { "particle": 568, "seed_idx": 28, "valid": true, "snap_water": false, "snap_m": 0.0 }, "geometry": { "type": "Point", "coordinates": [ -0.319034069776535, 5.510030269622803 ] } },
{ "type": "Feature", "properties": { "particle": 569, "seed_idx": 28, "valid": true, "snap_water": false, "snap_m": 0.0 }, "geometry": { "type": "Point", "coordinates": [ -0.317806154489517, 5.509753227233887 ] } },
{ "type": "Feature", "properties": { "particle": 570, "seed_idx": 28, "valid": true, "snap_water": false, "snap_m": 0.0 }, "geometry": { "type": "Point", "coordinates": [ -0.31841966509819, 5.509923458099365 ] } },
{ "type": "Feature", "properties": { "particle": 571, "seed_idx": 28, "valid": true, "snap_water": false, "snap_m": 0.0 }, "geometry": { "type": "Point", "coordinates": [ -0.318490415811539, 5.510128974914551 ] } },
{ "type": "Feature", "properties": { "particle": 572, "seed_idx": 28, "valid": true, "snap_water": false, "snap_m": 0.0 }, "geometry": { "type": "Point", "coordinates": [ -0.318182080984116, 5.509402275085449 ] } },
{ "type": "Feature", "properties": { "particle": 573, "seed_idx": 28, "valid": true, "snap_water": false, "snap_m": 0.0 }, "geometry": { "type": "Point", "coordinates": [ -0.318815410137177, 5.509830951690674 ] } },
{ "type": "Feature", "properties": { "particle": 574, "seed_idx": 28, "valid": true, "snap_water": false, "snap_m": 0.0 }, "geometry": { "type": "Point", "coordinates": [ -0.319070667028427, 5.509387969970703 ] } },
{ "type": "Feature", "properties": { "particle": 575, "seed_idx": 28, "valid": true, "snap_water": false, "snap_m": 0.0 }, "geometry": { "type": "Point", "coordinates": [ -0.318156063556671, 5.510078430175781 ] } },
{ "type": "Feature", "properties": { "particle": 576, "seed_idx": 28, "valid": true, "snap_water": false, "snap_m": 0.0 }, "geometry": { "type": "Point", "coordinates": [ -0.318719863891602, 5.510419368743896 ] } },
{ "type": "Feature", "properties": { "particle": 577, "seed_idx": 28, "valid": true, "snap_water": true, "snap_m": 57.891804 }, "geometry": { "type": "Point", "coordinates": [ -0.312999993562698, 5.505000114440918 ] } },
{ "type": "Feature", "properties": { "particle": 578, "seed_idx": 28, "valid": true, "snap_water": false, "snap_m": 0.0 }, "geometry": { "type": "Point", "coordinates": [ -0.318423569202423, 5.509926319122314 ] } },
{ "type": "Feature", "properties": { "particle": 579, "seed_idx": 28, "valid": true, "snap_water": false, "snap_m": 0.0 }, "geometry": { "type": "Point", "coordinates": [ -0.317619144916534, 5.510307312011719 ] } },
{ "type": "Feature", "properties": { "particle": 580, "seed_idx": 29, "valid": true, "snap_water": false, "snap_m": 0.0 }, "geometry": { "type": "Point", "coordinates": [ -0.312911838293076, 5.505224227905273 ] } },
{ "type": "Feature", "properties": { "particle": 581, "seed_idx": 29, "valid": true, "snap_water": true, "snap_m": 58.171032 }, "geometry": { "type": "Point", "coordinates": [ -0.312999993562698, 5.505000114440918 ] } },
{ "type": "Feature", "properties": { "particle": 582, "seed_idx": 29, "valid": true, "snap_water": false, "snap_m": 0.0 }, "geometry": { "type": "Point", "coordinates": [ -0.317848831415176, 5.510080337524414 ] } },
{ "type": "Feature", "properties": { "particle": 583, "seed_idx": 29, "valid": true, "snap_water": false, "snap_m": 0.0 }, "geometry": { "type": "Point", "coordinates": [ -0.318616807460785, 5.50985860824585 ] } },
{ "type": "Feature", "properties": { "particle": 584, "seed_idx": 29, "valid": true, "snap_water": false, "snap_m": 0.0 }, "geometry": { "type": "Point", "coordinates": [ -0.31883117556572, 5.510005950927734 ] } },
{ "type": "Feature", "properties": { "particle": 585, "seed_idx": 29, "valid": true, "snap_water": false, "snap_m": 0.0 }, "geometry": { "type": "Point", "coordinates": [ -0.31878662109375, 5.509561538696289 ] } },
{ "type": "Feature", "properties": { "particle": 586, "seed_idx": 29, "valid": true, "snap_water": false, "snap_m": 0.0 }, "geometry": { "type": "Point", "coordinates": [ -0.318213760852814, 5.510345935821533 ] } },
{ "type": "Feature", "properties": { "particle": 587, "seed_idx": 29, "valid": true, "snap_water": false, "snap_m": 0.0 }, "geometry": { "type": "Point", "coordinates": [ -0.318966269493103, 5.509303092956543 ] } },
{ "type": "Feature", "properties": { "particle": 588, "seed_idx": 29, "valid": true, "snap_water": false, "snap_m": 0.0 }, "geometry": { "type": "Point", "coordinates": [ -0.312783271074295, 5.50518274307251 ] } },
{ "type": "Feature", "properties": { "particle": 589, "seed_idx": 29, "valid": true, "snap_water": false, "snap_m": 0.0 }, "geometry": { "type": "Point", "coordinates": [ -0.3128961622715, 5.505393981933594 ] } },
{ "type": "Feature", "properties": { "particle": 590, "seed_idx": 29, "valid": true, "snap_water": false, "snap_m": 0.0 }, "geometry": { "type": "Point", "coordinates": [ -0.318075805902481, 5.509971618652344 ] } },
{ "type": "Feature", "properties": { "particle": 591, "seed_idx": 29, "valid": true, "snap_water": false, "snap_m": 0.0 }, "geometry": { "type": "Point", "coordinates": [ -0.318192303180695, 5.509567737579346 ] } },
{ "type": "Feature", "properties": { "particle": 592, "seed_idx": 29, "valid": true, "snap_water": false, "snap_m": 0.0 }, "geometry": { "type": "Point", "coordinates": [ -0.319751471281052, 5.509731769561768 ] } },
{ "type": "Feature", "properties": { "particle": 593, "seed_idx": 29, "valid": true, "snap_water": false, "snap_m": 0.0 }, "geometry": { "type": "Point", "coordinates": [ -0.318595111370087, 5.50924825668335 ] } },
{ "type": "Feature", "properties": { "particle": 594, "seed_idx": 29, "valid": true, "snap_water": false, "snap_m": 0.0 }, "geometry": { "type": "Point", "coordinates": [ -0.318526834249496, 5.509307384490967 ] } },
{ "type": "Feature", "properties": { "particle": 595, "seed_idx": 29, "valid": true, "snap_water": false, "snap_m": 0.0 }, "geometry": { "type": "Point", "coordinates": [ -0.313060432672501, 5.505301952362061 ] } },
{ "type": "Feature", "properties": { "particle": 596, "seed_idx": 29, "valid": true, "snap_water": false, "snap_m": 0.0 }, "geometry": { "type": "Point", "coordinates": [ -0.313053131103516, 5.50528621673584 ] } },
{ "type": "Feature", "properties": { "particle": 597, "seed_idx": 29, "valid": true, "snap_water": false, "snap_m": 0.0 }, "geometry": { "type": "Point", "coordinates": [ -0.31865581870079, 5.509862422943115 ] } },
{ "type": "Feature", "properties": { "particle": 598, "seed_idx": 29, "valid": true, "snap_water": false, "snap_m": 0.0 }, "geometry": { "type": "Point", "coordinates": [ -0.318939864635468, 5.509811878204346 ] } },
{ "type": "Feature", "properties": { "particle": 599, "seed_idx": 29, "valid": true, "snap_water": false, "snap_m": 0.0 }, "geometry": { "type": "Point", "coordinates": [ -0.318022102117538, 5.510128498077393 ] } },
{ "type": "Feature", "properties": { "particle": 600, "seed_idx": 30, "valid": true, "snap_water": false, "snap_m": 0.0 }, "geometry": { "type": "Point", "coordinates": [ -0.319237560033798, 5.509574413299561 ] } },
{ "type": "Feature", "properties": { "particle": 601, "seed_idx": 30, "valid": true, "snap_water": false, "snap_m": 0.0 }, "geometry": { "type": "Point", "coordinates": [ -0.319815039634705, 5.508618831634521 ] } },
{ "type": "Feature", "properties": { "particle": 602, "seed_idx": 30, "valid": true, "snap_water": false, "snap_m": 0.0 }, "geometry": { "type": "Point", "coordinates": [ -0.319159716367722, 5.508401870727539 ] } },
{ "type": "Feature", "properties": { "particle": 603, "seed_idx": 30, "valid": true, "snap_water": false, "snap_m": 0.0 }, "geometry": { "type": "Point", "coordinates": [ -0.319752007722855, 5.50953197479248 ] } },
{ "type": "Feature", "properties": { "particle": 604, "seed_idx": 30, "valid": true, "snap_water": false, "snap_m": 0.0 }, "geometry": { "type": "Point", "coordinates": [ -0.313071191310883, 5.505249977111816 ] } },
{ "type": "Feature", "properties": { "particle": 605, "seed_idx": 30, "valid": true, "snap_water": true, "snap_m": 58.86808 }, "geometry": { "type": "Point", "coordinates": [ -0.312999993562698, 5.505000114440918 ] } },
{ "type": "Feature", "properties": { "particle": 606, "seed_idx": 30, "valid": true, "snap_water": false, "snap_m": 0.0 }, "geometry": { "type": "Point", "coordinates": [ -0.318191796541214, 5.506963729858398 ] } },
{ "type": "Feature", "properties": { "particle": 607, "seed_idx": 30, "valid": true, "snap_water": false, "snap_m": 0.0 }, "geometry": { "type": "Point", "coordinates": [ -0.321266293525696, 5.508901119232178 ] } },
{ "type": "Feature", "properties": { "particle": 608, "seed_idx": 30, "valid": true, "snap_water": false, "snap_m": 0.0 }, "geometry": { "type": "Point", "coordinates": [ -0.312783062458038, 5.505093574523926 ] } },
{ "type": "Feature", "properties": { "particle": 609, "seed_idx": 30, "valid": true, "snap_water": false, "snap_m": 0.0 }, "geometry": { "type": "Point", "coordinates": [ -0.313013672828674, 5.50547456741333 ] } },
{ "type": "Feature", "properties": { "particle": 610, "seed_idx": 30, "valid": true, "snap_water": false, "snap_m": 0.0 }, "geometry": { "type": "Point", "coordinates": [ -0.312984198331833, 5.505473613739014 ] } },
{ "type": "Feature", "properties": { "particle": 611, "seed_idx": 30, "valid": true, "snap_water": false, "snap_m": 0.0 }, "geometry": { "type": "Point", "coordinates": [ -0.320690900087357, 5.509315013885498 ] } },
{ "type": "Feature", "properties": { "particle": 612, "seed_idx": 30, "valid": true, "snap_water": false, "snap_m": 0.0 }, "geometry": { "type": "Point", "coordinates": [ -0.318572700023651, 5.50963830947876 ] } },
{ "type": "Feature", "properties": { "particle": 613, "seed_idx": 30, "valid": true, "snap_water": false, "snap_m": 0.0 }, "geometry": { "type": "Point", "coordinates": [ -0.312967538833618, 5.504710674285889 ] } },
{ "type": "Feature", "properties": { "particle": 614, "seed_idx": 30, "valid": true, "snap_water": false, "snap_m": 0.0 }, "geometry": { "type": "Point", "coordinates": [ -0.313255697488785, 5.504676818847656 ] } },
{ "type": "Feature", "properties": { "particle": 615, "seed_idx": 30, "valid": true, "snap_water": false, "snap_m": 0.0 }, "geometry": { "type": "Point", "coordinates": [ -0.321127325296402, 5.508805751800537 ] } },
{ "type": "Feature", "properties": { "particle": 616, "seed_idx": 30, "valid": true, "snap_water": false, "snap_m": 0.0 }, "geometry": { "type": "Point", "coordinates": [ -0.312764257192612, 5.504948616027832 ] } },
{ "type": "Feature", "properties": { "particle": 617, "seed_idx": 30, "valid": true, "snap_water": false, "snap_m": 0.0 }, "geometry": { "type": "Point", "coordinates": [ -0.312899321317673, 5.50485897064209 ] } },
{ "type": "Feature", "properties": { "particle": 618, "seed_idx": 30, "valid": true, "snap_water": true, "snap_m": 55.944576 }, "geometry": { "type": "Point", "coordinates": [ -0.312999993562698, 5.505000114440918 ] } },
{ "type": "Feature", "properties": { "particle": 619, "seed_idx": 30, "valid": true, "snap_water": false, "snap_m": 0.0 }, "geometry": { "type": "Point", "coordinates": [ -0.318760603666306, 5.509729862213135 ] } },
{ "type": "Feature", "properties": { "particle": 620, "seed_idx": 31, "valid": true, "snap_water": false, "snap_m": 0.0 }, "geometry": { "type": "Point", "coordinates": [ -0.313074946403503, 5.505181789398193 ] } },
{ "type": "Feature", "properties": { "particle": 621, "seed_idx": 31, "valid": true, "snap_water": true, "snap_m": 54.756123 }, "geometry": { "type": "Point", "coordinates": [ -0.312999993562698, 5.505000114440918 ] } },
{ "type": "Feature", "properties": { "particle": 622, "seed_idx": 31, "valid": true, "snap_water": false, "snap_m": 0.0 }, "geometry": { "type": "Point", "coordinates": [ -0.312933415174484, 5.505073547363281 ] } },
{ "type": "Feature", "properties": { "particle": 623, "seed_idx": 31, "valid": true, "snap_water": false, "snap_m": 0.0 }, "geometry": { "type": "Point", "coordinates": [ -0.313045352697372, 5.505458831787109 ] } },
{ "type": "Feature", "properties": { "particle": 624, "seed_idx": 31, "valid": true, "snap_water": false, "snap_m": 0.0 }, "geometry": { "type": "Point", "coordinates": [ -0.318167835474014, 5.506472110748291 ] } },
{ "type": "Feature", "properties": { "particle": 625, "seed_idx": 31, "valid": true, "snap_water": false, "snap_m": 0.0 }, "geometry": { "type": "Point", "coordinates": [ -0.31279256939888, 5.505170822143555 ] } },
{ "type": "Feature", "properties": { "particle": 626, "seed_idx": 31, "valid": true, "snap_water": false, "snap_m": 0.0 }, "geometry": { "type": "Point", "coordinates": [ -0.313056468963623, 5.505072116851807 ] } },
{ "type": "Feature", "properties": { "particle": 627, "seed_idx": 31, "valid": true, "snap_water": false, "snap_m": 0.0 }, "geometry": { "type": "Point", "coordinates": [ -0.320776104927063, 5.509517669677734 ] } },
{ "type": "Feature", "properties": { "particle": 628, "seed_idx": 31, "valid": true, "snap_water": false, "snap_m": 0.0 }, "geometry": { "type": "Point", "coordinates": [ -0.321244776248932, 5.509427070617676 ] } },
{ "type": "Feature", "properties": { "particle": 629, "seed_idx": 31, "valid": true, "snap_water": false, "snap_m": 0.0 }, "geometry": { "type": "Point", "coordinates": [ -0.313042372465134, 5.505483150482178 ] } },
{ "type": "Feature", "properties": { "particle": 630, "seed_idx": 31, "valid": true, "snap_water": false, "snap_m": 0.0 }, "geometry": { "type": "Point", "coordinates": [ -0.313096016645432, 5.504691600799561 ] } },
{ "type": "Feature", "properties": { "particle": 631, "seed_idx": 31, "valid": true, "snap_water": false, "snap_m": 0.0 }, "geometry": { "type": "Point", "coordinates": [ -0.317226439714432, 5.506835460662842 ] } },
{ "type": "Feature", "properties": { "particle": 632, "seed_idx": 31, "valid": true, "snap_water": false, "snap_m": 0.0 }, "geometry": { "type": "Point", "coordinates": [ -0.317537009716034, 5.507378578186035 ] } },
{ "type": "Feature", "properties": { "particle": 633, "seed_idx": 31, "valid": true, "snap_water": true, "snap_m": 59.205307 }, "geometry": { "type": "Point", "coordinates": [ -0.312999993562698, 5.505000114440918 ] } },
{ "type": "Feature", "properties": { "particle": 634, "seed_idx": 31, "valid": true, "snap_water": false, "snap_m": 0.0 }, "geometry": { "type": "Point", "coordinates": [ -0.31299364566803, 5.505043983459473 ] } },
{ "type": "Feature", "properties": { "particle": 635, "seed_idx": 31, "valid": true, "snap_water": false, "snap_m": 0.0 }, "geometry": { "type": "Point", "coordinates": [ -0.312857776880264, 5.505056381225586 ] } },
{ "type": "Feature", "properties": { "particle": 636, "seed_idx": 31, "valid": true, "snap_water": false, "snap_m": 0.0 }, "geometry": { "type": "Point", "coordinates": [ -0.313650071620941, 5.504739761352539 ] } },
{ "type": "Feature", "properties": { "particle": 637, "seed_idx": 31, "valid": true, "snap_water": true, "snap_m": 57.446144 }, "geometry": { "type": "Point", "coordinates": [ -0.312999993562698, 5.505000114440918 ] } },
{ "type": "Feature", "properties": { "particle": 638, "seed_idx": 31, "valid": true, "snap_water": true, "snap_m": 55.485172 }, "geometry": { "type": "Point", "coordinates": [ -0.312999993562698, 5.505000114440918 ] } },
{ "type": "Feature", "properties": { "particle": 639, "seed_idx": 31, "valid": true, "snap_water": false, "snap_m": 0.0 }, "geometry": { "type": "Point", "coordinates": [ -0.317577302455902, 5.507018089294434 ] } },
{ "type": "Feature", "properties": { "particle": 640, "seed_idx": 32, "valid": true, "snap_water": false, "snap_m": 0.0 }, "geometry": { "type": "Point", "coordinates": [ -0.313629865646362, 5.504255294799805 ] } },
{ "type": "Feature", "properties": { "particle": 641, "seed_idx": 32, "valid": true, "snap_water": false, "snap_m": 0.0 }, "geometry": { "type": "Point", "coordinates": [ -0.320502817630768, 5.509570121765137 ] } },
{ "type": "Feature", "properties": { "particle": 642, "seed_idx": 32, "valid": true, "snap_water": false, "snap_m": 0.0 }, "geometry": { "type": "Point", "coordinates": [ -0.319796532392502, 5.508832454681396 ] } },
{ "type": "Feature", "properties": { "particle": 643, "seed_idx": 32, "valid": true, "snap_water": false, "snap_m": 0.0 }, "geometry": { "type": "Point", "coordinates": [ -0.313457638025284, 5.504757404327393 ] } },
{ "type": "Feature", "properties": { "particle": 644, "seed_idx": 32, "valid": true, "snap_water": false, "snap_m": 0.0 }, "geometry": { "type": "Point", "coordinates": [ -0.312923699617386, 5.505176067352295 ] } },
{ "type": "Feature", "properties": { "particle": 645, "seed_idx": 32, "valid": true, "snap_water": false, "snap_m": 0.0 }, "geometry": { "type": "Point", "coordinates": [ -0.312771648168564, 5.504872798919678 ] } },
{ "type": "Feature", "properties": { "particle": 646, "seed_idx": 32, "valid": true, "snap_water": false, "snap_m": 0.0 }, "geometry": { "type": "Point", "coordinates": [ -0.319673508405685, 5.508308410644531 ] } },
{ "type": "Feature", "properties": { "particle": 647, "seed_idx": 32, "valid": true, "snap_water": false, "snap_m": 0.0 }, "geometry": { "type": "Point", "coordinates": [ -0.313378691673279, 5.504649639129639 ] } },
{ "type": "Feature", "properties": { "particle": 648, "seed_idx": 32, "valid": true, "snap_water": false, "snap_m": 0.0 }, "geometry": { "type": "Point", "coordinates": [ -0.315489053726196, 5.505322456359863 ] } },
{ "type": "Feature", "properties": { "particle": 649, "seed_idx": 32, "valid": true, "snap_water": false, "snap_m": 0.0 }, "geometry": { "type": "Point", "coordinates": [ -0.31279581785202, 5.505047798156738 ] } },
{ "type": "Feature", "properties": { "particle": 650, "seed_idx": 32, "valid": true, "snap_water": false, "snap_m": 0.0 }, "geometry": { "type": "Point", "coordinates": [ -0.312973916530609, 5.505115985870361 ] } },
{ "type": "Feature", "properties": { "particle": 651, "seed_idx": 32, "valid": true, "snap_water": false, "snap_m": 0.0 }, "geometry": { "type": "Point", "coordinates": [ -0.312780827283859, 5.504772663116455 ] } },
{ "type": "Feature", "properties": { "particle": 652, "seed_idx": 32, "valid": true, "snap_water": false, "snap_m": 0.0 }, "geometry": { "type": "Point", "coordinates": [ -0.319802522659302, 5.507947444915771 ] } },
{ "type": "Feature", "properties": { "particle": 653, "seed_idx": 32, "valid": true, "snap_water": false, "snap_m": 0.0 }, "geometry": { "type": "Point", "coordinates": [ -0.31276336312294, 5.504646301269531 ] } },
{ "type": "Feature", "properties": { "particle": 654, "seed_idx": 32, "valid": true, "snap_water": false, "snap_m": 0.0 }, "geometry": { "type": "Point", "coordinates": [ -0.312944352626801, 5.505218029022217 ] } },
{ "type": "Feature", "properties": { "particle": 655, "seed_idx": 32, "valid": true, "snap_water": false, "snap_m": 0.0 }, "geometry": { "type": "Point", "coordinates": [ -0.315304130315781, 5.505037784576416 ] } },
{ "type": "Feature", "properties": { "particle": 656, "seed_idx": 32, "valid": true, "snap_water": false, "snap_m": 0.0 }, "geometry": { "type": "Point", "coordinates": [ -0.313561469316483, 5.504646778106689 ] } },
{ "type": "Feature", "properties": { "particle": 657, "seed_idx": 32, "valid": true, "snap_water": false, "snap_m": 0.0 }, "geometry": { "type": "Point", "coordinates": [ -0.312805086374283, 5.505125522613525 ] } },
{ "type": "Feature", "properties": { "particle": 658, "seed_idx": 32, "valid": true, "snap_water": false, "snap_m": 0.0 }, "geometry": { "type": "Point", "coordinates": [ -0.314869582653046, 5.505437850952148 ] } },
{ "type": "Feature", "properties": { "particle": 659, "seed_idx": 32, "valid": true, "snap_water": true, "snap_m": 55.300076 }, "geometry": { "type": "Point", "coordinates": [ -0.312999993562698, 5.505000114440918 ] } },
{ "type": "Feature", "properties": { "particle": 660, "seed_idx": 33, "valid": true, "snap_water": false, "snap_m": 0.0 }, "geometry": { "type": "Point", "coordinates": [ -0.320510625839233, 5.508875846862793 ] } },
{ "type": "Feature", "properties": { "particle": 661, "seed_idx": 33, "valid": true, "snap_water": false, "snap_m": 0.0 }, "geometry": { "type": "Point", "coordinates": [ -0.321501493453979, 5.508155822753906 ] } },
{ "type": "Feature", "properties": { "particle": 662, "seed_idx": 33, "valid": true, "snap_water": false, "snap_m": 0.0 }, "geometry": { "type": "Point", "coordinates": [ -0.320276528596878, 5.50926399230957 ] } },
{ "type": "Feature", "properties": { "particle": 663, "seed_idx": 33, "valid": true, "snap_water": false, "snap_m": 0.0 }, "geometry": { "type": "Point", "coordinates": [ -0.313703000545502, 5.50467586517334 ] } },
{ "type": "Feature", "properties": { "particle": 664, "seed_idx": 33, "valid": true, "snap_water": false, "snap_m": 0.0 }, "geometry": { "type": "Point", "coordinates": [ -0.320360720157623, 5.509053707122803 ] } },
{ "type": "Feature", "properties": { "particle": 665, "seed_idx": 33, "valid": true, "snap_water": false, "snap_m": 0.0 }, "geometry": { "type": "Point", "coordinates": [ -0.313689380884171, 5.50475549697876 ] } },
{ "type": "Feature", "properties": { "particle": 666, "seed_idx": 33, "valid": true, "snap_water": false, "snap_m": 0.0 }, "geometry": { "type": "Point", "coordinates": [ -0.321179360151291, 5.508350849151611 ] } },
{ "type": "Feature", "properties": { "particle": 667, "seed_idx": 33, "valid": true, "snap_water": false, "snap_m": 0.0 }, "geometry": { "type": "Point", "coordinates": [ -0.321029931306839, 5.508662223815918 ] } },
{ "type": "Feature", "properties": { "particle": 668, "seed_idx": 33, "valid": true, "snap_water": false, "snap_m": 0.0 }, "geometry": { "type": "Point", "coordinates": [ -0.313210159540176, 5.504602432250977 ] } },
{ "type": "Feature", "properties": { "particle": 669, "seed_idx": 33, "valid": true, "snap_water": false, "snap_m": 0.0 }, "geometry": { "type": "Point", "coordinates": [ -0.317302972078323, 5.506978511810303 ] } },
{ "type": "Feature", "properties": { "particle": 670, "seed_idx": 33, "valid": true, "snap_water": false, "snap_m": 0.0 }, "geometry": { "type": "Point", "coordinates": [ -0.320720195770264, 5.509306907653809 ] } },
{ "type": "Feature", "properties": { "particle": 671, "seed_idx": 33, "valid": true, "snap_water": false, "snap_m": 0.0 }, "geometry": { "type": "Point", "coordinates": [ -0.32078555226326, 5.509155750274658 ] } },
{ "type": "Feature", "properties": { "particle": 672, "seed_idx": 33, "valid": true, "snap_water": false, "snap_m": 0.0 }, "geometry": { "type": "Point", "coordinates": [ -0.320472836494446, 5.508788108825684 ] } },
{ "type": "Feature", "properties": { "particle": 673, "seed_idx": 33, "valid": true, "snap_water": false, "snap_m": 0.0 }, "geometry": { "type": "Point", "coordinates": [ -0.320540130138397, 5.509513378143311 ] } },
{ "type": "Feature", "properties": { "particle": 674, "seed_idx": 33, "valid": true, "snap_water": false, "snap_m": 0.0 }, "geometry": { "type": "Point", "coordinates": [ -0.321073353290558, 5.508695602416992 ] } },
{ "type": "Feature", "properties": { "particle": 675, "seed_idx": 33, "valid": true, "snap_water": false, "snap_m": 0.0 }, "geometry": { "type": "Point", "coordinates": [ -0.320196658372879, 5.509089946746826 ] } },
{ "type": "Feature", "properties": { "particle": 676, "seed_idx": 33, "valid": true, "snap_water": false, "snap_m": 0.0 }, "geometry": { "type": "Point", "coordinates": [ -0.320171713829041, 5.509140491485596 ] } },
{ "type": "Feature", "properties": { "particle": 677, "seed_idx": 33, "valid": true, "snap_water": false, "snap_m": 0.0 }, "geometry": { "type": "Point", "coordinates": [ -0.320595026016235, 5.509396076202393 ] } },
{ "type": "Feature", "properties": { "particle": 678, "seed_idx": 33, "valid": true, "snap_water": false, "snap_m": 0.0 }, "geometry": { "type": "Point", "coordinates": [ -0.316628098487854, 5.505807399749756 ] } },
{ "type": "Feature", "properties": { "particle": 679, "seed_idx": 33, "valid": true, "snap_water": false, "snap_m": 0.0 }, "geometry": { "type": "Point", "coordinates": [ -0.321432769298553, 5.507541179656982 ] } },
{ "type": "Feature", "properties": { "particle": 680, "seed_idx": 34, "valid": true, "snap_water": false, "snap_m": 0.0 }, "geometry": { "type": "Point", "coordinates": [ -0.315723091363907, 5.506176948547363 ] } },
{ "type": "Feature", "properties": { "particle": 681, "seed_idx": 34, "valid": true, "snap_water": false, "snap_m": 0.0 }, "geometry": { "type": "Point", "coordinates": [ -0.320646494626999, 5.508763313293457 ] } },
{ "type": "Feature", "properties": { "particle": 682, "seed_idx": 34, "valid": true, "snap_water": false, "snap_m": 0.0 }, "geometry": { "type": "Point", "coordinates": [ -0.313590168952942, 5.504809856414795 ] } },
{ "type": "Feature", "properties": { "particle": 683, "seed_idx": 34, "valid": true, "snap_water": false, "snap_m": 0.0 }, "geometry": { "type": "Point", "coordinates": [ -0.321412265300751, 5.508945941925049 ] } },
{ "type": "Feature", "properties": { "particle": 684, "seed_idx": 34, "valid": true, "snap_water": false, "snap_m": 0.0 }, "geometry": { "type": "Point", "coordinates": [ -0.313076883554459, 5.50498628616333 ] } },
{ "type": "Feature", "properties": { "particle": 685, "seed_idx": 34, "valid": true, "snap_water": false, "snap_m": 0.0 }, "geometry": { "type": "Point", "coordinates": [ -0.31984555721283, 5.509080410003662 ] } },
{ "type": "Feature", "properties": { "particle": 686, "seed_idx": 34, "valid": true, "snap_water": false, "snap_m": 0.0 }, "geometry": { "type": "Point", "coordinates": [ -0.320385575294495, 5.508925437927246 ] } },
{ "type": "Feature", "properties": { "particle": 687, "seed_idx": 34, "valid": true, "snap_water": false, "snap_m": 0.0 }, "geometry": { "type": "Point", "coordinates": [ -0.321342200040817, 5.508154392242432 ] } },
{ "type": "Feature", "properties": { "particle": 688, "seed_idx": 34, "valid": true, "snap_water": false, "snap_m": 0.0 }, "geometry": { "type": "Point", "coordinates": [ -0.320561766624451, 5.50842809677124 ] } },
{ "type": "Feature", "properties": { "particle": 689, "seed_idx": 34, "valid": true, "snap_water": false, "snap_m": 0.0 }, "geometry": { "type": "Point", "coordinates": [ -0.31303945183754, 5.505427360534668 ] } },
{ "type": "Feature", "properties": { "particle": 690, "seed_idx": 34, "valid": true, "snap_water": false, "snap_m": 0.0 }, "geometry": { "type": "Point", "coordinates": [ -0.32040336728096, 5.50841236114502 ] } },
{ "type": "Feature", "properties": { "particle": 691, "seed_idx": 34, "valid": true, "snap_water": false, "snap_m": 0.0 }, "geometry": { "type": "Point", "coordinates": [ -0.316739499568939, 5.506959438323975 ] } },
{ "type": "Feature", "properties": { "particle": 692, "seed_idx": 34, "valid": true, "snap_water": false, "snap_m": 0.0 }, "geometry": { "type": "Point", "coordinates": [ -0.320040911436081, 5.508660793304443 ] } },
{ "type": "Feature", "properties": { "particle": 693, "seed_idx": 34, "valid": true, "snap_water": false, "snap_m": 0.0 }, "geometry": { "type": "Point", "coordinates": [ -0.319687038660049, 5.508225440979004 ] } },
{ "type": "Feature", "properties": { "particle": 694, "seed_idx": 34, "valid": true, "snap_water": false, "snap_m": 0.0 }, "geometry": { "type": "Point", "coordinates": [ -0.320844382047653, 5.50877857208252 ] } },
{ "type": "Feature", "properties": { "particle": 695, "seed_idx": 34, "valid": true, "snap_water": false, "snap_m": 0.0 }, "geometry": { "type": "Point", "coordinates": [ -0.312917351722717, 5.504656314849854 ] } },
{ "type": "Feature", "properties": { "particle": 696, "seed_idx": 34, "valid": true, "snap_water": false, "snap_m": 0.0 }, "geometry": { "type": "Point", "coordinates": [ -0.312945306301117, 5.505088806152344 ] } },
{ "type": "Feature", "properties": { "particle": 697, "seed_idx": 34, "valid": true, "snap_water": false, "snap_m": 0.0 }, "geometry": { "type": "Point", "coordinates": [ -0.321413666009903, 5.508615016937256 ] } },
{ "type": "Feature", "properties": { "particle": 698, "seed_idx": 34, "valid": true, "snap_water": false, "snap_m": 0.0 }, "geometry": { "type": "Point", "coordinates": [ -0.320720642805099, 5.508662700653076 ] } },
{ "type": "Feature", "properties": { "particle": 699, "seed_idx": 34, "valid": true, "snap_water": false, "snap_m": 0.0 }, "geometry": { "type": "Point", "coordinates": [ -0.317293047904968, 5.506575107574463 ] } },
{ "type": "Feature", "properties": { "particle": 700, "seed_idx": 35, "valid": true, "snap_water": false, "snap_m": 0.0 }, "geometry": { "type": "Point", "coordinates": [ -0.320296108722687, 5.508773803710938 ] } },
{ "type": "Feature", "properties": { "particle": 701, "seed_idx": 35, "valid": true, "snap_water": false, "snap_m": 0.0 }, "geometry": { "type": "Point", "coordinates": [ -0.312834501266479, 5.504859447479248 ] } },
{ "type": "Feature", "properties": { "particle": 702, "seed_idx": 35, "valid": true, "snap_water": false, "snap_m": 0.0 }, "geometry": { "type": "Point", "coordinates": [ -0.313368439674377, 5.504808902740479 ] } },
{ "type": "Feature", "properties": { "particle": 703, "seed_idx": 35, "valid": true, "snap_water": false, "snap_m": 0.0 }, "geometry": { "type": "Point", "coordinates": [ -0.313202291727066, 5.504754543304443 ] } },
{ "type": "Feature", "properties": { "particle": 704, "seed_idx": 35, "valid": true, "snap_water": false, "snap_m": 0.0 }, "geometry": { "type": "Point", "coordinates": [ -0.320402652025223, 5.508651733398438 ] } },
{ "type": "Feature", "properties": { "particle": 705, "seed_idx": 35, "valid": true, "snap_water": false, "snap_m": 0.0 }, "geometry": { "type": "Point", "coordinates": [ -0.312857776880264, 5.504898071289062 ] } },
{ "type": "Feature", "properties": { "particle": 706, "seed_idx": 35, "valid": true, "snap_water": false, "snap_m": 0.0 }, "geometry": { "type": "Point", "coordinates": [ -0.31306716799736, 5.505456447601318 ] } },
{ "type": "Feature", "properties": { "particle": 707, "seed_idx": 35, "valid": true, "snap_water": false, "snap_m": 0.0 }, "geometry": { "type": "Point", "coordinates": [ -0.322036892175674, 5.50814962387085 ] } },
{ "type": "Feature", "properties": { "particle": 708, "seed_idx": 35, "valid": true, "snap_water": false, "snap_m": 0.0 }, "geometry": { "type": "Point", "coordinates": [ -0.313078224658966, 5.504878997802734 ] } },
{ "type": "Feature", "properties": { "particle": 709, "seed_idx": 35, "valid": true, "snap_water": false, "snap_m": 0.0 }, "geometry": { "type": "Point", "coordinates": [ -0.313021510839462, 5.505265712738037 ] } },
{ "type": "Feature", "properties": { "particle": 710, "seed_idx": 35, "valid": true, "snap_water": false, "snap_m": 0.0 }, "geometry": { "type": "Point", "coordinates": [ -0.31317663192749, 5.504790306091309 ] } },
{ "type": "Feature", "properties": { "particle": 711, "seed_idx": 35, "valid": true, "snap_water": false, "snap_m": 0.0 }, "geometry": { "type": "Point", "coordinates": [ -0.32068607211113, 5.508723735809326 ] } },
{ "type": "Feature", "properties": { "particle": 712, "seed_idx": 35, "valid": true, "snap_water": false, "snap_m": 0.0 }, "geometry": { "type": "Point", "coordinates": [ -0.320035219192505, 5.508584976196289 ] } },
{ "type": "Feature", "properties": { "particle": 713, "seed_idx": 35, "valid": true, "snap_water": false, "snap_m": 0.0 }, "geometry": { "type": "Point", "coordinates": [ -0.3183773458004, 5.509529113769531 ] } },
{ "type": "Feature", "properties": { "particle": 714, "seed_idx": 35, "valid": true, "snap_water": false, "snap_m": 0.0 }, "geometry": { "type": "Point", "coordinates": [ -0.31952229142189, 5.507613658905029 ] } },
{ "type": "Feature", "properties": { "particle": 715, "seed_idx": 35, "valid": true, "snap_water": false, "snap_m": 0.0 }, "geometry": { "type": "Point", "coordinates": [ -0.315628379583359, 5.504902362823486 ] } },
{ "type": "Feature", "properties": { "particle": 716, "seed_idx": 35, "valid": true, "snap_water": false, "snap_m": 0.0 }, "geometry": { "type": "Point", "coordinates": [ -0.313079625368118, 5.505130290985107 ] } },
{ "type": "Feature", "properties": { "particle": 717, "seed_idx": 35, "valid": true, "snap_water": false, "snap_m": 0.0 }, "geometry": { "type": "Point", "coordinates": [ -0.313708782196045, 5.504797458648682 ] } },
{ "type": "Feature", "properties": { "particle": 718, "seed_idx": 35, "valid": true, "snap_water": false, "snap_m": 0.0 }, "geometry": { "type": "Point", "coordinates": [ -0.320630371570587, 5.508410930633545 ] } },
{ "type": "Feature", "properties": { "particle": 719, "seed_idx": 35, "valid": true, "snap_water": false, "snap_m": 0.0 }, "geometry": { "type": "Point", "coordinates": [ -0.312926799058914, 5.505250930786133 ] } },
{ "type": "Feature", "properties": { "particle": 720, "seed_idx": 36, "valid": true, "snap_water": false, "snap_m": 0.0 }, "geometry": { "type": "Point", "coordinates": [ -0.313025444746017, 5.505033493041992 ] } },
{ "type": "Feature", "properties": { "particle": 721, "seed_idx": 36, "valid": true, "snap_water": false, "snap_m": 0.0 }, "geometry": { "type": "Point", "coordinates": [ -0.313241928815842, 5.504635334014893 ] } },
{ "type": "Feature", "properties": { "particle": 722, "seed_idx": 36, "valid": true, "snap_water": false, "snap_m": 0.0 }, "geometry": { "type": "Point", "coordinates": [ -0.312783688306808, 5.505275726318359 ] } },
{ "type": "Feature", "properties": { "particle": 723, "seed_idx": 36, "valid": true, "snap_water": false, "snap_m": 0.0 }, "geometry": { "type": "Point", "coordinates": [ -0.313725054264069, 5.504790306091309 ] } },
{ "type": "Feature", "properties": { "particle": 724, "seed_idx": 36, "valid": true, "snap_water": false, "snap_m": 0.0 }, "geometry": { "type": "Point", "coordinates": [ -0.315591812133789, 5.505266666412354 ] } },
{ "type": "Feature", "properties": { "particle": 725, "seed_idx": 36, "valid": true, "snap_water": false, "snap_m": 0.0 }, "geometry": { "type": "Point", "coordinates": [ -0.313602298498154, 5.504726886749268 ] } },
{ "type": "Feature", "properties": { "particle": 726, "seed_idx": 36, "valid": true, "snap_water": false, "snap_m": 0.0 }, "geometry": { "type": "Point", "coordinates": [ -0.316793262958527, 5.506553173065186 ] } },
{ "type": "Feature", "properties": { "particle": 727, "seed_idx": 36, "valid": true, "snap_water": false, "snap_m": 0.0 }, "geometry": { "type": "Point", "coordinates": [ -0.32095131278038, 5.508074760437012 ] } },
{ "type": "Feature", "properties": { "particle": 728, "seed_idx": 36, "valid": true, "snap_water": true, "snap_m": 54.428753 }, "geometry": { "type": "Point", "coordinates": [ -0.312999993562698, 5.505000114440918 ] } },
{ "type": "Feature", "properties": { "particle": 729, "seed_idx": 36, "valid": true, "snap_water": false, "snap_m": 0.0 }, "geometry": { "type": "Point", "coordinates": [ -0.32169970870018, 5.507539749145508 ] } },
{ "type": "Feature", "properties": { "particle": 730, "seed_idx": 36, "valid": true, "snap_water": false, "snap_m": 0.0 }, "geometry": { "type": "Point", "coordinates": [ -0.313293367624283, 5.504600524902344 ] } },
{ "type": "Feature", "properties": { "particle": 731, "seed_idx": 36, "valid": true, "snap_water": false, "snap_m": 0.0 }, "geometry": { "type": "Point", "coordinates": [ -0.313080370426178, 5.505123138427734 ] } },
{ "type": "Feature", "properties": { "particle": 732, "seed_idx": 36, "valid": true, "snap_water": false, "snap_m": 0.0 }, "geometry": { "type": "Point", "coordinates": [ -0.312772810459137, 5.505208969116211 ] } },
{ "type": "Feature", "properties": { "particle": 733, "seed_idx": 36, "valid": true, "snap_water": false, "snap_m": 0.0 }, "geometry": { "type": "Point", "coordinates": [ -0.320300281047821, 5.50872278213501 ] } },
{ "type": "Feature", "properties": { "particle": 734, "seed_idx": 36, "valid": true, "snap_water": false, "snap_m": 0.0 }, "geometry": { "type": "Point", "coordinates": [ -0.312923192977905, 5.505091190338135 ] } },
{ "type": "Feature", "properties": { "particle": 735, "seed_idx": 36, "valid": true, "snap_water": false, "snap_m": 0.0 }, "geometry": { "type": "Point", "coordinates": [ -0.314857512712479, 5.50547981262207 ] } },
{ "type": "Feature", "properties": { "particle": 736, "seed_idx": 36, "valid": true, "snap_water": false, "snap_m": 0.0 }, "geometry": { "type": "Point", "coordinates": [ -0.321310728788376, 5.507247924804688 ] } },
{ "type": "Feature", "properties": { "particle": 737, "seed_idx": 36, "valid": true, "snap_water": false, "snap_m": 0.0 }, "geometry": { "type": "Point", "coordinates": [ -0.313555836677551, 5.50471830368042 ] } },
{ "type": "Feature", "properties": { "particle": 738, "seed_idx": 36, "valid": true, "snap_water": false, "snap_m": 0.0 }, "geometry": { "type": "Point", "coordinates": [ -0.312913179397583, 5.505234718322754 ] } },
{ "type": "Feature", "properties": { "particle": 739, "seed_idx": 36, "valid": true, "snap_water": false, "snap_m": 0.0 }, "geometry": { "type": "Point", "coordinates": [ -0.313680857419968, 5.504790782928467 ] } },
{ "type": "Feature", "properties": { "particle": 740, "seed_idx": 37, "valid": true, "snap_water": false, "snap_m": 0.0 }, "geometry": { "type": "Point", "coordinates": [ -0.318692177534103, 5.507880687713623 ] } },
{ "type": "Feature", "properties": { "particle": 741, "seed_idx": 37, "valid": true, "snap_water": false, "snap_m": 0.0 }, "geometry": { "type": "Point", "coordinates": [ -0.312961667776108, 5.50532341003418 ] } },
{ "type": "Feature", "properties": { "particle": 742, "seed_idx": 37, "valid": true, "snap_water": false, "snap_m": 0.0 }, "geometry": { "type": "Point", "coordinates": [ -0.318763107061386, 5.508255481719971 ] } },
{ "type": "Feature", "properties": { "particle": 743, "seed_idx": 37, "valid": true, "snap_water": false, "snap_m": 0.0 }, "geometry": { "type": "Point", "coordinates": [ -0.320136457681656, 5.509063720703125 ] } },
{ "type": "Feature", "properties": { "particle": 744, "seed_idx": 37, "valid": true, "snap_water": false, "snap_m": 0.0 }, "geometry": { "type": "Point", "coordinates": [ -0.312885016202927, 5.505096912384033 ] } },
{ "type": "Feature", "properties": { "particle": 745, "seed_idx": 37, "valid": true, "snap_water": false, "snap_m": 0.0 }, "geometry": { "type": "Point", "coordinates": [ -0.318006724119186, 5.509475231170654 ] } },
{ "type": "Feature", "properties": { "particle": 746, "seed_idx": 37, "valid": true, "snap_water": false, "snap_m": 0.0 }, "geometry": { "type": "Point", "coordinates": [ -0.31830108165741, 5.509173393249512 ] } },
{ "type": "Feature", "properties": { "particle": 747, "seed_idx": 37, "valid": true, "snap_water": false, "snap_m": 0.0 }, "geometry": { "type": "Point", "coordinates": [ -0.318364709615707, 5.509101867675781 ] } },
{ "type": "Feature", "properties": { "particle": 748, "seed_idx": 37, "valid": true, "snap_water": false, "snap_m": 0.0 }, "geometry": { "type": "Point", "coordinates": [ -0.312860459089279, 5.505470275878906 ] } },
{ "type": "Feature", "properties": { "particle": 749, "seed_idx": 37, "valid": true, "snap_water": false, "snap_m": 0.0 }, "geometry": { "type": "Point", "coordinates": [ -0.318241894245148, 5.508917808532715 ] } },
{ "type": "Feature", "properties": { "particle": 750, "seed_idx": 37, "valid": true, "snap_water": false, "snap_m": 0.0 }, "geometry": { "type": "Point", "coordinates": [ -0.313715219497681, 5.504776954650879 ] } },
{ "type": "Feature", "properties": { "particle": 751, "seed_idx": 37, "valid": true, "snap_water": false, "snap_m": 0.0 }, "geometry": { "type": "Point", "coordinates": [ -0.318749994039536, 5.508286952972412 ] } },
{ "type": "Feature", "properties": { "particle": 752, "seed_idx": 37, "valid": true, "snap_water": false, "snap_m": 0.0 }, "geometry": { "type": "Point", "coordinates": [ -0.312879651784897, 5.504925727844238 ] } },
{ "type": "Feature", "properties": { "particle": 753, "seed_idx": 37, "valid": true, "snap_water": false, "snap_m": 0.0 }, "geometry": { "type": "Point", "coordinates": [ -0.313913524150848, 5.504250049591064 ] } },
{ "type": "Feature", "properties": { "particle": 754, "seed_idx": 37, "valid": true, "snap_water": false, "snap_m": 0.0 }, "geometry": { "type": "Point", "coordinates": [ -0.317167848348618, 5.506534576416016 ] } },
{ "type": "Feature", "properties": { "particle": 755, "seed_idx": 37, "valid": true, "snap_water": false, "snap_m": 0.0 }, "geometry": { "type": "Point", "coordinates": [ -0.312881082296371, 5.504617214202881 ] } },
{ "type": "Feature", "properties": { "particle": 756, "seed_idx": 37, "valid": true, "snap_water": false, "snap_m": 0.0 }, "geometry": { "type": "Point", "coordinates": [ -0.312837660312653, 5.505434513092041 ] } },
{ "type": "Feature", "properties": { "particle": 757, "seed_idx": 37, "valid": true, "snap_water": false, "snap_m": 0.0 }, "geometry": { "type": "Point", "coordinates": [ -0.321092814207077, 5.508029937744141 ] } },
{ "type": "Feature", "properties": { "particle": 758, "seed_idx": 37, "valid": true, "snap_water": false, "snap_m": 0.0 }, "geometry": { "type": "Point", "coordinates": [ -0.318543463945389, 5.508716106414795 ] } },
{ "type": "Feature", "properties": { "particle": 759, "seed_idx": 37, "valid": true, "snap_water": false, "snap_m": 0.0 }, "geometry": { "type": "Point", "coordinates": [ -0.318635165691376, 5.508990287780762 ] } },
{ "type": "Feature", "properties": { "particle": 760, "seed_idx": 38, "valid": true, "snap_water": false, "snap_m": 0.0 }, "geometry": { "type": "Point", "coordinates": [ -0.313286930322647, 5.504607677459717 ] } },
{ "type": "Feature", "properties": { "particle": 761, "seed_idx": 38, "valid": true, "snap_water": true, "snap_m": 56.013512 }, "geometry": { "type": "Point", "coordinates": [ -0.312999993562698, 5.505000114440918 ] } },
{ "type": "Feature", "properties": { "particle": 762, "seed_idx": 38, "valid": true, "snap_water": false, "snap_m": 0.0 }, "geometry": { "type": "Point", "coordinates": [ -0.318572729825974, 5.509381771087646 ] } },
{ "type": "Feature", "properties": { "particle": 763, "seed_idx": 38, "valid": true, "snap_water": false, "snap_m": 0.0 }, "geometry": { "type": "Point", "coordinates": [ -0.312977492809296, 5.505378246307373 ] } },
{ "type": "Feature", "properties": { "particle": 764, "seed_idx": 38, "valid": true, "snap_water": false, "snap_m": 0.0 }, "geometry": { "type": "Point", "coordinates": [ -0.312899202108383, 5.505255222320557 ] } },
{ "type": "Feature", "properties": { "particle": 765, "seed_idx": 38, "valid": true, "snap_water": false, "snap_m": 0.0 }, "geometry": { "type": "Point", "coordinates": [ -0.312916189432144, 5.504880905151367 ] } },
{ "type": "Feature", "properties": { "particle": 766, "seed_idx": 38, "valid": true, "snap_water": false, "snap_m": 0.0 }, "geometry": { "type": "Point", "coordinates": [ -0.312848180532455, 5.504960536956787 ] } },
{ "type": "Feature", "properties": { "particle": 767, "seed_idx": 38, "valid": true, "snap_water": false, "snap_m": 0.0 }, "geometry": { "type": "Point", "coordinates": [ -0.319047212600708, 5.507391929626465 ] } },
{ "type": "Feature", "properties": { "particle": 768, "seed_idx": 38, "valid": true, "snap_water": false, "snap_m": 0.0 }, "geometry": { "type": "Point", "coordinates": [ -0.317687392234802, 5.509709358215332 ] } },
{ "type": "Feature", "properties": { "particle": 769, "seed_idx": 38, "valid": true, "snap_water": false, "snap_m": 0.0 }, "geometry": { "type": "Point", "coordinates": [ -0.317738860845566, 5.509162902832031 ] } },
{ "type": "Feature", "properties": { "particle": 770, "seed_idx": 38, "valid": true, "snap_water": false, "snap_m": 0.0 }, "geometry": { "type": "Point", "coordinates": [ -0.318411141633987, 5.509396076202393 ] } },
{ "type": "Feature", "properties": { "particle": 771, "seed_idx": 38, "valid": true, "snap_water": false, "snap_m": 0.0 }, "geometry": { "type": "Point", "coordinates": [ -0.318217545747757, 5.509201049804688 ] } },
{ "type": "Feature", "properties": { "particle": 772, "seed_idx": 38, "valid": true, "snap_water": false, "snap_m": 0.0 }, "geometry": { "type": "Point", "coordinates": [ -0.318434238433838, 5.50886869430542 ] } },
{ "type": "Feature", "properties": { "particle": 773, "seed_idx": 38, "valid": true, "snap_water": false, "snap_m": 0.0 }, "geometry": { "type": "Point", "coordinates": [ -0.317954033613205, 5.50964879989624 ] } },
{ "type": "Feature", "properties": { "particle": 774, "seed_idx": 38, "valid": true, "snap_water": false, "snap_m": 0.0 }, "geometry": { "type": "Point", "coordinates": [ -0.318715989589691, 5.509230613708496 ] } },
{ "type": "Feature", "properties": { "particle": 775, "seed_idx": 38, "valid": true, "snap_water": false, "snap_m": 0.0 }, "geometry": { "type": "Point", "coordinates": [ -0.312848180532455, 5.50466775894165 ] } },
{ "type": "Feature", "properties": { "particle": 776, "seed_idx": 38, "valid": true, "snap_water": false, "snap_m": 0.0 }, "geometry": { "type": "Point", "coordinates": [ -0.312765926122665, 5.505401611328125 ] } },
{ "type": "Feature", "properties": { "particle": 777, "seed_idx": 38, "valid": true, "snap_water": false, "snap_m": 0.0 }, "geometry": { "type": "Point", "coordinates": [ -0.318654000759125, 5.509112358093262 ] } },
{ "type": "Feature", "properties": { "particle": 778, "seed_idx": 38, "valid": true, "snap_water": false, "snap_m": 0.0 }, "geometry": { "type": "Point", "coordinates": [ -0.318306893110275, 5.509369373321533 ] } },
{ "type": "Feature", "properties": { "particle": 779, "seed_idx": 38, "valid": true, "snap_water": true, "snap_m": 60.003883 }, "geometry": { "type": "Point", "coordinates": [ -0.312999993562698, 5.505000114440918 ] } },
{ "type": "Feature", "properties": { "particle": 780, "seed_idx": 39, "valid": true, "snap_water": false, "snap_m": 0.0 }, "geometry": { "type": "Point", "coordinates": [ -0.317903697490692, 5.50908088684082 ] } },
{ "type": "Feature", "properties": { "particle": 781, "seed_idx": 39, "valid": true, "snap_water": true, "snap_m": 59.128784 }, "geometry": { "type": "Point", "coordinates": [ -0.312999993562698, 5.505000114440918 ] } },
{ "type": "Feature", "properties": { "particle": 782, "seed_idx": 39, "valid": true, "snap_water": false, "snap_m": 0.0 }, "geometry": { "type": "Point", "coordinates": [ -0.31824991106987, 5.509636878967285 ] } },
{ "type": "Feature", "properties": { "particle": 783, "seed_idx": 39, "valid": true, "snap_water": false, "snap_m": 0.0 }, "geometry": { "type": "Point", "coordinates": [ -0.320422798395157, 5.507991313934326 ] } },
{ "type": "Feature", "properties": { "particle": 784, "seed_idx": 39, "valid": true, "snap_water": false, "snap_m": 0.0 }, "geometry": { "type": "Point", "coordinates": [ -0.312794238328934, 5.504906177520752 ] } },
{ "type": "Feature", "properties": { "particle": 785, "seed_idx": 39, "valid": true, "snap_water": false, "snap_m": 0.0 }, "geometry": { "type": "Point", "coordinates": [ -0.317456245422363, 5.509729385375977 ] } },
{ "type": "Feature", "properties": { "particle": 786, "seed_idx": 39, "valid": true, "snap_water": false, "snap_m": 0.0 }, "geometry": { "type": "Point", "coordinates": [ -0.31787171959877, 5.50953197479248 ] } },
{ "type": "Feature", "properties": { "particle": 787, "seed_idx": 39, "valid": true, "snap_water": false, "snap_m": 0.0 }, "geometry": { "type": "Point", "coordinates": [ -0.31744772195816, 5.509273052215576 ] } },
{ "type": "Feature", "properties": { "particle": 788, "seed_idx": 39, "valid": true, "snap_water": true, "snap_m": 61.368309 }, "geometry": { "type": "Point", "coordinates": [ -0.312999993562698, 5.505000114440918 ] } },
{ "type": "Feature", "properties": { "particle": 789, "seed_idx": 39, "valid": true, "snap_water": false, "snap_m": 0.0 }, "geometry": { "type": "Point", "coordinates": [ -0.318126440048218, 5.509640693664551 ] } },
{ "type": "Feature", "properties": { "particle": 790, "seed_idx": 39, "valid": true, "snap_water": false, "snap_m": 0.0 }, "geometry": { "type": "Point", "coordinates": [ -0.318256884813309, 5.509303092956543 ] } },
{ "type": "Feature", "properties": { "particle": 791, "seed_idx": 39, "valid": true, "snap_water": false, "snap_m": 0.0 }, "geometry": { "type": "Point", "coordinates": [ -0.318884313106537, 5.509098052978516 ] } },
{ "type": "Feature", "properties": { "particle": 792, "seed_idx": 39, "valid": true, "snap_water": false, "snap_m": 0.0 }, "geometry": { "type": "Point", "coordinates": [ -0.318475186824799, 5.509658813476562 ] } },
{ "type": "Feature", "properties": { "particle": 793, "seed_idx": 39, "valid": true, "snap_water": false, "snap_m": 0.0 }, "geometry": { "type": "Point", "coordinates": [ -0.313010841608047, 5.505446434020996 ] } },
{ "type": "Feature", "properties": { "particle": 794, "seed_idx": 39, "valid": true, "snap_water": false, "snap_m": 0.0 }, "geometry": { "type": "Point", "coordinates": [ -0.313581824302673, 5.504646301269531 ] } },
{ "type": "Feature", "properties": { "particle": 795, "seed_idx": 39, "valid": true, "snap_water": false, "snap_m": 0.0 }, "geometry": { "type": "Point", "coordinates": [ -0.317358165979385, 5.509788513183594 ] } },
{ "type": "Feature", "properties": { "particle": 796, "seed_idx": 39, "valid": true, "snap_water": false, "snap_m": 0.0 }, "geometry": { "type": "Point", "coordinates": [ -0.312972873449326, 5.505242347717285 ] } },
{ "type": "Feature", "properties": { "particle": 797, "seed_idx": 39, "valid": true, "snap_water": true, "snap_m": 59.29837 }, "geometry": { "type": "Point", "coordinates": [ -0.312999993562698, 5.505000114440918 ] } },
{ "type": "Feature", "properties": { "particle": 798, "seed_idx": 39, "valid": true, "snap_water": false, "snap_m": 0.0 }, "geometry": { "type": "Point", "coordinates": [ -0.318220257759094, 5.509618759155273 ] } },
{ "type": "Feature", "properties": { "particle": 799, "seed_idx": 39, "valid": true, "snap_water": false, "snap_m": 0.0 }, "geometry": { "type": "Point", "coordinates": [ -0.318671226501465, 5.509511947631836 ] } },
{ "type": "Feature", "properties": { "particle": 800, "seed_idx": 40, "valid": true, "snap_water": false, "snap_m": 0.0 }, "geometry": { "type": "Point", "coordinates": [ -0.317765593528748, 5.509603023529053 ] } },
{ "type": "Feature", "properties": { "particle": 801, "seed_idx": 40, "valid": true, "snap_water": false, "snap_m": 0.0 }, "geometry": { "type": "Point", "coordinates": [ -0.31860688328743, 5.508632183074951 ] } },
{ "type": "Feature", "properties": { "particle": 802, "seed_idx": 40, "valid": true, "snap_water": false, "snap_m": 0.0 }, "geometry": { "type": "Point", "coordinates": [ -0.317282378673553, 5.509791374206543 ] } },
{ "type": "Feature", "properties": { "particle": 803, "seed_idx": 40, "valid": true, "snap_water": false, "snap_m": 0.0 }, "geometry": { "type": "Point", "coordinates": [ -0.318406075239182, 5.509530067443848 ] } },
{ "type": "Feature", "properties": { "particle": 804, "seed_idx": 40, "valid": true, "snap_water": false, "snap_m": 0.0 }, "geometry": { "type": "Point", "coordinates": [ -0.313386768102646, 5.504705905914307 ] } },
{ "type": "Feature", "properties": { "particle": 805, "seed_idx": 40, "valid": true, "snap_water": false, "snap_m": 0.0 }, "geometry": { "type": "Point", "coordinates": [ -0.316981971263885, 5.51007080078125 ] } },
{ "type": "Feature", "properties": { "particle": 806, "seed_idx": 40, "valid": true, "snap_water": false, "snap_m": 0.0 }, "geometry": { "type": "Point", "coordinates": [ -0.318225890398026, 5.509665489196777 ] } },
{ "type": "Feature", "properties": { "particle": 807, "seed_idx": 40, "valid": true, "snap_water": false, "snap_m": 0.0 }, "geometry": { "type": "Point", "coordinates": [ -0.317691832780838, 5.509383678436279 ] } },
{ "type": "Feature", "properties": { "particle": 808, "seed_idx": 40, "valid": true, "snap_water": false, "snap_m": 0.0 }, "geometry": { "type": "Point", "coordinates": [ -0.318236500024796, 5.509233951568604 ] } },
{ "type": "Feature", "properties": { "particle": 809, "seed_idx": 40, "valid": true, "snap_water": false, "snap_m": 0.0 }, "geometry": { "type": "Point", "coordinates": [ -0.318061769008636, 5.509642124176025 ] } },
{ "type": "Feature", "properties": { "particle": 810, "seed_idx": 40, "valid": true, "snap_water": true, "snap_m": 58.063522 }, "geometry": { "type": "Point", "coordinates": [ -0.312999993562698, 5.505000114440918 ] } },
{ "type": "Feature", "properties": { "particle": 811, "seed_idx": 40, "valid": true, "snap_water": false, "snap_m": 0.0 }, "geometry": { "type": "Point", "coordinates": [ -0.317248165607452, 5.509952545166016 ] } },
{ "type": "Feature", "properties": { "particle": 812, "seed_idx": 40, "valid": true, "snap_water": false, "snap_m": 0.0 }, "geometry": { "type": "Point", "coordinates": [ -0.316959589719772, 5.509979724884033 ] } },
{ "type": "Feature", "properties": { "particle": 813, "seed_idx": 40, "valid": true, "snap_water": false, "snap_m": 0.0 }, "geometry": { "type": "Point", "coordinates": [ -0.317902088165283, 5.509161949157715 ] } },
{ "type": "Feature", "properties": { "particle": 814, "seed_idx": 40, "valid": true, "snap_water": false, "snap_m": 0.0 }, "geometry": { "type": "Point", "coordinates": [ -0.317552745342255, 5.509824752807617 ] } },
{ "type": "Feature", "properties": { "particle": 815, "seed_idx": 40, "valid": true, "snap_water": false, "snap_m": 0.0 }, "geometry": { "type": "Point", "coordinates": [ -0.31776887178421, 5.509347915649414 ] } },
{ "type": "Feature", "properties": { "particle": 816, "seed_idx": 40, "valid": true, "snap_water": false, "snap_m": 0.0 }, "geometry": { "type": "Point", "coordinates": [ -0.3128562271595, 5.505280017852783 ] } },
{ "type": "Feature", "properties": { "particle": 817, "seed_idx": 40, "valid": true, "snap_water": false, "snap_m": 0.0 }, "geometry": { "type": "Point", "coordinates": [ -0.317902684211731, 5.509182453155518 ] } },
{ "type": "Feature", "properties": { "particle": 818, "seed_idx": 40, "valid": true, "snap_water": false, "snap_m": 0.0 }, "geometry": { "type": "Point", "coordinates": [ -0.317236125469208, 5.509865283966064 ] } },
{ "type": "Feature", "properties": { "particle": 819, "seed_idx": 40, "valid": true, "snap_water": false, "snap_m": 0.0 }, "geometry": { "type": "Point", "coordinates": [ -0.317936956882477, 5.509277820587158 ] } },
{ "type": "Feature", "properties": { "particle": 820, "seed_idx": 41, "valid": true, "snap_water": false, "snap_m": 0.0 }, "geometry": { "type": "Point", "coordinates": [ -0.317052483558655, 5.510209083557129 ] } },
{ "type": "Feature", "properties": { "particle": 821, "seed_idx": 41, "valid": true, "snap_water": false, "snap_m": 0.0 }, "geometry": { "type": "Point", "coordinates": [ -0.317570984363556, 5.509671688079834 ] } },
{ "type": "Feature", "properties": { "particle": 822, "seed_idx": 41, "valid": true, "snap_water": true, "snap_m": 59.466801 }, "geometry": { "type": "Point", "coordinates": [ -0.312999993562698, 5.505000114440918 ] } },
{ "type": "Feature", "properties": { "particle": 823, "seed_idx": 41, "valid": true, "snap_water": false, "snap_m": 0.0 }, "geometry": { "type": "Point", "coordinates": [ -0.317841410636902, 5.510414600372314 ] } },
{ "type": "Feature", "properties": { "particle": 824, "seed_idx": 41, "valid": true, "snap_water": false, "snap_m": 0.0 }, "geometry": { "type": "Point", "coordinates": [ -0.317356795072556, 5.509728908538818 ] } },
{ "type": "Feature", "properties": { "particle": 825, "seed_idx": 41, "valid": true, "snap_water": false, "snap_m": 0.0 }, "geometry": { "type": "Point", "coordinates": [ -0.316888391971588, 5.510156631469727 ] } },
{ "type": "Feature", "properties": { "particle": 826, "seed_idx": 41, "valid": true, "snap_water": false, "snap_m": 0.0 }, "geometry": { "type": "Point", "coordinates": [ -0.317003428936005, 5.51007604598999 ] } },
{ "type": "Feature", "properties": { "particle": 827, "seed_idx": 41, "valid": true, "snap_water": false, "snap_m": 0.0 }, "geometry": { "type": "Point", "coordinates": [ -0.318204402923584, 5.510065078735352 ] } },
{ "type": "Feature", "properties": { "particle": 828, "seed_idx": 41, "valid": true, "snap_water": false, "snap_m": 0.0 }, "geometry": { "type": "Point", "coordinates": [ -0.318477272987366, 5.508846759796143 ] } },
{ "type": "Feature", "properties": { "particle": 829, "seed_idx": 41, "valid": true, "snap_water": false, "snap_m": 0.0 }, "geometry": { "type": "Point", "coordinates": [ -0.31805345416069, 5.509417057037354 ] } },
{ "type": "Feature", "properties": { "particle": 830, "seed_idx": 41, "valid": true, "snap_water": false, "snap_m": 0.0 }, "geometry": { "type": "Point", "coordinates": [ -0.317140728235245, 5.510085105895996 ] } },
{ "type": "Feature", "properties": { "particle": 831, "seed_idx": 41, "valid": true, "snap_water": false, "snap_m": 0.0 }, "geometry": { "type": "Point", "coordinates": [ -0.316880136728287, 5.510160446166992 ] } },
{ "type": "Feature", "properties": { "particle": 832, "seed_idx": 41, "valid": true, "snap_water": false, "snap_m": 0.0 }, "geometry": { "type": "Point", "coordinates": [ -0.318000108003616, 5.510143280029297 ] } },
{ "type": "Feature", "properties": { "particle": 833, "seed_idx": 41, "valid": true, "snap_water": false, "snap_m": 0.0 }, "geometry": { "type": "Point", "coordinates": [ -0.317450374364853, 5.510026931762695 ] } },
{ "type": "Feature", "properties": { "particle": 834, "seed_idx": 41, "valid": true, "snap_water": false, "snap_m": 0.0 }, "geometry": { "type": "Point", "coordinates": [ -0.318380951881409, 5.509673595428467 ] } },
{ "type": "Feature", "properties": { "particle": 835, "seed_idx": 41, "valid": true, "snap_water": false, "snap_m": 0.0 }, "geometry": { "type": "Point", "coordinates": [ -0.318940043449402, 5.509498596191406 ] } },
{ "type": "Feature", "properties": { "particle": 836, "seed_idx": 41, "valid": true, "snap_water": false, "snap_m": 0.0 }, "geometry": { "type": "Point", "coordinates": [ -0.31663578748703, 5.510319232940674 ] } },
{ "type": "Feature", "properties": { "particle": 837, "seed_idx": 41, "valid": true, "snap_water": false, "snap_m": 0.0 }, "geometry": { "type": "Point", "coordinates": [ -0.316940039396286, 5.510232925415039 ] } },
{ "type": "Feature", "properties": { "particle": 838, "seed_idx": 41, "valid": true, "snap_water": true, "snap_m": 59.101032 }, "geometry": { "type": "Point", "coordinates": [ -0.312999993562698, 5.505000114440918 ] } },
{ "type": "Feature", "properties": { "particle": 839, "seed_idx": 41, "valid": true, "snap_water": false, "snap_m": 0.0 }, "geometry": { "type": "Point", "coordinates": [ -0.317160576581955, 5.509648323059082 ] } },
{ "type": "Feature", "properties": { "particle": 840, "seed_idx": 42, "valid": true, "snap_water": false, "snap_m": 0.0 }, "geometry": { "type": "Point", "coordinates": [ -0.316943407058716, 5.51009464263916 ] } },
{ "type": "Feature", "properties": { "particle": 841, "seed_idx": 42, "valid": true, "snap_water": false, "snap_m": 0.0 }, "geometry": { "type": "Point", "coordinates": [ -0.31732365489006, 5.509820461273193 ] } },
{ "type": "Feature", "properties": { "particle": 842, "seed_idx": 42, "valid": true, "snap_water": false, "snap_m": 0.0 }, "geometry": { "type": "Point", "coordinates": [ -0.316504567861557, 5.510410785675049 ] } },
{ "type": "Feature", "properties": { "particle": 843, "seed_idx": 42, "valid": true, "snap_water": false, "snap_m": 0.0 }, "geometry": { "type": "Point", "coordinates": [ -0.316681832075119, 5.510128498077393 ] } },
{ "type": "Feature", "properties": { "particle": 844, "seed_idx": 42, "valid": true, "snap_water": false, "snap_m": 0.0 }, "geometry": { "type": "Point", "coordinates": [ -0.318057537078857, 5.509615898132324 ] } },
{ "type": "Feature", "properties": { "particle": 845, "seed_idx": 42, "valid": true, "snap_water": false, "snap_m": 0.0 }, "geometry": { "type": "Point", "coordinates": [ -0.318944841623306, 5.509384632110596 ] } },
{ "type": "Feature", "properties": { "particle": 846, "seed_idx": 42, "valid": true, "snap_water": false, "snap_m": 0.0 }, "geometry": { "type": "Point", "coordinates": [ -0.317250490188599, 5.509673595428467 ] } },
{ "type": "Feature", "properties": { "particle": 847, "seed_idx": 42, "valid": true, "snap_water": false, "snap_m": 0.0 }, "geometry": { "type": "Point", "coordinates": [ -0.317306607961655, 5.509960174560547 ] } },
{ "type": "Feature", "properties": { "particle": 848, "seed_idx": 42, "valid": true, "snap_water": false, "snap_m": 0.0 }, "geometry": { "type": "Point", "coordinates": [ -0.316933035850525, 5.509957790374756 ] } },
{ "type": "Feature", "properties": { "particle": 849, "seed_idx": 42, "valid": true, "snap_water": false, "snap_m": 0.0 }, "geometry": { "type": "Point", "coordinates": [ -0.317141860723495, 5.510349750518799 ] } },
{ "type": "Feature", "properties": { "particle": 850, "seed_idx": 42, "valid": true, "snap_water": false, "snap_m": 0.0 }, "geometry": { "type": "Point", "coordinates": [ -0.317115247249603, 5.509909152984619 ] } },
{ "type": "Feature", "properties": { "particle": 851, "seed_idx": 42, "valid": true, "snap_water": false, "snap_m": 0.0 }, "geometry": { "type": "Point", "coordinates": [ -0.317461669445038, 5.509912967681885 ] } },
{ "type": "Feature", "properties": { "particle": 852, "seed_idx": 42, "valid": true, "snap_water": false, "snap_m": 0.0 }, "geometry": { "type": "Point", "coordinates": [ -0.316974461078644, 5.509947776794434 ] } },
{ "type": "Feature", "properties": { "particle": 853, "seed_idx": 42, "valid": true, "snap_water": false, "snap_m": 0.0 }, "geometry": { "type": "Point", "coordinates": [ -0.316627740859985, 5.510118007659912 ] } },
{ "type": "Feature", "properties": { "particle": 854, "seed_idx": 42, "valid": true, "snap_water": false, "snap_m": 0.0 }, "geometry": { "type": "Point", "coordinates": [ -0.317175298929214, 5.50961446762085 ] } },
{ "type": "Feature", "properties": { "particle": 855, "seed_idx": 42, "valid": true, "snap_water": false, "snap_m": 0.0 }, "geometry": { "type": "Point", "coordinates": [ -0.318610966205597, 5.509798526763916 ] } },
{ "type": "Feature", "properties": { "particle": 856, "seed_idx": 42, "valid": true, "snap_water": false, "snap_m": 0.0 }, "geometry": { "type": "Point", "coordinates": [ -0.317085802555084, 5.510071277618408 ] } },
{ "type": "Feature", "properties": { "particle": 857, "seed_idx": 42, "valid": true, "snap_water": false, "snap_m": 0.0 }, "geometry": { "type": "Point", "coordinates": [ -0.317241489887238, 5.509969234466553 ] } },
{ "type": "Feature", "properties": { "particle": 858, "seed_idx": 42, "valid": true, "snap_water": false, "snap_m": 0.0 }, "geometry": { "type": "Point", "coordinates": [ -0.316068589687347, 5.510496616363525 ] } },
{ "type": "Feature", "properties": { "particle": 859, "seed_idx": 42, "valid": true, "snap_water": false, "snap_m": 0.0 }, "geometry": { "type": "Point", "coordinates": [ -0.318173289299011, 5.508670330047607 ] } },
{ "type": "Feature", "properties": { "particle": 860, "seed_idx": 43, "valid": true, "snap_water": false, "snap_m": 0.0 }, "geometry": { "type": "Point", "coordinates": [ -0.316906541585922, 5.509700775146484 ] } },
{ "type": "Feature", "properties": { "particle": 861, "seed_idx": 43, "valid": true, "snap_water": false, "snap_m": 0.0 }, "geometry": { "type": "Point", "coordinates": [ -0.315634816884995, 5.50923490524292 ] } },
{ "type": "Feature", "properties": { "particle": 862, "seed_idx": 43, "valid": true, "snap_water": false, "snap_m": 0.0 }, "geometry": { "type": "Point", "coordinates": [ -0.315773367881775, 5.509223461151123 ] } },
{ "type": "Feature", "properties": { "particle": 863, "seed_idx": 43, "valid": true, "snap_water": false, "snap_m": 0.0 }, "geometry": { "type": "Point", "coordinates": [ -0.314945816993713, 5.510011672973633 ] } },
{ "type": "Feature", "properties": { "particle": 864, "seed_idx": 43, "valid": true, "snap_water": false, "snap_m": 0.0 }, "geometry": { "type": "Point", "coordinates": [ -0.315212309360504, 5.510030746459961 ] } },
{ "type": "Feature", "properties": { "particle": 865, "seed_idx": 43, "valid": true, "snap_water": false, "snap_m": 0.0 }, "geometry": { "type": "Point", "coordinates": [ -0.31680029630661, 5.508520126342773 ] } },
{ "type": "Feature", "properties": { "particle": 866, "seed_idx": 43, "valid": true, "snap_water": false, "snap_m": 0.0 }, "geometry": { "type": "Point", "coordinates": [ -0.314808458089828, 5.509859085083008 ] } },
{ "type": "Feature", "properties": { "particle": 867, "seed_idx": 43, "valid": true, "snap_water": false, "snap_m": 0.0 }, "geometry": { "type": "Point", "coordinates": [ -0.316816121339798, 5.50855016708374 ] } },
{ "type": "Feature", "properties": { "particle": 868, "seed_idx": 43, "valid": true, "snap_water": false, "snap_m": 0.0 }, "geometry": { "type": "Point", "coordinates": [ -0.315289884805679, 5.509894847869873 ] } },
{ "type": "Feature", "properties": { "particle": 869, "seed_idx": 43, "valid": true, "snap_water": false, "snap_m": 0.0 }, "geometry": { "type": "Point", "coordinates": [ -0.316226214170456, 5.510200023651123 ] } },
{ "type": "Feature", "properties": { "particle": 870, "seed_idx": 43, "valid": true, "snap_water": false, "snap_m": 0.0 }, "geometry": { "type": "Point", "coordinates": [ -0.315949648618698, 5.509645938873291 ] } },
{ "type": "Feature", "properties": { "particle": 871, "seed_idx": 43, "valid": true, "snap_water": false, "snap_m": 0.0 }, "geometry": { "type": "Point", "coordinates": [ -0.315572202205658, 5.509568691253662 ] } },
{ "type": "Feature", "properties": { "particle": 872, "seed_idx": 43, "valid": true, "snap_water": false, "snap_m": 0.0 }, "geometry": { "type": "Point", "coordinates": [ -0.315187454223633, 5.509783267974854 ] } },
{ "type": "Feature", "properties": { "particle": 873, "seed_idx": 43, "valid": true, "snap_water": false, "snap_m": 0.0 }, "geometry": { "type": "Point", "coordinates": [ -0.315916299819946, 5.509556770324707 ] } },
{ "type": "Feature", "properties": { "particle": 874, "seed_idx": 43, "valid": true, "snap_water": false, "snap_m": 0.0 }, "geometry": { "type": "Point", "coordinates": [ -0.315157890319824, 5.509848594665527 ] } },
{ "type": "Feature", "properties": { "particle": 875, "seed_idx": 43, "valid": true, "snap_water": false, "snap_m": 0.0 }, "geometry": { "type": "Point", "coordinates": [ -0.315289855003357, 5.509560108184814 ] } },
{ "type": "Feature", "properties": { "particle": 876, "seed_idx": 43, "valid": true, "snap_water": false, "snap_m": 0.0 }, "geometry": { "type": "Point", "coordinates": [ -0.315656006336212, 5.509419918060303 ] } },
{ "type": "Feature", "properties": { "particle": 877, "seed_idx": 43, "valid": true, "snap_water": false, "snap_m": 0.0 }, "geometry": { "type": "Point", "coordinates": [ -0.315284013748169, 5.509868621826172 ] } },
{ "type": "Feature", "properties": { "particle": 878, "seed_idx": 43, "valid": true, "snap_water": false, "snap_m": 0.0 }, "geometry": { "type": "Point", "coordinates": [ -0.316661536693573, 5.509123802185059 ] } },
{ "type": "Feature", "properties": { "particle": 879, "seed_idx": 43, "valid": true, "snap_water": false, "snap_m": 0.0 }, "geometry": { "type": "Point", "coordinates": [ -0.316294610500336, 5.509203910827637 ] } },
{ "type": "Feature", "properties": { "particle": 880, "seed_idx": 44, "valid": true, "snap_water": false, "snap_m": 0.0 }, "geometry": { "type": "Point", "coordinates": [ -0.316290229558945, 5.510153770446777 ] } },
{ "type": "Feature", "properties": { "particle": 881, "seed_idx": 44, "valid": true, "snap_water": false, "snap_m": 0.0 }, "geometry": { "type": "Point", "coordinates": [ -0.315971672534943, 5.510474681854248 ] } },
{ "type": "Feature", "properties": { "particle": 882, "seed_idx": 44, "valid": true, "snap_water": false, "snap_m": 0.0 }, "geometry": { "type": "Point", "coordinates": [ -0.317380636930466, 5.509468078613281 ] } },
{ "type": "Feature", "properties": { "particle": 883, "seed_idx": 44, "valid": true, "snap_water": false, "snap_m": 0.0 }, "geometry": { "type": "Point", "coordinates": [ -0.317012190818787, 5.50970458984375 ] } },
{ "type": "Feature", "properties": { "particle": 884, "seed_idx": 44, "valid": true, "snap_water": false, "snap_m": 0.0 }, "geometry": { "type": "Point", "coordinates": [ -0.316230058670044, 5.509808540344238 ] } },
{ "type": "Feature", "properties": { "particle": 885, "seed_idx": 44, "valid": true, "snap_water": false, "snap_m": 0.0 }, "geometry": { "type": "Point", "coordinates": [ -0.316474676132202, 5.510331630706787 ] } },
{ "type": "Feature", "properties": { "particle": 886, "seed_idx": 44, "valid": true, "snap_water": false, "snap_m": 0.0 }, "geometry": { "type": "Point", "coordinates": [ -0.31656739115715, 5.509773731231689 ] } },
{ "type": "Feature", "properties": { "particle": 887, "seed_idx": 44, "valid": true, "snap_water": false, "snap_m": 0.0 }, "geometry": { "type": "Point", "coordinates": [ -0.315816581249237, 5.51009464263916 ] } },
{ "type": "Feature", "properties": { "particle": 888, "seed_idx": 44, "valid": true, "snap_water": false, "snap_m": 0.0 }, "geometry": { "type": "Point", "coordinates": [ -0.316352516412735, 5.509567260742188 ] } },
{ "type": "Feature", "properties": { "particle": 889, "seed_idx": 44, "valid": true, "snap_water": false, "snap_m": 0.0 }, "geometry": { "type": "Point", "coordinates": [ -0.316268533468246, 5.510069370269775 ] } },
{ "type": "Feature", "properties": { "particle": 890, "seed_idx": 44, "valid": true, "snap_water": false, "snap_m": 0.0 }, "geometry": { "type": "Point", "coordinates": [ -0.317505717277527, 5.509812831878662 ] } },
{ "type": "Feature", "properties": { "particle": 891, "seed_idx": 44, "valid": true, "snap_water": false, "snap_m": 0.0 }, "geometry": { "type": "Point", "coordinates": [ -0.315374225378036, 5.510381698608398 ] } },
{ "type": "Feature", "properties": { "particle": 892, "seed_idx": 44, "valid": true, "snap_water": false, "snap_m": 0.0 }, "geometry": { "type": "Point", "coordinates": [ -0.316487967967987, 5.510025024414062 ] } },
{ "type": "Feature", "properties": { "particle": 893, "seed_idx": 44, "valid": true, "snap_water": false, "snap_m": 0.0 }, "geometry": { "type": "Point", "coordinates": [ -0.31646803021431, 5.509405136108398 ] } },
{ "type": "Feature", "properties": { "particle": 894, "seed_idx": 44, "valid": true, "snap_water": false, "snap_m": 0.0 }, "geometry": { "type": "Point", "coordinates": [ -0.316226035356522, 5.509759426116943 ] } },
{ "type": "Feature", "properties": { "particle": 895, "seed_idx": 44, "valid": true, "snap_water": false, "snap_m": 0.0 }, "geometry": { "type": "Point", "coordinates": [ -0.316324651241302, 5.509771347045898 ] } },
{ "type": "Feature", "properties": { "particle": 896, "seed_idx": 44, "valid": true, "snap_water": false, "snap_m": 0.0 }, "geometry": { "type": "Point", "coordinates": [ -0.316410481929779, 5.510043621063232 ] } },
{ "type": "Feature", "properties": { "particle": 897, "seed_idx": 44, "valid": true, "snap_water": false, "snap_m": 0.0 }, "geometry": { "type": "Point", "coordinates": [ -0.317023754119873, 5.50932502746582 ] } },
{ "type": "Feature", "properties": { "particle": 898, "seed_idx": 44, "valid": true, "snap_water": false, "snap_m": 0.0 }, "geometry": { "type": "Point", "coordinates": [ -0.317065626382828, 5.509965419769287 ] } },
{ "type": "Feature", "properties": { "particle": 899, "seed_idx": 44, "valid": true, "snap_water": false, "snap_m": 0.0 }, "geometry": { "type": "Point", "coordinates": [ -0.315811485052109, 5.510076999664307 ] } },
{ "type": "Feature", "properties": { "particle": 900, "seed_idx": 45, "valid": true, "snap_water": false, "snap_m": 0.0 }, "geometry": { "type": "Point", "coordinates": [ -0.3172667324543, 5.509961605072021 ] } },
{ "type": "Feature", "properties": { "particle": 901, "seed_idx": 45, "valid": true, "snap_water": false, "snap_m": 0.0 }, "geometry": { "type": "Point", "coordinates": [ -0.31815704703331, 5.509572505950928 ] } },
{ "type": "Feature", "properties": { "particle": 902, "seed_idx": 45, "valid": true, "snap_water": false, "snap_m": 0.0 }, "geometry": { "type": "Point", "coordinates": [ -0.316618174314499, 5.510181903839111 ] } },
{ "type": "Feature", "properties": { "particle": 903, "seed_idx": 45, "valid": true, "snap_water": false, "snap_m": 0.0 }, "geometry": { "type": "Point", "coordinates": [ -0.317037463188171, 5.509838581085205 ] } },
{ "type": "Feature", "properties": { "particle": 904, "seed_idx": 45, "valid": true, "snap_water": false, "snap_m": 0.0 }, "geometry": { "type": "Point", "coordinates": [ -0.316264986991882, 5.510429859161377 ] } },
{ "type": "Feature", "properties": { "particle": 905, "seed_idx": 45, "valid": true, "snap_water": false, "snap_m": 0.0 }, "geometry": { "type": "Point", "coordinates": [ -0.316376537084579, 5.50989818572998 ] } },
{ "type": "Feature", "properties": { "particle": 906, "seed_idx": 45, "valid": true, "snap_water": false, "snap_m": 0.0 }, "geometry": { "type": "Point", "coordinates": [ -0.317048698663712, 5.509696483612061 ] } },
{ "type": "Feature", "properties": { "particle": 907, "seed_idx": 45, "valid": true, "snap_water": false, "snap_m": 0.0 }, "geometry": { "type": "Point", "coordinates": [ -0.317094147205353, 5.509490489959717 ] } },
{ "type": "Feature", "properties": { "particle": 908, "seed_idx": 45, "valid": true, "snap_water": false, "snap_m": 0.0 }, "geometry": { "type": "Point", "coordinates": [ -0.316110968589783, 5.510215282440186 ] } },
{ "type": "Feature", "properties": { "particle": 909, "seed_idx": 45, "valid": true, "snap_water": false, "snap_m": 0.0 }, "geometry": { "type": "Point", "coordinates": [ -0.316281467676163, 5.509876251220703 ] } },
{ "type": "Feature", "properties": { "particle": 910, "seed_idx": 45, "valid": true, "snap_water": false, "snap_m": 0.0 }, "geometry": { "type": "Point", "coordinates": [ -0.31603941321373, 5.509921073913574 ] } },
{ "type": "Feature", "properties": { "particle": 911, "seed_idx": 45, "valid": true, "snap_water": false, "snap_m": 0.0 }, "geometry": { "type": "Point", "coordinates": [ -0.318363785743713, 5.509753227233887 ] } },
{ "type": "Feature", "properties": { "particle": 912, "seed_idx": 45, "valid": true, "snap_water": false, "snap_m": 0.0 }, "geometry": { "type": "Point", "coordinates": [ -0.316261202096939, 5.510318279266357 ] } },
{ "type": "Feature", "properties": { "particle": 913, "seed_idx": 45, "valid": true, "snap_water": false, "snap_m": 0.0 }, "geometry": { "type": "Point", "coordinates": [ -0.317197114229202, 5.509766578674316 ] } },
{ "type": "Feature", "properties": { "particle": 914, "seed_idx": 45, "valid": true, "snap_water": false, "snap_m": 0.0 }, "geometry": { "type": "Point", "coordinates": [ -0.316089302301407, 5.510265350341797 ] } },
{ "type": "Feature", "properties": { "particle": 915, "seed_idx": 45, "valid": true, "snap_water": false, "snap_m": 0.0 }, "geometry": { "type": "Point", "coordinates": [ -0.316531747579575, 5.510021209716797 ] } },
{ "type": "Feature", "properties": { "particle": 916, "seed_idx": 45, "valid": true, "snap_water": false, "snap_m": 0.0 }, "geometry": { "type": "Point", "coordinates": [ -0.315688103437424, 5.510512351989746 ] } },
{ "type": "Feature", "properties": { "particle": 917, "seed_idx": 45, "valid": true, "snap_water": false, "snap_m": 0.0 }, "geometry": { "type": "Point", "coordinates": [ -0.316397398710251, 5.510305881500244 ] } },
{ "type": "Feature", "properties": { "particle": 918, "seed_idx": 45, "valid": true, "snap_water": false, "snap_m": 0.0 }, "geometry": { "type": "Point", "coordinates": [ -0.317026346921921, 5.509527206420898 ] } },
{ "type": "Feature", "properties": { "particle": 919, "seed_idx": 45, "valid": true, "snap_water": false, "snap_m": 0.0 }, "geometry": { "type": "Point", "coordinates": [ -0.316866278648376, 5.509485721588135 ] } },
{ "type": "Feature", "properties": { "particle": 920, "seed_idx": 46, "valid": true, "snap_water": false, "snap_m": 0.0 }, "geometry": { "type": "Point", "coordinates": [ -0.317443579435349, 5.509475231170654 ] } },
{ "type": "Feature", "properties": { "particle": 921, "seed_idx": 46, "valid": true, "snap_water": false, "snap_m": 0.0 }, "geometry": { "type": "Point", "coordinates": [ -0.317184776067734, 5.509386539459229 ] } },
{ "type": "Feature", "properties": { "particle": 922, "seed_idx": 46, "valid": true, "snap_water": false, "snap_m": 0.0 }, "geometry": { "type": "Point", "coordinates": [ -0.316348701715469, 5.510502338409424 ] } },
{ "type": "Feature", "properties": { "particle": 923, "seed_idx": 46, "valid": true, "snap_water": false, "snap_m": 0.0 }, "geometry": { "type": "Point", "coordinates": [ -0.317308127880096, 5.510049343109131 ] } },
{ "type": "Feature", "properties": { "particle": 924, "seed_idx": 46, "valid": true, "snap_water": false, "snap_m": 0.0 }, "geometry": { "type": "Point", "coordinates": [ -0.316601365804672, 5.510157585144043 ] } },
{ "type": "Feature", "properties": { "particle": 925, "seed_idx": 46, "valid": true, "snap_water": false, "snap_m": 0.0 }, "geometry": { "type": "Point", "coordinates": [ -0.316489547491074, 5.510366916656494 ] } },
{ "type": "Feature", "properties": { "particle": 926, "seed_idx": 46, "valid": true, "snap_water": false, "snap_m": 0.0 }, "geometry": { "type": "Point", "coordinates": [ -0.317347854375839, 5.510124683380127 ] } },
{ "type": "Feature", "properties": { "particle": 927, "seed_idx": 46, "valid": true, "snap_water": false, "snap_m": 0.0 }, "geometry": { "type": "Point", "coordinates": [ -0.316101044416428, 5.510194778442383 ] } },
{ "type": "Feature", "properties": { "particle": 928, "seed_idx": 46, "valid": true, "snap_water": false, "snap_m": 0.0 }, "geometry": { "type": "Point", "coordinates": [ -0.316392362117767, 5.507603645324707 ] } },
{ "type": "Feature", "properties": { "particle": 929, "seed_idx": 46, "valid": true, "snap_water": false, "snap_m": 0.0 }, "geometry": { "type": "Point", "coordinates": [ -0.317217409610748, 5.510641098022461 ] } },
{ "type": "Feature", "properties": { "particle": 930, "seed_idx": 46, "valid": true, "snap_water": false, "snap_m": 0.0 }, "geometry": { "type": "Point", "coordinates": [ -0.316655516624451, 5.510336399078369 ] } },
{ "type": "Feature", "properties": { "particle": 931, "seed_idx": 46, "valid": true, "snap_water": false, "snap_m": 0.0 }, "geometry": { "type": "Point", "coordinates": [ -0.316904067993164, 5.509677886962891 ] } },
{ "type": "Feature", "properties": { "particle": 932, "seed_idx": 46, "valid": true, "snap_water": false, "snap_m": 0.0 }, "geometry": { "type": "Point", "coordinates": [ -0.316995203495026, 5.509859085083008 ] } },
{ "type": "Feature", "properties": { "particle": 933, "seed_idx": 46, "valid": true, "snap_water": false, "snap_m": 0.0 }, "geometry": { "type": "Point", "coordinates": [ -0.31670469045639, 5.509815216064453 ] } },
{ "type": "Feature", "properties": { "particle": 934, "seed_idx": 46, "valid": true, "snap_water": false, "snap_m": 0.0 }, "geometry": { "type": "Point", "coordinates": [ -0.317040681838989, 5.50971508026123 ] } },
{ "type": "Feature", "properties": { "particle": 935, "seed_idx": 46, "valid": true, "snap_water": false, "snap_m": 0.0 }, "geometry": { "type": "Point", "coordinates": [ -0.317247062921524, 5.510197639465332 ] } },
{ "type": "Feature", "properties": { "particle": 936, "seed_idx": 46, "valid": true, "snap_water": false, "snap_m": 0.0 }, "geometry": { "type": "Point", "coordinates": [ -0.317492246627808, 5.509411811828613 ] } },
{ "type": "Feature", "properties": { "particle": 937, "seed_idx": 46, "valid": true, "snap_water": false, "snap_m": 0.0 }, "geometry": { "type": "Point", "coordinates": [ -0.317196905612946, 5.510348796844482 ] } },
{ "type": "Feature", "properties": { "particle": 938, "seed_idx": 46, "valid": true, "snap_water": false, "snap_m": 0.0 }, "geometry": { "type": "Point", "coordinates": [ -0.316026329994202, 5.510602951049805 ] } },
{ "type": "Feature", "properties": { "particle": 939, "seed_idx": 46, "valid": true, "snap_water": false, "snap_m": 0.0 }, "geometry": { "type": "Point", "coordinates": [ -0.316873133182526, 5.510150909423828 ] } },
{ "type": "Feature", "properties": { "particle": 940, "seed_idx": 47, "valid": true, "snap_water": false, "snap_m": 0.0 }, "geometry": { "type": "Point", "coordinates": [ -0.317099392414093, 5.510316371917725 ] } },
{ "type": "Feature", "properties": { "particle": 941, "seed_idx": 47, "valid": true, "snap_water": false, "snap_m": 0.0 }, "geometry": { "type": "Point", "coordinates": [ -0.316807210445404, 5.510563850402832 ] } },
{ "type": "Feature", "properties": { "particle": 942, "seed_idx": 47, "valid": true, "snap_water": false, "snap_m": 0.0 }, "geometry": { "type": "Point", "coordinates": [ -0.31644406914711, 5.510457992553711 ] } },
{ "type": "Feature", "properties": { "particle": 943, "seed_idx": 47, "valid": true, "snap_water": false, "snap_m": 0.0 }, "geometry": { "type": "Point", "coordinates": [ -0.316835403442383, 5.510726451873779 ] } },
{ "type": "Feature", "properties": { "particle": 944, "seed_idx": 47, "valid": true, "snap_water": false, "snap_m": 0.0 }, "geometry": { "type": "Point", "coordinates": [ -0.31674799323082, 5.510628700256348 ] } },
{ "type": "Feature", "properties": { "particle": 945, "seed_idx": 47, "valid": true, "snap_water": false, "snap_m": 0.0 }, "geometry": { "type": "Point", "coordinates": [ -0.31814643740654, 5.510577201843262 ] } },
{ "type": "Feature", "properties": { "particle": 946, "seed_idx": 47, "valid": true, "snap_water": false, "snap_m": 0.0 }, "geometry": { "type": "Point", "coordinates": [ -0.316339641809464, 5.510776996612549 ] } },
{ "type": "Feature", "properties": { "particle": 947, "seed_idx": 47, "valid": true, "snap_water": false, "snap_m": 0.0 }, "geometry": { "type": "Point", "coordinates": [ -0.316195487976074, 5.510765552520752 ] } },
{ "type": "Feature", "properties": { "particle": 948, "seed_idx": 47, "valid": true, "snap_water": false, "snap_m": 0.0 }, "geometry": { "type": "Point", "coordinates": [ -0.317297518253326, 5.510684013366699 ] } },
{ "type": "Feature", "properties": { "particle": 949, "seed_idx": 47, "valid": true, "snap_water": false, "snap_m": 0.0 }, "geometry": { "type": "Point", "coordinates": [ -0.316017508506775, 5.510651588439941 ] } },
{ "type": "Feature", "properties": { "particle": 950, "seed_idx": 47, "valid": true, "snap_water": false, "snap_m": 0.0 }, "geometry": { "type": "Point", "coordinates": [ -0.316186994314194, 5.510684967041016 ] } },
{ "type": "Feature", "properties": { "particle": 951, "seed_idx": 47, "valid": true, "snap_water": false, "snap_m": 0.0 }, "geometry": { "type": "Point", "coordinates": [ -0.317362040281296, 5.510262489318848 ] } },
{ "type": "Feature", "properties": { "particle": 952, "seed_idx": 47, "valid": true, "snap_water": false, "snap_m": 0.0 }, "geometry": { "type": "Point", "coordinates": [ -0.316361427307129, 5.510777473449707 ] } },
{ "type": "Feature", "properties": { "particle": 953, "seed_idx": 47, "valid": true, "snap_water": false, "snap_m": 0.0 }, "geometry": { "type": "Point", "coordinates": [ -0.318194210529327, 5.510073661804199 ] } },
{ "type": "Feature", "properties": { "particle": 954, "seed_idx": 47, "valid": true, "snap_water": false, "snap_m": 0.0 }, "geometry": { "type": "Point", "coordinates": [ -0.316679000854492, 5.510600090026855 ] } },
{ "type": "Feature", "properties": { "particle": 955, "seed_idx": 47, "valid": true, "snap_water": false, "snap_m": 0.0 }, "geometry": { "type": "Point", "coordinates": [ -0.317813068628311, 5.510547637939453 ] } },
{ "type": "Feature", "properties": { "particle": 956, "seed_idx": 47, "valid": true, "snap_water": false, "snap_m": 0.0 }, "geometry": { "type": "Point", "coordinates": [ -0.317310988903046, 5.510083675384521 ] } },
{ "type": "Feature", "properties": { "particle": 957, "seed_idx": 47, "valid": true, "snap_water": false, "snap_m": 0.0 }, "geometry": { "type": "Point", "coordinates": [ -0.317127287387848, 5.510568141937256 ] } },
{ "type": "Feature", "properties": { "particle": 958, "seed_idx": 47, "valid": true, "snap_water": false, "snap_m": 0.0 }, "geometry": { "type": "Point", "coordinates": [ -0.316224992275238, 5.51068115234375 ] } },
{ "type": "Feature", "properties": { "particle": 959, "seed_idx": 47, "valid": true, "snap_water": false, "snap_m": 0.0 }, "geometry": { "type": "Point", "coordinates": [ -0.317481189966202, 5.509817600250244 ] } },
{ "type": "Feature", "properties": { "particle": 960, "seed_idx": 48, "valid": true, "snap_water": false, "snap_m": 0.0 }, "geometry": { "type": "Point", "coordinates": [ -0.31776374578476, 5.510303497314453 ] } },
{ "type": "Feature", "properties": { "particle": 961, "seed_idx": 48, "valid": true, "snap_water": false, "snap_m": 0.0 }, "geometry": { "type": "Point", "coordinates": [ -0.317397058010101, 5.510642051696777 ] } },
{ "type": "Feature", "properties": { "particle": 962, "seed_idx": 48, "valid": true, "snap_water": false, "snap_m": 0.0 }, "geometry": { "type": "Point", "coordinates": [ -0.316815227270126, 5.510704517364502 ] } },
{ "type": "Feature", "properties": { "particle": 963, "seed_idx": 48, "valid": true, "snap_water": false, "snap_m": 0.0 }, "geometry": { "type": "Point", "coordinates": [ -0.317434370517731, 5.510063171386719 ] } },
{ "type": "Feature", "properties": { "particle": 964, "seed_idx": 48, "valid": true, "snap_water": false, "snap_m": 0.0 }, "geometry": { "type": "Point", "coordinates": [ -0.317658394575119, 5.509991645812988 ] } },
{ "type": "Feature", "properties": { "particle": 965, "seed_idx": 48, "valid": true, "snap_water": false, "snap_m": 0.0 }, "geometry": { "type": "Point", "coordinates": [ -0.316758960485458, 5.510664463043213 ] } },
{ "type": "Feature", "properties": { "particle": 966, "seed_idx": 48, "valid": true, "snap_water": false, "snap_m": 0.0 }, "geometry": { "type": "Point", "coordinates": [ -0.317528426647186, 5.510481357574463 ] } },
{ "type": "Feature", "properties": { "particle": 967, "seed_idx": 48, "valid": true, "snap_water": false, "snap_m": 0.0 }, "geometry": { "type": "Point", "coordinates": [ -0.316606134176254, 5.510631084442139 ] } },
{ "type": "Feature", "properties": { "particle": 968, "seed_idx": 48, "valid": true, "snap_water": false, "snap_m": 0.0 }, "geometry": { "type": "Point", "coordinates": [ -0.317781656980515, 5.51032829284668 ] } },
{ "type": "Feature", "properties": { "particle": 969, "seed_idx": 48, "valid": true, "snap_water": false, "snap_m": 0.0 }, "geometry": { "type": "Point", "coordinates": [ -0.317687541246414, 5.510611057281494 ] } },
{ "type": "Feature", "properties": { "particle": 970, "seed_idx": 48, "valid": true, "snap_water": false, "snap_m": 0.0 }, "geometry": { "type": "Point", "coordinates": [ -0.316556423902512, 5.510770320892334 ] } },
{ "type": "Feature", "properties": { "particle": 971, "seed_idx": 48, "valid": true, "snap_water": false, "snap_m": 0.0 }, "geometry": { "type": "Point", "coordinates": [ -0.315989822149277, 5.511120796203613 ] } },
{ "type": "Feature", "properties": { "particle": 972, "seed_idx": 48, "valid": true, "snap_water": false, "snap_m": 0.0 }, "geometry": { "type": "Point", "coordinates": [ -0.315968334674835, 5.511146545410156 ] } },
{ "type": "Feature", "properties": { "particle": 973, "seed_idx": 48, "valid": true, "snap_water": false, "snap_m": 0.0 }, "geometry": { "type": "Point", "coordinates": [ -0.315983593463898, 5.5105881690979 ] } },
{ "type": "Feature", "properties": { "particle": 974, "seed_idx": 48, "valid": true, "snap_water": false, "snap_m": 0.0 }, "geometry": { "type": "Point", "coordinates": [ -0.315836846828461, 5.510626792907715 ] } },
{ "type": "Feature", "properties": { "particle": 975, "seed_idx": 48, "valid": true, "snap_water": false, "snap_m": 0.0 }, "geometry": { "type": "Point", "coordinates": [ -0.31680166721344, 5.510727882385254 ] } },
{ "type": "Feature", "properties": { "particle": 976, "seed_idx": 48, "valid": true, "snap_water": false, "snap_m": 0.0 }, "geometry": { "type": "Point", "coordinates": [ -0.317003488540649, 5.510627746582031 ] } },
{ "type": "Feature", "properties": { "particle": 977, "seed_idx": 48, "valid": true, "snap_water": false, "snap_m": 0.0 }, "geometry": { "type": "Point", "coordinates": [ -0.315940916538239, 5.511293411254883 ] } },
{ "type": "Feature", "properties": { "particle": 978, "seed_idx": 48, "valid": true, "snap_water": false, "snap_m": 0.0 }, "geometry": { "type": "Point", "coordinates": [ -0.317395687103271, 5.5106520652771 ] } },
{ "type": "Feature", "properties": { "particle": 979, "seed_idx": 48, "valid": true, "snap_water": false, "snap_m": 0.0 }, "geometry": { "type": "Point", "coordinates": [ -0.315985769033432, 5.511093616485596 ] } },
{ "type": "Feature", "properties": { "particle": 980, "seed_idx": 49, "valid": true, "snap_water": false, "snap_m": 0.0 }, "geometry": { "type": "Point", "coordinates": [ -0.316535443067551, 5.510739326477051 ] } },
{ "type": "Feature", "properties": { "particle": 981, "seed_idx": 49, "valid": true, "snap_water": false, "snap_m": 0.0 }, "geometry": { "type": "Point", "coordinates": [ -0.317390024662018, 5.510703086853027 ] } },
{ "type": "Feature", "properties": { "particle": 982, "seed_idx": 49, "valid": true, "snap_water": false, "snap_m": 0.0 }, "geometry": { "type": "Point", "coordinates": [ -0.318451702594757, 5.510446548461914 ] } },
{ "type": "Feature", "properties": { "particle": 983, "seed_idx": 49, "valid": true, "snap_water": false, "snap_m": 0.0 }, "geometry": { "type": "Point", "coordinates": [ -0.317766755819321, 5.510135650634766 ] } },
{ "type": "Feature", "properties": { "particle": 984, "seed_idx": 49, "valid": true, "snap_water": false, "snap_m": 0.0 }, "geometry": { "type": "Point", "coordinates": [ -0.317108631134033, 5.510416030883789 ] } },
{ "type": "Feature", "properties": { "particle": 985, "seed_idx": 49, "valid": true, "snap_water": false, "snap_m": 0.0 }, "geometry": { "type": "Point", "coordinates": [ -0.316796720027924, 5.510665893554688 ] } },
{ "type": "Feature", "properties": { "particle": 986, "seed_idx": 49, "valid": true, "snap_water": false, "snap_m": 0.0 }, "geometry": { "type": "Point", "coordinates": [ -0.317269504070282, 5.510688781738281 ] } },
{ "type": "Feature", "properties": { "particle": 987, "seed_idx": 49, "valid": true, "snap_water": false, "snap_m": 0.0 }, "geometry": { "type": "Point", "coordinates": [ -0.318117320537567, 5.510761737823486 ] } },
{ "type": "Feature", "properties": { "particle": 988, "seed_idx": 49, "valid": true, "snap_water": false, "snap_m": 0.0 }, "geometry": { "type": "Point", "coordinates": [ -0.316437572240829, 5.510708808898926 ] } },
{ "type": "Feature", "properties": { "particle": 989, "seed_idx": 49, "valid": true, "snap_water": false, "snap_m": 0.0 }, "geometry": { "type": "Point", "coordinates": [ -0.317402333021164, 5.510621547698975 ] } },
{ "type": "Feature", "properties": { "particle": 990, "seed_idx": 49, "valid": true, "snap_water": false, "snap_m": 0.0 }, "geometry": { "type": "Point", "coordinates": [ -0.316893100738525, 5.510597229003906 ] } },
{ "type": "Feature", "properties": { "particle": 991, "seed_idx": 49, "valid": true, "snap_water": false, "snap_m": 0.0 }, "geometry": { "type": "Point", "coordinates": [ -0.316880285739899, 5.510646820068359 ] } },
{ "type": "Feature", "properties": { "particle": 992, "seed_idx": 49, "valid": true, "snap_water": false, "snap_m": 0.0 }, "geometry": { "type": "Point", "coordinates": [ -0.316489398479462, 5.510782241821289 ] } },
{ "type": "Feature", "properties": { "particle": 993, "seed_idx": 49, "valid": true, "snap_water": false, "snap_m": 0.0 }, "geometry": { "type": "Point", "coordinates": [ -0.317831546068192, 5.510672092437744 ] } },
{ "type": "Feature", "properties": { "particle": 994, "seed_idx": 49, "valid": true, "snap_water": false, "snap_m": 0.0 }, "geometry": { "type": "Point", "coordinates": [ -0.31690376996994, 5.510724544525146 ] } },
{ "type": "Feature", "properties": { "particle": 995, "seed_idx": 49, "valid": true, "snap_water": false, "snap_m": 0.0 }, "geometry": { "type": "Point", "coordinates": [ -0.315765410661697, 5.510864734649658 ] } },
{ "type": "Feature", "properties": { "particle": 996, "seed_idx": 49, "valid": true, "snap_water": false, "snap_m": 0.0 }, "geometry": { "type": "Point", "coordinates": [ -0.316174656152725, 5.510620594024658 ] } },
{ "type": "Feature", "properties": { "particle": 997, "seed_idx": 49, "valid": true, "snap_water": false, "snap_m": 0.0 }, "geometry": { "type": "Point", "coordinates": [ -0.316589295864105, 5.510638236999512 ] } },
{ "type": "Feature", "properties": { "particle": 998, "seed_idx": 49, "valid": true, "snap_water": false, "snap_m": 0.0 }, "geometry": { "type": "Point", "coordinates": [ -0.318191260099411, 5.510372638702393 ] } },
{ "type": "Feature", "properties": { "particle": 999, "seed_idx": 49, "valid": true, "snap_water": false, "snap_m": 0.0 }, "geometry": { "type": "Point", "coordinates": [ -0.317598074674606, 5.510681629180908 ] } },
{ "type": "Feature", "properties": { "particle": 1000, "seed_idx": 50, "valid": true, "snap_water": false, "snap_m": 0.0 }, "geometry": { "type": "Point", "coordinates": [ -0.318295747041702, 5.51073694229126 ] } },
{ "type": "Feature", "properties": { "particle": 1001, "seed_idx": 50, "valid": true, "snap_water": false, "snap_m": 0.0 }, "geometry": { "type": "Point", "coordinates": [ -0.317338734865189, 5.510714530944824 ] } },
{ "type": "Feature", "properties": { "particle": 1002, "seed_idx": 50, "valid": true, "snap_water": false, "snap_m": 0.0 }, "geometry": { "type": "Point", "coordinates": [ -0.315754920244217, 5.510720252990723 ] } },
{ "type": "Feature", "properties": { "particle": 1003, "seed_idx": 50, "valid": true, "snap_water": false, "snap_m": 0.0 }, "geometry": { "type": "Point", "coordinates": [ -0.315862566232681, 5.51094388961792 ] } },
{ "type": "Feature", "properties": { "particle": 1004, "seed_idx": 50, "valid": true, "snap_water": false, "snap_m": 0.0 }, "geometry": { "type": "Point", "coordinates": [ -0.315778344869614, 5.510715484619141 ] } },
{ "type": "Feature", "properties": { "particle": 1005, "seed_idx": 50, "valid": true, "snap_water": false, "snap_m": 0.0 }, "geometry": { "type": "Point", "coordinates": [ -0.318012863397598, 5.510611534118652 ] } },
{ "type": "Feature", "properties": { "particle": 1006, "seed_idx": 50, "valid": true, "snap_water": false, "snap_m": 0.0 }, "geometry": { "type": "Point", "coordinates": [ -0.315918833017349, 5.510897159576416 ] } },
{ "type": "Feature", "properties": { "particle": 1007, "seed_idx": 50, "valid": true, "snap_water": false, "snap_m": 0.0 }, "geometry": { "type": "Point", "coordinates": [ -0.315796345472336, 5.510660648345947 ] } },
{ "type": "Feature", "properties": { "particle": 1008, "seed_idx": 50, "valid": true, "snap_water": false, "snap_m": 0.0 }, "geometry": { "type": "Point", "coordinates": [ -0.315905630588531, 5.510746002197266 ] } },
{ "type": "Feature", "properties": { "particle": 1009, "seed_idx": 50, "valid": true, "snap_water": false, "snap_m": 0.0 }, "geometry": { "type": "Point", "coordinates": [ -0.318188279867172, 5.510534286499023 ] } },
{ "type": "Feature", "properties": { "particle": 1010, "seed_idx": 50, "valid": true, "snap_water": false, "snap_m": 0.0 }, "geometry": { "type": "Point", "coordinates": [ -0.317090392112732, 5.510717391967773 ] } },
{ "type": "Feature", "properties": { "particle": 1011, "seed_idx": 50, "valid": true, "snap_water": false, "snap_m": 0.0 }, "geometry": { "type": "Point", "coordinates": [ -0.316340893507004, 5.510612964630127 ] } },
{ "type": "Feature", "properties": { "particle": 1012, "seed_idx": 50, "valid": true, "snap_water": false, "snap_m": 0.0 }, "geometry": { "type": "Point", "coordinates": [ -0.318366557359695, 5.510635375976562 ] } },
{ "type": "Feature", "properties": { "particle": 1013, "seed_idx": 50, "valid": true, "snap_water": false, "snap_m": 0.0 }, "geometry": { "type": "Point", "coordinates": [ -0.318123519420624, 5.510739803314209 ] } },
{ "type": "Feature", "properties": { "particle": 1014, "seed_idx": 50, "valid": true, "snap_water": false, "snap_m": 0.0 }, "geometry": { "type": "Point", "coordinates": [ -0.315856218338013, 5.510920524597168 ] } },
{ "type": "Feature", "properties": { "particle": 1015, "seed_idx": 50, "valid": true, "snap_water": false, "snap_m": 0.0 }, "geometry": { "type": "Point", "coordinates": [ -0.316710710525513, 5.51066255569458 ] } },
{ "type": "Feature", "properties": { "particle": 1016, "seed_idx": 50, "valid": true, "snap_water": false, "snap_m": 0.0 }, "geometry": { "type": "Point", "coordinates": [ -0.318055748939514, 5.510562419891357 ] } },
{ "type": "Feature", "properties": { "particle": 1017, "seed_idx": 50, "valid": true, "snap_water": true, "snap_m": 81.683578 }, "geometry": { "type": "Point", "coordinates": [ -0.319000005722046, 5.510000228881836 ] } },
{ "type": "Feature", "properties": { "particle": 1018, "seed_idx": 50, "valid": true, "snap_water": false, "snap_m": 0.0 }, "geometry": { "type": "Point", "coordinates": [ -0.315972685813904, 5.510968685150146 ] } },
{ "type": "Feature", "properties": { "particle": 1019, "seed_idx": 50, "valid": true, "snap_water": false, "snap_m": 0.0 }, "geometry": { "type": "Point", "coordinates": [ -0.316285312175751, 5.510723114013672 ] } },
{ "type": "Feature", "properties": { "particle": 1020, "seed_idx": 51, "valid": true, "snap_water": false, "snap_m": 0.0 }, "geometry": { "type": "Point", "coordinates": [ -0.315980434417725, 5.510779857635498 ] } },
{ "type": "Feature", "properties": { "particle": 1021, "seed_idx": 51, "valid": true, "snap_water": false, "snap_m": 0.0 }, "geometry": { "type": "Point", "coordinates": [ -0.316306680440903, 5.510665893554688 ] } },
{ "type": "Feature", "properties": { "particle": 1022, "seed_idx": 51, "valid": true, "snap_water": false, "snap_m": 0.0 }, "geometry": { "type": "Point", "coordinates": [ -0.318733751773834, 5.509981155395508 ] } },
{ "type": "Feature", "properties": { "particle": 1023, "seed_idx": 51, "valid": true, "snap_water": false, "snap_m": 0.0 }, "geometry": { "type": "Point", "coordinates": [ -0.316024303436279, 5.510979175567627 ] } },
{ "type": "Feature", "properties": { "particle": 1024, "seed_idx": 51, "valid": true, "snap_water": false, "snap_m": 0.0 }, "geometry": { "type": "Point", "coordinates": [ -0.31905135512352, 5.510486602783203 ] } },
{ "type": "Feature", "properties": { "particle": 1025, "seed_idx": 51, "valid": true, "snap_water": false, "snap_m": 0.0 }, "geometry": { "type": "Point", "coordinates": [ -0.31595304608345, 5.511053562164307 ] } },
{ "type": "Feature", "properties": { "particle": 1026, "seed_idx": 51, "valid": true, "snap_water": false, "snap_m": 0.0 }, "geometry": { "type": "Point", "coordinates": [ -0.316061943769455, 5.510729312896729 ] } },
{ "type": "Feature", "properties": { "particle": 1027, "seed_idx": 51, "valid": true, "snap_water": false, "snap_m": 0.0 }, "geometry": { "type": "Point", "coordinates": [ -0.317119300365448, 5.510724544525146 ] } },
{ "type": "Feature", "properties": { "particle": 1028, "seed_idx": 51, "valid": true, "snap_water": false, "snap_m": 0.0 }, "geometry": { "type": "Point", "coordinates": [ -0.315853953361511, 5.51068115234375 ] } },
{ "type": "Feature", "properties": { "particle": 1029, "seed_idx": 51, "valid": true, "snap_water": false, "snap_m": 0.0 }, "geometry": { "type": "Point", "coordinates": [ -0.315835684537888, 5.510619640350342 ] } },
{ "type": "Feature", "properties": { "particle": 1030, "seed_idx": 51, "valid": true, "snap_water": false, "snap_m": 0.0 }, "geometry": { "type": "Point", "coordinates": [ -0.315788596868515, 5.510750770568848 ] } },
{ "type": "Feature", "properties": { "particle": 1031, "seed_idx": 51, "valid": true, "snap_water": false, "snap_m": 0.0 }, "geometry": { "type": "Point", "coordinates": [ -0.315975040197372, 5.510729312896729 ] } },
{ "type": "Feature", "properties": { "particle": 1032, "seed_idx": 51, "valid": true, "snap_water": false, "snap_m": 0.0 }, "geometry": { "type": "Point", "coordinates": [ -0.316901713609695, 5.510612010955811 ] } },
{ "type": "Feature", "properties": { "particle": 1033, "seed_idx": 51, "valid": true, "snap_water": false, "snap_m": 0.0 }, "geometry": { "type": "Point", "coordinates": [ -0.316262453794479, 5.510653972625732 ] } },
{ "type": "Feature", "properties": { "particle": 1034, "seed_idx": 51, "valid": true, "snap_water": false, "snap_m": 0.0 }, "geometry": { "type": "Point", "coordinates": [ -0.315827518701553, 5.511383533477783 ] } },
{ "type": "Feature", "properties": { "particle": 1035, "seed_idx": 51, "valid": true, "snap_water": false, "snap_m": 0.0 }, "geometry": { "type": "Point", "coordinates": [ -0.315798878669739, 5.511224746704102 ] } },
{ "type": "Feature", "properties": { "particle": 1036, "seed_idx": 51, "valid": true, "snap_water": false, "snap_m": 0.0 }, "geometry": { "type": "Point", "coordinates": [ -0.316046476364136, 5.510931968688965 ] } },
{ "type": "Feature", "properties": { "particle": 1037, "seed_idx": 51, "valid": true, "snap_water": false, "snap_m": 0.0 }, "geometry": { "type": "Point", "coordinates": [ -0.3159539103508, 5.510581970214844 ] } },
{ "type": "Feature", "properties": { "particle": 1038, "seed_idx": 51, "valid": true, "snap_water": false, "snap_m": 0.0 }, "geometry": { "type": "Point", "coordinates": [ -0.316358894109726, 5.510766983032227 ] } },
{ "type": "Feature", "properties": { "particle": 1039, "seed_idx": 51, "valid": true, "snap_water": false, "snap_m": 0.0 }, "geometry": { "type": "Point", "coordinates": [ -0.317429095506668, 5.510754108428955 ] } },
{ "type": "Feature", "properties": { "particle": 1040, "seed_idx": 52, "valid": true, "snap_water": false, "snap_m": 0.0 }, "geometry": { "type": "Point", "coordinates": [ -0.314632415771484, 5.510643005371094 ] } },
{ "type": "Feature", "properties": { "particle": 1041, "seed_idx": 52, "valid": true, "snap_water": false, "snap_m": 0.0 }, "geometry": { "type": "Point", "coordinates": [ -0.315886050462723, 5.51089334487915 ] } },
{ "type": "Feature", "properties": { "particle": 1042, "seed_idx": 52, "valid": true, "snap_water": false, "snap_m": 0.0 }, "geometry": { "type": "Point", "coordinates": [ -0.315933495759964, 5.511175155639648 ] } },
{ "type": "Feature", "properties": { "particle": 1043, "seed_idx": 52, "valid": true, "snap_water": false, "snap_m": 0.0 }, "geometry": { "type": "Point", "coordinates": [ -0.315752804279327, 5.511173725128174 ] } },
{ "type": "Feature", "properties": { "particle": 1044, "seed_idx": 52, "valid": true, "snap_water": false, "snap_m": 0.0 }, "geometry": { "type": "Point", "coordinates": [ -0.314226269721985, 5.510756015777588 ] } },
{ "type": "Feature", "properties": { "particle": 1045, "seed_idx": 52, "valid": true, "snap_water": false, "snap_m": 0.0 }, "geometry": { "type": "Point", "coordinates": [ -0.315924018621445, 5.511250972747803 ] } },
{ "type": "Feature", "properties": { "particle": 1046, "seed_idx": 52, "valid": true, "snap_water": true, "snap_m": 77.500969 }, "geometry": { "type": "Point", "coordinates": [ -0.316000014543533, 5.511000156402588 ] } },
{ "type": "Feature", "properties": { "particle": 1047, "seed_idx": 52, "valid": true, "snap_water": false, "snap_m": 0.0 }, "geometry": { "type": "Point", "coordinates": [ -0.313959985971451, 5.510919094085693 ] } },
{ "type": "Feature", "properties": { "particle": 1048, "seed_idx": 52, "valid": true, "snap_water": false, "snap_m": 0.0 }, "geometry": { "type": "Point", "coordinates": [ -0.316483229398727, 5.510584831237793 ] } },
{ "type": "Feature", "properties": { "particle": 1049, "seed_idx": 52, "valid": true, "snap_water": false, "snap_m": 0.0 }, "geometry": { "type": "Point", "coordinates": [ -0.316611498594284, 5.510744094848633 ] } },
{ "type": "Feature", "properties": { "particle": 1050, "seed_idx": 52, "valid": true, "snap_water": false, "snap_m": 0.0 }, "geometry": { "type": "Point", "coordinates": [ -0.315808027982712, 5.511268138885498 ] } },
{ "type": "Feature", "properties": { "particle": 1051, "seed_idx": 52, "valid": true, "snap_water": false, "snap_m": 0.0 }, "geometry": { "type": "Point", "coordinates": [ -0.317579030990601, 5.510616302490234 ] } },
{ "type": "Feature", "properties": { "particle": 1052, "seed_idx": 52, "valid": true, "snap_water": false, "snap_m": 0.0 }, "geometry": { "type": "Point", "coordinates": [ -0.315821647644043, 5.511117458343506 ] } },
{ "type": "Feature", "properties": { "particle": 1053, "seed_idx": 52, "valid": true, "snap_water": false, "snap_m": 0.0 }, "geometry": { "type": "Point", "coordinates": [ -0.316039264202118, 5.51075267791748 ] } },
{ "type": "Feature", "properties": { "particle": 1054, "seed_idx": 52, "valid": true, "snap_water": false, "snap_m": 0.0 }, "geometry": { "type": "Point", "coordinates": [ -0.316595375537872, 5.510625839233398 ] } },
{ "type": "Feature", "properties": { "particle": 1055, "seed_idx": 52, "valid": true, "snap_water": false, "snap_m": 0.0 }, "geometry": { "type": "Point", "coordinates": [ -0.316868335008621, 5.510600090026855 ] } },
{ "type": "Feature", "properties": { "particle": 1056, "seed_idx": 52, "valid": true, "snap_water": false, "snap_m": 0.0 }, "geometry": { "type": "Point", "coordinates": [ -0.316507488489151, 5.510222911834717 ] } },
{ "type": "Feature", "properties": { "particle": 1057, "seed_idx": 52, "valid": true, "snap_water": false, "snap_m": 0.0 }, "geometry": { "type": "Point", "coordinates": [ -0.315895825624466, 5.511435031890869 ] } },
{ "type": "Feature", "properties": { "particle": 1058, "seed_idx": 52, "valid": true, "snap_water": false, "snap_m": 0.0 }, "geometry": { "type": "Point", "coordinates": [ -0.314333021640778, 5.510663032531738 ] } },
{ "type": "Feature", "properties": { "particle": 1059, "seed_idx": 52, "valid": true, "snap_water": false, "snap_m": 0.0 }, "geometry": { "type": "Point", "coordinates": [ -0.316864669322968, 5.51056957244873 ] } },
{ "type": "Feature", "properties": { "particle": 1060, "seed_idx": 53, "valid": true, "snap_water": false, "snap_m": 0.0 }, "geometry": { "type": "Point", "coordinates": [ -0.314078688621521, 5.510749340057373 ] } },
{ "type": "Feature", "properties": { "particle": 1061, "seed_idx": 53, "valid": true, "snap_water": false, "snap_m": 0.0 }, "geometry": { "type": "Point", "coordinates": [ -0.315909743309021, 5.511297225952148 ] } },
{ "type": "Feature", "properties": { "particle": 1062, "seed_idx": 53, "valid": true, "snap_water": false, "snap_m": 0.0 }, "geometry": { "type": "Point", "coordinates": [ -0.31586629152298, 5.51057767868042 ] } },
{ "type": "Feature", "properties": { "particle": 1063, "seed_idx": 53, "valid": true, "snap_water": false, "snap_m": 0.0 }, "geometry": { "type": "Point", "coordinates": [ -0.316691994667053, 5.510662078857422 ] } },
{ "type": "Feature", "properties": { "particle": 1064, "seed_idx": 53, "valid": true, "snap_water": false, "snap_m": 0.0 }, "geometry": { "type": "Point", "coordinates": [ -0.316915214061737, 5.510604381561279 ] } },
{ "type": "Feature", "properties": { "particle": 1065, "seed_idx": 53, "valid": true, "snap_water": false, "snap_m": 0.0 }, "geometry": { "type": "Point", "coordinates": [ -0.316706299781799, 5.510703563690186 ] } },
{ "type": "Feature", "properties": { "particle": 1066, "seed_idx": 53, "valid": true, "snap_water": false, "snap_m": 0.0 }, "geometry": { "type": "Point", "coordinates": [ -0.314496248960495, 5.510711193084717 ] } },
{ "type": "Feature", "properties": { "particle": 1067, "seed_idx": 53, "valid": true, "snap_water": false, "snap_m": 0.0 }, "geometry": { "type": "Point", "coordinates": [ -0.314429730176926, 5.510766983032227 ] } },
{ "type": "Feature", "properties": { "particle": 1068, "seed_idx": 53, "valid": true, "snap_water": false, "snap_m": 0.0 }, "geometry": { "type": "Point", "coordinates": [ -0.316579967737198, 5.510768890380859 ] } },
{ "type": "Feature", "properties": { "particle": 1069, "seed_idx": 53, "valid": true, "snap_water": false, "snap_m": 0.0 }, "geometry": { "type": "Point", "coordinates": [ -0.315995335578918, 5.511207580566406 ] } },
{ "type": "Feature", "properties": { "particle": 1070, "seed_idx": 53, "valid": true, "snap_water": false, "snap_m": 0.0 }, "geometry": { "type": "Point", "coordinates": [ -0.315833151340485, 5.511436939239502 ] } },
{ "type": "Feature", "properties": { "particle": 1071, "seed_idx": 53, "valid": true, "snap_water": false, "snap_m": 0.0 }, "geometry": { "type": "Point", "coordinates": [ -0.31581449508667, 5.51136302947998 ] } },
{ "type": "Feature", "properties": { "particle": 1072, "seed_idx": 53, "valid": true, "snap_water": false, "snap_m": 0.0 }, "geometry": { "type": "Point", "coordinates": [ -0.314061284065247, 5.510667324066162 ] } },
{ "type": "Feature", "properties": { "particle": 1073, "seed_idx": 53, "valid": true, "snap_water": false, "snap_m": 0.0 }, "geometry": { "type": "Point", "coordinates": [ -0.317091822624207, 5.510623455047607 ] } },
{ "type": "Feature", "properties": { "particle": 1074, "seed_idx": 53, "valid": true, "snap_water": false, "snap_m": 0.0 }, "geometry": { "type": "Point", "coordinates": [ -0.316018879413605, 5.510987281799316 ] } },
{ "type": "Feature", "properties": { "particle": 1075, "seed_idx": 53, "valid": true, "snap_water": false, "snap_m": 0.0 }, "geometry": { "type": "Point", "coordinates": [ -0.314626067876816, 5.510568141937256 ] } },
{ "type": "Feature", "properties": { "particle": 1076, "seed_idx": 53, "valid": true, "snap_water": true, "snap_m": 58.685524 }, "geometry": { "type": "Point", "coordinates": [ -0.316000014543533, 5.511000156402588 ] } },
{ "type": "Feature", "properties": { "particle": 1077, "seed_idx": 53, "valid": true, "snap_water": false, "snap_m": 0.0 }, "geometry": { "type": "Point", "coordinates": [ -0.317411690950394, 5.510735034942627 ] } },
{ "type": "Feature", "properties": { "particle": 1078, "seed_idx": 53, "valid": true, "snap_water": false, "snap_m": 0.0 }, "geometry": { "type": "Point", "coordinates": [ -0.315789759159088, 5.511196613311768 ] } },
{ "type": "Feature", "properties": { "particle": 1079, "seed_idx": 53, "valid": true, "snap_water": false, "snap_m": 0.0 }, "geometry": { "type": "Point", "coordinates": [ -0.315915316343307, 5.511285305023193 ] } },
{ "type": "Feature", "properties": { "particle": 1080, "seed_idx": 54, "valid": true, "snap_water": false, "snap_m": 0.0 }, "geometry": { "type": "Point", "coordinates": [ -0.314344108104706, 5.510612010955811 ] } },
{ "type": "Feature", "properties": { "particle": 1081, "seed_idx": 54, "valid": true, "snap_water": false, "snap_m": 0.0 }, "geometry": { "type": "Point", "coordinates": [ -0.315851926803589, 5.510733604431152 ] } },
{ "type": "Feature", "properties": { "particle": 1082, "seed_idx": 54, "valid": true, "snap_water": false, "snap_m": 0.0 }, "geometry": { "type": "Point", "coordinates": [ -0.316500902175903, 5.51063871383667 ] } },
{ "type": "Feature", "properties": { "particle": 1083, "seed_idx": 54, "valid": true, "snap_water": false, "snap_m": 0.0 }, "geometry": { "type": "Point", "coordinates": [ -0.316734313964844, 5.510602951049805 ] } },
{ "type": "Feature", "properties": { "particle": 1084, "seed_idx": 54, "valid": true, "snap_water": false, "snap_m": 0.0 }, "geometry": { "type": "Point", "coordinates": [ -0.31457781791687, 5.51063346862793 ] } },
{ "type": "Feature", "properties": { "particle": 1085, "seed_idx": 54, "valid": true, "snap_water": false, "snap_m": 0.0 }, "geometry": { "type": "Point", "coordinates": [ -0.314626157283783, 5.510743141174316 ] } },
{ "type": "Feature", "properties": { "particle": 1086, "seed_idx": 54, "valid": true, "snap_water": false, "snap_m": 0.0 }, "geometry": { "type": "Point", "coordinates": [ -0.314246892929077, 5.510632514953613 ] } },
{ "type": "Feature", "properties": { "particle": 1087, "seed_idx": 54, "valid": true, "snap_water": false, "snap_m": 0.0 }, "geometry": { "type": "Point", "coordinates": [ -0.316354334354401, 5.51063346862793 ] } },
{ "type": "Feature", "properties": { "particle": 1088, "seed_idx": 54, "valid": true, "snap_water": false, "snap_m": 0.0 }, "geometry": { "type": "Point", "coordinates": [ -0.315793722867966, 5.511068344116211 ] } },
{ "type": "Feature", "properties": { "particle": 1089, "seed_idx": 54, "valid": true, "snap_water": false, "snap_m": 0.0 }, "geometry": { "type": "Point", "coordinates": [ -0.314336955547333, 5.510686874389648 ] } },
{ "type": "Feature", "properties": { "particle": 1090, "seed_idx": 54, "valid": true, "snap_water": false, "snap_m": 0.0 }, "geometry": { "type": "Point", "coordinates": [ -0.31604939699173, 5.510969638824463 ] } },
{ "type": "Feature", "properties": { "particle": 1091, "seed_idx": 54, "valid": true, "snap_water": false, "snap_m": 0.0 }, "geometry": { "type": "Point", "coordinates": [ -0.31706714630127, 5.510787487030029 ] } },
{ "type": "Feature", "properties": { "particle": 1092, "seed_idx": 54, "valid": true, "snap_water": false, "snap_m": 0.0 }, "geometry": { "type": "Point", "coordinates": [ -0.316067546606064, 5.511130809783936 ] } },
{ "type": "Feature", "properties": { "particle": 1093, "seed_idx": 54, "valid": true, "snap_water": false, "snap_m": 0.0 }, "geometry": { "type": "Point", "coordinates": [ -0.316030204296112, 5.510848999023438 ] } },
{ "type": "Feature", "properties": { "particle": 1094, "seed_idx": 54, "valid": true, "snap_water": false, "snap_m": 0.0 }, "geometry": { "type": "Point", "coordinates": [ -0.315964877605438, 5.511319637298584 ] } },
{ "type": "Feature", "properties": { "particle": 1095, "seed_idx": 54, "valid": true, "snap_water": false, "snap_m": 0.0 }, "geometry": { "type": "Point", "coordinates": [ -0.31583645939827, 5.511324405670166 ] } },
{ "type": "Feature", "properties": { "particle": 1096, "seed_idx": 54, "valid": true, "snap_water": false, "snap_m": 0.0 }, "geometry": { "type": "Point", "coordinates": [ -0.315844863653183, 5.510766506195068 ] } },
{ "type": "Feature", "properties": { "particle": 1097, "seed_idx": 54, "valid": true, "snap_water": false, "snap_m": 0.0 }, "geometry": { "type": "Point", "coordinates": [ -0.314731687307358, 5.510731220245361 ] } },
{ "type": "Feature", "properties": { "particle": 1098, "seed_idx": 54, "valid": true, "snap_water": false, "snap_m": 0.0 }, "geometry": { "type": "Point", "coordinates": [ -0.313944518566132, 5.510839939117432 ] } },
{ "type": "Feature", "properties": { "particle": 1099, "seed_idx": 54, "valid": true, "snap_water": false, "snap_m": 0.0 }, "geometry": { "type": "Point", "coordinates": [ -0.314048558473587, 5.510605335235596 ] } },
{ "type": "Feature", "properties": { "particle": 1100, "seed_idx": 55, "valid": true, "snap_water": false, "snap_m": 0.0 }, "geometry": { "type": "Point", "coordinates": [ -0.316609740257263, 5.51068115234375 ] } },
{ "type": "Feature", "properties": { "particle": 1101, "seed_idx": 55, "valid": true, "snap_water": false, "snap_m": 0.0 }, "geometry": { "type": "Point", "coordinates": [ -0.315794080495834, 5.511429786682129 ] } },
{ "type": "Feature", "properties": { "particle": 1102, "seed_idx": 55, "valid": true, "snap_water": false, "snap_m": 0.0 }, "geometry": { "type": "Point", "coordinates": [ -0.318486273288727, 5.510606288909912 ] } },
{ "type": "Feature", "properties": { "particle": 1103, "seed_idx": 55, "valid": true, "snap_water": false, "snap_m": 0.0 }, "geometry": { "type": "Point", "coordinates": [ -0.316360920667648, 5.510774612426758 ] } },
{ "type": "Feature", "properties": { "particle": 1104, "seed_idx": 55, "valid": true, "snap_water": false, "snap_m": 0.0 }, "geometry": { "type": "Point", "coordinates": [ -0.316178262233734, 5.51063060760498 ] } },
{ "type": "Feature", "properties": { "particle": 1105, "seed_idx": 55, "valid": true, "snap_water": false, "snap_m": 0.0 }, "geometry": { "type": "Point", "coordinates": [ -0.315808296203613, 5.510695934295654 ] } },
{ "type": "Feature", "properties": { "particle": 1106, "seed_idx": 55, "valid": true, "snap_water": false, "snap_m": 0.0 }, "geometry": { "type": "Point", "coordinates": [ -0.315898835659027, 5.510856151580811 ] } },
{ "type": "Feature", "properties": { "particle": 1107, "seed_idx": 55, "valid": true, "snap_water": false, "snap_m": 0.0 }, "geometry": { "type": "Point", "coordinates": [ -0.315773189067841, 5.511435985565186 ] } },
{ "type": "Feature", "properties": { "particle": 1108, "seed_idx": 55, "valid": true, "snap_water": true, "snap_m": 81.322594 }, "geometry": { "type": "Point", "coordinates": [ -0.317999988794327, 5.511000156402588 ] } },
{ "type": "Feature", "properties": { "particle": 1109, "seed_idx": 55, "valid": true, "snap_water": true, "snap_m": 76.893578 }, "geometry": { "type": "Point", "coordinates": [ -0.319000005722046, 5.510000228881836 ] } },
{ "type": "Feature", "properties": { "particle": 1110, "seed_idx": 55, "valid": true, "snap_water": false, "snap_m": 0.0 }, "geometry": { "type": "Point", "coordinates": [ -0.316027134656906, 5.511187553405762 ] } },
{ "type": "Feature", "properties": { "particle": 1111, "seed_idx": 55, "valid": true, "snap_water": false, "snap_m": 0.0 }, "geometry": { "type": "Point", "coordinates": [ -0.316443979740143, 5.510652542114258 ] } },
{ "type": "Feature", "properties": { "particle": 1112, "seed_idx": 55, "valid": true, "snap_water": false, "snap_m": 0.0 }, "geometry": { "type": "Point", "coordinates": [ -0.31416255235672, 5.510735988616943 ] } },
{ "type": "Feature", "properties": { "particle": 1113, "seed_idx": 55, "valid": true, "snap_water": false, "snap_m": 0.0 }, "geometry": { "type": "Point", "coordinates": [ -0.314253747463226, 5.510579109191895 ] } },
{ "type": "Feature", "properties": { "particle": 1114, "seed_idx": 55, "valid": true, "snap_water": false, "snap_m": 0.0 }, "geometry": { "type": "Point", "coordinates": [ -0.315940797328949, 5.510635852813721 ] } },
{ "type": "Feature", "properties": { "particle": 1115, "seed_idx": 55, "valid": true, "snap_water": false, "snap_m": 0.0 }, "geometry": { "type": "Point", "coordinates": [ -0.315928369760513, 5.510705471038818 ] } },
{ "type": "Feature", "properties": { "particle": 1116, "seed_idx": 55, "valid": true, "snap_water": false, "snap_m": 0.0 }, "geometry": { "type": "Point", "coordinates": [ -0.315920919179916, 5.511151790618896 ] } },
{ "type": "Feature", "properties": { "particle": 1117, "seed_idx": 55, "valid": true, "snap_water": false, "snap_m": 0.0 }, "geometry": { "type": "Point", "coordinates": [ -0.315854907035828, 5.511232376098633 ] } },
{ "type": "Feature", "properties": { "particle": 1118, "seed_idx": 55, "valid": true, "snap_water": false, "snap_m": 0.0 }, "geometry": { "type": "Point", "coordinates": [ -0.316820055246353, 5.510462760925293 ] } },
{ "type": "Feature", "properties": { "particle": 1119, "seed_idx": 55, "valid": true, "snap_water": false, "snap_m": 0.0 }, "geometry": { "type": "Point", "coordinates": [ -0.317872047424316, 5.510731220245361 ] } },
{ "type": "Feature", "properties": { "particle": 1120, "seed_idx": 56, "valid": true, "snap_water": false, "snap_m": 0.0 }, "geometry": { "type": "Point", "coordinates": [ -0.316442966461182, 5.510772705078125 ] } },
{ "type": "Feature", "properties": { "particle": 1121, "seed_idx": 56, "valid": true, "snap_water": true, "snap_m": 68.132248 }, "geometry": { "type": "Point", "coordinates": [ -0.316000014543533, 5.511000156402588 ] } },
{ "type": "Feature", "properties": { "particle": 1122, "seed_idx": 56, "valid": true, "snap_water": false, "snap_m": 0.0 }, "geometry": { "type": "Point", "coordinates": [ -0.317547559738159, 5.510787963867188 ] } },
{ "type": "Feature", "properties": { "particle": 1123, "seed_idx": 56, "valid": true, "snap_water": false, "snap_m": 0.0 }, "geometry": { "type": "Point", "coordinates": [ -0.314711391925812, 5.510612964630127 ] } },
{ "type": "Feature", "properties": { "particle": 1124, "seed_idx": 56, "valid": true, "snap_water": false, "snap_m": 0.0 }, "geometry": { "type": "Point", "coordinates": [ -0.316041707992554, 5.510688781738281 ] } },
{ "type": "Feature", "properties": { "particle": 1125, "seed_idx": 56, "valid": true, "snap_water": false, "snap_m": 0.0 }, "geometry": { "type": "Point", "coordinates": [ -0.315883845090866, 5.511346340179443 ] } },
{ "type": "Feature", "properties": { "particle": 1126, "seed_idx": 56, "valid": true, "snap_water": false, "snap_m": 0.0 }, "geometry": { "type": "Point", "coordinates": [ -0.315919190645218, 5.511188983917236 ] } },
{ "type": "Feature", "properties": { "particle": 1127, "seed_idx": 56, "valid": true, "snap_water": false, "snap_m": 0.0 }, "geometry": { "type": "Point", "coordinates": [ -0.318169951438904, 5.510615825653076 ] } },
{ "type": "Feature", "properties": { "particle": 1128, "seed_idx": 56, "valid": true, "snap_water": false, "snap_m": 0.0 }, "geometry": { "type": "Point", "coordinates": [ -0.315966665744781, 5.510688304901123 ] } },
{ "type": "Feature", "properties": { "particle": 1129, "seed_idx": 56, "valid": true, "snap_water": true, "snap_m": 66.664932 }, "geometry": { "type": "Point", "coordinates": [ -0.319000005722046, 5.510000228881836 ] } },
{ "type": "Feature", "properties": { "particle": 1130, "seed_idx": 56, "valid": true, "snap_water": false, "snap_m": 0.0 }, "geometry": { "type": "Point", "coordinates": [ -0.316005557775497, 5.511112213134766 ] } },
{ "type": "Feature", "properties": { "particle": 1131, "seed_idx": 56, "valid": true, "snap_water": false, "snap_m": 0.0 }, "geometry": { "type": "Point", "coordinates": [ -0.315774887800217, 5.511359691619873 ] } },
{ "type": "Feature", "properties": { "particle": 1132, "seed_idx": 56, "valid": true, "snap_water": false, "snap_m": 0.0 }, "geometry": { "type": "Point", "coordinates": [ -0.315984487533569, 5.511265754699707 ] } },
{ "type": "Feature", "properties": { "particle": 1133, "seed_idx": 56, "valid": true, "snap_water": false, "snap_m": 0.0 }, "geometry": { "type": "Point", "coordinates": [ -0.31882581114769, 5.510485649108887 ] } },
{ "type": "Feature", "properties": { "particle": 1134, "seed_idx": 56, "valid": true, "snap_water": false, "snap_m": 0.0 }, "geometry": { "type": "Point", "coordinates": [ -0.31735560297966, 5.510615348815918 ] } },
{ "type": "Feature", "properties": { "particle": 1135, "seed_idx": 56, "valid": true, "snap_water": false, "snap_m": 0.0 }, "geometry": { "type": "Point", "coordinates": [ -0.317042976617813, 5.51058292388916 ] } },
{ "type": "Feature", "properties": { "particle": 1136, "seed_idx": 56, "valid": true, "snap_water": false, "snap_m": 0.0 }, "geometry": { "type": "Point", "coordinates": [ -0.316648215055466, 5.510562419891357 ] } },
{ "type": "Feature", "properties": { "particle": 1137, "seed_idx": 56, "valid": true, "snap_water": false, "snap_m": 0.0 }, "geometry": { "type": "Point", "coordinates": [ -0.318927645683289, 5.510045051574707 ] } },
{ "type": "Feature", "properties": { "particle": 1138, "seed_idx": 56, "valid": true, "snap_water": false, "snap_m": 0.0 }, "geometry": { "type": "Point", "coordinates": [ -0.316634118556976, 5.510672092437744 ] } },
{ "type": "Feature", "properties": { "particle": 1139, "seed_idx": 56, "valid": true, "snap_water": false, "snap_m": 0.0 }, "geometry": { "type": "Point", "coordinates": [ -0.315926998853683, 5.510665893554688 ] } },
{ "type": "Feature", "properties": { "particle": 1140, "seed_idx": 57, "valid": true, "snap_water": false, "snap_m": 0.0 }, "geometry": { "type": "Point", "coordinates": [ -0.315953999757767, 5.510671138763428 ] } },
{ "type": "Feature", "properties": { "particle": 1141, "seed_idx": 57, "valid": true, "snap_water": false, "snap_m": 0.0 }, "geometry": { "type": "Point", "coordinates": [ -0.316541790962219, 5.510714530944824 ] } },
{ "type": "Feature", "properties": { "particle": 1142, "seed_idx": 57, "valid": true, "snap_water": true, "snap_m": 56.668968 }, "geometry": { "type": "Point", "coordinates": [ -0.319000005722046, 5.510000228881836 ] } },
{ "type": "Feature", "properties": { "particle": 1143, "seed_idx": 57, "valid": true, "snap_water": false, "snap_m": 0.0 }, "geometry": { "type": "Point", "coordinates": [ -0.317076116800308, 5.510729312896729 ] } },
{ "type": "Feature", "properties": { "particle": 1144, "seed_idx": 57, "valid": true, "snap_water": false, "snap_m": 0.0 }, "geometry": { "type": "Point", "coordinates": [ -0.319080531597137, 5.509782791137695 ] } },
{ "type": "Feature", "properties": { "particle": 1145, "seed_idx": 57, "valid": true, "snap_water": false, "snap_m": 0.0 }, "geometry": { "type": "Point", "coordinates": [ -0.318792253732681, 5.510372161865234 ] } },
{ "type": "Feature", "properties": { "particle": 1146, "seed_idx": 57, "valid": true, "snap_water": false, "snap_m": 0.0 }, "geometry": { "type": "Point", "coordinates": [ -0.317316591739655, 5.510735034942627 ] } },
{ "type": "Feature", "properties": { "particle": 1147, "seed_idx": 57, "valid": true, "snap_water": false, "snap_m": 0.0 }, "geometry": { "type": "Point", "coordinates": [ -0.31793001294136, 5.510783672332764 ] } },
{ "type": "Feature", "properties": { "particle": 1148, "seed_idx": 57, "valid": true, "snap_water": false, "snap_m": 0.0 }, "geometry": { "type": "Point", "coordinates": [ -0.317000955343246, 5.510780811309814 ] } },
{ "type": "Feature", "properties": { "particle": 1149, "seed_idx": 57, "valid": true, "snap_water": false, "snap_m": 0.0 }, "geometry": { "type": "Point", "coordinates": [ -0.319062530994415, 5.510306358337402 ] } },
{ "type": "Feature", "properties": { "particle": 1150, "seed_idx": 57, "valid": true, "snap_water": false, "snap_m": 0.0 }, "geometry": { "type": "Point", "coordinates": [ -0.316379547119141, 5.510777473449707 ] } },
{ "type": "Feature", "properties": { "particle": 1151, "seed_idx": 57, "valid": true, "snap_water": true, "snap_m": 71.71228 }, "geometry": { "type": "Point", "coordinates": [ -0.319000005722046, 5.510000228881836 ] } },
{ "type": "Feature", "properties": { "particle": 1152, "seed_idx": 57, "valid": true, "snap_water": false, "snap_m": 0.0 }, "geometry": { "type": "Point", "coordinates": [ -0.31902801990509, 5.510256767272949 ] } },
{ "type": "Feature", "properties": { "particle": 1153, "seed_idx": 57, "valid": true, "snap_water": false, "snap_m": 0.0 }, "geometry": { "type": "Point", "coordinates": [ -0.317364454269409, 5.510661602020264 ] } },
{ "type": "Feature", "properties": { "particle": 1154, "seed_idx": 57, "valid": true, "snap_water": false, "snap_m": 0.0 }, "geometry": { "type": "Point", "coordinates": [ -0.315994679927826, 5.510609149932861 ] } },
{ "type": "Feature", "properties": { "particle": 1155, "seed_idx": 57, "valid": true, "snap_water": false, "snap_m": 0.0 }, "geometry": { "type": "Point", "coordinates": [ -0.31836786866188, 5.510679244995117 ] } },
{ "type": "Feature", "properties": { "particle": 1156, "seed_idx": 57, "valid": true, "snap_water": false, "snap_m": 0.0 }, "geometry": { "type": "Point", "coordinates": [ -0.316775441169739, 5.510777473449707 ] } },
{ "type": "Feature", "properties": { "particle": 1157, "seed_idx": 57, "valid": true, "snap_water": true, "snap_m": 69.390839 }, "geometry": { "type": "Point", "coordinates": [ -0.317999988794327, 5.511000156402588 ] } },
{ "type": "Feature", "properties": { "particle": 1158, "seed_idx": 57, "valid": true, "snap_water": false, "snap_m": 0.0 }, "geometry": { "type": "Point", "coordinates": [ -0.317290335893631, 5.51066780090332 ] } },
{ "type": "Feature", "properties": { "particle": 1159, "seed_idx": 57, "valid": true, "snap_water": true, "snap_m": 66.218796 }, "geometry": { "type": "Point", "coordinates": [ -0.317999988794327, 5.511000156402588 ] } },
{ "type": "Feature", "properties": { "particle": 1160, "seed_idx": 58, "valid": true, "snap_water": false, "snap_m": 0.0 }, "geometry": { "type": "Point", "coordinates": [ -0.318296790122986, 5.510673046112061 ] } },
{ "type": "Feature", "properties": { "particle": 1161, "seed_idx": 58, "valid": true, "snap_water": false, "snap_m": 0.0 }, "geometry": { "type": "Point", "coordinates": [ -0.317489475011826, 5.510706901550293 ] } },
{ "type": "Feature", "properties": { "particle": 1162, "seed_idx": 58, "valid": true, "snap_water": false, "snap_m": 0.0 }, "geometry": { "type": "Point", "coordinates": [ -0.317338079214096, 5.510756492614746 ] } },
{ "type": "Feature", "properties": { "particle": 1163, "seed_idx": 58, "valid": true, "snap_water": false, "snap_m": 0.0 }, "geometry": { "type": "Point", "coordinates": [ -0.319732308387756, 5.509721755981445 ] } },
{ "type": "Feature", "properties": { "particle": 1164, "seed_idx": 58, "valid": true, "snap_water": false, "snap_m": 0.0 }, "geometry": { "type": "Point", "coordinates": [ -0.318181902170181, 5.510553359985352 ] } },
{ "type": "Feature", "properties": { "particle": 1165, "seed_idx": 58, "valid": true, "snap_water": false, "snap_m": 0.0 }, "geometry": { "type": "Point", "coordinates": [ -0.319062799215317, 5.510173797607422 ] } },
{ "type": "Feature", "properties": { "particle": 1166, "seed_idx": 58, "valid": true, "snap_water": false, "snap_m": 0.0 }, "geometry": { "type": "Point", "coordinates": [ -0.32213032245636, 5.509707927703857 ] } },
{ "type": "Feature", "properties": { "particle": 1167, "seed_idx": 58, "valid": true, "snap_water": false, "snap_m": 0.0 }, "geometry": { "type": "Point", "coordinates": [ -0.31832829117775, 5.510579109191895 ] } },
{ "type": "Feature", "properties": { "particle": 1168, "seed_idx": 58, "valid": true, "snap_water": false, "snap_m": 0.0 }, "geometry": { "type": "Point", "coordinates": [ -0.317513048648834, 5.5106520652771 ] } },
{ "type": "Feature", "properties": { "particle": 1169, "seed_idx": 58, "valid": true, "snap_water": true, "snap_m": 73.81192 }, "geometry": { "type": "Point", "coordinates": [ -0.317999988794327, 5.511000156402588 ] } },
{ "type": "Feature", "properties": { "particle": 1170, "seed_idx": 58, "valid": true, "snap_water": true, "snap_m": 75.268303 }, "geometry": { "type": "Point", "coordinates": [ -0.319000005722046, 5.510000228881836 ] } },
{ "type": "Feature", "properties": { "particle": 1171, "seed_idx": 58, "valid": true, "snap_water": false, "snap_m": 0.0 }, "geometry": { "type": "Point", "coordinates": [ -0.318129539489746, 5.510717868804932 ] } },
{ "type": "Feature", "properties": { "particle": 1172, "seed_idx": 58, "valid": true, "snap_water": false, "snap_m": 0.0 }, "geometry": { "type": "Point", "coordinates": [ -0.319069445133209, 5.509744644165039 ] } },
{ "type": "Feature", "properties": { "particle": 1173, "seed_idx": 58, "valid": true, "snap_water": false, "snap_m": 0.0 }, "geometry": { "type": "Point", "coordinates": [ -0.318795621395111, 5.510194301605225 ] } },
{ "type": "Feature", "properties": { "particle": 1174, "seed_idx": 58, "valid": true, "snap_water": false, "snap_m": 0.0 }, "geometry": { "type": "Point", "coordinates": [ -0.317663997411728, 5.510667324066162 ] } },
{ "type": "Feature", "properties": { "particle": 1175, "seed_idx": 58, "valid": true, "snap_water": false, "snap_m": 0.0 }, "geometry": { "type": "Point", "coordinates": [ -0.318057388067245, 5.510551929473877 ] } },
{ "type": "Feature", "properties": { "particle": 1176, "seed_idx": 58, "valid": true, "snap_water": false, "snap_m": 0.0 }, "geometry": { "type": "Point", "coordinates": [ -0.318995028734207, 5.510269165039062 ] } },
{ "type": "Feature", "properties": { "particle": 1177, "seed_idx": 58, "valid": true, "snap_water": false, "snap_m": 0.0 }, "geometry": { "type": "Point", "coordinates": [ -0.318155825138092, 5.51075553894043 ] } },
{ "type": "Feature", "properties": { "particle": 1178, "seed_idx": 58, "valid": true, "snap_water": true, "snap_m": 83.694458 }, "geometry": { "type": "Point", "coordinates": [ -0.317999988794327, 5.511000156402588 ] } },
{ "type": "Feature", "properties": { "particle": 1179, "seed_idx": 58, "valid": true, "snap_water": false, "snap_m": 0.0 }, "geometry": { "type": "Point", "coordinates": [ -0.317901104688644, 5.510785102844238 ] } },
{ "type": "Feature", "properties": { "particle": 1180, "seed_idx": 59, "valid": true, "snap_water": false, "snap_m": 0.0 }, "geometry": { "type": "Point", "coordinates": [ -0.317501902580261, 5.510748386383057 ] } },
{ "type": "Feature", "properties": { "particle": 1181, "seed_idx": 59, "valid": true, "snap_water": true, "snap_m": 75.383453 }, "geometry": { "type": "Point", "coordinates": [ -0.319000005722046, 5.510000228881836 ] } },
{ "type": "Feature", "properties": { "particle": 1182, "seed_idx": 59, "valid": true, "snap_water": false, "snap_m": 0.0 }, "geometry": { "type": "Point", "coordinates": [ -0.318850874900818, 5.509870529174805 ] } },
{ "type": "Feature", "properties": { "particle": 1183, "seed_idx": 59, "valid": true, "snap_water": false, "snap_m": 0.0 }, "geometry": { "type": "Point", "coordinates": [ -0.318843126296997, 5.510465145111084 ] } },
{ "type": "Feature", "properties": { "particle": 1184, "seed_idx": 59, "valid": true, "snap_water": false, "snap_m": 0.0 }, "geometry": { "type": "Point", "coordinates": [ -0.318021595478058, 5.510673522949219 ] } },
{ "type": "Feature", "properties": { "particle": 1185, "seed_idx": 59, "valid": true, "snap_water": true, "snap_m": 78.505287 }, "geometry": { "type": "Point", "coordinates": [ -0.319000005722046, 5.510000228881836 ] } },
{ "type": "Feature", "properties": { "particle": 1186, "seed_idx": 59, "valid": true, "snap_water": false, "snap_m": 0.0 }, "geometry": { "type": "Point", "coordinates": [ -0.317460864782333, 5.510676860809326 ] } },
{ "type": "Feature", "properties": { "particle": 1187, "seed_idx": 59, "valid": true, "snap_water": true, "snap_m": 70.189316 }, "geometry": { "type": "Point", "coordinates": [ -0.319000005722046, 5.510000228881836 ] } },
{ "type": "Feature", "properties": { "particle": 1188, "seed_idx": 59, "valid": true, "snap_water": false, "snap_m": 0.0 }, "geometry": { "type": "Point", "coordinates": [ -0.319407492876053, 5.509642601013184 ] } },
{ "type": "Feature", "properties": { "particle": 1189, "seed_idx": 59, "valid": true, "snap_water": false, "snap_m": 0.0 }, "geometry": { "type": "Point", "coordinates": [ -0.318929970264435, 5.510202407836914 ] } },
{ "type": "Feature", "properties": { "particle": 1190, "seed_idx": 59, "valid": true, "snap_water": true, "snap_m": 78.526108 }, "geometry": { "type": "Point", "coordinates": [ -0.319000005722046, 5.510000228881836 ] } },
{ "type": "Feature", "properties": { "particle": 1191, "seed_idx": 59, "valid": true, "snap_water": false, "snap_m": 0.0 }, "geometry": { "type": "Point", "coordinates": [ -0.318110674619675, 5.510688781738281 ] } },
{ "type": "Feature", "properties": { "particle": 1192, "seed_idx": 59, "valid": true, "snap_water": false, "snap_m": 0.0 }, "geometry": { "type": "Point", "coordinates": [ -0.318306505680084, 5.510568618774414 ] } },
{ "type": "Feature", "properties": { "particle": 1193, "seed_idx": 59, "valid": true, "snap_water": false, "snap_m": 0.0 }, "geometry": { "type": "Point", "coordinates": [ -0.317861884832382, 5.51067590713501 ] } },
{ "type": "Feature", "properties": { "particle": 1194, "seed_idx": 59, "valid": true, "snap_water": false, "snap_m": 0.0 }, "geometry": { "type": "Point", "coordinates": [ -0.318827331066132, 5.510250568389893 ] } },
{ "type": "Feature", "properties": { "particle": 1195, "seed_idx": 59, "valid": true, "snap_water": true, "snap_m": 77.100616 }, "geometry": { "type": "Point", "coordinates": [ -0.319000005722046, 5.510000228881836 ] } },
{ "type": "Feature", "properties": { "particle": 1196, "seed_idx": 59, "valid": true, "snap_water": true, "snap_m": 59.455578 }, "geometry": { "type": "Point", "coordinates": [ -0.319000005722046, 5.510000228881836 ] } },
{ "type": "Feature", "properties": { "particle": 1197, "seed_idx": 59, "valid": true, "snap_water": false, "snap_m": 0.0 }, "geometry": { "type": "Point", "coordinates": [ -0.318752974271774, 5.509788036346436 ] } },
{ "type": "Feature", "properties": { "particle": 1198, "seed_idx": 59, "valid": true, "snap_water": false, "snap_m": 0.0 }, "geometry": { "type": "Point", "coordinates": [ -0.318855285644531, 5.510032176971436 ] } },
{ "type": "Feature", "properties": { "particle": 1199, "seed_idx": 59, "valid": true, "snap_water": false, "snap_m": 0.0 }, "geometry": { "type": "Point", "coordinates": [ -0.317797958850861, 5.510589599609375 ] } },
{ "type": "Feature", "properties": { "particle": 1200, "seed_idx": 60, "valid": true, "snap_water": false, "snap_m": 0.0 }, "geometry": { "type": "Point", "coordinates": [ -0.321790039539337, 5.510271072387695 ] } },
{ "type": "Feature", "properties": { "particle": 1201, "seed_idx": 60, "valid": true, "snap_water": false, "snap_m": 0.0 }, "geometry": { "type": "Point", "coordinates": [ -0.319012671709061, 5.510168552398682 ] } },
{ "type": "Feature", "properties": { "particle": 1202, "seed_idx": 60, "valid": true, "snap_water": false, "snap_m": 0.0 }, "geometry": { "type": "Point", "coordinates": [ -0.318959891796112, 5.510432720184326 ] } },
{ "type": "Feature", "properties": { "particle": 1203, "seed_idx": 60, "valid": true, "snap_water": false, "snap_m": 0.0 }, "geometry": { "type": "Point", "coordinates": [ -0.318201154470444, 5.510591506958008 ] } },
{ "type": "Feature", "properties": { "particle": 1204, "seed_idx": 60, "valid": true, "snap_water": true, "snap_m": 80.746315 }, "geometry": { "type": "Point", "coordinates": [ -0.319000005722046, 5.510000228881836 ] } },
{ "type": "Feature", "properties": { "particle": 1205, "seed_idx": 60, "valid": true, "snap_water": false, "snap_m": 0.0 }, "geometry": { "type": "Point", "coordinates": [ -0.319657742977142, 5.509782314300537 ] } },
{ "type": "Feature", "properties": { "particle": 1206, "seed_idx": 60, "valid": true, "snap_water": true, "snap_m": 61.268848 }, "geometry": { "type": "Point", "coordinates": [ -0.319000005722046, 5.510000228881836 ] } },
{ "type": "Feature", "properties": { "particle": 1207, "seed_idx": 60, "valid": true, "snap_water": false, "snap_m": 0.0 }, "geometry": { "type": "Point", "coordinates": [ -0.318385273218155, 5.510576248168945 ] } },
{ "type": "Feature", "properties": { "particle": 1208, "seed_idx": 60, "valid": true, "snap_water": false, "snap_m": 0.0 }, "geometry": { "type": "Point", "coordinates": [ -0.319969713687897, 5.509664535522461 ] } },
{ "type": "Feature", "properties": { "particle": 1209, "seed_idx": 60, "valid": true, "snap_water": false, "snap_m": 0.0 }, "geometry": { "type": "Point", "coordinates": [ -0.31717923283577, 5.507067203521729 ] } },
{ "type": "Feature", "properties": { "particle": 1210, "seed_idx": 60, "valid": true, "snap_water": false, "snap_m": 0.0 }, "geometry": { "type": "Point", "coordinates": [ -0.319874465465546, 5.509703636169434 ] } },
{ "type": "Feature", "properties": { "particle": 1211, "seed_idx": 60, "valid": true, "snap_water": false, "snap_m": 0.0 }, "geometry": { "type": "Point", "coordinates": [ -0.318031698465347, 5.510715961456299 ] } },
{ "type": "Feature", "properties": { "particle": 1212, "seed_idx": 60, "valid": true, "snap_water": false, "snap_m": 0.0 }, "geometry": { "type": "Point", "coordinates": [ -0.318852961063385, 5.510017871856689 ] } },
{ "type": "Feature", "properties": { "particle": 1213, "seed_idx": 60, "valid": true, "snap_water": false, "snap_m": 0.0 }, "geometry": { "type": "Point", "coordinates": [ -0.321939080953598, 5.510402679443359 ] } },
{ "type": "Feature", "properties": { "particle": 1214, "seed_idx": 60, "valid": true, "snap_water": true, "snap_m": 62.506817 }, "geometry": { "type": "Point", "coordinates": [ -0.312999993562698, 5.505000114440918 ] } },
{ "type": "Feature", "properties": { "particle": 1215, "seed_idx": 60, "valid": true, "snap_water": false, "snap_m": 0.0 }, "geometry": { "type": "Point", "coordinates": [ -0.318904608488083, 5.510367393493652 ] } },
{ "type": "Feature", "properties": { "particle": 1216, "seed_idx": 60, "valid": true, "snap_water": true, "snap_m": 84.277115 }, "geometry": { "type": "Point", "coordinates": [ -0.319000005722046, 5.510000228881836 ] } },
{ "type": "Feature", "properties": { "particle": 1217, "seed_idx": 60, "valid": true, "snap_water": true, "snap_m": 78.054832 }, "geometry": { "type": "Point", "coordinates": [ -0.317999988794327, 5.511000156402588 ] } },
{ "type": "Feature", "properties": { "particle": 1218, "seed_idx": 60, "valid": true, "snap_water": true, "snap_m": 71.735695 }, "geometry": { "type": "Point", "coordinates": [ -0.317999988794327, 5.511000156402588 ] } },
{ "type": "Feature", "properties": { "particle": 1219, "seed_idx": 60, "valid": true, "snap_water": false, "snap_m": 0.0 }, "geometry": { "type": "Point", "coordinates": [ -0.318855732679367, 5.510291576385498 ] } },
{ "type": "Feature", "properties": { "particle": 1220, "seed_idx": 61, "valid": true, "snap_water": false, "snap_m": 0.0 }, "geometry": { "type": "Point", "coordinates": [ -0.321875095367432, 5.509840488433838 ] } },
{ "type": "Feature", "properties": { "particle": 1221, "seed_idx": 61, "valid": true, "snap_water": true, "snap_m": 72.795898 }, "geometry": { "type": "Point", "coordinates": [ -0.321999996900558, 5.510000228881836 ] } },
{ "type": "Feature", "properties": { "particle": 1222, "seed_idx": 61, "valid": true, "snap_water": false, "snap_m": 0.0 }, "geometry": { "type": "Point", "coordinates": [ -0.322730511426926, 5.509437084197998 ] } },
{ "type": "Feature", "properties": { "particle": 1223, "seed_idx": 61, "valid": true, "snap_water": false, "snap_m": 0.0 }, "geometry": { "type": "Point", "coordinates": [ -0.322792738676071, 5.509268283843994 ] } },
{ "type": "Feature", "properties": { "particle": 1224, "seed_idx": 61, "valid": true, "snap_water": false, "snap_m": 0.0 }, "geometry": { "type": "Point", "coordinates": [ -0.323033481836319, 5.509018898010254 ] } },
{ "type": "Feature", "properties": { "particle": 1225, "seed_idx": 61, "valid": true, "snap_water": false, "snap_m": 0.0 }, "geometry": { "type": "Point", "coordinates": [ -0.321917831897736, 5.510102272033691 ] } },
{ "type": "Feature", "properties": { "particle": 1226, "seed_idx": 61, "valid": true, "snap_water": false, "snap_m": 0.0 }, "geometry": { "type": "Point", "coordinates": [ -0.321952849626541, 5.51018762588501 ] } },
{ "type": "Feature", "properties": { "particle": 1227, "seed_idx": 61, "valid": true, "snap_water": false, "snap_m": 0.0 }, "geometry": { "type": "Point", "coordinates": [ -0.313088208436966, 5.504807949066162 ] } },
{ "type": "Feature", "properties": { "particle": 1228, "seed_idx": 61, "valid": true, "snap_water": false, "snap_m": 0.0 }, "geometry": { "type": "Point", "coordinates": [ -0.321871817111969, 5.509644508361816 ] } },
{ "type": "Feature", "properties": { "particle": 1229, "seed_idx": 61, "valid": true, "snap_water": false, "snap_m": 0.0 }, "geometry": { "type": "Point", "coordinates": [ -0.317343473434448, 5.506710529327393 ] } },
{ "type": "Feature", "properties": { "particle": 1230, "seed_idx": 61, "valid": true, "snap_water": false, "snap_m": 0.0 }, "geometry": { "type": "Point", "coordinates": [ -0.322842627763748, 5.508654594421387 ] } },
{ "type": "Feature", "properties": { "particle": 1231, "seed_idx": 61, "valid": true, "snap_water": false, "snap_m": 0.0 }, "geometry": { "type": "Point", "coordinates": [ -0.321882545948029, 5.509688377380371 ] } },
{ "type": "Feature", "properties": { "particle": 1232, "seed_idx": 61, "valid": true, "snap_water": false, "snap_m": 0.0 }, "geometry": { "type": "Point", "coordinates": [ -0.313499182462692, 5.504622459411621 ] } },
{ "type": "Feature", "properties": { "particle": 1233, "seed_idx": 61, "valid": true, "snap_water": false, "snap_m": 0.0 }, "geometry": { "type": "Point", "coordinates": [ -0.313181519508362, 5.504705429077148 ] } },
{ "type": "Feature", "properties": { "particle": 1234, "seed_idx": 61, "valid": true, "snap_water": false, "snap_m": 0.0 }, "geometry": { "type": "Point", "coordinates": [ -0.321951419115067, 5.51017427444458 ] } },
{ "type": "Feature", "properties": { "particle": 1235, "seed_idx": 61, "valid": true, "snap_water": true, "snap_m": 64.673813 }, "geometry": { "type": "Point", "coordinates": [ -0.321999996900558, 5.510000228881836 ] } },
{ "type": "Feature", "properties": { "particle": 1236, "seed_idx": 61, "valid": true, "snap_water": false, "snap_m": 0.0 }, "geometry": { "type": "Point", "coordinates": [ -0.321813374757767, 5.510190963745117 ] } },
{ "type": "Feature", "properties": { "particle": 1237, "seed_idx": 61, "valid": true, "snap_water": false, "snap_m": 0.0 }, "geometry": { "type": "Point", "coordinates": [ -0.313471376895905, 5.504684925079346 ] } },
{ "type": "Feature", "properties": { "particle": 1238, "seed_idx": 61, "valid": true, "snap_water": false, "snap_m": 0.0 }, "geometry": { "type": "Point", "coordinates": [ -0.322575002908707, 5.509292125701904 ] } },
{ "type": "Feature", "properties": { "particle": 1239, "seed_idx": 61, "valid": true, "snap_water": false, "snap_m": 0.0 }, "geometry": { "type": "Point", "coordinates": [ -0.322906821966171, 5.509316444396973 ] } },
{ "type": "Feature", "properties": { "particle": 1240, "seed_idx": 62, "valid": true, "snap_water": false, "snap_m": 0.0 }, "geometry": { "type": "Point", "coordinates": [ -0.322313576936722, 5.509760856628418 ] } },
{ "type": "Feature", "properties": { "particle": 1241, "seed_idx": 62, "valid": true, "snap_water": false, "snap_m": 0.0 }, "geometry": { "type": "Point", "coordinates": [ -0.313051164150238, 5.505233764648438 ] } },
{ "type": "Feature", "properties": { "particle": 1242, "seed_idx": 62, "valid": true, "snap_water": false, "snap_m": 0.0 }, "geometry": { "type": "Point", "coordinates": [ -0.322361141443253, 5.509760856628418 ] } },
{ "type": "Feature", "properties": { "particle": 1243, "seed_idx": 62, "valid": true, "snap_water": false, "snap_m": 0.0 }, "geometry": { "type": "Point", "coordinates": [ -0.313633531332016, 5.504448413848877 ] } },
{ "type": "Feature", "properties": { "particle": 1244, "seed_idx": 62, "valid": true, "snap_water": false, "snap_m": 0.0 }, "geometry": { "type": "Point", "coordinates": [ -0.321988552808762, 5.510184764862061 ] } },
{ "type": "Feature", "properties": { "particle": 1245, "seed_idx": 62, "valid": true, "snap_water": false, "snap_m": 0.0 }, "geometry": { "type": "Point", "coordinates": [ -0.322446823120117, 5.509725570678711 ] } },
{ "type": "Feature", "properties": { "particle": 1246, "seed_idx": 62, "valid": true, "snap_water": true, "snap_m": 76.555847 }, "geometry": { "type": "Point", "coordinates": [ -0.323000013828278, 5.508999824523926 ] } },
{ "type": "Feature", "properties": { "particle": 1247, "seed_idx": 62, "valid": true, "snap_water": false, "snap_m": 0.0 }, "geometry": { "type": "Point", "coordinates": [ -0.312992662191391, 5.50516939163208 ] } },
{ "type": "Feature", "properties": { "particle": 1248, "seed_idx": 62, "valid": true, "snap_water": false, "snap_m": 0.0 }, "geometry": { "type": "Point", "coordinates": [ -0.321745663881302, 5.50979471206665 ] } },
{ "type": "Feature", "properties": { "particle": 1249, "seed_idx": 62, "valid": true, "snap_water": false, "snap_m": 0.0 }, "geometry": { "type": "Point", "coordinates": [ -0.312986999750137, 5.504698276519775 ] } },
{ "type": "Feature", "properties": { "particle": 1250, "seed_idx": 62, "valid": true, "snap_water": true, "snap_m": 55.378422 }, "geometry": { "type": "Point", "coordinates": [ -0.312999993562698, 5.505000114440918 ] } },
{ "type": "Feature", "properties": { "particle": 1251, "seed_idx": 62, "valid": true, "snap_water": false, "snap_m": 0.0 }, "geometry": { "type": "Point", "coordinates": [ -0.313078790903091, 5.505431175231934 ] } },
{ "type": "Feature", "properties": { "particle": 1252, "seed_idx": 62, "valid": true, "snap_water": false, "snap_m": 0.0 }, "geometry": { "type": "Point", "coordinates": [ -0.313006818294525, 5.505002498626709 ] } },
{ "type": "Feature", "properties": { "particle": 1253, "seed_idx": 62, "valid": true, "snap_water": false, "snap_m": 0.0 }, "geometry": { "type": "Point", "coordinates": [ -0.312850385904312, 5.505283832550049 ] } },
{ "type": "Feature", "properties": { "particle": 1254, "seed_idx": 62, "valid": true, "snap_water": false, "snap_m": 0.0 }, "geometry": { "type": "Point", "coordinates": [ -0.313075333833694, 5.505481243133545 ] } },
{ "type": "Feature", "properties": { "particle": 1255, "seed_idx": 62, "valid": true, "snap_water": true, "snap_m": 58.221443 }, "geometry": { "type": "Point", "coordinates": [ -0.312999993562698, 5.505000114440918 ] } },
{ "type": "Feature", "properties": { "particle": 1256, "seed_idx": 62, "valid": true, "snap_water": false, "snap_m": 0.0 }, "geometry": { "type": "Point", "coordinates": [ -0.31707838177681, 5.506022930145264 ] } },
{ "type": "Feature", "properties": { "particle": 1257, "seed_idx": 62, "valid": true, "snap_water": false, "snap_m": 0.0 }, "geometry": { "type": "Point", "coordinates": [ -0.312808692455292, 5.504885196685791 ] } },
{ "type": "Feature", "properties": { "particle": 1258, "seed_idx": 62, "valid": true, "snap_water": false, "snap_m": 0.0 }, "geometry": { "type": "Point", "coordinates": [ -0.313217759132385, 5.504730224609375 ] } },
{ "type": "Feature", "properties": { "particle": 1259, "seed_idx": 62, "valid": true, "snap_water": false, "snap_m": 0.0 }, "geometry": { "type": "Point", "coordinates": [ -0.313179939985275, 5.504679679870605 ] } },
{ "type": "Feature", "properties": { "particle": 1260, "seed_idx": 63, "valid": true, "snap_water": false, "snap_m": 0.0 }, "geometry": { "type": "Point", "coordinates": [ -0.312791794538498, 5.504925727844238 ] } },
{ "type": "Feature", "properties": { "particle": 1261, "seed_idx": 63, "valid": true, "snap_water": false, "snap_m": 0.0 }, "geometry": { "type": "Point", "coordinates": [ -0.31293648481369, 5.505270957946777 ] } },
{ "type": "Feature", "properties": { "particle": 1262, "seed_idx": 63, "valid": true, "snap_water": false, "snap_m": 0.0 }, "geometry": { "type": "Point", "coordinates": [ -0.313048869371414, 5.505281448364258 ] } },
{ "type": "Feature", "properties": { "particle": 1263, "seed_idx": 63, "valid": true, "snap_water": false, "snap_m": 0.0 }, "geometry": { "type": "Point", "coordinates": [ -0.313032746315002, 5.505274295806885 ] } },
{ "type": "Feature", "properties": { "particle": 1264, "seed_idx": 63, "valid": true, "snap_water": false, "snap_m": 0.0 }, "geometry": { "type": "Point", "coordinates": [ -0.321839690208435, 5.509847164154053 ] } },
{ "type": "Feature", "properties": { "particle": 1265, "seed_idx": 63, "valid": true, "snap_water": false, "snap_m": 0.0 }, "geometry": { "type": "Point", "coordinates": [ -0.312997311353683, 5.505144596099854 ] } },
{ "type": "Feature", "properties": { "particle": 1266, "seed_idx": 63, "valid": true, "snap_water": false, "snap_m": 0.0 }, "geometry": { "type": "Point", "coordinates": [ -0.320437520742416, 5.508867740631104 ] } },
{ "type": "Feature", "properties": { "particle": 1267, "seed_idx": 63, "valid": true, "snap_water": false, "snap_m": 0.0 }, "geometry": { "type": "Point", "coordinates": [ -0.313075572252274, 5.505174160003662 ] } },
{ "type": "Feature", "properties": { "particle": 1268, "seed_idx": 63, "valid": true, "snap_water": false, "snap_m": 0.0 }, "geometry": { "type": "Point", "coordinates": [ -0.320222020149231, 5.509233951568604 ] } },
{ "type": "Feature", "properties": { "particle": 1269, "seed_idx": 63, "valid": true, "snap_water": false, "snap_m": 0.0 }, "geometry": { "type": "Point", "coordinates": [ -0.31308177113533, 5.50511360168457 ] } },
{ "type": "Feature", "properties": { "particle": 1270, "seed_idx": 63, "valid": true, "snap_water": false, "snap_m": 0.0 }, "geometry": { "type": "Point", "coordinates": [ -0.313037812709808, 5.505325317382812 ] } },
{ "type": "Feature", "properties": { "particle": 1271, "seed_idx": 63, "valid": true, "snap_water": false, "snap_m": 0.0 }, "geometry": { "type": "Point", "coordinates": [ -0.312798857688904, 5.50478982925415 ] } },
{ "type": "Feature", "properties": { "particle": 1272, "seed_idx": 63, "valid": true, "snap_water": false, "snap_m": 0.0 }, "geometry": { "type": "Point", "coordinates": [ -0.314842492341995, 5.505463123321533 ] } },
{ "type": "Feature", "properties": { "particle": 1273, "seed_idx": 63, "valid": true, "snap_water": false, "snap_m": 0.0 }, "geometry": { "type": "Point", "coordinates": [ -0.321413308382034, 5.509673118591309 ] } },
{ "type": "Feature", "properties": { "particle": 1274, "seed_idx": 63, "valid": true, "snap_water": false, "snap_m": 0.0 }, "geometry": { "type": "Point", "coordinates": [ -0.313014566898346, 5.504746913909912 ] } },
{ "type": "Feature", "properties": { "particle": 1275, "seed_idx": 63, "valid": true, "snap_water": false, "snap_m": 0.0 }, "geometry": { "type": "Point", "coordinates": [ -0.313019841909409, 5.505226135253906 ] } },
{ "type": "Feature", "properties": { "particle": 1276, "seed_idx": 63, "valid": true, "snap_water": false, "snap_m": 0.0 }, "geometry": { "type": "Point", "coordinates": [ -0.312966227531433, 5.505292415618896 ] } },
{ "type": "Feature", "properties": { "particle": 1277, "seed_idx": 63, "valid": true, "snap_water": false, "snap_m": 0.0 }, "geometry": { "type": "Point", "coordinates": [ -0.313002794981003, 5.504709720611572 ] } },
{ "type": "Feature", "properties": { "particle": 1278, "seed_idx": 63, "valid": true, "snap_water": false, "snap_m": 0.0 }, "geometry": { "type": "Point", "coordinates": [ -0.319441467523575, 5.509661674499512 ] } },
{ "type": "Feature", "properties": { "particle": 1279, "seed_idx": 63, "valid": true, "snap_water": false, "snap_m": 0.0 }, "geometry": { "type": "Point", "coordinates": [ -0.321847707033157, 5.510175704956055 ] } },
{ "type": "Feature", "properties": { "particle": 1280, "seed_idx": 64, "valid": true, "snap_water": false, "snap_m": 0.0 }, "geometry": { "type": "Point", "coordinates": [ -0.313079357147217, 5.505314826965332 ] } },
{ "type": "Feature", "properties": { "particle": 1281, "seed_idx": 64, "valid": true, "snap_water": false, "snap_m": 0.0 }, "geometry": { "type": "Point", "coordinates": [ -0.313083708286285, 5.50532865524292 ] } },
{ "type": "Feature", "properties": { "particle": 1282, "seed_idx": 64, "valid": true, "snap_water": false, "snap_m": 0.0 }, "geometry": { "type": "Point", "coordinates": [ -0.32197231054306, 5.510479927062988 ] } },
{ "type": "Feature", "properties": { "particle": 1283, "seed_idx": 64, "valid": true, "snap_water": false, "snap_m": 0.0 }, "geometry": { "type": "Point", "coordinates": [ -0.312814772129059, 5.505045413970947 ] } },
{ "type": "Feature", "properties": { "particle": 1284, "seed_idx": 64, "valid": true, "snap_water": false, "snap_m": 0.0 }, "geometry": { "type": "Point", "coordinates": [ -0.320543855428696, 5.5087571144104 ] } },
{ "type": "Feature", "properties": { "particle": 1285, "seed_idx": 64, "valid": true, "snap_water": false, "snap_m": 0.0 }, "geometry": { "type": "Point", "coordinates": [ -0.316184192895889, 5.50611686706543 ] } },
{ "type": "Feature", "properties": { "particle": 1286, "seed_idx": 64, "valid": true, "snap_water": true, "snap_m": 67.806038 }, "geometry": { "type": "Point", "coordinates": [ -0.316000014543533, 5.505000114440918 ] } },
{ "type": "Feature", "properties": { "particle": 1287, "seed_idx": 64, "valid": true, "snap_water": false, "snap_m": 0.0 }, "geometry": { "type": "Point", "coordinates": [ -0.312984973192215, 5.505003452301025 ] } },
{ "type": "Feature", "properties": { "particle": 1288, "seed_idx": 64, "valid": true, "snap_water": false, "snap_m": 0.0 }, "geometry": { "type": "Point", "coordinates": [ -0.31446784734726, 5.504596710205078 ] } },
{ "type": "Feature", "properties": { "particle": 1289, "seed_idx": 64, "valid": true, "snap_water": false, "snap_m": 0.0 }, "geometry": { "type": "Point", "coordinates": [ -0.312767565250397, 5.505193710327148 ] } },
{ "type": "Feature", "properties": { "particle": 1290, "seed_idx": 64, "valid": true, "snap_water": false, "snap_m": 0.0 }, "geometry": { "type": "Point", "coordinates": [ -0.312911361455917, 5.504687786102295 ] } },
{ "type": "Feature", "properties": { "particle": 1291, "seed_idx": 64, "valid": true, "snap_water": false, "snap_m": 0.0 }, "geometry": { "type": "Point", "coordinates": [ -0.312882125377655, 5.505014419555664 ] } },
{ "type": "Feature", "properties": { "particle": 1292, "seed_idx": 64, "valid": true, "snap_water": false, "snap_m": 0.0 }, "geometry": { "type": "Point", "coordinates": [ -0.312800407409668, 5.50485897064209 ] } },
{ "type": "Feature", "properties": { "particle": 1293, "seed_idx": 64, "valid": true, "snap_water": false, "snap_m": 0.0 }, "geometry": { "type": "Point", "coordinates": [ -0.313545376062393, 5.504747867584229 ] } },
{ "type": "Feature", "properties": { "particle": 1294, "seed_idx": 64, "valid": true, "snap_water": false, "snap_m": 0.0 }, "geometry": { "type": "Point", "coordinates": [ -0.323542386293411, 5.508751392364502 ] } },
{ "type": "Feature", "properties": { "particle": 1295, "seed_idx": 64, "valid": true, "snap_water": false, "snap_m": 0.0 }, "geometry": { "type": "Point", "coordinates": [ -0.31308051943779, 5.504883766174316 ] } },
{ "type": "Feature", "properties": { "particle": 1296, "seed_idx": 64, "valid": true, "snap_water": false, "snap_m": 0.0 }, "geometry": { "type": "Point", "coordinates": [ -0.313419073820114, 5.504790306091309 ] } },
{ "type": "Feature", "properties": { "particle": 1297, "seed_idx": 64, "valid": true, "snap_water": false, "snap_m": 0.0 }, "geometry": { "type": "Point", "coordinates": [ -0.314610630273819, 5.504294872283936 ] } },
{ "type": "Feature", "properties": { "particle": 1298, "seed_idx": 64, "valid": true, "snap_water": false, "snap_m": 0.0 }, "geometry": { "type": "Point", "coordinates": [ -0.312964797019958, 5.504687786102295 ] } },
{ "type": "Feature", "properties": { "particle": 1299, "seed_idx": 64, "valid": true, "snap_water": false, "snap_m": 0.0 }, "geometry": { "type": "Point", "coordinates": [ -0.317018061876297, 5.506768703460693 ] } },
{ "type": "Feature", "properties": { "particle": 1300, "seed_idx": 65, "valid": true, "snap_water": false, "snap_m": 0.0 }, "geometry": { "type": "Point", "coordinates": [ -0.318936049938202, 5.510239124298096 ] } },
{ "type": "Feature", "properties": { "particle": 1301, "seed_idx": 65, "valid": true, "snap_water": false, "snap_m": 0.0 }, "geometry": { "type": "Point", "coordinates": [ -0.31983271241188, 5.509661197662354 ] } },
{ "type": "Feature", "properties": { "particle": 1302, "seed_idx": 65, "valid": true, "snap_water": false, "snap_m": 0.0 }, "geometry": { "type": "Point", "coordinates": [ -0.320034712553024, 5.509790897369385 ] } },
{ "type": "Feature", "properties": { "particle": 1303, "seed_idx": 65, "valid": true, "snap_water": true, "snap_m": 54.769405 }, "geometry": { "type": "Point", "coordinates": [ -0.312999993562698, 5.505000114440918 ] } },
{ "type": "Feature", "properties": { "particle": 1304, "seed_idx": 65, "valid": true, "snap_water": false, "snap_m": 0.0 }, "geometry": { "type": "Point", "coordinates": [ -0.319061189889908, 5.509998798370361 ] } },
{ "type": "Feature", "properties": { "particle": 1305, "seed_idx": 65, "valid": true, "snap_water": false, "snap_m": 0.0 }, "geometry": { "type": "Point", "coordinates": [ -0.312958925962448, 5.505441188812256 ] } },
{ "type": "Feature", "properties": { "particle": 1306, "seed_idx": 65, "valid": true, "snap_water": false, "snap_m": 0.0 }, "geometry": { "type": "Point", "coordinates": [ -0.317543655633926, 5.507207870483398 ] } },
{ "type": "Feature", "properties": { "particle": 1307, "seed_idx": 65, "valid": true, "snap_water": false, "snap_m": 0.0 }, "geometry": { "type": "Point", "coordinates": [ -0.319449156522751, 5.509648323059082 ] } },
{ "type": "Feature", "properties": { "particle": 1308, "seed_idx": 65, "valid": true, "snap_water": false, "snap_m": 0.0 }, "geometry": { "type": "Point", "coordinates": [ -0.319137454032898, 5.509603977203369 ] } },
{ "type": "Feature", "properties": { "particle": 1309, "seed_idx": 65, "valid": true, "snap_water": false, "snap_m": 0.0 }, "geometry": { "type": "Point", "coordinates": [ -0.320200592279434, 5.509707927703857 ] } },
{ "type": "Feature", "properties": { "particle": 1310, "seed_idx": 65, "valid": true, "snap_water": false, "snap_m": 0.0 }, "geometry": { "type": "Point", "coordinates": [ -0.313080728054047, 5.505426406860352 ] } },
{ "type": "Feature", "properties": { "particle": 1311, "seed_idx": 65, "valid": true, "snap_water": false, "snap_m": 0.0 }, "geometry": { "type": "Point", "coordinates": [ -0.320449024438858, 5.509786605834961 ] } },
{ "type": "Feature", "properties": { "particle": 1312, "seed_idx": 65, "valid": true, "snap_water": false, "snap_m": 0.0 }, "geometry": { "type": "Point", "coordinates": [ -0.32000333070755, 5.509744644165039 ] } },
{ "type": "Feature", "properties": { "particle": 1313, "seed_idx": 65, "valid": true, "snap_water": true, "snap_m": 57.475243 }, "geometry": { "type": "Point", "coordinates": [ -0.321999996900558, 5.510000228881836 ] } },
{ "type": "Feature", "properties": { "particle": 1314, "seed_idx": 65, "valid": true, "snap_water": false, "snap_m": 0.0 }, "geometry": { "type": "Point", "coordinates": [ -0.321466028690338, 5.510218143463135 ] } },
{ "type": "Feature", "properties": { "particle": 1315, "seed_idx": 65, "valid": true, "snap_water": false, "snap_m": 0.0 }, "geometry": { "type": "Point", "coordinates": [ -0.319058924913406, 5.509943962097168 ] } },
{ "type": "Feature", "properties": { "particle": 1316, "seed_idx": 65, "valid": true, "snap_water": false, "snap_m": 0.0 }, "geometry": { "type": "Point", "coordinates": [ -0.31904661655426, 5.510119915008545 ] } },
{ "type": "Feature", "properties": { "particle": 1317, "seed_idx": 65, "valid": true, "snap_water": false, "snap_m": 0.0 }, "geometry": { "type": "Point", "coordinates": [ -0.319003522396088, 5.51014232635498 ] } },
{ "type": "Feature", "properties": { "particle": 1318, "seed_idx": 65, "valid": true, "snap_water": false, "snap_m": 0.0 }, "geometry": { "type": "Point", "coordinates": [ -0.312918722629547, 5.505253791809082 ] } },
{ "type": "Feature", "properties": { "particle": 1319, "seed_idx": 65, "valid": true, "snap_water": false, "snap_m": 0.0 }, "geometry": { "type": "Point", "coordinates": [ -0.318944901227951, 5.509731769561768 ] } },
{ "type": "Feature", "properties": { "particle": 1320, "seed_idx": 66, "valid": true, "snap_water": false, "snap_m": 0.0 }, "geometry": { "type": "Point", "coordinates": [ -0.320671737194061, 5.50966739654541 ] } },
{ "type": "Feature", "properties": { "particle": 1321, "seed_idx": 66, "valid": true, "snap_water": false, "snap_m": 0.0 }, "geometry": { "type": "Point", "coordinates": [ -0.318958431482315, 5.510226249694824 ] } },
{ "type": "Feature", "properties": { "particle": 1322, "seed_idx": 66, "valid": true, "snap_water": false, "snap_m": 0.0 }, "geometry": { "type": "Point", "coordinates": [ -0.312933474779129, 5.505099296569824 ] } },
{ "type": "Feature", "properties": { "particle": 1323, "seed_idx": 66, "valid": true, "snap_water": false, "snap_m": 0.0 }, "geometry": { "type": "Point", "coordinates": [ -0.31966295838356, 5.509593486785889 ] } },
{ "type": "Feature", "properties": { "particle": 1324, "seed_idx": 66, "valid": true, "snap_water": false, "snap_m": 0.0 }, "geometry": { "type": "Point", "coordinates": [ -0.318752497434616, 5.509908199310303 ] } },
{ "type": "Feature", "properties": { "particle": 1325, "seed_idx": 66, "valid": true, "snap_water": false, "snap_m": 0.0 }, "geometry": { "type": "Point", "coordinates": [ -0.318958669900894, 5.509785652160645 ] } },
{ "type": "Feature", "properties": { "particle": 1326, "seed_idx": 66, "valid": true, "snap_water": false, "snap_m": 0.0 }, "geometry": { "type": "Point", "coordinates": [ -0.319057315587997, 5.509716033935547 ] } },
{ "type": "Feature", "properties": { "particle": 1327, "seed_idx": 66, "valid": true, "snap_water": false, "snap_m": 0.0 }, "geometry": { "type": "Point", "coordinates": [ -0.319786041975021, 5.509697437286377 ] } },
{ "type": "Feature", "properties": { "particle": 1328, "seed_idx": 66, "valid": true, "snap_water": false, "snap_m": 0.0 }, "geometry": { "type": "Point", "coordinates": [ -0.318838208913803, 5.50977897644043 ] } },
{ "type": "Feature", "properties": { "particle": 1329, "seed_idx": 66, "valid": true, "snap_water": false, "snap_m": 0.0 }, "geometry": { "type": "Point", "coordinates": [ -0.312874227762222, 5.505393981933594 ] } },
{ "type": "Feature", "properties": { "particle": 1330, "seed_idx": 66, "valid": true, "snap_water": false, "snap_m": 0.0 }, "geometry": { "type": "Point", "coordinates": [ -0.318797767162323, 5.510216236114502 ] } },
{ "type": "Feature", "properties": { "particle": 1331, "seed_idx": 66, "valid": true, "snap_water": true, "snap_m": 58.996925 }, "geometry": { "type": "Point", "coordinates": [ -0.312999993562698, 5.505000114440918 ] } },
{ "type": "Feature", "properties": { "particle": 1332, "seed_idx": 66, "valid": true, "snap_water": false, "snap_m": 0.0 }, "geometry": { "type": "Point", "coordinates": [ -0.319055885076523, 5.51041841506958 ] } },
{ "type": "Feature", "properties": { "particle": 1333, "seed_idx": 66, "valid": true, "snap_water": false, "snap_m": 0.0 }, "geometry": { "type": "Point", "coordinates": [ -0.319059431552887, 5.509799480438232 ] } },
{ "type": "Feature", "properties": { "particle": 1334, "seed_idx": 66, "valid": true, "snap_water": false, "snap_m": 0.0 }, "geometry": { "type": "Point", "coordinates": [ -0.312830150127411, 5.505451202392578 ] } },
{ "type": "Feature", "properties": { "particle": 1335, "seed_idx": 66, "valid": true, "snap_water": false, "snap_m": 0.0 }, "geometry": { "type": "Point", "coordinates": [ -0.319041758775711, 5.510268211364746 ] } },
{ "type": "Feature", "properties": { "particle": 1336, "seed_idx": 66, "valid": true, "snap_water": false, "snap_m": 0.0 }, "geometry": { "type": "Point", "coordinates": [ -0.318848043680191, 5.510362148284912 ] } },
{ "type": "Feature", "properties": { "particle": 1337, "seed_idx": 66, "valid": true, "snap_water": false, "snap_m": 0.0 }, "geometry": { "type": "Point", "coordinates": [ -0.318812936544418, 5.510061740875244 ] } },
{ "type": "Feature", "properties": { "particle": 1338, "seed_idx": 66, "valid": true, "snap_water": false, "snap_m": 0.0 }, "geometry": { "type": "Point", "coordinates": [ -0.319031238555908, 5.509860038757324 ] } },
{ "type": "Feature", "properties": { "particle": 1339, "seed_idx": 66, "valid": true, "snap_water": false, "snap_m": 0.0 }, "geometry": { "type": "Point", "coordinates": [ -0.319976150989532, 5.509754657745361 ] } },
{ "type": "Feature", "properties": { "particle": 1340, "seed_idx": 67, "valid": true, "snap_water": false, "snap_m": 0.0 }, "geometry": { "type": "Point", "coordinates": [ -0.319040656089783, 5.510472297668457 ] } },
{ "type": "Feature", "properties": { "particle": 1341, "seed_idx": 67, "valid": true, "snap_water": false, "snap_m": 0.0 }, "geometry": { "type": "Point", "coordinates": [ -0.319053709506989, 5.510105133056641 ] } },
{ "type": "Feature", "properties": { "particle": 1342, "seed_idx": 67, "valid": true, "snap_water": false, "snap_m": 0.0 }, "geometry": { "type": "Point", "coordinates": [ -0.321853518486023, 5.510207653045654 ] } },
{ "type": "Feature", "properties": { "particle": 1343, "seed_idx": 67, "valid": true, "snap_water": false, "snap_m": 0.0 }, "geometry": { "type": "Point", "coordinates": [ -0.318351089954376, 5.510760307312012 ] } },
{ "type": "Feature", "properties": { "particle": 1344, "seed_idx": 67, "valid": true, "snap_water": false, "snap_m": 0.0 }, "geometry": { "type": "Point", "coordinates": [ -0.319052636623383, 5.509824752807617 ] } },
{ "type": "Feature", "properties": { "particle": 1345, "seed_idx": 67, "valid": true, "snap_water": false, "snap_m": 0.0 }, "geometry": { "type": "Point", "coordinates": [ -0.319017112255096, 5.510444641113281 ] } },
{ "type": "Feature", "properties": { "particle": 1346, "seed_idx": 67, "valid": true, "snap_water": false, "snap_m": 0.0 }, "geometry": { "type": "Point", "coordinates": [ -0.318869352340698, 5.510447978973389 ] } },
{ "type": "Feature", "properties": { "particle": 1347, "seed_idx": 67, "valid": true, "snap_water": true, "snap_m": 58.23642 }, "geometry": { "type": "Point", "coordinates": [ -0.319000005722046, 5.510000228881836 ] } },
{ "type": "Feature", "properties": { "particle": 1348, "seed_idx": 67, "valid": true, "snap_water": false, "snap_m": 0.0 }, "geometry": { "type": "Point", "coordinates": [ -0.318420767784119, 5.510780811309814 ] } },
{ "type": "Feature", "properties": { "particle": 1349, "seed_idx": 67, "valid": true, "snap_water": false, "snap_m": 0.0 }, "geometry": { "type": "Point", "coordinates": [ -0.319258838891983, 5.509710788726807 ] } },
{ "type": "Feature", "properties": { "particle": 1350, "seed_idx": 67, "valid": true, "snap_water": false, "snap_m": 0.0 }, "geometry": { "type": "Point", "coordinates": [ -0.318977564573288, 5.509934425354004 ] } },
{ "type": "Feature", "properties": { "particle": 1351, "seed_idx": 67, "valid": true, "snap_water": false, "snap_m": 0.0 }, "geometry": { "type": "Point", "coordinates": [ -0.31891268491745, 5.50966215133667 ] } },
{ "type": "Feature", "properties": { "particle": 1352, "seed_idx": 67, "valid": true, "snap_water": false, "snap_m": 0.0 }, "geometry": { "type": "Point", "coordinates": [ -0.321433573961258, 5.510152816772461 ] } },
{ "type": "Feature", "properties": { "particle": 1353, "seed_idx": 67, "valid": true, "snap_water": false, "snap_m": 0.0 }, "geometry": { "type": "Point", "coordinates": [ -0.320320188999176, 5.509776592254639 ] } },
{ "type": "Feature", "properties": { "particle": 1354, "seed_idx": 67, "valid": true, "snap_water": false, "snap_m": 0.0 }, "geometry": { "type": "Point", "coordinates": [ -0.318979680538177, 5.509986400604248 ] } },
{ "type": "Feature", "properties": { "particle": 1355, "seed_idx": 67, "valid": true, "snap_water": false, "snap_m": 0.0 }, "geometry": { "type": "Point", "coordinates": [ -0.318897873163223, 5.510267734527588 ] } },
{ "type": "Feature", "properties": { "particle": 1356, "seed_idx": 67, "valid": true, "snap_water": true, "snap_m": 86.761971 }, "geometry": { "type": "Point", "coordinates": [ -0.319000005722046, 5.510000228881836 ] } },
{ "type": "Feature", "properties": { "particle": 1357, "seed_idx": 67, "valid": true, "snap_water": false, "snap_m": 0.0 }, "geometry": { "type": "Point", "coordinates": [ -0.319301784038544, 5.509690761566162 ] } },
{ "type": "Feature", "properties": { "particle": 1358, "seed_idx": 67, "valid": true, "snap_water": false, "snap_m": 0.0 }, "geometry": { "type": "Point", "coordinates": [ -0.318988233804703, 5.509661674499512 ] } },
{ "type": "Feature", "properties": { "particle": 1359, "seed_idx": 67, "valid": true, "snap_water": true, "snap_m": 79.696846 }, "geometry": { "type": "Point", "coordinates": [ -0.317999988794327, 5.511000156402588 ] } },
{ "type": "Feature", "properties": { "particle": 1360, "seed_idx": 68, "valid": true, "snap_water": false, "snap_m": 0.0 }, "geometry": { "type": "Point", "coordinates": [ -0.31773778796196, 5.510777473449707 ] } },
{ "type": "Feature", "properties": { "particle": 1361, "seed_idx": 68, "valid": true, "snap_water": true, "snap_m": 58.401123 }, "geometry": { "type": "Point", "coordinates": [ -0.319000005722046, 5.510000228881836 ] } },
{ "type": "Feature", "properties": { "particle": 1362, "seed_idx": 68, "valid": true, "snap_water": false, "snap_m": 0.0 }, "geometry": { "type": "Point", "coordinates": [ -0.317813366651535, 5.510626792907715 ] } },
{ "type": "Feature", "properties": { "particle": 1363, "seed_idx": 68, "valid": true, "snap_water": false, "snap_m": 0.0 }, "geometry": { "type": "Point", "coordinates": [ -0.318267107009888, 5.510700702667236 ] } },
{ "type": "Feature", "properties": { "particle": 1364, "seed_idx": 68, "valid": true, "snap_water": false, "snap_m": 0.0 }, "geometry": { "type": "Point", "coordinates": [ -0.317294508218765, 5.510641098022461 ] } },
{ "type": "Feature", "properties": { "particle": 1365, "seed_idx": 68, "valid": true, "snap_water": false, "snap_m": 0.0 }, "geometry": { "type": "Point", "coordinates": [ -0.318915188312531, 5.510437488555908 ] } },
{ "type": "Feature", "properties": { "particle": 1366, "seed_idx": 68, "valid": true, "snap_water": false, "snap_m": 0.0 }, "geometry": { "type": "Point", "coordinates": [ -0.318438589572906, 5.510697364807129 ] } },
{ "type": "Feature", "properties": { "particle": 1367, "seed_idx": 68, "valid": true, "snap_water": false, "snap_m": 0.0 }, "geometry": { "type": "Point", "coordinates": [ -0.319179505109787, 5.509598255157471 ] } },
{ "type": "Feature", "properties": { "particle": 1368, "seed_idx": 68, "valid": true, "snap_water": true, "snap_m": 73.544342 }, "geometry": { "type": "Point", "coordinates": [ -0.319000005722046, 5.510000228881836 ] } },
{ "type": "Feature", "properties": { "particle": 1369, "seed_idx": 68, "valid": true, "snap_water": true, "snap_m": 80.74189 }, "geometry": { "type": "Point", "coordinates": [ -0.319000005722046, 5.510000228881836 ] } },
{ "type": "Feature", "properties": { "particle": 1370, "seed_idx": 68, "valid": true, "snap_water": false, "snap_m": 0.0 }, "geometry": { "type": "Point", "coordinates": [ -0.31903538107872, 5.510055065155029 ] } },
{ "type": "Feature", "properties": { "particle": 1371, "seed_idx": 68, "valid": true, "snap_water": false, "snap_m": 0.0 }, "geometry": { "type": "Point", "coordinates": [ -0.318785101175308, 5.510289669036865 ] } },
{ "type": "Feature", "properties": { "particle": 1372, "seed_idx": 68, "valid": true, "snap_water": true, "snap_m": 83.831146 }, "geometry": { "type": "Point", "coordinates": [ -0.319000005722046, 5.510000228881836 ] } },
{ "type": "Feature", "properties": { "particle": 1373, "seed_idx": 68, "valid": true, "snap_water": false, "snap_m": 0.0 }, "geometry": { "type": "Point", "coordinates": [ -0.317741632461548, 5.510743618011475 ] } },
{ "type": "Feature", "properties": { "particle": 1374, "seed_idx": 68, "valid": true, "snap_water": false, "snap_m": 0.0 }, "geometry": { "type": "Point", "coordinates": [ -0.318485528230667, 5.510705947875977 ] } },
{ "type": "Feature", "properties": { "particle": 1375, "seed_idx": 68, "valid": true, "snap_water": false, "snap_m": 0.0 }, "geometry": { "type": "Point", "coordinates": [ -0.31775626540184, 5.510733604431152 ] } },
{ "type": "Feature", "properties": { "particle": 1376, "seed_idx": 68, "valid": true, "snap_water": true, "snap_m": 80.406776 }, "geometry": { "type": "Point", "coordinates": [ -0.319000005722046, 5.510000228881836 ] } },
{ "type": "Feature", "properties": { "particle": 1377, "seed_idx": 68, "valid": true, "snap_water": true, "snap_m": 87.776733 }, "geometry": { "type": "Point", "coordinates": [ -0.319000005722046, 5.510000228881836 ] } },
{ "type": "Feature", "properties": { "particle": 1378, "seed_idx": 68, "valid": true, "snap_water": false, "snap_m": 0.0 }, "geometry": { "type": "Point", "coordinates": [ -0.318229824304581, 5.510715007781982 ] } },
{ "type": "Feature", "properties": { "particle": 1379, "seed_idx": 68, "valid": true, "snap_water": false, "snap_m": 0.0 }, "geometry": { "type": "Point", "coordinates": [ -0.317787796258926, 5.510749816894531 ] } },
{ "type": "Feature", "properties": { "particle": 1380, "seed_idx": 69, "valid": true, "snap_water": true, "snap_m": 76.207825 }, "geometry": { "type": "Point", "coordinates": [ -0.319000005722046, 5.510000228881836 ] } },
{ "type": "Feature", "properties": { "particle": 1381, "seed_idx": 69, "valid": true, "snap_water": true, "snap_m": 72.753059 }, "geometry": { "type": "Point", "coordinates": [ -0.319000005722046, 5.510000228881836 ] } },
{ "type": "Feature", "properties": { "particle": 1382, "seed_idx": 69, "valid": true, "snap_water": true, "snap_m": 75.896889 }, "geometry": { "type": "Point", "coordinates": [ -0.317999988794327, 5.511000156402588 ] } },
{ "type": "Feature", "properties": { "particle": 1383, "seed_idx": 69, "valid": true, "snap_water": false, "snap_m": 0.0 }, "geometry": { "type": "Point", "coordinates": [ -0.316814363002777, 5.510765552520752 ] } },
{ "type": "Feature", "properties": { "particle": 1384, "seed_idx": 69, "valid": true, "snap_water": false, "snap_m": 0.0 }, "geometry": { "type": "Point", "coordinates": [ -0.318021446466446, 5.510718822479248 ] } },
{ "type": "Feature", "properties": { "particle": 1385, "seed_idx": 69, "valid": true, "snap_water": true, "snap_m": 84.390297 }, "geometry": { "type": "Point", "coordinates": [ -0.319000005722046, 5.510000228881836 ] } },
{ "type": "Feature", "properties": { "particle": 1386, "seed_idx": 69, "valid": true, "snap_water": false, "snap_m": 0.0 }, "geometry": { "type": "Point", "coordinates": [ -0.317747831344604, 5.51057767868042 ] } },
{ "type": "Feature", "properties": { "particle": 1387, "seed_idx": 69, "valid": true, "snap_water": false, "snap_m": 0.0 }, "geometry": { "type": "Point", "coordinates": [ -0.317796766757965, 5.510787487030029 ] } },
{ "type": "Feature", "properties": { "particle": 1388, "seed_idx": 69, "valid": true, "snap_water": false, "snap_m": 0.0 }, "geometry": { "type": "Point", "coordinates": [ -0.318382173776627, 5.510593891143799 ] } },
{ "type": "Feature", "properties": { "particle": 1389, "seed_idx": 69, "valid": true, "snap_water": false, "snap_m": 0.0 }, "geometry": { "type": "Point", "coordinates": [ -0.317788332700729, 5.510574817657471 ] } },
{ "type": "Feature", "properties": { "particle": 1390, "seed_idx": 69, "valid": true, "snap_water": true, "snap_m": 80.109886 }, "geometry": { "type": "Point", "coordinates": [ -0.317999988794327, 5.511000156402588 ] } },
{ "type": "Feature", "properties": { "particle": 1391, "seed_idx": 69, "valid": true, "snap_water": true, "snap_m": 54.686077 }, "geometry": { "type": "Point", "coordinates": [ -0.319000005722046, 5.510000228881836 ] } },
{ "type": "Feature", "properties": { "particle": 1392, "seed_idx": 69, "valid": true, "snap_water": false, "snap_m": 0.0 }, "geometry": { "type": "Point", "coordinates": [ -0.318007558584213, 5.510604381561279 ] } },
{ "type": "Feature", "properties": { "particle": 1393, "seed_idx": 69, "valid": true, "snap_water": true, "snap_m": 86.449638 }, "geometry": { "type": "Point", "coordinates": [ -0.319000005722046, 5.510000228881836 ] } },
{ "type": "Feature", "properties": { "particle": 1394, "seed_idx": 69, "valid": true, "snap_water": false, "snap_m": 0.0 }, "geometry": { "type": "Point", "coordinates": [ -0.31767338514328, 5.510673999786377 ] } },
{ "type": "Feature", "properties": { "particle": 1395, "seed_idx": 69, "valid": true, "snap_water": true, "snap_m": 73.089348 }, "geometry": { "type": "Point", "coordinates": [ -0.319000005722046, 5.510000228881836 ] } },
{ "type": "Feature", "properties": { "particle": 1396, "seed_idx": 69, "valid": true, "snap_water": true, "snap_m": 79.776222 }, "geometry": { "type": "Point", "coordinates": [ -0.319000005722046, 5.510000228881836 ] } },
{ "type": "Feature", "properties": { "particle": 1397, "seed_idx": 69, "valid": true, "snap_water": true, "snap_m": 81.07399 }, "geometry": { "type": "Point", "coordinates": [ -0.319000005722046, 5.510000228881836 ] } },
{ "type": "Feature", "properties": { "particle": 1398, "seed_idx": 69, "valid": true, "snap_water": false, "snap_m": 0.0 }, "geometry": { "type": "Point", "coordinates": [ -0.318858802318573, 5.510252952575684 ] } },
{ "type": "Feature", "properties": { "particle": 1399, "seed_idx": 69, "valid": true, "snap_water": true, "snap_m": 79.91964 }, "geometry": { "type": "Point", "coordinates": [ -0.319000005722046, 5.510000228881836 ] } },
{ "type": "Feature", "properties": { "particle": 1400, "seed_idx": 70, "valid": true, "snap_water": false, "snap_m": 0.0 }, "geometry": { "type": "Point", "coordinates": [ -0.315921396017075, 5.511346340179443 ] } },
{ "type": "Feature", "properties": { "particle": 1401, "seed_idx": 70, "valid": true, "snap_water": false, "snap_m": 0.0 }, "geometry": { "type": "Point", "coordinates": [ -0.316698849201202, 5.510632038116455 ] } },
{ "type": "Feature", "properties": { "particle": 1402, "seed_idx": 70, "valid": true, "snap_water": false, "snap_m": 0.0 }, "geometry": { "type": "Point", "coordinates": [ -0.314271092414856, 5.510785102844238 ] } },
{ "type": "Feature", "properties": { "particle": 1403, "seed_idx": 70, "valid": true, "snap_water": false, "snap_m": 0.0 }, "geometry": { "type": "Point", "coordinates": [ -0.31657212972641, 5.510760307312012 ] } },
{ "type": "Feature", "properties": { "particle": 1404, "seed_idx": 70, "valid": true, "snap_water": false, "snap_m": 0.0 }, "geometry": { "type": "Point", "coordinates": [ -0.318748831748962, 5.510239124298096 ] } },
{ "type": "Feature", "properties": { "particle": 1405, "seed_idx": 70, "valid": true, "snap_water": false, "snap_m": 0.0 }, "geometry": { "type": "Point", "coordinates": [ -0.317329883575439, 5.510527610778809 ] } },
{ "type": "Feature", "properties": { "particle": 1406, "seed_idx": 70, "valid": true, "snap_water": false, "snap_m": 0.0 }, "geometry": { "type": "Point", "coordinates": [ -0.315822541713715, 5.511013984680176 ] } },
{ "type": "Feature", "properties": { "particle": 1407, "seed_idx": 70, "valid": true, "snap_water": false, "snap_m": 0.0 }, "geometry": { "type": "Point", "coordinates": [ -0.317161023616791, 5.510611534118652 ] } },
{ "type": "Feature", "properties": { "particle": 1408, "seed_idx": 70, "valid": true, "snap_water": true, "snap_m": 85.875092 }, "geometry": { "type": "Point", "coordinates": [ -0.319000005722046, 5.510000228881836 ] } },
{ "type": "Feature", "properties": { "particle": 1409, "seed_idx": 70, "valid": true, "snap_water": false, "snap_m": 0.0 }, "geometry": { "type": "Point", "coordinates": [ -0.316057145595551, 5.510834217071533 ] } },
{ "type": "Feature", "properties": { "particle": 1410, "seed_idx": 70, "valid": true, "snap_water": false, "snap_m": 0.0 }, "geometry": { "type": "Point", "coordinates": [ -0.316171735525131, 5.510598182678223 ] } },
{ "type": "Feature", "properties": { "particle": 1411, "seed_idx": 70, "valid": true, "snap_water": false, "snap_m": 0.0 }, "geometry": { "type": "Point", "coordinates": [ -0.316041231155396, 5.511373043060303 ] } },
{ "type": "Feature", "properties": { "particle": 1412, "seed_idx": 70, "valid": true, "snap_water": false, "snap_m": 0.0 }, "geometry": { "type": "Point", "coordinates": [ -0.315859079360962, 5.51115608215332 ] } },
{ "type": "Feature", "properties": { "particle": 1413, "seed_idx": 70, "valid": true, "snap_water": false, "snap_m": 0.0 }, "geometry": { "type": "Point", "coordinates": [ -0.315971910953522, 5.511433601379395 ] } },
{ "type": "Feature", "properties": { "particle": 1414, "seed_idx": 70, "valid": true, "snap_water": false, "snap_m": 0.0 }, "geometry": { "type": "Point", "coordinates": [ -0.315918177366257, 5.510857582092285 ] } },
{ "type": "Feature", "properties": { "particle": 1415, "seed_idx": 70, "valid": true, "snap_water": false, "snap_m": 0.0 }, "geometry": { "type": "Point", "coordinates": [ -0.317680865526199, 5.510580539703369 ] } },
{ "type": "Feature", "properties": { "particle": 1416, "seed_idx": 70, "valid": true, "snap_water": false, "snap_m": 0.0 }, "geometry": { "type": "Point", "coordinates": [ -0.316362529993057, 5.510618209838867 ] } },
{ "type": "Feature", "properties": { "particle": 1417, "seed_idx": 70, "valid": true, "snap_water": false, "snap_m": 0.0 }, "geometry": { "type": "Point", "coordinates": [ -0.316028386354446, 5.51095724105835 ] } },
{ "type": "Feature", "properties": { "particle": 1418, "seed_idx": 70, "valid": true, "snap_water": false, "snap_m": 0.0 }, "geometry": { "type": "Point", "coordinates": [ -0.318094462156296, 5.510430812835693 ] } },
{ "type": "Feature", "properties": { "particle": 1419, "seed_idx": 70, "valid": true, "snap_water": false, "snap_m": 0.0 }, "geometry": { "type": "Point", "coordinates": [ -0.314314633607864, 5.510751724243164 ] } },
{ "type": "Feature", "properties": { "particle": 1420, "seed_idx": 71, "valid": true, "snap_water": false, "snap_m": 0.0 }, "geometry": { "type": "Point", "coordinates": [ -0.31694033741951, 5.510786533355713 ] } },
{ "type": "Feature", "properties": { "particle": 1421, "seed_idx": 71, "valid": true, "snap_water": false, "snap_m": 0.0 }, "geometry": { "type": "Point", "coordinates": [ -0.31407704949379, 5.510916233062744 ] } },
{ "type": "Feature", "properties": { "particle": 1422, "seed_idx": 71, "valid": true, "snap_water": false, "snap_m": 0.0 }, "geometry": { "type": "Point", "coordinates": [ -0.314447015523911, 5.510695457458496 ] } },
{ "type": "Feature", "properties": { "particle": 1423, "seed_idx": 71, "valid": true, "snap_water": false, "snap_m": 0.0 }, "geometry": { "type": "Point", "coordinates": [ -0.316018790006638, 5.511092185974121 ] } },
{ "type": "Feature", "properties": { "particle": 1424, "seed_idx": 71, "valid": true, "snap_water": false, "snap_m": 0.0 }, "geometry": { "type": "Point", "coordinates": [ -0.315763026475906, 5.511205673217773 ] } },
{ "type": "Feature", "properties": { "particle": 1425, "seed_idx": 71, "valid": true, "snap_water": false, "snap_m": 0.0 }, "geometry": { "type": "Point", "coordinates": [ -0.314551562070847, 5.510684490203857 ] } },
{ "type": "Feature", "properties": { "particle": 1426, "seed_idx": 71, "valid": true, "snap_water": false, "snap_m": 0.0 }, "geometry": { "type": "Point", "coordinates": [ -0.314115077257156, 5.510757923126221 ] } },
{ "type": "Feature", "properties": { "particle": 1427, "seed_idx": 71, "valid": true, "snap_water": false, "snap_m": 0.0 }, "geometry": { "type": "Point", "coordinates": [ -0.314084380865097, 5.510637283325195 ] } },
{ "type": "Feature", "properties": { "particle": 1428, "seed_idx": 71, "valid": true, "snap_water": false, "snap_m": 0.0 }, "geometry": { "type": "Point", "coordinates": [ -0.316755205392838, 5.510756969451904 ] } },
{ "type": "Feature", "properties": { "particle": 1429, "seed_idx": 71, "valid": true, "snap_water": false, "snap_m": 0.0 }, "geometry": { "type": "Point", "coordinates": [ -0.315867781639099, 5.511279106140137 ] } },
{ "type": "Feature", "properties": { "particle": 1430, "seed_idx": 71, "valid": true, "snap_water": false, "snap_m": 0.0 }, "geometry": { "type": "Point", "coordinates": [ -0.31599834561348, 5.511259078979492 ] } },
{ "type": "Feature", "properties": { "particle": 1431, "seed_idx": 71, "valid": true, "snap_water": false, "snap_m": 0.0 }, "geometry": { "type": "Point", "coordinates": [ -0.31579914689064, 5.511373996734619 ] } },
{ "type": "Feature", "properties": { "particle": 1432, "seed_idx": 71, "valid": true, "snap_water": false, "snap_m": 0.0 }, "geometry": { "type": "Point", "coordinates": [ -0.314110398292542, 5.510578632354736 ] } },
{ "type": "Feature", "properties": { "particle": 1433, "seed_idx": 71, "valid": true, "snap_water": false, "snap_m": 0.0 }, "geometry": { "type": "Point", "coordinates": [ -0.316070944070816, 5.511370182037354 ] } },
{ "type": "Feature", "properties": { "particle": 1434, "seed_idx": 71, "valid": true, "snap_water": false, "snap_m": 0.0 }, "geometry": { "type": "Point", "coordinates": [ -0.317970335483551, 5.51072883605957 ] } },
{ "type": "Feature", "properties": { "particle": 1435, "seed_idx": 71, "valid": true, "snap_water": false, "snap_m": 0.0 }, "geometry": { "type": "Point", "coordinates": [ -0.314090609550476, 5.510763645172119 ] } },
{ "type": "Feature", "properties": { "particle": 1436, "seed_idx": 71, "valid": true, "snap_water": false, "snap_m": 0.0 }, "geometry": { "type": "Point", "coordinates": [ -0.316186040639877, 5.51076078414917 ] } },
{ "type": "Feature", "properties": { "particle": 1437, "seed_idx": 71, "valid": true, "snap_water": false, "snap_m": 0.0 }, "geometry": { "type": "Point", "coordinates": [ -0.314402133226395, 5.510645389556885 ] } },
{ "type": "Feature", "properties": { "particle": 1438, "seed_idx": 71, "valid": true, "snap_water": false, "snap_m": 0.0 }, "geometry": { "type": "Point", "coordinates": [ -0.316053777933121, 5.511439323425293 ] } },
{ "type": "Feature", "properties": { "particle": 1439, "seed_idx": 71, "valid": true, "snap_water": false, "snap_m": 0.0 }, "geometry": { "type": "Point", "coordinates": [ -0.317150980234146, 5.510762691497803 ] } },
{ "type": "Feature", "properties": { "particle": 1440, "seed_idx": 72, "valid": true, "snap_water": false, "snap_m": 0.0 }, "geometry": { "type": "Point", "coordinates": [ -0.307891696691513, 5.508193492889404 ] } },
{ "type": "Feature", "properties": { "particle": 1441, "seed_idx": 72, "valid": true, "snap_water": true, "snap_m": 114.96858 }, "geometry": { "type": "Point", "coordinates": [ -0.312999993562698, 5.51200008392334 ] } },
{ "type": "Feature", "properties": { "particle": 1442, "seed_idx": 72, "valid": true, "snap_water": false, "snap_m": 0.0 }, "geometry": { "type": "Point", "coordinates": [ -0.308080345392227, 5.508321762084961 ] } },
{ "type": "Feature", "properties": { "particle": 1443, "seed_idx": 72, "valid": true, "snap_water": false, "snap_m": 0.0 }, "geometry": { "type": "Point", "coordinates": [ -0.308055400848389, 5.508224964141846 ] } },
{ "type": "Feature", "properties": { "particle": 1444, "seed_idx": 72, "valid": true, "snap_water": false, "snap_m": 0.0 }, "geometry": { "type": "Point", "coordinates": [ -0.307969957590103, 5.508001327514648 ] } },
{ "type": "Feature", "properties": { "particle": 1445, "seed_idx": 72, "valid": true, "snap_water": false, "snap_m": 0.0 }, "geometry": { "type": "Point", "coordinates": [ -0.307997107505798, 5.508193492889404 ] } },
{ "type": "Feature", "properties": { "particle": 1446, "seed_idx": 72, "valid": true, "snap_water": true, "snap_m": 96.672386 }, "geometry": { "type": "Point", "coordinates": [ -0.312999993562698, 5.51200008392334 ] } },
{ "type": "Feature", "properties": { "particle": 1447, "seed_idx": 72, "valid": true, "snap_water": false, "snap_m": 0.0 }, "geometry": { "type": "Point", "coordinates": [ -0.307853490114212, 5.508204460144043 ] } },
{ "type": "Feature", "properties": { "particle": 1448, "seed_idx": 72, "valid": true, "snap_water": false, "snap_m": 0.0 }, "geometry": { "type": "Point", "coordinates": [ -0.307846128940582, 5.508021354675293 ] } },
{ "type": "Feature", "properties": { "particle": 1449, "seed_idx": 72, "valid": true, "snap_water": false, "snap_m": 0.0 }, "geometry": { "type": "Point", "coordinates": [ -0.308223187923431, 5.507729530334473 ] } },
{ "type": "Feature", "properties": { "particle": 1450, "seed_idx": 72, "valid": true, "snap_water": true, "snap_m": 111.06742 }, "geometry": { "type": "Point", "coordinates": [ -0.314999997615814, 5.51200008392334 ] } },
{ "type": "Feature", "properties": { "particle": 1451, "seed_idx": 72, "valid": true, "snap_water": false, "snap_m": 0.0 }, "geometry": { "type": "Point", "coordinates": [ -0.311279267072678, 5.509082317352295 ] } },
{ "type": "Feature", "properties": { "particle": 1452, "seed_idx": 72, "valid": true, "snap_water": false, "snap_m": 0.0 }, "geometry": { "type": "Point", "coordinates": [ -0.308455169200897, 5.50779390335083 ] } },
{ "type": "Feature", "properties": { "particle": 1453, "seed_idx": 72, "valid": true, "snap_water": false, "snap_m": 0.0 }, "geometry": { "type": "Point", "coordinates": [ -0.311169922351837, 5.509463310241699 ] } },
{ "type": "Feature", "properties": { "particle": 1454, "seed_idx": 72, "valid": true, "snap_water": false, "snap_m": 0.0 }, "geometry": { "type": "Point", "coordinates": [ -0.313877433538437, 5.510774612426758 ] } },
{ "type": "Feature", "properties": { "particle": 1455, "seed_idx": 72, "valid": true, "snap_water": false, "snap_m": 0.0 }, "geometry": { "type": "Point", "coordinates": [ -0.307785004377365, 5.50823974609375 ] } },
{ "type": "Feature", "properties": { "particle": 1456, "seed_idx": 72, "valid": true, "snap_water": true, "snap_m": 57.655045 }, "geometry": { "type": "Point", "coordinates": [ -0.30799999833107, 5.507999897003174 ] } },
{ "type": "Feature", "properties": { "particle": 1457, "seed_idx": 72, "valid": true, "snap_water": false, "snap_m": 0.0 }, "geometry": { "type": "Point", "coordinates": [ -0.307856351137161, 5.508219718933105 ] } },
{ "type": "Feature", "properties": { "particle": 1458, "seed_idx": 72, "valid": true, "snap_water": false, "snap_m": 0.0 }, "geometry": { "type": "Point", "coordinates": [ -0.31277197599411, 5.509799480438232 ] } },
{ "type": "Feature", "properties": { "particle": 1459, "seed_idx": 72, "valid": true, "snap_water": false, "snap_m": 0.0 }, "geometry": { "type": "Point", "coordinates": [ -0.3080894947052, 5.508274555206299 ] } },
{ "type": "Feature", "properties": { "particle": 1460, "seed_idx": 73, "valid": true, "snap_water": false, "snap_m": 0.0 }, "geometry": { "type": "Point", "coordinates": [ -0.308079689741135, 5.508203029632568 ] } },
{ "type": "Feature", "properties": { "particle": 1461, "seed_idx": 73, "valid": true, "snap_water": false, "snap_m": 0.0 }, "geometry": { "type": "Point", "coordinates": [ -0.307835012674332, 5.508444309234619 ] } },
{ "type": "Feature", "properties": { "particle": 1462, "seed_idx": 73, "valid": true, "snap_water": false, "snap_m": 0.0 }, "geometry": { "type": "Point", "coordinates": [ -0.307823091745377, 5.508453369140625 ] } },
{ "type": "Feature", "properties": { "particle": 1463, "seed_idx": 73, "valid": true, "snap_water": false, "snap_m": 0.0 }, "geometry": { "type": "Point", "coordinates": [ -0.308056145906448, 5.508137226104736 ] } },
{ "type": "Feature", "properties": { "particle": 1464, "seed_idx": 73, "valid": true, "snap_water": true, "snap_m": 106.05122 }, "geometry": { "type": "Point", "coordinates": [ -0.312999993562698, 5.51200008392334 ] } },
{ "type": "Feature", "properties": { "particle": 1465, "seed_idx": 73, "valid": true, "snap_water": false, "snap_m": 0.0 }, "geometry": { "type": "Point", "coordinates": [ -0.307891845703125, 5.508440971374512 ] } },
{ "type": "Feature", "properties": { "particle": 1466, "seed_idx": 73, "valid": true, "snap_water": false, "snap_m": 0.0 }, "geometry": { "type": "Point", "coordinates": [ -0.308047413825989, 5.508176326751709 ] } },
{ "type": "Feature", "properties": { "particle": 1467, "seed_idx": 73, "valid": true, "snap_water": false, "snap_m": 0.0 }, "geometry": { "type": "Point", "coordinates": [ -0.308539927005768, 5.507647037506104 ] } },
{ "type": "Feature", "properties": { "particle": 1468, "seed_idx": 73, "valid": true, "snap_water": false, "snap_m": 0.0 }, "geometry": { "type": "Point", "coordinates": [ -0.307917535305023, 5.508408546447754 ] } },
{ "type": "Feature", "properties": { "particle": 1469, "seed_idx": 73, "valid": true, "snap_water": false, "snap_m": 0.0 }, "geometry": { "type": "Point", "coordinates": [ -0.310067594051361, 5.508680820465088 ] } },
{ "type": "Feature", "properties": { "particle": 1470, "seed_idx": 73, "valid": true, "snap_water": false, "snap_m": 0.0 }, "geometry": { "type": "Point", "coordinates": [ -0.308036863803864, 5.507918357849121 ] } },
{ "type": "Feature", "properties": { "particle": 1471, "seed_idx": 73, "valid": true, "snap_water": false, "snap_m": 0.0 }, "geometry": { "type": "Point", "coordinates": [ -0.307822823524475, 5.508460998535156 ] } },
{ "type": "Feature", "properties": { "particle": 1472, "seed_idx": 73, "valid": true, "snap_water": false, "snap_m": 0.0 }, "geometry": { "type": "Point", "coordinates": [ -0.307867109775543, 5.50844669342041 ] } },
{ "type": "Feature", "properties": { "particle": 1473, "seed_idx": 73, "valid": true, "snap_water": false, "snap_m": 0.0 }, "geometry": { "type": "Point", "coordinates": [ -0.308059275150299, 5.508059501647949 ] } },
{ "type": "Feature", "properties": { "particle": 1474, "seed_idx": 73, "valid": true, "snap_water": false, "snap_m": 0.0 }, "geometry": { "type": "Point", "coordinates": [ -0.31207486987114, 5.509311199188232 ] } },
{ "type": "Feature", "properties": { "particle": 1475, "seed_idx": 73, "valid": true, "snap_water": false, "snap_m": 0.0 }, "geometry": { "type": "Point", "coordinates": [ -0.311608910560608, 5.509581089019775 ] } },
{ "type": "Feature", "properties": { "particle": 1476, "seed_idx": 73, "valid": true, "snap_water": false, "snap_m": 0.0 }, "geometry": { "type": "Point", "coordinates": [ -0.307931184768677, 5.508420467376709 ] } },
{ "type": "Feature", "properties": { "particle": 1477, "seed_idx": 73, "valid": true, "snap_water": false, "snap_m": 0.0 }, "geometry": { "type": "Point", "coordinates": [ -0.308063238859177, 5.507911205291748 ] } },
{ "type": "Feature", "properties": { "particle": 1478, "seed_idx": 73, "valid": true, "snap_water": false, "snap_m": 0.0 }, "geometry": { "type": "Point", "coordinates": [ -0.307964950799942, 5.508235931396484 ] } },
{ "type": "Feature", "properties": { "particle": 1479, "seed_idx": 73, "valid": true, "snap_water": false, "snap_m": 0.0 }, "geometry": { "type": "Point", "coordinates": [ -0.308096557855606, 5.508076190948486 ] } },
{ "type": "Feature", "properties": { "particle": 1480, "seed_idx": 74, "valid": true, "snap_water": false, "snap_m": 0.0 }, "geometry": { "type": "Point", "coordinates": [ -0.309039711952209, 5.51021671295166 ] } },
{ "type": "Feature", "properties": { "particle": 1481, "seed_idx": 74, "valid": true, "snap_water": true, "snap_m": 58.192249 }, "geometry": { "type": "Point", "coordinates": [ -0.308999985456467, 5.510000228881836 ] } },
{ "type": "Feature", "properties": { "particle": 1482, "seed_idx": 74, "valid": true, "snap_water": false, "snap_m": 0.0 }, "geometry": { "type": "Point", "coordinates": [ -0.308809995651245, 5.509950637817383 ] } },
{ "type": "Feature", "properties": { "particle": 1483, "seed_idx": 74, "valid": true, "snap_water": false, "snap_m": 0.0 }, "geometry": { "type": "Point", "coordinates": [ -0.310089766979218, 5.511292934417725 ] } },
{ "type": "Feature", "properties": { "particle": 1484, "seed_idx": 74, "valid": true, "snap_water": false, "snap_m": 0.0 }, "geometry": { "type": "Point", "coordinates": [ -0.308829545974731, 5.509921073913574 ] } },
{ "type": "Feature", "properties": { "particle": 1485, "seed_idx": 74, "valid": true, "snap_water": false, "snap_m": 0.0 }, "geometry": { "type": "Point", "coordinates": [ -0.309773474931717, 5.511424541473389 ] } },
{ "type": "Feature", "properties": { "particle": 1486, "seed_idx": 74, "valid": true, "snap_water": false, "snap_m": 0.0 }, "geometry": { "type": "Point", "coordinates": [ -0.310103744268417, 5.509880542755127 ] } },
{ "type": "Feature", "properties": { "particle": 1487, "seed_idx": 74, "valid": true, "snap_water": false, "snap_m": 0.0 }, "geometry": { "type": "Point", "coordinates": [ -0.308869600296021, 5.510250568389893 ] } },
{ "type": "Feature", "properties": { "particle": 1488, "seed_idx": 74, "valid": true, "snap_water": true, "snap_m": 55.452343 }, "geometry": { "type": "Point", "coordinates": [ -0.308999985456467, 5.510000228881836 ] } },
{ "type": "Feature", "properties": { "particle": 1489, "seed_idx": 74, "valid": true, "snap_water": false, "snap_m": 0.0 }, "geometry": { "type": "Point", "coordinates": [ -0.310017734766006, 5.51131534576416 ] } },
{ "type": "Feature", "properties": { "particle": 1490, "seed_idx": 74, "valid": true, "snap_water": true, "snap_m": 115.03586 }, "geometry": { "type": "Point", "coordinates": [ -0.312999993562698, 5.51200008392334 ] } },
{ "type": "Feature", "properties": { "particle": 1491, "seed_idx": 74, "valid": true, "snap_water": true, "snap_m": 117.04476 }, "geometry": { "type": "Point", "coordinates": [ -0.312999993562698, 5.513000011444092 ] } },
{ "type": "Feature", "properties": { "particle": 1492, "seed_idx": 74, "valid": true, "snap_water": false, "snap_m": 0.0 }, "geometry": { "type": "Point", "coordinates": [ -0.310090184211731, 5.511290550231934 ] } },
{ "type": "Feature", "properties": { "particle": 1493, "seed_idx": 74, "valid": true, "snap_water": false, "snap_m": 0.0 }, "geometry": { "type": "Point", "coordinates": [ -0.308964669704437, 5.510286808013916 ] } },
{ "type": "Feature", "properties": { "particle": 1494, "seed_idx": 74, "valid": true, "snap_water": false, "snap_m": 0.0 }, "geometry": { "type": "Point", "coordinates": [ -0.308947890996933, 5.510111331939697 ] } },
{ "type": "Feature", "properties": { "particle": 1495, "seed_idx": 74, "valid": true, "snap_water": false, "snap_m": 0.0 }, "geometry": { "type": "Point", "coordinates": [ -0.308859884738922, 5.510146141052246 ] } },
{ "type": "Feature", "properties": { "particle": 1496, "seed_idx": 74, "valid": true, "snap_water": false, "snap_m": 0.0 }, "geometry": { "type": "Point", "coordinates": [ -0.308859407901764, 5.510440826416016 ] } },
{ "type": "Feature", "properties": { "particle": 1497, "seed_idx": 74, "valid": true, "snap_water": false, "snap_m": 0.0 }, "geometry": { "type": "Point", "coordinates": [ -0.308916449546814, 5.51029109954834 ] } },
{ "type": "Feature", "properties": { "particle": 1498, "seed_idx": 74, "valid": true, "snap_water": false, "snap_m": 0.0 }, "geometry": { "type": "Point", "coordinates": [ -0.311503350734711, 5.510843276977539 ] } },
{ "type": "Feature", "properties": { "particle": 1499, "seed_idx": 74, "valid": true, "snap_water": false, "snap_m": 0.0 }, "geometry": { "type": "Point", "coordinates": [ -0.310533404350281, 5.510649681091309 ] } },
{ "type": "Feature", "properties": { "particle": 1500, "seed_idx": 75, "valid": true, "snap_water": false, "snap_m": 0.0 }, "geometry": { "type": "Point", "coordinates": [ -0.319499969482422, 5.509677886962891 ] } },
{ "type": "Feature", "properties": { "particle": 1501, "seed_idx": 75, "valid": true, "snap_water": false, "snap_m": 0.0 }, "geometry": { "type": "Point", "coordinates": [ -0.320330083370209, 5.509659290313721 ] } },
{ "type": "Feature", "properties": { "particle": 1502, "seed_idx": 75, "valid": true, "snap_water": false, "snap_m": 0.0 }, "geometry": { "type": "Point", "coordinates": [ -0.312789052724838, 5.505256652832031 ] } },
{ "type": "Feature", "properties": { "particle": 1503, "seed_idx": 75, "valid": true, "snap_water": false, "snap_m": 0.0 }, "geometry": { "type": "Point", "coordinates": [ -0.319318175315857, 5.509789943695068 ] } },
{ "type": "Feature", "properties": { "particle": 1504, "seed_idx": 75, "valid": true, "snap_water": false, "snap_m": 0.0 }, "geometry": { "type": "Point", "coordinates": [ -0.312872737646103, 5.505204200744629 ] } },
{ "type": "Feature", "properties": { "particle": 1505, "seed_idx": 75, "valid": true, "snap_water": false, "snap_m": 0.0 }, "geometry": { "type": "Point", "coordinates": [ -0.312976628541946, 5.505446910858154 ] } },
{ "type": "Feature", "properties": { "particle": 1506, "seed_idx": 75, "valid": true, "snap_water": false, "snap_m": 0.0 }, "geometry": { "type": "Point", "coordinates": [ -0.313023120164871, 5.50493049621582 ] } },
{ "type": "Feature", "properties": { "particle": 1507, "seed_idx": 75, "valid": true, "snap_water": true, "snap_m": 60.687466 }, "geometry": { "type": "Point", "coordinates": [ -0.312999993562698, 5.505000114440918 ] } },
{ "type": "Feature", "properties": { "particle": 1508, "seed_idx": 75, "valid": true, "snap_water": false, "snap_m": 0.0 }, "geometry": { "type": "Point", "coordinates": [ -0.312788873910904, 5.505434513092041 ] } },
{ "type": "Feature", "properties": { "particle": 1509, "seed_idx": 75, "valid": true, "snap_water": false, "snap_m": 0.0 }, "geometry": { "type": "Point", "coordinates": [ -0.313078820705414, 5.505422115325928 ] } },
{ "type": "Feature", "properties": { "particle": 1510, "seed_idx": 75, "valid": true, "snap_water": false, "snap_m": 0.0 }, "geometry": { "type": "Point", "coordinates": [ -0.313000917434692, 5.505418300628662 ] } },
{ "type": "Feature", "properties": { "particle": 1511, "seed_idx": 75, "valid": true, "snap_water": false, "snap_m": 0.0 }, "geometry": { "type": "Point", "coordinates": [ -0.312874227762222, 5.50538158416748 ] } },
{ "type": "Feature", "properties": { "particle": 1512, "seed_idx": 75, "valid": true, "snap_water": false, "snap_m": 0.0 }, "geometry": { "type": "Point", "coordinates": [ -0.319738864898682, 5.509750843048096 ] } },
{ "type": "Feature", "properties": { "particle": 1513, "seed_idx": 75, "valid": true, "snap_water": false, "snap_m": 0.0 }, "geometry": { "type": "Point", "coordinates": [ -0.312821716070175, 5.505321979522705 ] } },
{ "type": "Feature", "properties": { "particle": 1514, "seed_idx": 75, "valid": true, "snap_water": false, "snap_m": 0.0 }, "geometry": { "type": "Point", "coordinates": [ -0.315699130296707, 5.507613182067871 ] } },
{ "type": "Feature", "properties": { "particle": 1515, "seed_idx": 75, "valid": true, "snap_water": false, "snap_m": 0.0 }, "geometry": { "type": "Point", "coordinates": [ -0.312763839960098, 5.50525426864624 ] } },
{ "type": "Feature", "properties": { "particle": 1516, "seed_idx": 75, "valid": true, "snap_water": false, "snap_m": 0.0 }, "geometry": { "type": "Point", "coordinates": [ -0.313081443309784, 5.505244255065918 ] } },
{ "type": "Feature", "properties": { "particle": 1517, "seed_idx": 75, "valid": true, "snap_water": false, "snap_m": 0.0 }, "geometry": { "type": "Point", "coordinates": [ -0.31299015879631, 5.505431652069092 ] } },
{ "type": "Feature", "properties": { "particle": 1518, "seed_idx": 75, "valid": true, "snap_water": false, "snap_m": 0.0 }, "geometry": { "type": "Point", "coordinates": [ -0.312987416982651, 5.505166053771973 ] } },
{ "type": "Feature", "properties": { "particle": 1519, "seed_idx": 75, "valid": true, "snap_water": true, "snap_m": 58.510502 }, "geometry": { "type": "Point", "coordinates": [ -0.312999993562698, 5.505000114440918 ] } },
{ "type": "Feature", "properties": { "particle": 1520, "seed_idx": 76, "valid": true, "snap_water": false, "snap_m": 0.0 }, "geometry": { "type": "Point", "coordinates": [ -0.313074737787247, 5.50548791885376 ] } },
{ "type": "Feature", "properties": { "particle": 1521, "seed_idx": 76, "valid": true, "snap_water": false, "snap_m": 0.0 }, "geometry": { "type": "Point", "coordinates": [ -0.319909393787384, 5.50978946685791 ] } },
{ "type": "Feature", "properties": { "particle": 1522, "seed_idx": 76, "valid": true, "snap_water": false, "snap_m": 0.0 }, "geometry": { "type": "Point", "coordinates": [ -0.32013463973999, 5.509657382965088 ] } },
{ "type": "Feature", "properties": { "particle": 1523, "seed_idx": 76, "valid": true, "snap_water": false, "snap_m": 0.0 }, "geometry": { "type": "Point", "coordinates": [ -0.320022404193878, 5.509366035461426 ] } },
{ "type": "Feature", "properties": { "particle": 1524, "seed_idx": 76, "valid": true, "snap_water": false, "snap_m": 0.0 }, "geometry": { "type": "Point", "coordinates": [ -0.321750372648239, 5.509996891021729 ] } },
{ "type": "Feature", "properties": { "particle": 1525, "seed_idx": 76, "valid": true, "snap_water": false, "snap_m": 0.0 }, "geometry": { "type": "Point", "coordinates": [ -0.312823206186295, 5.50523853302002 ] } },
{ "type": "Feature", "properties": { "particle": 1526, "seed_idx": 76, "valid": true, "snap_water": false, "snap_m": 0.0 }, "geometry": { "type": "Point", "coordinates": [ -0.321828424930573, 5.510040760040283 ] } },
{ "type": "Feature", "properties": { "particle": 1527, "seed_idx": 76, "valid": true, "snap_water": false, "snap_m": 0.0 }, "geometry": { "type": "Point", "coordinates": [ -0.319768309593201, 5.509614944458008 ] } },
{ "type": "Feature", "properties": { "particle": 1528, "seed_idx": 76, "valid": true, "snap_water": false, "snap_m": 0.0 }, "geometry": { "type": "Point", "coordinates": [ -0.319223433732986, 5.509721755981445 ] } },
{ "type": "Feature", "properties": { "particle": 1529, "seed_idx": 76, "valid": true, "snap_water": false, "snap_m": 0.0 }, "geometry": { "type": "Point", "coordinates": [ -0.313612580299377, 5.504732608795166 ] } },
{ "type": "Feature", "properties": { "particle": 1530, "seed_idx": 76, "valid": true, "snap_water": false, "snap_m": 0.0 }, "geometry": { "type": "Point", "coordinates": [ -0.321838855743408, 5.510201930999756 ] } },
{ "type": "Feature", "properties": { "particle": 1531, "seed_idx": 76, "valid": true, "snap_water": false, "snap_m": 0.0 }, "geometry": { "type": "Point", "coordinates": [ -0.319519430398941, 5.509673595428467 ] } },
{ "type": "Feature", "properties": { "particle": 1532, "seed_idx": 76, "valid": true, "snap_water": false, "snap_m": 0.0 }, "geometry": { "type": "Point", "coordinates": [ -0.319054186344147, 5.509891033172607 ] } },
{ "type": "Feature", "properties": { "particle": 1533, "seed_idx": 76, "valid": true, "snap_water": false, "snap_m": 0.0 }, "geometry": { "type": "Point", "coordinates": [ -0.32066485285759, 5.509766578674316 ] } },
{ "type": "Feature", "properties": { "particle": 1534, "seed_idx": 76, "valid": true, "snap_water": true, "snap_m": 58.564472 }, "geometry": { "type": "Point", "coordinates": [ -0.312999993562698, 5.505000114440918 ] } },
{ "type": "Feature", "properties": { "particle": 1535, "seed_idx": 76, "valid": true, "snap_water": false, "snap_m": 0.0 }, "geometry": { "type": "Point", "coordinates": [ -0.319135725498199, 5.509791374206543 ] } },
{ "type": "Feature", "properties": { "particle": 1536, "seed_idx": 76, "valid": true, "snap_water": false, "snap_m": 0.0 }, "geometry": { "type": "Point", "coordinates": [ -0.319261163473129, 5.509762287139893 ] } },
{ "type": "Feature", "properties": { "particle": 1537, "seed_idx": 76, "valid": true, "snap_water": false, "snap_m": 0.0 }, "geometry": { "type": "Point", "coordinates": [ -0.321295320987701, 5.510006427764893 ] } },
{ "type": "Feature", "properties": { "particle": 1538, "seed_idx": 76, "valid": true, "snap_water": false, "snap_m": 0.0 }, "geometry": { "type": "Point", "coordinates": [ -0.319781124591827, 5.509570121765137 ] } },
{ "type": "Feature", "properties": { "particle": 1539, "seed_idx": 76, "valid": true, "snap_water": false, "snap_m": 0.0 }, "geometry": { "type": "Point", "coordinates": [ -0.313063442707062, 5.505152702331543 ] } },
{ "type": "Feature", "properties": { "particle": 1540, "seed_idx": 77, "valid": true, "snap_water": false, "snap_m": 0.0 }, "geometry": { "type": "Point", "coordinates": [ -0.320034712553024, 5.509449481964111 ] } },
{ "type": "Feature", "properties": { "particle": 1541, "seed_idx": 77, "valid": true, "snap_water": false, "snap_m": 0.0 }, "geometry": { "type": "Point", "coordinates": [ -0.318936824798584, 5.51008129119873 ] } },
{ "type": "Feature", "properties": { "particle": 1542, "seed_idx": 77, "valid": true, "snap_water": false, "snap_m": 0.0 }, "geometry": { "type": "Point", "coordinates": [ -0.320421665906906, 5.509780406951904 ] } },
{ "type": "Feature", "properties": { "particle": 1543, "seed_idx": 77, "valid": true, "snap_water": false, "snap_m": 0.0 }, "geometry": { "type": "Point", "coordinates": [ -0.319038927555084, 5.509780883789062 ] } },
{ "type": "Feature", "properties": { "particle": 1544, "seed_idx": 77, "valid": true, "snap_water": false, "snap_m": 0.0 }, "geometry": { "type": "Point", "coordinates": [ -0.319047689437866, 5.510025978088379 ] } },
{ "type": "Feature", "properties": { "particle": 1545, "seed_idx": 77, "valid": true, "snap_water": true, "snap_m": 61.274372 }, "geometry": { "type": "Point", "coordinates": [ -0.321999996900558, 5.510000228881836 ] } },
{ "type": "Feature", "properties": { "particle": 1546, "seed_idx": 77, "valid": true, "snap_water": false, "snap_m": 0.0 }, "geometry": { "type": "Point", "coordinates": [ -0.319062113761902, 5.510190010070801 ] } },
{ "type": "Feature", "properties": { "particle": 1547, "seed_idx": 77, "valid": true, "snap_water": false, "snap_m": 0.0 }, "geometry": { "type": "Point", "coordinates": [ -0.318979173898697, 5.509625911712646 ] } },
{ "type": "Feature", "properties": { "particle": 1548, "seed_idx": 77, "valid": true, "snap_water": false, "snap_m": 0.0 }, "geometry": { "type": "Point", "coordinates": [ -0.320359230041504, 5.509613513946533 ] } },
{ "type": "Feature", "properties": { "particle": 1549, "seed_idx": 77, "valid": true, "snap_water": false, "snap_m": 0.0 }, "geometry": { "type": "Point", "coordinates": [ -0.319652765989304, 5.509698867797852 ] } },
{ "type": "Feature", "properties": { "particle": 1550, "seed_idx": 77, "valid": true, "snap_water": false, "snap_m": 0.0 }, "geometry": { "type": "Point", "coordinates": [ -0.319434434175491, 5.509634971618652 ] } },
{ "type": "Feature", "properties": { "particle": 1551, "seed_idx": 77, "valid": true, "snap_water": false, "snap_m": 0.0 }, "geometry": { "type": "Point", "coordinates": [ -0.318900555372238, 5.509675025939941 ] } },
{ "type": "Feature", "properties": { "particle": 1552, "seed_idx": 77, "valid": true, "snap_water": false, "snap_m": 0.0 }, "geometry": { "type": "Point", "coordinates": [ -0.319389253854752, 5.509698867797852 ] } },
{ "type": "Feature", "properties": { "particle": 1553, "seed_idx": 77, "valid": true, "snap_water": true, "snap_m": 61.994568 }, "geometry": { "type": "Point", "coordinates": [ -0.312999993562698, 5.505000114440918 ] } },
{ "type": "Feature", "properties": { "particle": 1554, "seed_idx": 77, "valid": true, "snap_water": false, "snap_m": 0.0 }, "geometry": { "type": "Point", "coordinates": [ -0.318830043077469, 5.509708404541016 ] } },
{ "type": "Feature", "properties": { "particle": 1555, "seed_idx": 77, "valid": true, "snap_water": false, "snap_m": 0.0 }, "geometry": { "type": "Point", "coordinates": [ -0.319594085216522, 5.509657859802246 ] } },
{ "type": "Feature", "properties": { "particle": 1556, "seed_idx": 77, "valid": true, "snap_water": false, "snap_m": 0.0 }, "geometry": { "type": "Point", "coordinates": [ -0.321747601032257, 5.510213851928711 ] } },
{ "type": "Feature", "properties": { "particle": 1557, "seed_idx": 77, "valid": true, "snap_water": false, "snap_m": 0.0 }, "geometry": { "type": "Point", "coordinates": [ -0.319941252470016, 5.50972843170166 ] } },
{ "type": "Feature", "properties": { "particle": 1558, "seed_idx": 77, "valid": true, "snap_water": false, "snap_m": 0.0 }, "geometry": { "type": "Point", "coordinates": [ -0.31993767619133, 5.509613990783691 ] } },
{ "type": "Feature", "properties": { "particle": 1559, "seed_idx": 77, "valid": true, "snap_water": false, "snap_m": 0.0 }, "geometry": { "type": "Point", "coordinates": [ -0.319421380758286, 5.50971508026123 ] } },
{ "type": "Feature", "properties": { "particle": 1560, "seed_idx": 78, "valid": true, "snap_water": false, "snap_m": 0.0 }, "geometry": { "type": "Point", "coordinates": [ -0.318887203931808, 5.510068416595459 ] } },
{ "type": "Feature", "properties": { "particle": 1561, "seed_idx": 78, "valid": true, "snap_water": false, "snap_m": 0.0 }, "geometry": { "type": "Point", "coordinates": [ -0.319626688957214, 5.509697437286377 ] } },
{ "type": "Feature", "properties": { "particle": 1562, "seed_idx": 78, "valid": true, "snap_water": false, "snap_m": 0.0 }, "geometry": { "type": "Point", "coordinates": [ -0.32185959815979, 5.510311603546143 ] } },
{ "type": "Feature", "properties": { "particle": 1563, "seed_idx": 78, "valid": true, "snap_water": false, "snap_m": 0.0 }, "geometry": { "type": "Point", "coordinates": [ -0.320010960102081, 5.509745597839355 ] } },
{ "type": "Feature", "properties": { "particle": 1564, "seed_idx": 78, "valid": true, "snap_water": false, "snap_m": 0.0 }, "geometry": { "type": "Point", "coordinates": [ -0.318778961896896, 5.509877681732178 ] } },
{ "type": "Feature", "properties": { "particle": 1565, "seed_idx": 78, "valid": true, "snap_water": false, "snap_m": 0.0 }, "geometry": { "type": "Point", "coordinates": [ -0.318824380636215, 5.510112285614014 ] } },
{ "type": "Feature", "properties": { "particle": 1566, "seed_idx": 78, "valid": true, "snap_water": false, "snap_m": 0.0 }, "geometry": { "type": "Point", "coordinates": [ -0.319092988967896, 5.509753704071045 ] } },
{ "type": "Feature", "properties": { "particle": 1567, "seed_idx": 78, "valid": true, "snap_water": false, "snap_m": 0.0 }, "geometry": { "type": "Point", "coordinates": [ -0.320377737283707, 5.509594917297363 ] } },
{ "type": "Feature", "properties": { "particle": 1568, "seed_idx": 78, "valid": true, "snap_water": false, "snap_m": 0.0 }, "geometry": { "type": "Point", "coordinates": [ -0.321754276752472, 5.510377883911133 ] } },
{ "type": "Feature", "properties": { "particle": 1569, "seed_idx": 78, "valid": true, "snap_water": false, "snap_m": 0.0 }, "geometry": { "type": "Point", "coordinates": [ -0.321803212165833, 5.510390281677246 ] } },
{ "type": "Feature", "properties": { "particle": 1570, "seed_idx": 78, "valid": true, "snap_water": false, "snap_m": 0.0 }, "geometry": { "type": "Point", "coordinates": [ -0.318906754255295, 5.510069370269775 ] } },
{ "type": "Feature", "properties": { "particle": 1571, "seed_idx": 78, "valid": true, "snap_water": false, "snap_m": 0.0 }, "geometry": { "type": "Point", "coordinates": [ -0.318836122751236, 5.509710311889648 ] } },
{ "type": "Feature", "properties": { "particle": 1572, "seed_idx": 78, "valid": true, "snap_water": false, "snap_m": 0.0 }, "geometry": { "type": "Point", "coordinates": [ -0.319776892662048, 5.509553909301758 ] } },
{ "type": "Feature", "properties": { "particle": 1573, "seed_idx": 78, "valid": true, "snap_water": false, "snap_m": 0.0 }, "geometry": { "type": "Point", "coordinates": [ -0.318967372179031, 5.509711742401123 ] } },
{ "type": "Feature", "properties": { "particle": 1574, "seed_idx": 78, "valid": true, "snap_water": false, "snap_m": 0.0 }, "geometry": { "type": "Point", "coordinates": [ -0.318818062543869, 5.510054111480713 ] } },
{ "type": "Feature", "properties": { "particle": 1575, "seed_idx": 78, "valid": true, "snap_water": false, "snap_m": 0.0 }, "geometry": { "type": "Point", "coordinates": [ -0.318764954805374, 5.510147571563721 ] } },
{ "type": "Feature", "properties": { "particle": 1576, "seed_idx": 78, "valid": true, "snap_water": false, "snap_m": 0.0 }, "geometry": { "type": "Point", "coordinates": [ -0.319027185440063, 5.51044225692749 ] } },
{ "type": "Feature", "properties": { "particle": 1577, "seed_idx": 78, "valid": true, "snap_water": false, "snap_m": 0.0 }, "geometry": { "type": "Point", "coordinates": [ -0.318853586912155, 5.51007604598999 ] } },
{ "type": "Feature", "properties": { "particle": 1578, "seed_idx": 78, "valid": true, "snap_water": false, "snap_m": 0.0 }, "geometry": { "type": "Point", "coordinates": [ -0.318947315216064, 5.5102219581604 ] } },
{ "type": "Feature", "properties": { "particle": 1579, "seed_idx": 78, "valid": true, "snap_water": true, "snap_m": 54.59256 }, "geometry": { "type": "Point", "coordinates": [ -0.319000005722046, 5.510000228881836 ] } },
{ "type": "Feature", "properties": { "particle": 1580, "seed_idx": 79, "valid": true, "snap_water": false, "snap_m": 0.0 }, "geometry": { "type": "Point", "coordinates": [ -0.318384826183319, 5.510663032531738 ] } },
{ "type": "Feature", "properties": { "particle": 1581, "seed_idx": 79, "valid": true, "snap_water": false, "snap_m": 0.0 }, "geometry": { "type": "Point", "coordinates": [ -0.319703370332718, 5.509666442871094 ] } },
{ "type": "Feature", "properties": { "particle": 1582, "seed_idx": 79, "valid": true, "snap_water": true, "snap_m": 78.429176 }, "geometry": { "type": "Point", "coordinates": [ -0.317999988794327, 5.511000156402588 ] } },
{ "type": "Feature", "properties": { "particle": 1583, "seed_idx": 79, "valid": true, "snap_water": true, "snap_m": 86.473984 }, "geometry": { "type": "Point", "coordinates": [ -0.319000005722046, 5.510000228881836 ] } },
{ "type": "Feature", "properties": { "particle": 1584, "seed_idx": 79, "valid": true, "snap_water": false, "snap_m": 0.0 }, "geometry": { "type": "Point", "coordinates": [ -0.318749815225601, 5.510426998138428 ] } },
{ "type": "Feature", "properties": { "particle": 1585, "seed_idx": 79, "valid": true, "snap_water": true, "snap_m": 57.755486 }, "geometry": { "type": "Point", "coordinates": [ -0.321999996900558, 5.510000228881836 ] } },
{ "type": "Feature", "properties": { "particle": 1586, "seed_idx": 79, "valid": true, "snap_water": true, "snap_m": 74.584305 }, "geometry": { "type": "Point", "coordinates": [ -0.317999988794327, 5.511000156402588 ] } },
{ "type": "Feature", "properties": { "particle": 1587, "seed_idx": 79, "valid": true, "snap_water": false, "snap_m": 0.0 }, "geometry": { "type": "Point", "coordinates": [ -0.318745732307434, 5.510393619537354 ] } },
{ "type": "Feature", "properties": { "particle": 1588, "seed_idx": 79, "valid": true, "snap_water": true, "snap_m": 75.709892 }, "geometry": { "type": "Point", "coordinates": [ -0.317999988794327, 5.511000156402588 ] } },
{ "type": "Feature", "properties": { "particle": 1589, "seed_idx": 79, "valid": true, "snap_water": false, "snap_m": 0.0 }, "geometry": { "type": "Point", "coordinates": [ -0.318351000547409, 5.510574817657471 ] } },
{ "type": "Feature", "properties": { "particle": 1590, "seed_idx": 79, "valid": true, "snap_water": false, "snap_m": 0.0 }, "geometry": { "type": "Point", "coordinates": [ -0.318903684616089, 5.510443210601807 ] } },
{ "type": "Feature", "properties": { "particle": 1591, "seed_idx": 79, "valid": true, "snap_water": false, "snap_m": 0.0 }, "geometry": { "type": "Point", "coordinates": [ -0.318254351615906, 5.510723114013672 ] } },
{ "type": "Feature", "properties": { "particle": 1592, "seed_idx": 79, "valid": true, "snap_water": true, "snap_m": 63.207638 }, "geometry": { "type": "Point", "coordinates": [ -0.319000005722046, 5.510000228881836 ] } },
{ "type": "Feature", "properties": { "particle": 1593, "seed_idx": 79, "valid": true, "snap_water": true, "snap_m": 61.012169 }, "geometry": { "type": "Point", "coordinates": [ -0.319000005722046, 5.510000228881836 ] } },
{ "type": "Feature", "properties": { "particle": 1594, "seed_idx": 79, "valid": true, "snap_water": true, "snap_m": 85.01458 }, "geometry": { "type": "Point", "coordinates": [ -0.319000005722046, 5.510000228881836 ] } },
{ "type": "Feature", "properties": { "particle": 1595, "seed_idx": 79, "valid": true, "snap_water": false, "snap_m": 0.0 }, "geometry": { "type": "Point", "coordinates": [ -0.318784415721893, 5.510280609130859 ] } },
{ "type": "Feature", "properties": { "particle": 1596, "seed_idx": 79, "valid": true, "snap_water": false, "snap_m": 0.0 }, "geometry": { "type": "Point", "coordinates": [ -0.319061666727066, 5.510307788848877 ] } },
{ "type": "Feature", "properties": { "particle": 1597, "seed_idx": 79, "valid": true, "snap_water": true, "snap_m": 67.171265 }, "geometry": { "type": "Point", "coordinates": [ -0.317999988794327, 5.511000156402588 ] } },
{ "type": "Feature", "properties": { "particle": 1598, "seed_idx": 79, "valid": true, "snap_water": false, "snap_m": 0.0 }, "geometry": { "type": "Point", "coordinates": [ -0.317535221576691, 5.510763168334961 ] } },
{ "type": "Feature", "properties": { "particle": 1599, "seed_idx": 79, "valid": true, "snap_water": true, "snap_m": 81.337967 }, "geometry": { "type": "Point", "coordinates": [ -0.319000005722046, 5.510000228881836 ] } },
{ "type": "Feature", "properties": { "particle": 1600, "seed_idx": 80, "valid": true, "snap_water": true, "snap_m": 78.784851 }, "geometry": { "type": "Point", "coordinates": [ -0.317999988794327, 5.511000156402588 ] } },
{ "type": "Feature", "properties": { "particle": 1601, "seed_idx": 80, "valid": true, "snap_water": true, "snap_m": 69.260612 }, "geometry": { "type": "Point", "coordinates": [ -0.319000005722046, 5.510000228881836 ] } },
{ "type": "Feature", "properties": { "particle": 1602, "seed_idx": 80, "valid": true, "snap_water": false, "snap_m": 0.0 }, "geometry": { "type": "Point", "coordinates": [ -0.318486005067825, 5.51063060760498 ] } },
{ "type": "Feature", "properties": { "particle": 1603, "seed_idx": 80, "valid": true, "snap_water": true, "snap_m": 86.221024 }, "geometry": { "type": "Point", "coordinates": [ -0.317999988794327, 5.511000156402588 ] } },
{ "type": "Feature", "properties": { "particle": 1604, "seed_idx": 80, "valid": true, "snap_water": true, "snap_m": 79.508705 }, "geometry": { "type": "Point", "coordinates": [ -0.319000005722046, 5.510000228881836 ] } },
{ "type": "Feature", "properties": { "particle": 1605, "seed_idx": 80, "valid": true, "snap_water": true, "snap_m": 74.229881 }, "geometry": { "type": "Point", "coordinates": [ -0.317999988794327, 5.511000156402588 ] } },
{ "type": "Feature", "properties": { "particle": 1606, "seed_idx": 80, "valid": true, "snap_water": true, "snap_m": 77.39904 }, "geometry": { "type": "Point", "coordinates": [ -0.317999988794327, 5.511000156402588 ] } },
{ "type": "Feature", "properties": { "particle": 1607, "seed_idx": 80, "valid": true, "snap_water": true, "snap_m": 79.140884 }, "geometry": { "type": "Point", "coordinates": [ -0.317999988794327, 5.511000156402588 ] } },
{ "type": "Feature", "properties": { "particle": 1608, "seed_idx": 80, "valid": true, "snap_water": true, "snap_m": 54.743568 }, "geometry": { "type": "Point", "coordinates": [ -0.319000005722046, 5.510000228881836 ] } },
{ "type": "Feature", "properties": { "particle": 1609, "seed_idx": 80, "valid": true, "snap_water": true, "snap_m": 64.484627 }, "geometry": { "type": "Point", "coordinates": [ -0.319000005722046, 5.510000228881836 ] } },
{ "type": "Feature", "properties": { "particle": 1610, "seed_idx": 80, "valid": true, "snap_water": true, "snap_m": 83.795799 }, "geometry": { "type": "Point", "coordinates": [ -0.317999988794327, 5.511000156402588 ] } },
{ "type": "Feature", "properties": { "particle": 1611, "seed_idx": 80, "valid": true, "snap_water": true, "snap_m": 85.019424 }, "geometry": { "type": "Point", "coordinates": [ -0.319000005722046, 5.510000228881836 ] } },
{ "type": "Feature", "properties": { "particle": 1612, "seed_idx": 80, "valid": true, "snap_water": true, "snap_m": 62.027851 }, "geometry": { "type": "Point", "coordinates": [ -0.319000005722046, 5.510000228881836 ] } },
{ "type": "Feature", "properties": { "particle": 1613, "seed_idx": 80, "valid": true, "snap_water": true, "snap_m": 70.270134 }, "geometry": { "type": "Point", "coordinates": [ -0.317999988794327, 5.511000156402588 ] } },
{ "type": "Feature", "properties": { "particle": 1614, "seed_idx": 80, "valid": true, "snap_water": true, "snap_m": 75.938858 }, "geometry": { "type": "Point", "coordinates": [ -0.319000005722046, 5.510000228881836 ] } },
{ "type": "Feature", "properties": { "particle": 1615, "seed_idx": 80, "valid": true, "snap_water": false, "snap_m": 0.0 }, "geometry": { "type": "Point", "coordinates": [ -0.318770885467529, 5.510396480560303 ] } },
{ "type": "Feature", "properties": { "particle": 1616, "seed_idx": 80, "valid": true, "snap_water": false, "snap_m": 0.0 }, "geometry": { "type": "Point", "coordinates": [ -0.318786919116974, 5.510103225708008 ] } },
{ "type": "Feature", "properties": { "particle": 1617, "seed_idx": 80, "valid": true, "snap_water": true, "snap_m": 64.806412 }, "geometry": { "type": "Point", "coordinates": [ -0.319000005722046, 5.510000228881836 ] } },
{ "type": "Feature", "properties": { "particle": 1618, "seed_idx": 80, "valid": true, "snap_water": true, "snap_m": 85.43737 }, "geometry": { "type": "Point", "coordinates": [ -0.319000005722046, 5.510000228881836 ] } },
{ "type": "Feature", "properties": { "particle": 1619, "seed_idx": 80, "valid": true, "snap_water": true, "snap_m": 83.306931 }, "geometry": { "type": "Point", "coordinates": [ -0.317999988794327, 5.511000156402588 ] } },
{ "type": "Feature", "properties": { "particle": 1620, "seed_idx": 81, "valid": true, "snap_water": false, "snap_m": 0.0 }, "geometry": { "type": "Point", "coordinates": [ -0.318847477436066, 5.510334014892578 ] } },
{ "type": "Feature", "properties": { "particle": 1621, "seed_idx": 81, "valid": true, "snap_water": false, "snap_m": 0.0 }, "geometry": { "type": "Point", "coordinates": [ -0.3204385638237, 5.509759902954102 ] } },
{ "type": "Feature", "properties": { "particle": 1622, "seed_idx": 81, "valid": true, "snap_water": true, "snap_m": 72.462822 }, "geometry": { "type": "Point", "coordinates": [ -0.319000005722046, 5.510000228881836 ] } },
{ "type": "Feature", "properties": { "particle": 1623, "seed_idx": 81, "valid": true, "snap_water": true, "snap_m": 72.037529 }, "geometry": { "type": "Point", "coordinates": [ -0.319000005722046, 5.510000228881836 ] } },
{ "type": "Feature", "properties": { "particle": 1624, "seed_idx": 81, "valid": true, "snap_water": false, "snap_m": 0.0 }, "geometry": { "type": "Point", "coordinates": [ -0.319022476673126, 5.50999641418457 ] } },
{ "type": "Feature", "properties": { "particle": 1625, "seed_idx": 81, "valid": true, "snap_water": true, "snap_m": 60.792942 }, "geometry": { "type": "Point", "coordinates": [ -0.319000005722046, 5.510000228881836 ] } },
{ "type": "Feature", "properties": { "particle": 1626, "seed_idx": 81, "valid": true, "snap_water": false, "snap_m": 0.0 }, "geometry": { "type": "Point", "coordinates": [ -0.318788945674896, 5.510339260101318 ] } },
{ "type": "Feature", "properties": { "particle": 1627, "seed_idx": 81, "valid": true, "snap_water": true, "snap_m": 87.436417 }, "geometry": { "type": "Point", "coordinates": [ -0.319000005722046, 5.510000228881836 ] } },
{ "type": "Feature", "properties": { "particle": 1628, "seed_idx": 81, "valid": true, "snap_water": false, "snap_m": 0.0 }, "geometry": { "type": "Point", "coordinates": [ -0.31891393661499, 5.510384082794189 ] } },
{ "type": "Feature", "properties": { "particle": 1629, "seed_idx": 81, "valid": true, "snap_water": false, "snap_m": 0.0 }, "geometry": { "type": "Point", "coordinates": [ -0.318794250488281, 5.510371208190918 ] } },
{ "type": "Feature", "properties": { "particle": 1630, "seed_idx": 81, "valid": true, "snap_water": false, "snap_m": 0.0 }, "geometry": { "type": "Point", "coordinates": [ -0.318839192390442, 5.510236263275146 ] } },
{ "type": "Feature", "properties": { "particle": 1631, "seed_idx": 81, "valid": true, "snap_water": false, "snap_m": 0.0 }, "geometry": { "type": "Point", "coordinates": [ -0.319037199020386, 5.509942531585693 ] } },
{ "type": "Feature", "properties": { "particle": 1632, "seed_idx": 81, "valid": true, "snap_water": false, "snap_m": 0.0 }, "geometry": { "type": "Point", "coordinates": [ -0.31843689084053, 5.510776519775391 ] } },
{ "type": "Feature", "properties": { "particle": 1633, "seed_idx": 81, "valid": true, "snap_water": true, "snap_m": 75.782043 }, "geometry": { "type": "Point", "coordinates": [ -0.317999988794327, 5.511000156402588 ] } },
{ "type": "Feature", "properties": { "particle": 1634, "seed_idx": 81, "valid": true, "snap_water": false, "snap_m": 0.0 }, "geometry": { "type": "Point", "coordinates": [ -0.318791329860687, 5.510397911071777 ] } },
{ "type": "Feature", "properties": { "particle": 1635, "seed_idx": 81, "valid": true, "snap_water": true, "snap_m": 69.947517 }, "geometry": { "type": "Point", "coordinates": [ -0.319000005722046, 5.510000228881836 ] } },
{ "type": "Feature", "properties": { "particle": 1636, "seed_idx": 81, "valid": true, "snap_water": false, "snap_m": 0.0 }, "geometry": { "type": "Point", "coordinates": [ -0.318788439035416, 5.510030746459961 ] } },
{ "type": "Feature", "properties": { "particle": 1637, "seed_idx": 81, "valid": true, "snap_water": true, "snap_m": 72.747086 }, "geometry": { "type": "Point", "coordinates": [ -0.319000005722046, 5.510000228881836 ] } },
{ "type": "Feature", "properties": { "particle": 1638, "seed_idx": 81, "valid": true, "snap_water": false, "snap_m": 0.0 }, "geometry": { "type": "Point", "coordinates": [ -0.319882452487946, 5.509670257568359 ] } },
{ "type": "Feature", "properties": { "particle": 1639, "seed_idx": 81, "valid": true, "snap_water": false, "snap_m": 0.0 }, "geometry": { "type": "Point", "coordinates": [ -0.318484365940094, 5.510717868804932 ] } },
{ "type": "Feature", "properties": { "particle": 1640, "seed_idx": 82, "valid": true, "snap_water": true, "snap_m": 68.043358 }, "geometry": { "type": "Point", "coordinates": [ -0.319000005722046, 5.510000228881836 ] } },
{ "type": "Feature", "properties": { "particle": 1641, "seed_idx": 82, "valid": true, "snap_water": false, "snap_m": 0.0 }, "geometry": { "type": "Point", "coordinates": [ -0.318935632705688, 5.50978422164917 ] } },
{ "type": "Feature", "properties": { "particle": 1642, "seed_idx": 82, "valid": true, "snap_water": false, "snap_m": 0.0 }, "geometry": { "type": "Point", "coordinates": [ -0.318750947713852, 5.510126113891602 ] } },
{ "type": "Feature", "properties": { "particle": 1643, "seed_idx": 82, "valid": true, "snap_water": true, "snap_m": 63.239822 }, "geometry": { "type": "Point", "coordinates": [ -0.319000005722046, 5.510000228881836 ] } },
{ "type": "Feature", "properties": { "particle": 1644, "seed_idx": 82, "valid": true, "snap_water": true, "snap_m": 64.559853 }, "geometry": { "type": "Point", "coordinates": [ -0.319000005722046, 5.510000228881836 ] } },
{ "type": "Feature", "properties": { "particle": 1645, "seed_idx": 82, "valid": true, "snap_water": false, "snap_m": 0.0 }, "geometry": { "type": "Point", "coordinates": [ -0.318869471549988, 5.509982585906982 ] } },
{ "type": "Feature", "properties": { "particle": 1646, "seed_idx": 82, "valid": true, "snap_water": false, "snap_m": 0.0 }, "geometry": { "type": "Point", "coordinates": [ -0.322050094604492, 5.509964466094971 ] } },
{ "type": "Feature", "properties": { "particle": 1647, "seed_idx": 82, "valid": true, "snap_water": false, "snap_m": 0.0 }, "geometry": { "type": "Point", "coordinates": [ -0.320292174816132, 5.509737491607666 ] } },
{ "type": "Feature", "properties": { "particle": 1648, "seed_idx": 82, "valid": true, "snap_water": false, "snap_m": 0.0 }, "geometry": { "type": "Point", "coordinates": [ -0.320161551237106, 5.509683609008789 ] } },
{ "type": "Feature", "properties": { "particle": 1649, "seed_idx": 82, "valid": true, "snap_water": true, "snap_m": 69.147667 }, "geometry": { "type": "Point", "coordinates": [ -0.319000005722046, 5.510000228881836 ] } },
{ "type": "Feature", "properties": { "particle": 1650, "seed_idx": 82, "valid": true, "snap_water": false, "snap_m": 0.0 }, "geometry": { "type": "Point", "coordinates": [ -0.320065379142761, 5.509698867797852 ] } },
{ "type": "Feature", "properties": { "particle": 1651, "seed_idx": 82, "valid": true, "snap_water": false, "snap_m": 0.0 }, "geometry": { "type": "Point", "coordinates": [ -0.319264084100723, 5.50970458984375 ] } },
{ "type": "Feature", "properties": { "particle": 1652, "seed_idx": 82, "valid": true, "snap_water": false, "snap_m": 0.0 }, "geometry": { "type": "Point", "coordinates": [ -0.319955706596375, 5.509678363800049 ] } },
{ "type": "Feature", "properties": { "particle": 1653, "seed_idx": 82, "valid": true, "snap_water": false, "snap_m": 0.0 }, "geometry": { "type": "Point", "coordinates": [ -0.319058269262314, 5.510208129882812 ] } },
{ "type": "Feature", "properties": { "particle": 1654, "seed_idx": 82, "valid": true, "snap_water": true, "snap_m": 67.651291 }, "geometry": { "type": "Point", "coordinates": [ -0.319000005722046, 5.510000228881836 ] } },
{ "type": "Feature", "properties": { "particle": 1655, "seed_idx": 82, "valid": true, "snap_water": false, "snap_m": 0.0 }, "geometry": { "type": "Point", "coordinates": [ -0.318884760141373, 5.510051727294922 ] } },
{ "type": "Feature", "properties": { "particle": 1656, "seed_idx": 82, "valid": true, "snap_water": false, "snap_m": 0.0 }, "geometry": { "type": "Point", "coordinates": [ -0.320093601942062, 5.509714603424072 ] } },
{ "type": "Feature", "properties": { "particle": 1657, "seed_idx": 82, "valid": true, "snap_water": false, "snap_m": 0.0 }, "geometry": { "type": "Point", "coordinates": [ -0.321856260299683, 5.510396480560303 ] } },
{ "type": "Feature", "properties": { "particle": 1658, "seed_idx": 82, "valid": true, "snap_water": false, "snap_m": 0.0 }, "geometry": { "type": "Point", "coordinates": [ -0.318771868944168, 5.510170459747314 ] } },
{ "type": "Feature", "properties": { "particle": 1659, "seed_idx": 82, "valid": true, "snap_water": true, "snap_m": 73.26268 }, "geometry": { "type": "Point", "coordinates": [ -0.317999988794327, 5.511000156402588 ] } },
{ "type": "Feature", "properties": { "particle": 1660, "seed_idx": 83, "valid": true, "snap_water": false, "snap_m": 0.0 }, "geometry": { "type": "Point", "coordinates": [ -0.318841814994812, 5.509949207305908 ] } },
{ "type": "Feature", "properties": { "particle": 1661, "seed_idx": 83, "valid": true, "snap_water": false, "snap_m": 0.0 }, "geometry": { "type": "Point", "coordinates": [ -0.319015622138977, 5.510155200958252 ] } },
{ "type": "Feature", "properties": { "particle": 1662, "seed_idx": 83, "valid": true, "snap_water": false, "snap_m": 0.0 }, "geometry": { "type": "Point", "coordinates": [ -0.319123178720474, 5.509698867797852 ] } },
{ "type": "Feature", "properties": { "particle": 1663, "seed_idx": 83, "valid": true, "snap_water": false, "snap_m": 0.0 }, "geometry": { "type": "Point", "coordinates": [ -0.318915814161301, 5.509857654571533 ] } },
{ "type": "Feature", "properties": { "particle": 1664, "seed_idx": 83, "valid": true, "snap_water": false, "snap_m": 0.0 }, "geometry": { "type": "Point", "coordinates": [ -0.318861037492752, 5.510021209716797 ] } },
{ "type": "Feature", "properties": { "particle": 1665, "seed_idx": 83, "valid": true, "snap_water": false, "snap_m": 0.0 }, "geometry": { "type": "Point", "coordinates": [ -0.31902340054512, 5.509969711303711 ] } },
{ "type": "Feature", "properties": { "particle": 1666, "seed_idx": 83, "valid": true, "snap_water": false, "snap_m": 0.0 }, "geometry": { "type": "Point", "coordinates": [ -0.319061100482941, 5.510307788848877 ] } },
{ "type": "Feature", "properties": { "particle": 1667, "seed_idx": 83, "valid": true, "snap_water": false, "snap_m": 0.0 }, "geometry": { "type": "Point", "coordinates": [ -0.318762362003326, 5.510400295257568 ] } },
{ "type": "Feature", "properties": { "particle": 1668, "seed_idx": 83, "valid": true, "snap_water": true, "snap_m": 77.925262 }, "geometry": { "type": "Point", "coordinates": [ -0.319000005722046, 5.510000228881836 ] } },
{ "type": "Feature", "properties": { "particle": 1669, "seed_idx": 83, "valid": true, "snap_water": false, "snap_m": 0.0 }, "geometry": { "type": "Point", "coordinates": [ -0.31972935795784, 5.509631633758545 ] } },
{ "type": "Feature", "properties": { "particle": 1670, "seed_idx": 83, "valid": true, "snap_water": false, "snap_m": 0.0 }, "geometry": { "type": "Point", "coordinates": [ -0.321626752614975, 5.509718418121338 ] } },
{ "type": "Feature", "properties": { "particle": 1671, "seed_idx": 83, "valid": true, "snap_water": false, "snap_m": 0.0 }, "geometry": { "type": "Point", "coordinates": [ -0.319056212902069, 5.509925842285156 ] } },
{ "type": "Feature", "properties": { "particle": 1672, "seed_idx": 83, "valid": true, "snap_water": false, "snap_m": 0.0 }, "geometry": { "type": "Point", "coordinates": [ -0.321865826845169, 5.510286331176758 ] } },
{ "type": "Feature", "properties": { "particle": 1673, "seed_idx": 83, "valid": true, "snap_water": false, "snap_m": 0.0 }, "geometry": { "type": "Point", "coordinates": [ -0.319023191928864, 5.510003566741943 ] } },
{ "type": "Feature", "properties": { "particle": 1674, "seed_idx": 83, "valid": true, "snap_water": true, "snap_m": 71.445984 }, "geometry": { "type": "Point", "coordinates": [ -0.319000005722046, 5.510000228881836 ] } },
{ "type": "Feature", "properties": { "particle": 1675, "seed_idx": 83, "valid": true, "snap_water": false, "snap_m": 0.0 }, "geometry": { "type": "Point", "coordinates": [ -0.319059997797012, 5.510422229766846 ] } },
{ "type": "Feature", "properties": { "particle": 1676, "seed_idx": 83, "valid": true, "snap_water": false, "snap_m": 0.0 }, "geometry": { "type": "Point", "coordinates": [ -0.318993240594864, 5.510092735290527 ] } },
{ "type": "Feature", "properties": { "particle": 1677, "seed_idx": 83, "valid": true, "snap_water": true, "snap_m": 74.68132 }, "geometry": { "type": "Point", "coordinates": [ -0.319000005722046, 5.510000228881836 ] } },
{ "type": "Feature", "properties": { "particle": 1678, "seed_idx": 83, "valid": true, "snap_water": false, "snap_m": 0.0 }, "geometry": { "type": "Point", "coordinates": [ -0.321743845939636, 5.510286808013916 ] } },
{ "type": "Feature", "properties": { "particle": 1679, "seed_idx": 83, "valid": true, "snap_water": false, "snap_m": 0.0 }, "geometry": { "type": "Point", "coordinates": [ -0.318862080574036, 5.510188579559326 ] } },
{ "type": "Feature", "properties": { "particle": 1680, "seed_idx": 84, "valid": true, "snap_water": false, "snap_m": 0.0 }, "geometry": { "type": "Point", "coordinates": [ -0.318962216377258, 5.510398387908936 ] } },
{ "type": "Feature", "properties": { "particle": 1681, "seed_idx": 84, "valid": true, "snap_water": false, "snap_m": 0.0 }, "geometry": { "type": "Point", "coordinates": [ -0.318922430276871, 5.510085582733154 ] } },
{ "type": "Feature", "properties": { "particle": 1682, "seed_idx": 84, "valid": true, "snap_water": false, "snap_m": 0.0 }, "geometry": { "type": "Point", "coordinates": [ -0.318899661302567, 5.510272026062012 ] } },
{ "type": "Feature", "properties": { "particle": 1683, "seed_idx": 84, "valid": true, "snap_water": false, "snap_m": 0.0 }, "geometry": { "type": "Point", "coordinates": [ -0.319013684988022, 5.510320663452148 ] } },
{ "type": "Feature", "properties": { "particle": 1684, "seed_idx": 84, "valid": true, "snap_water": true, "snap_m": 77.85022 }, "geometry": { "type": "Point", "coordinates": [ -0.319000005722046, 5.510000228881836 ] } },
{ "type": "Feature", "properties": { "particle": 1685, "seed_idx": 84, "valid": true, "snap_water": false, "snap_m": 0.0 }, "geometry": { "type": "Point", "coordinates": [ -0.320339649915695, 5.509751319885254 ] } },
{ "type": "Feature", "properties": { "particle": 1686, "seed_idx": 84, "valid": true, "snap_water": false, "snap_m": 0.0 }, "geometry": { "type": "Point", "coordinates": [ -0.318931758403778, 5.510206699371338 ] } },
{ "type": "Feature", "properties": { "particle": 1687, "seed_idx": 84, "valid": true, "snap_water": true, "snap_m": 68.682388 }, "geometry": { "type": "Point", "coordinates": [ -0.319000005722046, 5.510000228881836 ] } },
{ "type": "Feature", "properties": { "particle": 1688, "seed_idx": 84, "valid": true, "snap_water": false, "snap_m": 0.0 }, "geometry": { "type": "Point", "coordinates": [ -0.319924116134644, 5.509589195251465 ] } },
{ "type": "Feature", "properties": { "particle": 1689, "seed_idx": 84, "valid": true, "snap_water": true, "snap_m": 64.483238 }, "geometry": { "type": "Point", "coordinates": [ -0.319000005722046, 5.510000228881836 ] } },
{ "type": "Feature", "properties": { "particle": 1690, "seed_idx": 84, "valid": true, "snap_water": false, "snap_m": 0.0 }, "geometry": { "type": "Point", "coordinates": [ -0.318825751543045, 5.50977611541748 ] } },
{ "type": "Feature", "properties": { "particle": 1691, "seed_idx": 84, "valid": true, "snap_water": true, "snap_m": 73.610718 }, "geometry": { "type": "Point", "coordinates": [ -0.319000005722046, 5.510000228881836 ] } },
{ "type": "Feature", "properties": { "particle": 1692, "seed_idx": 84, "valid": true, "snap_water": false, "snap_m": 0.0 }, "geometry": { "type": "Point", "coordinates": [ -0.318981498479843, 5.510464668273926 ] } },
{ "type": "Feature", "properties": { "particle": 1693, "seed_idx": 84, "valid": true, "snap_water": false, "snap_m": 0.0 }, "geometry": { "type": "Point", "coordinates": [ -0.318765789270401, 5.509838104248047 ] } },
{ "type": "Feature", "properties": { "particle": 1694, "seed_idx": 84, "valid": true, "snap_water": false, "snap_m": 0.0 }, "geometry": { "type": "Point", "coordinates": [ -0.320275187492371, 5.509783267974854 ] } },
{ "type": "Feature", "properties": { "particle": 1695, "seed_idx": 84, "valid": true, "snap_water": false, "snap_m": 0.0 }, "geometry": { "type": "Point", "coordinates": [ -0.318880021572113, 5.510179996490479 ] } },
{ "type": "Feature", "properties": { "particle": 1696, "seed_idx": 84, "valid": true, "snap_water": false, "snap_m": 0.0 }, "geometry": { "type": "Point", "coordinates": [ -0.320599764585495, 5.50978946685791 ] } },
{ "type": "Feature", "properties": { "particle": 1697, "seed_idx": 84, "valid": true, "snap_water": true, "snap_m": 73.848351 }, "geometry": { "type": "Point", "coordinates": [ -0.319000005722046, 5.510000228881836 ] } },
{ "type": "Feature", "properties": { "particle": 1698, "seed_idx": 84, "valid": true, "snap_water": false, "snap_m": 0.0 }, "geometry": { "type": "Point", "coordinates": [ -0.319695115089417, 5.509685039520264 ] } },
{ "type": "Feature", "properties": { "particle": 1699, "seed_idx": 84, "valid": true, "snap_water": true, "snap_m": 69.136864 }, "geometry": { "type": "Point", "coordinates": [ -0.319000005722046, 5.510000228881836 ] } },
{ "type": "Feature", "properties": { "particle": 1700, "seed_idx": 85, "valid": true, "snap_water": true, "snap_m": 79.974861 }, "geometry": { "type": "Point", "coordinates": [ -0.317999988794327, 5.511000156402588 ] } },
{ "type": "Feature", "properties": { "particle": 1701, "seed_idx": 85, "valid": true, "snap_water": false, "snap_m": 0.0 }, "geometry": { "type": "Point", "coordinates": [ -0.318865239620209, 5.510408878326416 ] } },
{ "type": "Feature", "properties": { "particle": 1702, "seed_idx": 85, "valid": true, "snap_water": true, "snap_m": 74.014145 }, "geometry": { "type": "Point", "coordinates": [ -0.319000005722046, 5.510000228881836 ] } },
{ "type": "Feature", "properties": { "particle": 1703, "seed_idx": 85, "valid": true, "snap_water": false, "snap_m": 0.0 }, "geometry": { "type": "Point", "coordinates": [ -0.321950376033783, 5.510423183441162 ] } },
{ "type": "Feature", "properties": { "particle": 1704, "seed_idx": 85, "valid": true, "snap_water": true, "snap_m": 66.548225 }, "geometry": { "type": "Point", "coordinates": [ -0.319000005722046, 5.510000228881836 ] } },
{ "type": "Feature", "properties": { "particle": 1705, "seed_idx": 85, "valid": true, "snap_water": true, "snap_m": 79.098511 }, "geometry": { "type": "Point", "coordinates": [ -0.319000005722046, 5.510000228881836 ] } },
{ "type": "Feature", "properties": { "particle": 1706, "seed_idx": 85, "valid": true, "snap_water": false, "snap_m": 0.0 }, "geometry": { "type": "Point", "coordinates": [ -0.319000542163849, 5.509835243225098 ] } },
{ "type": "Feature", "properties": { "particle": 1707, "seed_idx": 85, "valid": true, "snap_water": false, "snap_m": 0.0 }, "geometry": { "type": "Point", "coordinates": [ -0.319340080022812, 5.509649276733398 ] } },
{ "type": "Feature", "properties": { "particle": 1708, "seed_idx": 85, "valid": true, "snap_water": true, "snap_m": 68.71936 }, "geometry": { "type": "Point", "coordinates": [ -0.319000005722046, 5.510000228881836 ] } },
{ "type": "Feature", "properties": { "particle": 1709, "seed_idx": 85, "valid": true, "snap_water": true, "snap_m": 75.452896 }, "geometry": { "type": "Point", "coordinates": [ -0.319000005722046, 5.510000228881836 ] } },
{ "type": "Feature", "properties": { "particle": 1710, "seed_idx": 85, "valid": true, "snap_water": false, "snap_m": 0.0 }, "geometry": { "type": "Point", "coordinates": [ -0.318805068731308, 5.510233402252197 ] } },
{ "type": "Feature", "properties": { "particle": 1711, "seed_idx": 85, "valid": true, "snap_water": false, "snap_m": 0.0 }, "geometry": { "type": "Point", "coordinates": [ -0.318836241960526, 5.510315418243408 ] } },
{ "type": "Feature", "properties": { "particle": 1712, "seed_idx": 85, "valid": true, "snap_water": true, "snap_m": 67.20845 }, "geometry": { "type": "Point", "coordinates": [ -0.317999988794327, 5.511000156402588 ] } },
{ "type": "Feature", "properties": { "particle": 1713, "seed_idx": 85, "valid": true, "snap_water": true, "snap_m": 78.132889 }, "geometry": { "type": "Point", "coordinates": [ -0.319000005722046, 5.510000228881836 ] } },
{ "type": "Feature", "properties": { "particle": 1714, "seed_idx": 85, "valid": true, "snap_water": false, "snap_m": 0.0 }, "geometry": { "type": "Point", "coordinates": [ -0.319062352180481, 5.510454654693604 ] } },
{ "type": "Feature", "properties": { "particle": 1715, "seed_idx": 85, "valid": true, "snap_water": false, "snap_m": 0.0 }, "geometry": { "type": "Point", "coordinates": [ -0.319054752588272, 5.51046085357666 ] } },
{ "type": "Feature", "properties": { "particle": 1716, "seed_idx": 85, "valid": true, "snap_water": true, "snap_m": 65.747955 }, "geometry": { "type": "Point", "coordinates": [ -0.319000005722046, 5.510000228881836 ] } },
{ "type": "Feature", "properties": { "particle": 1717, "seed_idx": 85, "valid": true, "snap_water": false, "snap_m": 0.0 }, "geometry": { "type": "Point", "coordinates": [ -0.318885624408722, 5.510022163391113 ] } },
{ "type": "Feature", "properties": { "particle": 1718, "seed_idx": 85, "valid": true, "snap_water": true, "snap_m": 82.530624 }, "geometry": { "type": "Point", "coordinates": [ -0.319000005722046, 5.510000228881836 ] } },
{ "type": "Feature", "properties": { "particle": 1719, "seed_idx": 85, "valid": true, "snap_water": true, "snap_m": 65.116905 }, "geometry": { "type": "Point", "coordinates": [ -0.317999988794327, 5.511000156402588 ] } },
{ "type": "Feature", "properties": { "particle": 1720, "seed_idx": 86, "valid": true, "snap_water": false, "snap_m": 0.0 }, "geometry": { "type": "Point", "coordinates": [ -0.321976155042648, 5.510429382324219 ] } },
{ "type": "Feature", "properties": { "particle": 1721, "seed_idx": 86, "valid": true, "snap_water": false, "snap_m": 0.0 }, "geometry": { "type": "Point", "coordinates": [ -0.322036892175674, 5.510329723358154 ] } },
{ "type": "Feature", "properties": { "particle": 1722, "seed_idx": 86, "valid": true, "snap_water": false, "snap_m": 0.0 }, "geometry": { "type": "Point", "coordinates": [ -0.320405215024948, 5.509762763977051 ] } },
{ "type": "Feature", "properties": { "particle": 1723, "seed_idx": 86, "valid": true, "snap_water": false, "snap_m": 0.0 }, "geometry": { "type": "Point", "coordinates": [ -0.31979838013649, 5.509659767150879 ] } },
{ "type": "Feature", "properties": { "particle": 1724, "seed_idx": 86, "valid": true, "snap_water": false, "snap_m": 0.0 }, "geometry": { "type": "Point", "coordinates": [ -0.320156991481781, 5.509785175323486 ] } },
{ "type": "Feature", "properties": { "particle": 1725, "seed_idx": 86, "valid": true, "snap_water": false, "snap_m": 0.0 }, "geometry": { "type": "Point", "coordinates": [ -0.319343507289886, 5.509792327880859 ] } },
{ "type": "Feature", "properties": { "particle": 1726, "seed_idx": 86, "valid": true, "snap_water": true, "snap_m": 81.977158 }, "geometry": { "type": "Point", "coordinates": [ -0.323000013828278, 5.508999824523926 ] } },
{ "type": "Feature", "properties": { "particle": 1727, "seed_idx": 86, "valid": true, "snap_water": true, "snap_m": 62.791023 }, "geometry": { "type": "Point", "coordinates": [ -0.312999993562698, 5.505000114440918 ] } },
{ "type": "Feature", "properties": { "particle": 1728, "seed_idx": 86, "valid": true, "snap_water": true, "snap_m": 57.330288 }, "geometry": { "type": "Point", "coordinates": [ -0.312999993562698, 5.505000114440918 ] } },
{ "type": "Feature", "properties": { "particle": 1729, "seed_idx": 86, "valid": true, "snap_water": false, "snap_m": 0.0 }, "geometry": { "type": "Point", "coordinates": [ -0.319828420877457, 5.509732723236084 ] } },
{ "type": "Feature", "properties": { "particle": 1730, "seed_idx": 86, "valid": true, "snap_water": false, "snap_m": 0.0 }, "geometry": { "type": "Point", "coordinates": [ -0.321827679872513, 5.510480403900146 ] } },
{ "type": "Feature", "properties": { "particle": 1731, "seed_idx": 86, "valid": true, "snap_water": false, "snap_m": 0.0 }, "geometry": { "type": "Point", "coordinates": [ -0.313028335571289, 5.505336284637451 ] } },
{ "type": "Feature", "properties": { "particle": 1732, "seed_idx": 86, "valid": true, "snap_water": false, "snap_m": 0.0 }, "geometry": { "type": "Point", "coordinates": [ -0.319118291139603, 5.509747505187988 ] } },
{ "type": "Feature", "properties": { "particle": 1733, "seed_idx": 86, "valid": true, "snap_water": false, "snap_m": 0.0 }, "geometry": { "type": "Point", "coordinates": [ -0.312863945960999, 5.505484580993652 ] } },
{ "type": "Feature", "properties": { "particle": 1734, "seed_idx": 86, "valid": true, "snap_water": false, "snap_m": 0.0 }, "geometry": { "type": "Point", "coordinates": [ -0.321956604719162, 5.510459899902344 ] } },
{ "type": "Feature", "properties": { "particle": 1735, "seed_idx": 86, "valid": true, "snap_water": false, "snap_m": 0.0 }, "geometry": { "type": "Point", "coordinates": [ -0.319021165370941, 5.509785652160645 ] } },
{ "type": "Feature", "properties": { "particle": 1736, "seed_idx": 86, "valid": true, "snap_water": false, "snap_m": 0.0 }, "geometry": { "type": "Point", "coordinates": [ -0.312773674726486, 5.505204200744629 ] } },
{ "type": "Feature", "properties": { "particle": 1737, "seed_idx": 86, "valid": true, "snap_water": true, "snap_m": 68.889954 }, "geometry": { "type": "Point", "coordinates": [ -0.323000013828278, 5.508999824523926 ] } },
{ "type": "Feature", "properties": { "particle": 1738, "seed_idx": 86, "valid": true, "snap_water": false, "snap_m": 0.0 }, "geometry": { "type": "Point", "coordinates": [ -0.321766227483749, 5.509824752807617 ] } },
{ "type": "Feature", "properties": { "particle": 1739, "seed_idx": 86, "valid": true, "snap_water": false, "snap_m": 0.0 }, "geometry": { "type": "Point", "coordinates": [ -0.321867555379868, 5.510454654693604 ] } },
{ "type": "Feature", "properties": { "particle": 1740, "seed_idx": 87, "valid": true, "snap_water": true, "snap_m": 71.245399 }, "geometry": { "type": "Point", "coordinates": [ -0.321999996900558, 5.510000228881836 ] } },
{ "type": "Feature", "properties": { "particle": 1741, "seed_idx": 87, "valid": true, "snap_water": false, "snap_m": 0.0 }, "geometry": { "type": "Point", "coordinates": [ -0.322308152914047, 5.509779453277588 ] } },
{ "type": "Feature", "properties": { "particle": 1742, "seed_idx": 87, "valid": true, "snap_water": false, "snap_m": 0.0 }, "geometry": { "type": "Point", "coordinates": [ -0.313011854887009, 5.504937648773193 ] } },
{ "type": "Feature", "properties": { "particle": 1743, "seed_idx": 87, "valid": true, "snap_water": false, "snap_m": 0.0 }, "geometry": { "type": "Point", "coordinates": [ -0.322286337614059, 5.509649753570557 ] } },
{ "type": "Feature", "properties": { "particle": 1744, "seed_idx": 87, "valid": true, "snap_water": false, "snap_m": 0.0 }, "geometry": { "type": "Point", "coordinates": [ -0.313052624464035, 5.504913330078125 ] } },
{ "type": "Feature", "properties": { "particle": 1745, "seed_idx": 87, "valid": true, "snap_water": false, "snap_m": 0.0 }, "geometry": { "type": "Point", "coordinates": [ -0.321768522262573, 5.510233879089355 ] } },
{ "type": "Feature", "properties": { "particle": 1746, "seed_idx": 87, "valid": true, "snap_water": false, "snap_m": 0.0 }, "geometry": { "type": "Point", "coordinates": [ -0.313034981489182, 5.504927158355713 ] } },
{ "type": "Feature", "properties": { "particle": 1747, "seed_idx": 87, "valid": true, "snap_water": true, "snap_m": 78.482254 }, "geometry": { "type": "Point", "coordinates": [ -0.321999996900558, 5.510000228881836 ] } },
{ "type": "Feature", "properties": { "particle": 1748, "seed_idx": 87, "valid": true, "snap_water": false, "snap_m": 0.0 }, "geometry": { "type": "Point", "coordinates": [ -0.313745856285095, 5.504631996154785 ] } },
{ "type": "Feature", "properties": { "particle": 1749, "seed_idx": 87, "valid": true, "snap_water": false, "snap_m": 0.0 }, "geometry": { "type": "Point", "coordinates": [ -0.314124166965485, 5.504581451416016 ] } },
{ "type": "Feature", "properties": { "particle": 1750, "seed_idx": 87, "valid": true, "snap_water": false, "snap_m": 0.0 }, "geometry": { "type": "Point", "coordinates": [ -0.31360250711441, 5.504810810089111 ] } },
{ "type": "Feature", "properties": { "particle": 1751, "seed_idx": 87, "valid": true, "snap_water": false, "snap_m": 0.0 }, "geometry": { "type": "Point", "coordinates": [ -0.313537538051605, 5.504773616790771 ] } },
{ "type": "Feature", "properties": { "particle": 1752, "seed_idx": 87, "valid": true, "snap_water": false, "snap_m": 0.0 }, "geometry": { "type": "Point", "coordinates": [ -0.312767446041107, 5.504618167877197 ] } },
{ "type": "Feature", "properties": { "particle": 1753, "seed_idx": 87, "valid": true, "snap_water": false, "snap_m": 0.0 }, "geometry": { "type": "Point", "coordinates": [ -0.312846302986145, 5.504695892333984 ] } },
{ "type": "Feature", "properties": { "particle": 1754, "seed_idx": 87, "valid": true, "snap_water": false, "snap_m": 0.0 }, "geometry": { "type": "Point", "coordinates": [ -0.312929958105087, 5.504679203033447 ] } },
{ "type": "Feature", "properties": { "particle": 1755, "seed_idx": 87, "valid": true, "snap_water": false, "snap_m": 0.0 }, "geometry": { "type": "Point", "coordinates": [ -0.313071459531784, 5.504904270172119 ] } },
{ "type": "Feature", "properties": { "particle": 1756, "seed_idx": 87, "valid": true, "snap_water": false, "snap_m": 0.0 }, "geometry": { "type": "Point", "coordinates": [ -0.314503908157349, 5.504549980163574 ] } },
{ "type": "Feature", "properties": { "particle": 1757, "seed_idx": 87, "valid": true, "snap_water": false, "snap_m": 0.0 }, "geometry": { "type": "Point", "coordinates": [ -0.31299614906311, 5.504945755004883 ] } },
{ "type": "Feature", "properties": { "particle": 1758, "seed_idx": 87, "valid": true, "snap_water": false, "snap_m": 0.0 }, "geometry": { "type": "Point", "coordinates": [ -0.312876343727112, 5.50501012802124 ] } },
{ "type": "Feature", "properties": { "particle": 1759, "seed_idx": 87, "valid": true, "snap_water": false, "snap_m": 0.0 }, "geometry": { "type": "Point", "coordinates": [ -0.313436210155487, 5.504722118377686 ] } },
{ "type": "Feature", "properties": { "particle": 1760, "seed_idx": 88, "valid": true, "snap_water": true, "snap_m": 58.474995 }, "geometry": { "type": "Point", "coordinates": [ -0.323000013828278, 5.508999824523926 ] } },
{ "type": "Feature", "properties": { "particle": 1761, "seed_idx": 88, "valid": true, "snap_water": true, "snap_m": 66.397964 }, "geometry": { "type": "Point", "coordinates": [ -0.321999996900558, 5.510000228881836 ] } },
{ "type": "Feature", "properties": { "particle": 1762, "seed_idx": 88, "valid": true, "snap_water": true, "snap_m": 77.809776 }, "geometry": { "type": "Point", "coordinates": [ -0.321999996900558, 5.510000228881836 ] } },
{ "type": "Feature", "properties": { "particle": 1763, "seed_idx": 88, "valid": true, "snap_water": false, "snap_m": 0.0 }, "geometry": { "type": "Point", "coordinates": [ -0.322408437728882, 5.509759426116943 ] } },
{ "type": "Feature", "properties": { "particle": 1764, "seed_idx": 88, "valid": true, "snap_water": true, "snap_m": 73.543282 }, "geometry": { "type": "Point", "coordinates": [ -0.323000013828278, 5.508999824523926 ] } },
{ "type": "Feature", "properties": { "particle": 1765, "seed_idx": 88, "valid": true, "snap_water": true, "snap_m": 88.688637 }, "geometry": { "type": "Point", "coordinates": [ -0.323000013828278, 5.508999824523926 ] } },
{ "type": "Feature", "properties": { "particle": 1766, "seed_idx": 88, "valid": true, "snap_water": true, "snap_m": 85.731712 }, "geometry": { "type": "Point", "coordinates": [ -0.323000013828278, 5.508999824523926 ] } },
{ "type": "Feature", "properties": { "particle": 1767, "seed_idx": 88, "valid": true, "snap_water": false, "snap_m": 0.0 }, "geometry": { "type": "Point", "coordinates": [ -0.322840601205826, 5.50892448425293 ] } },
{ "type": "Feature", "properties": { "particle": 1768, "seed_idx": 88, "valid": true, "snap_water": true, "snap_m": 81.014053 }, "geometry": { "type": "Point", "coordinates": [ -0.321999996900558, 5.510000228881836 ] } },
{ "type": "Feature", "properties": { "particle": 1769, "seed_idx": 88, "valid": true, "snap_water": true, "snap_m": 79.87899 }, "geometry": { "type": "Point", "coordinates": [ -0.321999996900558, 5.510000228881836 ] } },
{ "type": "Feature", "properties": { "particle": 1770, "seed_idx": 88, "valid": true, "snap_water": true, "snap_m": 75.918587 }, "geometry": { "type": "Point", "coordinates": [ -0.323000013828278, 5.508999824523926 ] } },
{ "type": "Feature", "properties": { "particle": 1771, "seed_idx": 88, "valid": true, "snap_water": false, "snap_m": 0.0 }, "geometry": { "type": "Point", "coordinates": [ -0.32215479016304, 5.509734153747559 ] } },
{ "type": "Feature", "properties": { "particle": 1772, "seed_idx": 88, "valid": true, "snap_water": true, "snap_m": 81.049507 }, "geometry": { "type": "Point", "coordinates": [ -0.323000013828278, 5.508999824523926 ] } },
{ "type": "Feature", "properties": { "particle": 1773, "seed_idx": 88, "valid": true, "snap_water": false, "snap_m": 0.0 }, "geometry": { "type": "Point", "coordinates": [ -0.322984009981155, 5.509339332580566 ] } },
{ "type": "Feature", "properties": { "particle": 1774, "seed_idx": 88, "valid": true, "snap_water": false, "snap_m": 0.0 }, "geometry": { "type": "Point", "coordinates": [ -0.323616415262222, 5.508452415466309 ] } },
{ "type": "Feature", "properties": { "particle": 1775, "seed_idx": 88, "valid": true, "snap_water": true, "snap_m": 56.256313 }, "geometry": { "type": "Point", "coordinates": [ -0.323000013828278, 5.508999824523926 ] } },
{ "type": "Feature", "properties": { "particle": 1776, "seed_idx": 88, "valid": true, "snap_water": true, "snap_m": 69.315392 }, "geometry": { "type": "Point", "coordinates": [ -0.323000013828278, 5.508999824523926 ] } },
{ "type": "Feature", "properties": { "particle": 1777, "seed_idx": 88, "valid": true, "snap_water": true, "snap_m": 68.773872 }, "geometry": { "type": "Point", "coordinates": [ -0.321999996900558, 5.510000228881836 ] } },
{ "type": "Feature", "properties": { "particle": 1778, "seed_idx": 88, "valid": true, "snap_water": false, "snap_m": 0.0 }, "geometry": { "type": "Point", "coordinates": [ -0.323037028312683, 5.509366989135742 ] } },
{ "type": "Feature", "properties": { "particle": 1779, "seed_idx": 88, "valid": true, "snap_water": false, "snap_m": 0.0 }, "geometry": { "type": "Point", "coordinates": [ -0.322809487581253, 5.50909948348999 ] } },
{ "type": "Feature", "properties": { "particle": 1780, "seed_idx": 89, "valid": true, "snap_water": false, "snap_m": 0.0 }, "geometry": { "type": "Point", "coordinates": [ -0.32642275094986, 5.508761405944824 ] } },
{ "type": "Feature", "properties": { "particle": 1781, "seed_idx": 89, "valid": true, "snap_water": true, "snap_m": 72.537437 }, "geometry": { "type": "Point", "coordinates": [ -0.32600000500679, 5.508999824523926 ] } },
{ "type": "Feature", "properties": { "particle": 1782, "seed_idx": 89, "valid": true, "snap_water": false, "snap_m": 0.0 }, "geometry": { "type": "Point", "coordinates": [ -0.326747506856918, 5.508234024047852 ] } },
{ "type": "Feature", "properties": { "particle": 1783, "seed_idx": 89, "valid": true, "snap_water": false, "snap_m": 0.0 }, "geometry": { "type": "Point", "coordinates": [ -0.325858682394028, 5.507378578186035 ] } },
{ "type": "Feature", "properties": { "particle": 1784, "seed_idx": 89, "valid": true, "snap_water": true, "snap_m": 57.780956 }, "geometry": { "type": "Point", "coordinates": [ -0.326999992132187, 5.507999897003174 ] } },
{ "type": "Feature", "properties": { "particle": 1785, "seed_idx": 89, "valid": true, "snap_water": false, "snap_m": 0.0 }, "geometry": { "type": "Point", "coordinates": [ -0.325917959213257, 5.507437229156494 ] } },
{ "type": "Feature", "properties": { "particle": 1786, "seed_idx": 89, "valid": true, "snap_water": true, "snap_m": 76.154617 }, "geometry": { "type": "Point", "coordinates": [ -0.32600000500679, 5.508999824523926 ] } },
{ "type": "Feature", "properties": { "particle": 1787, "seed_idx": 89, "valid": true, "snap_water": false, "snap_m": 0.0 }, "geometry": { "type": "Point", "coordinates": [ -0.326926678419113, 5.508373737335205 ] } },
{ "type": "Feature", "properties": { "particle": 1788, "seed_idx": 89, "valid": true, "snap_water": true, "snap_m": 56.847363 }, "geometry": { "type": "Point", "coordinates": [ -0.326999992132187, 5.507999897003174 ] } },
{ "type": "Feature", "properties": { "particle": 1789, "seed_idx": 89, "valid": true, "snap_water": false, "snap_m": 0.0 }, "geometry": { "type": "Point", "coordinates": [ -0.326029747724533, 5.507211685180664 ] } },
{ "type": "Feature", "properties": { "particle": 1790, "seed_idx": 89, "valid": true, "snap_water": true, "snap_m": 75.858772 }, "geometry": { "type": "Point", "coordinates": [ -0.32600000500679, 5.508999824523926 ] } },
{ "type": "Feature", "properties": { "particle": 1791, "seed_idx": 89, "valid": true, "snap_water": false, "snap_m": 0.0 }, "geometry": { "type": "Point", "coordinates": [ -0.326460897922516, 5.508716583251953 ] } },
{ "type": "Feature", "properties": { "particle": 1792, "seed_idx": 89, "valid": true, "snap_water": true, "snap_m": 64.969849 }, "geometry": { "type": "Point", "coordinates": [ -0.32600000500679, 5.506999969482422 ] } },
{ "type": "Feature", "properties": { "particle": 1793, "seed_idx": 89, "valid": true, "snap_water": true, "snap_m": 55.82378 }, "geometry": { "type": "Point", "coordinates": [ -0.326999992132187, 5.507999897003174 ] } },
{ "type": "Feature", "properties": { "particle": 1794, "seed_idx": 89, "valid": true, "snap_water": false, "snap_m": 0.0 }, "geometry": { "type": "Point", "coordinates": [ -0.326028019189835, 5.507368564605713 ] } },
{ "type": "Feature", "properties": { "particle": 1795, "seed_idx": 89, "valid": true, "snap_water": false, "snap_m": 0.0 }, "geometry": { "type": "Point", "coordinates": [ -0.325895667076111, 5.507456302642822 ] } },
{ "type": "Feature", "properties": { "particle": 1796, "seed_idx": 89, "valid": true, "snap_water": false, "snap_m": 0.0 }, "geometry": { "type": "Point", "coordinates": [ -0.326031923294067, 5.507435321807861 ] } },
{ "type": "Feature", "properties": { "particle": 1797, "seed_idx": 89, "valid": true, "snap_water": false, "snap_m": 0.0 }, "geometry": { "type": "Point", "coordinates": [ -0.326871901750565, 5.508360862731934 ] } },
{ "type": "Feature", "properties": { "particle": 1798, "seed_idx": 89, "valid": true, "snap_water": false, "snap_m": 0.0 }, "geometry": { "type": "Point", "coordinates": [ -0.329782903194427, 5.508016109466553 ] } },
{ "type": "Feature", "properties": { "particle": 1799, "seed_idx": 89, "valid": true, "snap_water": false, "snap_m": 0.0 }, "geometry": { "type": "Point", "coordinates": [ -0.325985878705978, 5.506601810455322 ] } },
{ "type": "Feature", "properties": { "particle": 1800, "seed_idx": 90, "valid": true, "snap_water": false, "snap_m": 0.0 }, "geometry": { "type": "Point", "coordinates": [ -0.329467862844467, 5.5096116065979 ] } },
{ "type": "Feature", "properties": { "particle": 1801, "seed_idx": 90, "valid": true, "snap_water": false, "snap_m": 0.0 }, "geometry": { "type": "Point", "coordinates": [ -0.325920760631561, 5.507279872894287 ] } },
{ "type": "Feature", "properties": { "particle": 1802, "seed_idx": 90, "valid": true, "snap_water": true, "snap_m": 55.516567 }, "geometry": { "type": "Point", "coordinates": [ -0.326999992132187, 5.507999897003174 ] } },
{ "type": "Feature", "properties": { "particle": 1803, "seed_idx": 90, "valid": true, "snap_water": false, "snap_m": 0.0 }, "geometry": { "type": "Point", "coordinates": [ -0.326773673295975, 5.508155822753906 ] } },
{ "type": "Feature", "properties": { "particle": 1804, "seed_idx": 90, "valid": true, "snap_water": false, "snap_m": 0.0 }, "geometry": { "type": "Point", "coordinates": [ -0.326666384935379, 5.506635665893555 ] } },
{ "type": "Feature", "properties": { "particle": 1805, "seed_idx": 90, "valid": true, "snap_water": false, "snap_m": 0.0 }, "geometry": { "type": "Point", "coordinates": [ -0.326887428760529, 5.50832986831665 ] } },
{ "type": "Feature", "properties": { "particle": 1806, "seed_idx": 90, "valid": true, "snap_water": false, "snap_m": 0.0 }, "geometry": { "type": "Point", "coordinates": [ -0.326719105243683, 5.508408069610596 ] } },
{ "type": "Feature", "properties": { "particle": 1807, "seed_idx": 90, "valid": true, "snap_water": true, "snap_m": 81.657562 }, "geometry": { "type": "Point", "coordinates": [ -0.32600000500679, 5.508999824523926 ] } },
{ "type": "Feature", "properties": { "particle": 1808, "seed_idx": 90, "valid": true, "snap_water": false, "snap_m": 0.0 }, "geometry": { "type": "Point", "coordinates": [ -0.329810827970505, 5.508423328399658 ] } },
{ "type": "Feature", "properties": { "particle": 1809, "seed_idx": 90, "valid": true, "snap_water": false, "snap_m": 0.0 }, "geometry": { "type": "Point", "coordinates": [ -0.325869411230087, 5.507097721099854 ] } },
{ "type": "Feature", "properties": { "particle": 1810, "seed_idx": 90, "valid": true, "snap_water": false, "snap_m": 0.0 }, "geometry": { "type": "Point", "coordinates": [ -0.328878581523895, 5.510237693786621 ] } },
{ "type": "Feature", "properties": { "particle": 1811, "seed_idx": 90, "valid": true, "snap_water": false, "snap_m": 0.0 }, "geometry": { "type": "Point", "coordinates": [ -0.325792074203491, 5.507429599761963 ] } },
{ "type": "Feature", "properties": { "particle": 1812, "seed_idx": 90, "valid": true, "snap_water": false, "snap_m": 0.0 }, "geometry": { "type": "Point", "coordinates": [ -0.329031199216843, 5.510085105895996 ] } },
{ "type": "Feature", "properties": { "particle": 1813, "seed_idx": 90, "valid": true, "snap_water": true, "snap_m": 55.723682 }, "geometry": { "type": "Point", "coordinates": [ -0.326999992132187, 5.507999897003174 ] } },
{ "type": "Feature", "properties": { "particle": 1814, "seed_idx": 90, "valid": true, "snap_water": false, "snap_m": 0.0 }, "geometry": { "type": "Point", "coordinates": [ -0.32892706990242, 5.509976387023926 ] } },
{ "type": "Feature", "properties": { "particle": 1815, "seed_idx": 90, "valid": true, "snap_water": false, "snap_m": 0.0 }, "geometry": { "type": "Point", "coordinates": [ -0.325730562210083, 5.507299423217773 ] } },
{ "type": "Feature", "properties": { "particle": 1816, "seed_idx": 90, "valid": true, "snap_water": false, "snap_m": 0.0 }, "geometry": { "type": "Point", "coordinates": [ -0.326019018888474, 5.506662368774414 ] } },
{ "type": "Feature", "properties": { "particle": 1817, "seed_idx": 90, "valid": true, "snap_water": true, "snap_m": 59.055065 }, "geometry": { "type": "Point", "coordinates": [ -0.32600000500679, 5.506999969482422 ] } },
{ "type": "Feature", "properties": { "particle": 1818, "seed_idx": 90, "valid": true, "snap_water": false, "snap_m": 0.0 }, "geometry": { "type": "Point", "coordinates": [ -0.329009205102921, 5.51003360748291 ] } },
{ "type": "Feature", "properties": { "particle": 1819, "seed_idx": 90, "valid": true, "snap_water": false, "snap_m": 0.0 }, "geometry": { "type": "Point", "coordinates": [ -0.326973110437393, 5.508275508880615 ] } },
{ "type": "Feature", "properties": { "particle": 1820, "seed_idx": 91, "valid": true, "snap_water": false, "snap_m": 0.0 }, "geometry": { "type": "Point", "coordinates": [ -0.325922846794128, 5.507467269897461 ] } },
{ "type": "Feature", "properties": { "particle": 1821, "seed_idx": 91, "valid": true, "snap_water": false, "snap_m": 0.0 }, "geometry": { "type": "Point", "coordinates": [ -0.329294860363007, 5.509612083435059 ] } },
{ "type": "Feature", "properties": { "particle": 1822, "seed_idx": 91, "valid": true, "snap_water": true, "snap_m": 56.592537 }, "geometry": { "type": "Point", "coordinates": [ -0.32600000500679, 5.506999969482422 ] } },
{ "type": "Feature", "properties": { "particle": 1823, "seed_idx": 91, "valid": true, "snap_water": false, "snap_m": 0.0 }, "geometry": { "type": "Point", "coordinates": [ -0.328806638717651, 5.50989818572998 ] } },
{ "type": "Feature", "properties": { "particle": 1824, "seed_idx": 91, "valid": true, "snap_water": false, "snap_m": 0.0 }, "geometry": { "type": "Point", "coordinates": [ -0.326592206954956, 5.506594657897949 ] } },
{ "type": "Feature", "properties": { "particle": 1825, "seed_idx": 91, "valid": true, "snap_water": false, "snap_m": 0.0 }, "geometry": { "type": "Point", "coordinates": [ -0.326756983995438, 5.508309841156006 ] } },
{ "type": "Feature", "properties": { "particle": 1826, "seed_idx": 91, "valid": true, "snap_water": false, "snap_m": 0.0 }, "geometry": { "type": "Point", "coordinates": [ -0.325945436954498, 5.507349491119385 ] } },
{ "type": "Feature", "properties": { "particle": 1827, "seed_idx": 91, "valid": true, "snap_water": false, "snap_m": 0.0 }, "geometry": { "type": "Point", "coordinates": [ -0.325997352600098, 5.507447242736816 ] } },
{ "type": "Feature", "properties": { "particle": 1828, "seed_idx": 91, "valid": true, "snap_water": false, "snap_m": 0.0 }, "geometry": { "type": "Point", "coordinates": [ -0.326900988817215, 5.508286476135254 ] } },
{ "type": "Feature", "properties": { "particle": 1829, "seed_idx": 91, "valid": true, "snap_water": false, "snap_m": 0.0 }, "geometry": { "type": "Point", "coordinates": [ -0.326832562685013, 5.508284568786621 ] } },
{ "type": "Feature", "properties": { "particle": 1830, "seed_idx": 91, "valid": true, "snap_water": false, "snap_m": 0.0 }, "geometry": { "type": "Point", "coordinates": [ -0.32603657245636, 5.507326602935791 ] } },
{ "type": "Feature", "properties": { "particle": 1831, "seed_idx": 91, "valid": true, "snap_water": false, "snap_m": 0.0 }, "geometry": { "type": "Point", "coordinates": [ -0.328995704650879, 5.509683609008789 ] } },
{ "type": "Feature", "properties": { "particle": 1832, "seed_idx": 91, "valid": true, "snap_water": false, "snap_m": 0.0 }, "geometry": { "type": "Point", "coordinates": [ -0.329768002033234, 5.508420467376709 ] } },
{ "type": "Feature", "properties": { "particle": 1833, "seed_idx": 91, "valid": true, "snap_water": false, "snap_m": 0.0 }, "geometry": { "type": "Point", "coordinates": [ -0.328719735145569, 5.509960174560547 ] } },
{ "type": "Feature", "properties": { "particle": 1834, "seed_idx": 91, "valid": true, "snap_water": false, "snap_m": 0.0 }, "geometry": { "type": "Point", "coordinates": [ -0.326956897974014, 5.508393287658691 ] } },
{ "type": "Feature", "properties": { "particle": 1835, "seed_idx": 91, "valid": true, "snap_water": false, "snap_m": 0.0 }, "geometry": { "type": "Point", "coordinates": [ -0.325960546731949, 5.507203102111816 ] } },
{ "type": "Feature", "properties": { "particle": 1836, "seed_idx": 91, "valid": true, "snap_water": false, "snap_m": 0.0 }, "geometry": { "type": "Point", "coordinates": [ -0.325745195150375, 5.507377147674561 ] } },
{ "type": "Feature", "properties": { "particle": 1837, "seed_idx": 91, "valid": true, "snap_water": false, "snap_m": 0.0 }, "geometry": { "type": "Point", "coordinates": [ -0.328992605209351, 5.510149478912354 ] } },
{ "type": "Feature", "properties": { "particle": 1838, "seed_idx": 91, "valid": true, "snap_water": false, "snap_m": 0.0 }, "geometry": { "type": "Point", "coordinates": [ -0.326795369386673, 5.508335590362549 ] } },
{ "type": "Feature", "properties": { "particle": 1839, "seed_idx": 91, "valid": true, "snap_water": false, "snap_m": 0.0 }, "geometry": { "type": "Point", "coordinates": [ -0.32676374912262, 5.508376598358154 ] } },
{ "type": "Feature", "properties": { "particle": 1840, "seed_idx": 92, "valid": true, "snap_water": false, "snap_m": 0.0 }, "geometry": { "type": "Point", "coordinates": [ -0.329731196165085, 5.508241176605225 ] } },
{ "type": "Feature", "properties": { "particle": 1841, "seed_idx": 92, "valid": true, "snap_water": false, "snap_m": 0.0 }, "geometry": { "type": "Point", "coordinates": [ -0.327853083610535, 5.507338523864746 ] } },
{ "type": "Feature", "properties": { "particle": 1842, "seed_idx": 92, "valid": true, "snap_water": false, "snap_m": 0.0 }, "geometry": { "type": "Point", "coordinates": [ -0.326057314872742, 5.506760597229004 ] } },
{ "type": "Feature", "properties": { "particle": 1843, "seed_idx": 92, "valid": true, "snap_water": false, "snap_m": 0.0 }, "geometry": { "type": "Point", "coordinates": [ -0.325920104980469, 5.50685977935791 ] } },
{ "type": "Feature", "properties": { "particle": 1844, "seed_idx": 92, "valid": true, "snap_water": false, "snap_m": 0.0 }, "geometry": { "type": "Point", "coordinates": [ -0.325899481773376, 5.506933212280273 ] } },
{ "type": "Feature", "properties": { "particle": 1845, "seed_idx": 92, "valid": true, "snap_water": false, "snap_m": 0.0 }, "geometry": { "type": "Point", "coordinates": [ -0.326565623283386, 5.506778717041016 ] } },
{ "type": "Feature", "properties": { "particle": 1846, "seed_idx": 92, "valid": true, "snap_water": false, "snap_m": 0.0 }, "geometry": { "type": "Point", "coordinates": [ -0.329826951026917, 5.508412837982178 ] } },
{ "type": "Feature", "properties": { "particle": 1847, "seed_idx": 92, "valid": true, "snap_water": false, "snap_m": 0.0 }, "geometry": { "type": "Point", "coordinates": [ -0.326004266738892, 5.507116794586182 ] } },
{ "type": "Feature", "properties": { "particle": 1848, "seed_idx": 92, "valid": true, "snap_water": false, "snap_m": 0.0 }, "geometry": { "type": "Point", "coordinates": [ -0.3261998295784, 5.506711483001709 ] } },
{ "type": "Feature", "properties": { "particle": 1849, "seed_idx": 92, "valid": true, "snap_water": false, "snap_m": 0.0 }, "geometry": { "type": "Point", "coordinates": [ -0.329842120409012, 5.508029937744141 ] } },
{ "type": "Feature", "properties": { "particle": 1850, "seed_idx": 92, "valid": true, "snap_water": false, "snap_m": 0.0 }, "geometry": { "type": "Point", "coordinates": [ -0.329378366470337, 5.507789611816406 ] } },
{ "type": "Feature", "properties": { "particle": 1851, "seed_idx": 92, "valid": true, "snap_water": false, "snap_m": 0.0 }, "geometry": { "type": "Point", "coordinates": [ -0.325866281986237, 5.507187843322754 ] } },
{ "type": "Feature", "properties": { "particle": 1852, "seed_idx": 92, "valid": true, "snap_water": false, "snap_m": 0.0 }, "geometry": { "type": "Point", "coordinates": [ -0.32579517364502, 5.506821632385254 ] } },
{ "type": "Feature", "properties": { "particle": 1853, "seed_idx": 92, "valid": true, "snap_water": false, "snap_m": 0.0 }, "geometry": { "type": "Point", "coordinates": [ -0.329986393451691, 5.508455276489258 ] } },
{ "type": "Feature", "properties": { "particle": 1854, "seed_idx": 92, "valid": true, "snap_water": false, "snap_m": 0.0 }, "geometry": { "type": "Point", "coordinates": [ -0.325944781303406, 5.507174491882324 ] } },
{ "type": "Feature", "properties": { "particle": 1855, "seed_idx": 92, "valid": true, "snap_water": true, "snap_m": 66.55838 }, "geometry": { "type": "Point", "coordinates": [ -0.331999987363815, 5.507999897003174 ] } },
{ "type": "Feature", "properties": { "particle": 1856, "seed_idx": 92, "valid": true, "snap_water": false, "snap_m": 0.0 }, "geometry": { "type": "Point", "coordinates": [ -0.328117251396179, 5.507712364196777 ] } },
{ "type": "Feature", "properties": { "particle": 1857, "seed_idx": 92, "valid": true, "snap_water": false, "snap_m": 0.0 }, "geometry": { "type": "Point", "coordinates": [ -0.326005935668945, 5.506908893585205 ] } },
{ "type": "Feature", "properties": { "particle": 1858, "seed_idx": 92, "valid": true, "snap_water": false, "snap_m": 0.0 }, "geometry": { "type": "Point", "coordinates": [ -0.325956076383591, 5.507186412811279 ] } },
{ "type": "Feature", "properties": { "particle": 1859, "seed_idx": 92, "valid": true, "snap_water": false, "snap_m": 0.0 }, "geometry": { "type": "Point", "coordinates": [ -0.325856655836105, 5.507226943969727 ] } },
{ "type": "Feature", "properties": { "particle": 1860, "seed_idx": 93, "valid": true, "snap_water": false, "snap_m": 0.0 }, "geometry": { "type": "Point", "coordinates": [ -0.326403260231018, 5.50672435760498 ] } },
{ "type": "Feature", "properties": { "particle": 1861, "seed_idx": 93, "valid": true, "snap_water": false, "snap_m": 0.0 }, "geometry": { "type": "Point", "coordinates": [ -0.329791039228439, 5.508336067199707 ] } },
{ "type": "Feature", "properties": { "particle": 1862, "seed_idx": 93, "valid": true, "snap_water": false, "snap_m": 0.0 }, "geometry": { "type": "Point", "coordinates": [ -0.325842708349228, 5.506971836090088 ] } },
{ "type": "Feature", "properties": { "particle": 1863, "seed_idx": 93, "valid": true, "snap_water": false, "snap_m": 0.0 }, "geometry": { "type": "Point", "coordinates": [ -0.325991660356522, 5.507309436798096 ] } },
{ "type": "Feature", "properties": { "particle": 1864, "seed_idx": 93, "valid": true, "snap_water": false, "snap_m": 0.0 }, "geometry": { "type": "Point", "coordinates": [ -0.325992673635483, 5.506895542144775 ] } },
{ "type": "Feature", "properties": { "particle": 1865, "seed_idx": 93, "valid": true, "snap_water": false, "snap_m": 0.0 }, "geometry": { "type": "Point", "coordinates": [ -0.330394446849823, 5.507733821868896 ] } },
{ "type": "Feature", "properties": { "particle": 1866, "seed_idx": 93, "valid": true, "snap_water": false, "snap_m": 0.0 }, "geometry": { "type": "Point", "coordinates": [ -0.329933702945709, 5.508336544036865 ] } },
{ "type": "Feature", "properties": { "particle": 1867, "seed_idx": 93, "valid": true, "snap_water": false, "snap_m": 0.0 }, "geometry": { "type": "Point", "coordinates": [ -0.325904846191406, 5.507330894470215 ] } },
{ "type": "Feature", "properties": { "particle": 1868, "seed_idx": 93, "valid": true, "snap_water": false, "snap_m": 0.0 }, "geometry": { "type": "Point", "coordinates": [ -0.32595282793045, 5.507387638092041 ] } },
{ "type": "Feature", "properties": { "particle": 1869, "seed_idx": 93, "valid": true, "snap_water": false, "snap_m": 0.0 }, "geometry": { "type": "Point", "coordinates": [ -0.325975716114044, 5.506994247436523 ] } },
{ "type": "Feature", "properties": { "particle": 1870, "seed_idx": 93, "valid": true, "snap_water": false, "snap_m": 0.0 }, "geometry": { "type": "Point", "coordinates": [ -0.330313920974731, 5.507718563079834 ] } },
{ "type": "Feature", "properties": { "particle": 1871, "seed_idx": 93, "valid": true, "snap_water": false, "snap_m": 0.0 }, "geometry": { "type": "Point", "coordinates": [ -0.329819947481155, 5.508043766021729 ] } },
{ "type": "Feature", "properties": { "particle": 1872, "seed_idx": 93, "valid": true, "snap_water": false, "snap_m": 0.0 }, "geometry": { "type": "Point", "coordinates": [ -0.325832307338715, 5.507423877716064 ] } },
{ "type": "Feature", "properties": { "particle": 1873, "seed_idx": 93, "valid": true, "snap_water": false, "snap_m": 0.0 }, "geometry": { "type": "Point", "coordinates": [ -0.328619331121445, 5.507671356201172 ] } },
{ "type": "Feature", "properties": { "particle": 1874, "seed_idx": 93, "valid": true, "snap_water": false, "snap_m": 0.0 }, "geometry": { "type": "Point", "coordinates": [ -0.325963616371155, 5.507288932800293 ] } },
{ "type": "Feature", "properties": { "particle": 1875, "seed_idx": 93, "valid": true, "snap_water": false, "snap_m": 0.0 }, "geometry": { "type": "Point", "coordinates": [ -0.328418463468552, 5.507648944854736 ] } },
{ "type": "Feature", "properties": { "particle": 1876, "seed_idx": 93, "valid": true, "snap_water": false, "snap_m": 0.0 }, "geometry": { "type": "Point", "coordinates": [ -0.327509731054306, 5.506747722625732 ] } },
{ "type": "Feature", "properties": { "particle": 1877, "seed_idx": 93, "valid": true, "snap_water": false, "snap_m": 0.0 }, "geometry": { "type": "Point", "coordinates": [ -0.331761419773102, 5.508286952972412 ] } },
{ "type": "Feature", "properties": { "particle": 1878, "seed_idx": 93, "valid": true, "snap_water": false, "snap_m": 0.0 }, "geometry": { "type": "Point", "coordinates": [ -0.326024085283279, 5.507271289825439 ] } },
{ "type": "Feature", "properties": { "particle": 1879, "seed_idx": 93, "valid": true, "snap_water": false, "snap_m": 0.0 }, "geometry": { "type": "Point", "coordinates": [ -0.326024323701859, 5.507275581359863 ] } },
{ "type": "Feature", "properties": { "particle": 1880, "seed_idx": 94, "valid": true, "snap_water": false, "snap_m": 0.0 }, "geometry": { "type": "Point", "coordinates": [ -0.330299556255341, 5.507729053497314 ] } },
{ "type": "Feature", "properties": { "particle": 1881, "seed_idx": 94, "valid": true, "snap_water": false, "snap_m": 0.0 }, "geometry": { "type": "Point", "coordinates": [ -0.32173690199852, 5.503473281860352 ] } },
{ "type": "Feature", "properties": { "particle": 1882, "seed_idx": 94, "valid": true, "snap_water": false, "snap_m": 0.0 }, "geometry": { "type": "Point", "coordinates": [ -0.32985383272171, 5.508199214935303 ] } },
{ "type": "Feature", "properties": { "particle": 1883, "seed_idx": 94, "valid": true, "snap_water": false, "snap_m": 0.0 }, "geometry": { "type": "Point", "coordinates": [ -0.32194522023201, 5.503184795379639 ] } },
{ "type": "Feature", "properties": { "particle": 1884, "seed_idx": 94, "valid": true, "snap_water": false, "snap_m": 0.0 }, "geometry": { "type": "Point", "coordinates": [ -0.321954548358917, 5.503454208374023 ] } },
{ "type": "Feature", "properties": { "particle": 1885, "seed_idx": 94, "valid": true, "snap_water": false, "snap_m": 0.0 }, "geometry": { "type": "Point", "coordinates": [ -0.330017566680908, 5.508302688598633 ] } },
{ "type": "Feature", "properties": { "particle": 1886, "seed_idx": 94, "valid": true, "snap_water": false, "snap_m": 0.0 }, "geometry": { "type": "Point", "coordinates": [ -0.321956008672714, 5.503391265869141 ] } },
{ "type": "Feature", "properties": { "particle": 1887, "seed_idx": 94, "valid": true, "snap_water": false, "snap_m": 0.0 }, "geometry": { "type": "Point", "coordinates": [ -0.328540116548538, 5.507699012756348 ] } },
{ "type": "Feature", "properties": { "particle": 1888, "seed_idx": 94, "valid": true, "snap_water": false, "snap_m": 0.0 }, "geometry": { "type": "Point", "coordinates": [ -0.329780757427216, 5.507649898529053 ] } },
{ "type": "Feature", "properties": { "particle": 1889, "seed_idx": 94, "valid": true, "snap_water": false, "snap_m": 0.0 }, "geometry": { "type": "Point", "coordinates": [ -0.328447282314301, 5.507620811462402 ] } },
{ "type": "Feature", "properties": { "particle": 1890, "seed_idx": 94, "valid": true, "snap_water": false, "snap_m": 0.0 }, "geometry": { "type": "Point", "coordinates": [ -0.321907341480255, 5.503423690795898 ] } },
{ "type": "Feature", "properties": { "particle": 1891, "seed_idx": 94, "valid": true, "snap_water": false, "snap_m": 0.0 }, "geometry": { "type": "Point", "coordinates": [ -0.329636812210083, 5.507988452911377 ] } },
{ "type": "Feature", "properties": { "particle": 1892, "seed_idx": 94, "valid": true, "snap_water": true, "snap_m": 62.610806 }, "geometry": { "type": "Point", "coordinates": [ -0.321999996900558, 5.502999782562256 ] } },
{ "type": "Feature", "properties": { "particle": 1893, "seed_idx": 94, "valid": true, "snap_water": false, "snap_m": 0.0 }, "geometry": { "type": "Point", "coordinates": [ -0.327378571033478, 5.506957530975342 ] } },
{ "type": "Feature", "properties": { "particle": 1894, "seed_idx": 94, "valid": true, "snap_water": false, "snap_m": 0.0 }, "geometry": { "type": "Point", "coordinates": [ -0.32181903719902, 5.503419399261475 ] } },
{ "type": "Feature", "properties": { "particle": 1895, "seed_idx": 94, "valid": true, "snap_water": false, "snap_m": 0.0 }, "geometry": { "type": "Point", "coordinates": [ -0.321839720010757, 5.503365039825439 ] } },
{ "type": "Feature", "properties": { "particle": 1896, "seed_idx": 94, "valid": true, "snap_water": false, "snap_m": 0.0 }, "geometry": { "type": "Point", "coordinates": [ -0.329950898885727, 5.508130550384521 ] } },
{ "type": "Feature", "properties": { "particle": 1897, "seed_idx": 94, "valid": true, "snap_water": false, "snap_m": 0.0 }, "geometry": { "type": "Point", "coordinates": [ -0.32625874876976, 5.5068039894104 ] } },
{ "type": "Feature", "properties": { "particle": 1898, "seed_idx": 94, "valid": true, "snap_water": false, "snap_m": 0.0 }, "geometry": { "type": "Point", "coordinates": [ -0.329778879880905, 5.507742404937744 ] } },
{ "type": "Feature", "properties": { "particle": 1899, "seed_idx": 94, "valid": true, "snap_water": false, "snap_m": 0.0 }, "geometry": { "type": "Point", "coordinates": [ -0.330748975276947, 5.507455348968506 ] } },
{ "type": "Feature", "properties": { "particle": 1900, "seed_idx": 95, "valid": true, "snap_water": false, "snap_m": 0.0 }, "geometry": { "type": "Point", "coordinates": [ -0.331830531358719, 5.508379459381104 ] } },
{ "type": "Feature", "properties": { "particle": 1901, "seed_idx": 95, "valid": true, "snap_water": true, "snap_m": 59.308632 }, "geometry": { "type": "Point", "coordinates": [ -0.331999987363815, 5.507999897003174 ] } },
{ "type": "Feature", "properties": { "particle": 1902, "seed_idx": 95, "valid": true, "snap_water": false, "snap_m": 0.0 }, "geometry": { "type": "Point", "coordinates": [ -0.327537059783936, 5.506064891815186 ] } },
{ "type": "Feature", "properties": { "particle": 1903, "seed_idx": 95, "valid": true, "snap_water": false, "snap_m": 0.0 }, "geometry": { "type": "Point", "coordinates": [ -0.331997692584991, 5.508321762084961 ] } },
{ "type": "Feature", "properties": { "particle": 1904, "seed_idx": 95, "valid": true, "snap_water": false, "snap_m": 0.0 }, "geometry": { "type": "Point", "coordinates": [ -0.322507381439209, 5.502777576446533 ] } },
{ "type": "Feature", "properties": { "particle": 1905, "seed_idx": 95, "valid": true, "snap_water": false, "snap_m": 0.0 }, "geometry": { "type": "Point", "coordinates": [ -0.331337571144104, 5.506771564483643 ] } },
{ "type": "Feature", "properties": { "particle": 1906, "seed_idx": 95, "valid": true, "snap_water": false, "snap_m": 0.0 }, "geometry": { "type": "Point", "coordinates": [ -0.330968648195267, 5.50724458694458 ] } },
{ "type": "Feature", "properties": { "particle": 1907, "seed_idx": 95, "valid": true, "snap_water": false, "snap_m": 0.0 }, "geometry": { "type": "Point", "coordinates": [ -0.330758571624756, 5.507133960723877 ] } },
{ "type": "Feature", "properties": { "particle": 1908, "seed_idx": 95, "valid": true, "snap_water": false, "snap_m": 0.0 }, "geometry": { "type": "Point", "coordinates": [ -0.332924574613571, 5.507016658782959 ] } },
{ "type": "Feature", "properties": { "particle": 1909, "seed_idx": 95, "valid": true, "snap_water": false, "snap_m": 0.0 }, "geometry": { "type": "Point", "coordinates": [ -0.327053099870682, 5.505341053009033 ] } },
{ "type": "Feature", "properties": { "particle": 1910, "seed_idx": 95, "valid": true, "snap_water": false, "snap_m": 0.0 }, "geometry": { "type": "Point", "coordinates": [ -0.32227435708046, 5.502769470214844 ] } },
{ "type": "Feature", "properties": { "particle": 1911, "seed_idx": 95, "valid": true, "snap_water": false, "snap_m": 0.0 }, "geometry": { "type": "Point", "coordinates": [ -0.330486804246902, 5.50766134262085 ] } },
{ "type": "Feature", "properties": { "particle": 1912, "seed_idx": 95, "valid": true, "snap_water": false, "snap_m": 0.0 }, "geometry": { "type": "Point", "coordinates": [ -0.330716967582703, 5.50701379776001 ] } },
{ "type": "Feature", "properties": { "particle": 1913, "seed_idx": 95, "valid": true, "snap_water": true, "snap_m": 78.829849 }, "geometry": { "type": "Point", "coordinates": [ -0.330000013113022, 5.507999897003174 ] } },
{ "type": "Feature", "properties": { "particle": 1914, "seed_idx": 95, "valid": true, "snap_water": false, "snap_m": 0.0 }, "geometry": { "type": "Point", "coordinates": [ -0.332780331373215, 5.507277965545654 ] } },
{ "type": "Feature", "properties": { "particle": 1915, "seed_idx": 95, "valid": true, "snap_water": false, "snap_m": 0.0 }, "geometry": { "type": "Point", "coordinates": [ -0.322262793779373, 5.502779006958008 ] } },
{ "type": "Feature", "properties": { "particle": 1916, "seed_idx": 95, "valid": true, "snap_water": true, "snap_m": 71.921158 }, "geometry": { "type": "Point", "coordinates": [ -0.330000013113022, 5.507999897003174 ] } },
{ "type": "Feature", "properties": { "particle": 1917, "seed_idx": 95, "valid": true, "snap_water": false, "snap_m": 0.0 }, "geometry": { "type": "Point", "coordinates": [ -0.328052788972855, 5.504510402679443 ] } },
{ "type": "Feature", "properties": { "particle": 1918, "seed_idx": 95, "valid": true, "snap_water": false, "snap_m": 0.0 }, "geometry": { "type": "Point", "coordinates": [ -0.322467356920242, 5.50277853012085 ] } },
{ "type": "Feature", "properties": { "particle": 1919, "seed_idx": 95, "valid": true, "snap_water": false, "snap_m": 0.0 }, "geometry": { "type": "Point", "coordinates": [ -0.331533044576645, 5.506649494171143 ] } },
{ "type": "Feature", "properties": { "particle": 1920, "seed_idx": 96, "valid": true, "snap_water": false, "snap_m": 0.0 }, "geometry": { "type": "Point", "coordinates": [ -0.332701027393341, 5.506957054138184 ] } },
{ "type": "Feature", "properties": { "particle": 1921, "seed_idx": 96, "valid": true, "snap_water": false, "snap_m": 0.0 }, "geometry": { "type": "Point", "coordinates": [ -0.33095845580101, 5.507125854492188 ] } },
{ "type": "Feature", "properties": { "particle": 1922, "seed_idx": 96, "valid": true, "snap_water": false, "snap_m": 0.0 }, "geometry": { "type": "Point", "coordinates": [ -0.330962836742401, 5.507163524627686 ] } },
{ "type": "Feature", "properties": { "particle": 1923, "seed_idx": 96, "valid": true, "snap_water": false, "snap_m": 0.0 }, "geometry": { "type": "Point", "coordinates": [ -0.331235468387604, 5.506756782531738 ] } },
{ "type": "Feature", "properties": { "particle": 1924, "seed_idx": 96, "valid": true, "snap_water": false, "snap_m": 0.0 }, "geometry": { "type": "Point", "coordinates": [ -0.332846879959106, 5.507269859313965 ] } },
{ "type": "Feature", "properties": { "particle": 1925, "seed_idx": 96, "valid": true, "snap_water": false, "snap_m": 0.0 }, "geometry": { "type": "Point", "coordinates": [ -0.330909460783005, 5.506815910339355 ] } },
{ "type": "Feature", "properties": { "particle": 1926, "seed_idx": 96, "valid": true, "snap_water": true, "snap_m": 70.876213 }, "geometry": { "type": "Point", "coordinates": [ -0.333000004291534, 5.506999969482422 ] } },
{ "type": "Feature", "properties": { "particle": 1927, "seed_idx": 96, "valid": true, "snap_water": false, "snap_m": 0.0 }, "geometry": { "type": "Point", "coordinates": [ -0.331560730934143, 5.506705760955811 ] } },
{ "type": "Feature", "properties": { "particle": 1928, "seed_idx": 96, "valid": true, "snap_water": false, "snap_m": 0.0 }, "geometry": { "type": "Point", "coordinates": [ -0.332019984722137, 5.506689548492432 ] } },
{ "type": "Feature", "properties": { "particle": 1929, "seed_idx": 96, "valid": true, "snap_water": false, "snap_m": 0.0 }, "geometry": { "type": "Point", "coordinates": [ -0.332734674215317, 5.506953239440918 ] } },
{ "type": "Feature", "properties": { "particle": 1930, "seed_idx": 96, "valid": true, "snap_water": false, "snap_m": 0.0 }, "geometry": { "type": "Point", "coordinates": [ -0.331592500209808, 5.506714820861816 ] } },
{ "type": "Feature", "properties": { "particle": 1931, "seed_idx": 96, "valid": true, "snap_water": false, "snap_m": 0.0 }, "geometry": { "type": "Point", "coordinates": [ -0.332917869091034, 5.507087230682373 ] } },
{ "type": "Feature", "properties": { "particle": 1932, "seed_idx": 96, "valid": true, "snap_water": false, "snap_m": 0.0 }, "geometry": { "type": "Point", "coordinates": [ -0.332818955183029, 5.507142543792725 ] } },
{ "type": "Feature", "properties": { "particle": 1933, "seed_idx": 96, "valid": true, "snap_water": true, "snap_m": 57.934738 }, "geometry": { "type": "Point", "coordinates": [ -0.331000000238419, 5.506999969482422 ] } },
{ "type": "Feature", "properties": { "particle": 1934, "seed_idx": 96, "valid": true, "snap_water": false, "snap_m": 0.0 }, "geometry": { "type": "Point", "coordinates": [ -0.330738544464111, 5.507079601287842 ] } },
{ "type": "Feature", "properties": { "particle": 1935, "seed_idx": 96, "valid": true, "snap_water": false, "snap_m": 0.0 }, "geometry": { "type": "Point", "coordinates": [ -0.331027984619141, 5.506617069244385 ] } },
{ "type": "Feature", "properties": { "particle": 1936, "seed_idx": 96, "valid": true, "snap_water": false, "snap_m": 0.0 }, "geometry": { "type": "Point", "coordinates": [ -0.332752227783203, 5.507353782653809 ] } },
{ "type": "Feature", "properties": { "particle": 1937, "seed_idx": 96, "valid": true, "snap_water": false, "snap_m": 0.0 }, "geometry": { "type": "Point", "coordinates": [ -0.330931812524796, 5.506800174713135 ] } },
{ "type": "Feature", "properties": { "particle": 1938, "seed_idx": 96, "valid": true, "snap_water": false, "snap_m": 0.0 }, "geometry": { "type": "Point", "coordinates": [ -0.333017766475677, 5.507210254669189 ] } },
{ "type": "Feature", "properties": { "particle": 1939, "seed_idx": 96, "valid": true, "snap_water": false, "snap_m": 0.0 }, "geometry": { "type": "Point", "coordinates": [ -0.330789744853973, 5.507222175598145 ] } },
{ "type": "Feature", "properties": { "particle": 1940, "seed_idx": 97, "valid": true, "snap_water": true, "snap_m": 88.730949 }, "geometry": { "type": "Point", "coordinates": [ -0.333000004291534, 5.506999969482422 ] } },
{ "type": "Feature", "properties": { "particle": 1941, "seed_idx": 97, "valid": true, "snap_water": true, "snap_m": 98.480682 }, "geometry": { "type": "Point", "coordinates": [ -0.333000004291534, 5.50600004196167 ] } },
{ "type": "Feature", "properties": { "particle": 1942, "seed_idx": 97, "valid": true, "snap_water": true, "snap_m": 117.58809 }, "geometry": { "type": "Point", "coordinates": [ -0.333000004291534, 5.506999969482422 ] } },
{ "type": "Feature", "properties": { "particle": 1943, "seed_idx": 97, "valid": true, "snap_water": false, "snap_m": 0.0 }, "geometry": { "type": "Point", "coordinates": [ -0.333468854427338, 5.506757259368896 ] } },
{ "type": "Feature", "properties": { "particle": 1944, "seed_idx": 97, "valid": true, "snap_water": true, "snap_m": 101.36551 }, "geometry": { "type": "Point", "coordinates": [ -0.333000004291534, 5.506999969482422 ] } },
{ "type": "Feature", "properties": { "particle": 1945, "seed_idx": 97, "valid": true, "snap_water": true, "snap_m": 92.778297 }, "geometry": { "type": "Point", "coordinates": [ -0.333000004291534, 5.506999969482422 ] } },
{ "type": "Feature", "properties": { "particle": 1946, "seed_idx": 97, "valid": true, "snap_water": true, "snap_m": 109.28855 }, "geometry": { "type": "Point", "coordinates": [ -0.333000004291534, 5.50600004196167 ] } },
{ "type": "Feature", "properties": { "particle": 1947, "seed_idx": 97, "valid": true, "snap_water": true, "snap_m": 95.619698 }, "geometry": { "type": "Point", "coordinates": [ -0.333000004291534, 5.506999969482422 ] } },
{ "type": "Feature", "properties": { "particle": 1948, "seed_idx": 97, "valid": true, "snap_water": false, "snap_m": 0.0 }, "geometry": { "type": "Point", "coordinates": [ -0.333230465650558, 5.506610870361328 ] } },
{ "type": "Feature", "properties": { "particle": 1949, "seed_idx": 97, "valid": true, "snap_water": false, "snap_m": 0.0 }, "geometry": { "type": "Point", "coordinates": [ -0.332858145236969, 5.506852149963379 ] } },
{ "type": "Feature", "properties": { "particle": 1950, "seed_idx": 97, "valid": true, "snap_water": true, "snap_m": 96.244232 }, "geometry": { "type": "Point", "coordinates": [ -0.333000004291534, 5.506999969482422 ] } },
{ "type": "Feature", "properties": { "particle": 1951, "seed_idx": 97, "valid": true, "snap_water": true, "snap_m": 104.71648 }, "geometry": { "type": "Point", "coordinates": [ -0.333000004291534, 5.506999969482422 ] } },
{ "type": "Feature", "properties": { "particle": 1952, "seed_idx": 97, "valid": true, "snap_water": true, "snap_m": 114.7643 }, "geometry": { "type": "Point", "coordinates": [ -0.333000004291534, 5.506999969482422 ] } },
{ "type": "Feature", "properties": { "particle": 1953, "seed_idx": 97, "valid": true, "snap_water": false, "snap_m": 0.0 }, "geometry": { "type": "Point", "coordinates": [ -0.333486527204514, 5.506758689880371 ] } },
{ "type": "Feature", "properties": { "particle": 1954, "seed_idx": 97, "valid": true, "snap_water": true, "snap_m": 80.496094 }, "geometry": { "type": "Point", "coordinates": [ -0.333000004291534, 5.506999969482422 ] } },
{ "type": "Feature", "properties": { "particle": 1955, "seed_idx": 97, "valid": true, "snap_water": true, "snap_m": 108.29822 }, "geometry": { "type": "Point", "coordinates": [ -0.333000004291534, 5.506999969482422 ] } },
{ "type": "Feature", "properties": { "particle": 1956, "seed_idx": 97, "valid": true, "snap_water": true, "snap_m": 104.42136 }, "geometry": { "type": "Point", "coordinates": [ -0.333000004291534, 5.506999969482422 ] } },
{ "type": "Feature", "properties": { "particle": 1957, "seed_idx": 97, "valid": true, "snap_water": true, "snap_m": 112.14793 }, "geometry": { "type": "Point", "coordinates": [ -0.333000004291534, 5.506999969482422 ] } },
{ "type": "Feature", "properties": { "particle": 1958, "seed_idx": 97, "valid": true, "snap_water": true, "snap_m": 72.367813 }, "geometry": { "type": "Point", "coordinates": [ -0.333000004291534, 5.506999969482422 ] } },
{ "type": "Feature", "properties": { "particle": 1959, "seed_idx": 97, "valid": true, "snap_water": true, "snap_m": 66.685455 }, "geometry": { "type": "Point", "coordinates": [ -0.333000004291534, 5.506999969482422 ] } },
{ "type": "Feature", "properties": { "particle": 1960, "seed_idx": 98, "valid": true, "snap_water": true, "snap_m": 110.18314 }, "geometry": { "type": "Point", "coordinates": [ -0.333000004291534, 5.50600004196167 ] } },
{ "type": "Feature", "properties": { "particle": 1961, "seed_idx": 98, "valid": true, "snap_water": false, "snap_m": 0.0 }, "geometry": { "type": "Point", "coordinates": [ -0.332768768072128, 5.507416248321533 ] } },
{ "type": "Feature", "properties": { "particle": 1962, "seed_idx": 98, "valid": true, "snap_water": false, "snap_m": 0.0 }, "geometry": { "type": "Point", "coordinates": [ -0.332735598087311, 5.507019996643066 ] } },
{ "type": "Feature", "properties": { "particle": 1963, "seed_idx": 98, "valid": true, "snap_water": true, "snap_m": 93.015419 }, "geometry": { "type": "Point", "coordinates": [ -0.333000004291534, 5.506999969482422 ] } },
{ "type": "Feature", "properties": { "particle": 1964, "seed_idx": 98, "valid": true, "snap_water": true, "snap_m": 96.494156 }, "geometry": { "type": "Point", "coordinates": [ -0.333000004291534, 5.50600004196167 ] } },
{ "type": "Feature", "properties": { "particle": 1965, "seed_idx": 98, "valid": true, "snap_water": false, "snap_m": 0.0 }, "geometry": { "type": "Point", "coordinates": [ -0.333472520112991, 5.506753444671631 ] } },
{ "type": "Feature", "properties": { "particle": 1966, "seed_idx": 98, "valid": true, "snap_water": false, "snap_m": 0.0 }, "geometry": { "type": "Point", "coordinates": [ -0.333017587661743, 5.507246494293213 ] } },
{ "type": "Feature", "properties": { "particle": 1967, "seed_idx": 98, "valid": true, "snap_water": false, "snap_m": 0.0 }, "geometry": { "type": "Point", "coordinates": [ -0.332974493503571, 5.507292747497559 ] } },
{ "type": "Feature", "properties": { "particle": 1968, "seed_idx": 98, "valid": true, "snap_water": false, "snap_m": 0.0 }, "geometry": { "type": "Point", "coordinates": [ -0.332969039678574, 5.506850719451904 ] } },
{ "type": "Feature", "properties": { "particle": 1969, "seed_idx": 98, "valid": true, "snap_water": false, "snap_m": 0.0 }, "geometry": { "type": "Point", "coordinates": [ -0.332919776439667, 5.507012844085693 ] } },
{ "type": "Feature", "properties": { "particle": 1970, "seed_idx": 98, "valid": true, "snap_water": true, "snap_m": 110.25764 }, "geometry": { "type": "Point", "coordinates": [ -0.333000004291534, 5.50600004196167 ] } },
{ "type": "Feature", "properties": { "particle": 1971, "seed_idx": 98, "valid": true, "snap_water": false, "snap_m": 0.0 }, "geometry": { "type": "Point", "coordinates": [ -0.332701921463013, 5.507118701934814 ] } },
{ "type": "Feature", "properties": { "particle": 1972, "seed_idx": 98, "valid": true, "snap_water": false, "snap_m": 0.0 }, "geometry": { "type": "Point", "coordinates": [ -0.333013266324997, 5.506906986236572 ] } },
{ "type": "Feature", "properties": { "particle": 1973, "seed_idx": 98, "valid": true, "snap_water": false, "snap_m": 0.0 }, "geometry": { "type": "Point", "coordinates": [ -0.333024382591248, 5.506793022155762 ] } },
{ "type": "Feature", "properties": { "particle": 1974, "seed_idx": 98, "valid": true, "snap_water": true, "snap_m": 87.349495 }, "geometry": { "type": "Point", "coordinates": [ -0.333000004291534, 5.506999969482422 ] } },
{ "type": "Feature", "properties": { "particle": 1975, "seed_idx": 98, "valid": true, "snap_water": true, "snap_m": 102.07411 }, "geometry": { "type": "Point", "coordinates": [ -0.333000004291534, 5.50600004196167 ] } },
{ "type": "Feature", "properties": { "particle": 1976, "seed_idx": 98, "valid": true, "snap_water": true, "snap_m": 76.58165 }, "geometry": { "type": "Point", "coordinates": [ -0.333000004291534, 5.506999969482422 ] } },
{ "type": "Feature", "properties": { "particle": 1977, "seed_idx": 98, "valid": true, "snap_water": false, "snap_m": 0.0 }, "geometry": { "type": "Point", "coordinates": [ -0.332985997200012, 5.507463455200195 ] } },
{ "type": "Feature", "properties": { "particle": 1978, "seed_idx": 98, "valid": true, "snap_water": true, "snap_m": 93.351433 }, "geometry": { "type": "Point", "coordinates": [ -0.333000004291534, 5.50600004196167 ] } },
{ "type": "Feature", "properties": { "particle": 1979, "seed_idx": 98, "valid": true, "snap_water": false, "snap_m": 0.0 }, "geometry": { "type": "Point", "coordinates": [ -0.333003461360931, 5.506909847259521 ] } },
{ "type": "Feature", "properties": { "particle": 1980, "seed_idx": 99, "valid": true, "snap_water": true, "snap_m": 108.43151 }, "geometry": { "type": "Point", "coordinates": [ -0.333000004291534, 5.50600004196167 ] } },
{ "type": "Feature", "properties": { "particle": 1981, "seed_idx": 99, "valid": true, "snap_water": false, "snap_m": 0.0 }, "geometry": { "type": "Point", "coordinates": [ -0.33382248878479, 5.505441188812256 ] } },
{ "type": "Feature", "properties": { "particle": 1982, "seed_idx": 99, "valid": true, "snap_water": true, "snap_m": 95.85154 }, "geometry": { "type": "Point", "coordinates": [ -0.333000004291534, 5.50600004196167 ] } },
{ "type": "Feature", "properties": { "particle": 1983, "seed_idx": 99, "valid": true, "snap_water": false, "snap_m": 0.0 }, "geometry": { "type": "Point", "coordinates": [ -0.334515959024429, 5.504810333251953 ] } },
{ "type": "Feature", "properties": { "particle": 1984, "seed_idx": 99, "valid": true, "snap_water": true, "snap_m": 98.21067 }, "geometry": { "type": "Point", "coordinates": [ -0.333000004291534, 5.50600004196167 ] } },
{ "type": "Feature", "properties": { "particle": 1985, "seed_idx": 99, "valid": true, "snap_water": false, "snap_m": 0.0 }, "geometry": { "type": "Point", "coordinates": [ -0.335720300674438, 5.505374431610107 ] } },
{ "type": "Feature", "properties": { "particle": 1986, "seed_idx": 99, "valid": true, "snap_water": true, "snap_m": 103.5399 }, "geometry": { "type": "Point", "coordinates": [ -0.333999991416931, 5.505000114440918 ] } },
{ "type": "Feature", "properties": { "particle": 1987, "seed_idx": 99, "valid": true, "snap_water": true, "snap_m": 64.867142 }, "geometry": { "type": "Point", "coordinates": [ -0.333999991416931, 5.505000114440918 ] } },
{ "type": "Feature", "properties": { "particle": 1988, "seed_idx": 99, "valid": true, "snap_water": true, "snap_m": 109.89536 }, "geometry": { "type": "Point", "coordinates": [ -0.33500000834465, 5.50600004196167 ] } },
{ "type": "Feature", "properties": { "particle": 1989, "seed_idx": 99, "valid": true, "snap_water": true, "snap_m": 78.498528 }, "geometry": { "type": "Point", "coordinates": [ -0.333000004291534, 5.50600004196167 ] } },
{ "type": "Feature", "properties": { "particle": 1990, "seed_idx": 99, "valid": true, "snap_water": true, "snap_m": 93.133568 }, "geometry": { "type": "Point", "coordinates": [ -0.333000004291534, 5.50600004196167 ] } },
{ "type": "Feature", "properties": { "particle": 1991, "seed_idx": 99, "valid": true, "snap_water": false, "snap_m": 0.0 }, "geometry": { "type": "Point", "coordinates": [ -0.333956658840179, 5.505366802215576 ] } },
{ "type": "Feature", "properties": { "particle": 1992, "seed_idx": 99, "valid": true, "snap_water": true, "snap_m": 83.634254 }, "geometry": { "type": "Point", "coordinates": [ -0.333999991416931, 5.505000114440918 ] } },
{ "type": "Feature", "properties": { "particle": 1993, "seed_idx": 99, "valid": true, "snap_water": false, "snap_m": 0.0 }, "geometry": { "type": "Point", "coordinates": [ -0.333847790956497, 5.504745006561279 ] } },
{ "type": "Feature", "properties": { "particle": 1994, "seed_idx": 99, "valid": true, "snap_water": true, "snap_m": 78.35302 }, "geometry": { "type": "Point", "coordinates": [ -0.333000004291534, 5.50600004196167 ] } },
{ "type": "Feature", "properties": { "particle": 1995, "seed_idx": 99, "valid": true, "snap_water": true, "snap_m": 117.15753 }, "geometry": { "type": "Point", "coordinates": [ -0.33500000834465, 5.50600004196167 ] } },
{ "type": "Feature", "properties": { "particle": 1996, "seed_idx": 99, "valid": true, "snap_water": true, "snap_m": 109.78848 }, "geometry": { "type": "Point", "coordinates": [ -0.33500000834465, 5.50600004196167 ] } },
{ "type": "Feature", "properties": { "particle": 1997, "seed_idx": 99, "valid": true, "snap_water": true, "snap_m": 85.486694 }, "geometry": { "type": "Point", "coordinates": [ -0.333999991416931, 5.505000114440918 ] } },
{ "type": "Feature", "properties": { "particle": 1998, "seed_idx": 99, "valid": true, "snap_water": false, "snap_m": 0.0 }, "geometry": { "type": "Point", "coordinates": [ -0.333884686231613, 5.505210399627686 ] } },
{ "type": "Feature", "properties": { "particle": 1999, "seed_idx": 99, "valid": true, "snap_water": true, "snap_m": 109.28672 }, "geometry": { "type": "Point", "coordinates": [ -0.33500000834465, 5.50600004196167 ] } },
{ "type": "Feature", "properties": { "particle": 2000, "seed_idx": 100, "valid": true, "snap_water": false, "snap_m": 0.0 }, "geometry": { "type": "Point", "coordinates": [ -0.335806250572205, 5.50485372543335 ] } },
{ "type": "Feature", "properties": { "particle": 2001, "seed_idx": 100, "valid": true, "snap_water": true, "snap_m": 64.170204 }, "geometry": { "type": "Point", "coordinates": [ -0.335999995470047, 5.505000114440918 ] } },
{ "type": "Feature", "properties": { "particle": 2002, "seed_idx": 100, "valid": true, "snap_water": false, "snap_m": 0.0 }, "geometry": { "type": "Point", "coordinates": [ -0.33577835559845, 5.505159378051758 ] } },
{ "type": "Feature", "properties": { "particle": 2003, "seed_idx": 100, "valid": true, "snap_water": false, "snap_m": 0.0 }, "geometry": { "type": "Point", "coordinates": [ -0.334446668624878, 5.504692554473877 ] } },
{ "type": "Feature", "properties": { "particle": 2004, "seed_idx": 100, "valid": true, "snap_water": false, "snap_m": 0.0 }, "geometry": { "type": "Point", "coordinates": [ -0.335810303688049, 5.505181789398193 ] } },
{ "type": "Feature", "properties": { "particle": 2005, "seed_idx": 100, "valid": true, "snap_water": false, "snap_m": 0.0 }, "geometry": { "type": "Point", "coordinates": [ -0.335745006799698, 5.505281925201416 ] } },
{ "type": "Feature", "properties": { "particle": 2006, "seed_idx": 100, "valid": true, "snap_water": true, "snap_m": 69.518272 }, "geometry": { "type": "Point", "coordinates": [ -0.335999995470047, 5.505000114440918 ] } },
{ "type": "Feature", "properties": { "particle": 2007, "seed_idx": 100, "valid": true, "snap_water": false, "snap_m": 0.0 }, "geometry": { "type": "Point", "coordinates": [ -0.334569156169891, 5.504687309265137 ] } },
{ "type": "Feature", "properties": { "particle": 2008, "seed_idx": 100, "valid": true, "snap_water": false, "snap_m": 0.0 }, "geometry": { "type": "Point", "coordinates": [ -0.334600627422333, 5.504604816436768 ] } },
{ "type": "Feature", "properties": { "particle": 2009, "seed_idx": 100, "valid": true, "snap_water": false, "snap_m": 0.0 }, "geometry": { "type": "Point", "coordinates": [ -0.335872918367386, 5.5050368309021 ] } },
{ "type": "Feature", "properties": { "particle": 2010, "seed_idx": 100, "valid": true, "snap_water": false, "snap_m": 0.0 }, "geometry": { "type": "Point", "coordinates": [ -0.335960179567337, 5.505459308624268 ] } },
{ "type": "Feature", "properties": { "particle": 2011, "seed_idx": 100, "valid": true, "snap_water": false, "snap_m": 0.0 }, "geometry": { "type": "Point", "coordinates": [ -0.333773463964462, 5.504644393920898 ] } },
{ "type": "Feature", "properties": { "particle": 2012, "seed_idx": 100, "valid": true, "snap_water": false, "snap_m": 0.0 }, "geometry": { "type": "Point", "coordinates": [ -0.335839509963989, 5.505258560180664 ] } },
{ "type": "Feature", "properties": { "particle": 2013, "seed_idx": 100, "valid": true, "snap_water": true, "snap_m": 81.861008 }, "geometry": { "type": "Point", "coordinates": [ -0.337000012397766, 5.504000186920166 ] } },
{ "type": "Feature", "properties": { "particle": 2014, "seed_idx": 100, "valid": true, "snap_water": false, "snap_m": 0.0 }, "geometry": { "type": "Point", "coordinates": [ -0.334205240011215, 5.504794120788574 ] } },
{ "type": "Feature", "properties": { "particle": 2015, "seed_idx": 100, "valid": true, "snap_water": false, "snap_m": 0.0 }, "geometry": { "type": "Point", "coordinates": [ -0.336410492658615, 5.504795074462891 ] } },
{ "type": "Feature", "properties": { "particle": 2016, "seed_idx": 100, "valid": true, "snap_water": false, "snap_m": 0.0 }, "geometry": { "type": "Point", "coordinates": [ -0.33557590842247, 5.505139350891113 ] } },
{ "type": "Feature", "properties": { "particle": 2017, "seed_idx": 100, "valid": true, "snap_water": false, "snap_m": 0.0 }, "geometry": { "type": "Point", "coordinates": [ -0.335709482431412, 5.50519323348999 ] } },
{ "type": "Feature", "properties": { "particle": 2018, "seed_idx": 100, "valid": true, "snap_water": false, "snap_m": 0.0 }, "geometry": { "type": "Point", "coordinates": [ -0.335939228534698, 5.505131721496582 ] } },
{ "type": "Feature", "properties": { "particle": 2019, "seed_idx": 100, "valid": true, "snap_water": false, "snap_m": 0.0 }, "geometry": { "type": "Point", "coordinates": [ -0.333903551101685, 5.504596710205078 ] } },
{ "type": "Feature", "properties": { "particle": 2020, "seed_idx": 101, "valid": true, "snap_water": false, "snap_m": 0.0 }, "geometry": { "type": "Point", "coordinates": [ -0.336927890777588, 5.50433349609375 ] } },
{ "type": "Feature", "properties": { "particle": 2021, "seed_idx": 101, "valid": true, "snap_water": false, "snap_m": 0.0 }, "geometry": { "type": "Point", "coordinates": [ -0.335940152406693, 5.504997730255127 ] } },
{ "type": "Feature", "properties": { "particle": 2022, "seed_idx": 101, "valid": true, "snap_water": false, "snap_m": 0.0 }, "geometry": { "type": "Point", "coordinates": [ -0.335749417543411, 5.505362510681152 ] } },
{ "type": "Feature", "properties": { "particle": 2023, "seed_idx": 101, "valid": true, "snap_water": true, "snap_m": 56.095886 }, "geometry": { "type": "Point", "coordinates": [ -0.337000012397766, 5.504000186920166 ] } },
{ "type": "Feature", "properties": { "particle": 2024, "seed_idx": 101, "valid": true, "snap_water": true, "snap_m": 68.67009 }, "geometry": { "type": "Point", "coordinates": [ -0.337000012397766, 5.504000186920166 ] } },
{ "type": "Feature", "properties": { "particle": 2025, "seed_idx": 101, "valid": true, "snap_water": false, "snap_m": 0.0 }, "geometry": { "type": "Point", "coordinates": [ -0.335811287164688, 5.505159378051758 ] } },
{ "type": "Feature", "properties": { "particle": 2026, "seed_idx": 101, "valid": true, "snap_water": false, "snap_m": 0.0 }, "geometry": { "type": "Point", "coordinates": [ -0.336257785558701, 5.504664421081543 ] } },
{ "type": "Feature", "properties": { "particle": 2027, "seed_idx": 101, "valid": true, "snap_water": true, "snap_m": 69.773537 }, "geometry": { "type": "Point", "coordinates": [ -0.335999995470047, 5.505000114440918 ] } },
{ "type": "Feature", "properties": { "particle": 2028, "seed_idx": 101, "valid": true, "snap_water": false, "snap_m": 0.0 }, "geometry": { "type": "Point", "coordinates": [ -0.335780829191208, 5.505388736724854 ] } },
{ "type": "Feature", "properties": { "particle": 2029, "seed_idx": 101, "valid": true, "snap_water": false, "snap_m": 0.0 }, "geometry": { "type": "Point", "coordinates": [ -0.335901498794556, 5.505319118499756 ] } },
{ "type": "Feature", "properties": { "particle": 2030, "seed_idx": 101, "valid": true, "snap_water": true, "snap_m": 76.516739 }, "geometry": { "type": "Point", "coordinates": [ -0.335999995470047, 5.505000114440918 ] } },
{ "type": "Feature", "properties": { "particle": 2031, "seed_idx": 101, "valid": true, "snap_water": true, "snap_m": 89.594635 }, "geometry": { "type": "Point", "coordinates": [ -0.337000012397766, 5.504000186920166 ] } },
{ "type": "Feature", "properties": { "particle": 2032, "seed_idx": 101, "valid": true, "snap_water": false, "snap_m": 0.0 }, "geometry": { "type": "Point", "coordinates": [ -0.33590042591095, 5.505311012268066 ] } },
{ "type": "Feature", "properties": { "particle": 2033, "seed_idx": 101, "valid": true, "snap_water": false, "snap_m": 0.0 }, "geometry": { "type": "Point", "coordinates": [ -0.335988432168961, 5.50526237487793 ] } },
{ "type": "Feature", "properties": { "particle": 2034, "seed_idx": 101, "valid": true, "snap_water": true, "snap_m": 74.294136 }, "geometry": { "type": "Point", "coordinates": [ -0.337000012397766, 5.504000186920166 ] } },
{ "type": "Feature", "properties": { "particle": 2035, "seed_idx": 101, "valid": true, "snap_water": true, "snap_m": 70.111877 }, "geometry": { "type": "Point", "coordinates": [ -0.335999995470047, 5.505000114440918 ] } },
{ "type": "Feature", "properties": { "particle": 2036, "seed_idx": 101, "valid": true, "snap_water": false, "snap_m": 0.0 }, "geometry": { "type": "Point", "coordinates": [ -0.335791438817978, 5.50536584854126 ] } },
{ "type": "Feature", "properties": { "particle": 2037, "seed_idx": 101, "valid": true, "snap_water": false, "snap_m": 0.0 }, "geometry": { "type": "Point", "coordinates": [ -0.335900008678436, 5.50496244430542 ] } },
{ "type": "Feature", "properties": { "particle": 2038, "seed_idx": 101, "valid": true, "snap_water": true, "snap_m": 63.28418 }, "geometry": { "type": "Point", "coordinates": [ -0.337000012397766, 5.504000186920166 ] } },
{ "type": "Feature", "properties": { "particle": 2039, "seed_idx": 101, "valid": true, "snap_water": false, "snap_m": 0.0 }, "geometry": { "type": "Point", "coordinates": [ -0.336255848407745, 5.504801273345947 ] } },
{ "type": "Feature", "properties": { "particle": 2040, "seed_idx": 102, "valid": true, "snap_water": false, "snap_m": 0.0 }, "geometry": { "type": "Point", "coordinates": [ -0.335817903280258, 5.505038261413574 ] } },
{ "type": "Feature", "properties": { "particle": 2041, "seed_idx": 102, "valid": true, "snap_water": false, "snap_m": 0.0 }, "geometry": { "type": "Point", "coordinates": [ -0.335820913314819, 5.504930973052979 ] } },
{ "type": "Feature", "properties": { "particle": 2042, "seed_idx": 102, "valid": true, "snap_water": true, "snap_m": 71.993477 }, "geometry": { "type": "Point", "coordinates": [ -0.337000012397766, 5.504000186920166 ] } },
{ "type": "Feature", "properties": { "particle": 2043, "seed_idx": 102, "valid": true, "snap_water": true, "snap_m": 85.584381 }, "geometry": { "type": "Point", "coordinates": [ -0.335999995470047, 5.505000114440918 ] } },
{ "type": "Feature", "properties": { "particle": 2044, "seed_idx": 102, "valid": true, "snap_water": true, "snap_m": 73.625084 }, "geometry": { "type": "Point", "coordinates": [ -0.335999995470047, 5.505000114440918 ] } },
{ "type": "Feature", "properties": { "particle": 2045, "seed_idx": 102, "valid": true, "snap_water": false, "snap_m": 0.0 }, "geometry": { "type": "Point", "coordinates": [ -0.336959689855576, 5.504467964172363 ] } },
{ "type": "Feature", "properties": { "particle": 2046, "seed_idx": 102, "valid": true, "snap_water": true, "snap_m": 80.833717 }, "geometry": { "type": "Point", "coordinates": [ -0.337000012397766, 5.504000186920166 ] } },
{ "type": "Feature", "properties": { "particle": 2047, "seed_idx": 102, "valid": true, "snap_water": false, "snap_m": 0.0 }, "geometry": { "type": "Point", "coordinates": [ -0.335953652858734, 5.505395889282227 ] } },
{ "type": "Feature", "properties": { "particle": 2048, "seed_idx": 102, "valid": true, "snap_water": true, "snap_m": 91.167694 }, "geometry": { "type": "Point", "coordinates": [ -0.340000003576279, 5.50600004196167 ] } },
{ "type": "Feature", "properties": { "particle": 2049, "seed_idx": 102, "valid": true, "snap_water": false, "snap_m": 0.0 }, "geometry": { "type": "Point", "coordinates": [ -0.335940778255463, 5.50533390045166 ] } },
{ "type": "Feature", "properties": { "particle": 2050, "seed_idx": 102, "valid": true, "snap_water": true, "snap_m": 89.738976 }, "geometry": { "type": "Point", "coordinates": [ -0.337000012397766, 5.504000186920166 ] } },
{ "type": "Feature", "properties": { "particle": 2051, "seed_idx": 102, "valid": true, "snap_water": false, "snap_m": 0.0 }, "geometry": { "type": "Point", "coordinates": [ -0.336978584527969, 5.504440784454346 ] } },
{ "type": "Feature", "properties": { "particle": 2052, "seed_idx": 102, "valid": true, "snap_water": true, "snap_m": 75.716293 }, "geometry": { "type": "Point", "coordinates": [ -0.335999995470047, 5.505000114440918 ] } },
{ "type": "Feature", "properties": { "particle": 2053, "seed_idx": 102, "valid": true, "snap_water": true, "snap_m": 84.389061 }, "geometry": { "type": "Point", "coordinates": [ -0.335999995470047, 5.505000114440918 ] } },
{ "type": "Feature", "properties": { "particle": 2054, "seed_idx": 102, "valid": true, "snap_water": false, "snap_m": 0.0 }, "geometry": { "type": "Point", "coordinates": [ -0.335996031761169, 5.504751205444336 ] } },
{ "type": "Feature", "properties": { "particle": 2055, "seed_idx": 102, "valid": true, "snap_water": false, "snap_m": 0.0 }, "geometry": { "type": "Point", "coordinates": [ -0.339823007583618, 5.504807949066162 ] } },
{ "type": "Feature", "properties": { "particle": 2056, "seed_idx": 102, "valid": true, "snap_water": true, "snap_m": 66.834541 }, "geometry": { "type": "Point", "coordinates": [ -0.335999995470047, 5.505000114440918 ] } },
{ "type": "Feature", "properties": { "particle": 2057, "seed_idx": 102, "valid": true, "snap_water": false, "snap_m": 0.0 }, "geometry": { "type": "Point", "coordinates": [ -0.335929274559021, 5.505067348480225 ] } },
{ "type": "Feature", "properties": { "particle": 2058, "seed_idx": 102, "valid": true, "snap_water": false, "snap_m": 0.0 }, "geometry": { "type": "Point", "coordinates": [ -0.336350589990616, 5.504640579223633 ] } },
{ "type": "Feature", "properties": { "particle": 2059, "seed_idx": 102, "valid": true, "snap_water": true, "snap_m": 70.565666 }, "geometry": { "type": "Point", "coordinates": [ -0.337000012397766, 5.504000186920166 ] } },
{ "type": "Feature", "properties": { "particle": 2060, "seed_idx": 103, "valid": true, "snap_water": false, "snap_m": 0.0 }, "geometry": { "type": "Point", "coordinates": [ -0.336888551712036, 5.504312038421631 ] } },
{ "type": "Feature", "properties": { "particle": 2061, "seed_idx": 103, "valid": true, "snap_water": true, "snap_m": 71.935135 }, "geometry": { "type": "Point", "coordinates": [ -0.335999995470047, 5.505000114440918 ] } },
{ "type": "Feature", "properties": { "particle": 2062, "seed_idx": 103, "valid": true, "snap_water": true, "snap_m": 75.91674 }, "geometry": { "type": "Point", "coordinates": [ -0.337000012397766, 5.504000186920166 ] } },
{ "type": "Feature", "properties": { "particle": 2063, "seed_idx": 103, "valid": true, "snap_water": false, "snap_m": 0.0 }, "geometry": { "type": "Point", "coordinates": [ -0.335934519767761, 5.505012035369873 ] } },
{ "type": "Feature", "properties": { "particle": 2064, "seed_idx": 103, "valid": true, "snap_water": false, "snap_m": 0.0 }, "geometry": { "type": "Point", "coordinates": [ -0.335748642683029, 5.505183696746826 ] } },
{ "type": "Feature", "properties": { "particle": 2065, "seed_idx": 103, "valid": true, "snap_water": true, "snap_m": 84.520714 }, "geometry": { "type": "Point", "coordinates": [ -0.337000012397766, 5.504000186920166 ] } },
{ "type": "Feature", "properties": { "particle": 2066, "seed_idx": 103, "valid": true, "snap_water": false, "snap_m": 0.0 }, "geometry": { "type": "Point", "coordinates": [ -0.336487948894501, 5.504654407501221 ] } },
{ "type": "Feature", "properties": { "particle": 2067, "seed_idx": 103, "valid": true, "snap_water": false, "snap_m": 0.0 }, "geometry": { "type": "Point", "coordinates": [ -0.335905849933624, 5.505043506622314 ] } },
{ "type": "Feature", "properties": { "particle": 2068, "seed_idx": 103, "valid": true, "snap_water": false, "snap_m": 0.0 }, "geometry": { "type": "Point", "coordinates": [ -0.336725145578384, 5.504305839538574 ] } },
{ "type": "Feature", "properties": { "particle": 2069, "seed_idx": 103, "valid": true, "snap_water": false, "snap_m": 0.0 }, "geometry": { "type": "Point", "coordinates": [ -0.335839718580246, 5.504722595214844 ] } },
{ "type": "Feature", "properties": { "particle": 2070, "seed_idx": 103, "valid": true, "snap_water": false, "snap_m": 0.0 }, "geometry": { "type": "Point", "coordinates": [ -0.335952401161194, 5.505049705505371 ] } },
{ "type": "Feature", "properties": { "particle": 2071, "seed_idx": 103, "valid": true, "snap_water": true, "snap_m": 60.837166 }, "geometry": { "type": "Point", "coordinates": [ -0.335999995470047, 5.505000114440918 ] } },
{ "type": "Feature", "properties": { "particle": 2072, "seed_idx": 103, "valid": true, "snap_water": false, "snap_m": 0.0 }, "geometry": { "type": "Point", "coordinates": [ -0.335699856281281, 5.504879474639893 ] } },
{ "type": "Feature", "properties": { "particle": 2073, "seed_idx": 103, "valid": true, "snap_water": false, "snap_m": 0.0 }, "geometry": { "type": "Point", "coordinates": [ -0.335822820663452, 5.504673480987549 ] } },
{ "type": "Feature", "properties": { "particle": 2074, "seed_idx": 103, "valid": true, "snap_water": true, "snap_m": 57.785748 }, "geometry": { "type": "Point", "coordinates": [ -0.33899998664856, 5.504000186920166 ] } },
{ "type": "Feature", "properties": { "particle": 2075, "seed_idx": 103, "valid": true, "snap_water": false, "snap_m": 0.0 }, "geometry": { "type": "Point", "coordinates": [ -0.336355209350586, 5.504686832427979 ] } },
{ "type": "Feature", "properties": { "particle": 2076, "seed_idx": 103, "valid": true, "snap_water": false, "snap_m": 0.0 }, "geometry": { "type": "Point", "coordinates": [ -0.335714966058731, 5.505135536193848 ] } },
{ "type": "Feature", "properties": { "particle": 2077, "seed_idx": 103, "valid": true, "snap_water": true, "snap_m": 77.861336 }, "geometry": { "type": "Point", "coordinates": [ -0.335999995470047, 5.505000114440918 ] } },
{ "type": "Feature", "properties": { "particle": 2078, "seed_idx": 103, "valid": true, "snap_water": false, "snap_m": 0.0 }, "geometry": { "type": "Point", "coordinates": [ -0.336230158805847, 5.504685401916504 ] } },
{ "type": "Feature", "properties": { "particle": 2079, "seed_idx": 103, "valid": true, "snap_water": true, "snap_m": 78.520676 }, "geometry": { "type": "Point", "coordinates": [ -0.335999995470047, 5.505000114440918 ] } },
{ "type": "Feature", "properties": { "particle": 2080, "seed_idx": 104, "valid": true, "snap_water": false, "snap_m": 0.0 }, "geometry": { "type": "Point", "coordinates": [ -0.33700567483902, 5.504462718963623 ] } },
{ "type": "Feature", "properties": { "particle": 2081, "seed_idx": 104, "valid": true, "snap_water": true, "snap_m": 79.305145 }, "geometry": { "type": "Point", "coordinates": [ -0.335999995470047, 5.505000114440918 ] } },
{ "type": "Feature", "properties": { "particle": 2082, "seed_idx": 104, "valid": true, "snap_water": false, "snap_m": 0.0 }, "geometry": { "type": "Point", "coordinates": [ -0.335929811000824, 5.505139827728271 ] } },
{ "type": "Feature", "properties": { "particle": 2083, "seed_idx": 104, "valid": true, "snap_water": false, "snap_m": 0.0 }, "geometry": { "type": "Point", "coordinates": [ -0.336428463459015, 5.504779815673828 ] } },
{ "type": "Feature", "properties": { "particle": 2084, "seed_idx": 104, "valid": true, "snap_water": false, "snap_m": 0.0 }, "geometry": { "type": "Point", "coordinates": [ -0.335860401391983, 5.50466251373291 ] } },
{ "type": "Feature", "properties": { "particle": 2085, "seed_idx": 104, "valid": true, "snap_water": false, "snap_m": 0.0 }, "geometry": { "type": "Point", "coordinates": [ -0.335745364427567, 5.50480318069458 ] } },
{ "type": "Feature", "properties": { "particle": 2086, "seed_idx": 104, "valid": true, "snap_water": true, "snap_m": 81.614838 }, "geometry": { "type": "Point", "coordinates": [ -0.337000012397766, 5.504000186920166 ] } },
{ "type": "Feature", "properties": { "particle": 2087, "seed_idx": 104, "valid": true, "snap_water": true, "snap_m": 58.583569 }, "geometry": { "type": "Point", "coordinates": [ -0.337000012397766, 5.504000186920166 ] } },
{ "type": "Feature", "properties": { "particle": 2088, "seed_idx": 104, "valid": true, "snap_water": true, "snap_m": 73.516876 }, "geometry": { "type": "Point", "coordinates": [ -0.337000012397766, 5.504000186920166 ] } },
{ "type": "Feature", "properties": { "particle": 2089, "seed_idx": 104, "valid": true, "snap_water": true, "snap_m": 90.487694 }, "geometry": { "type": "Point", "coordinates": [ -0.337000012397766, 5.504000186920166 ] } },
{ "type": "Feature", "properties": { "particle": 2090, "seed_idx": 104, "valid": true, "snap_water": true, "snap_m": 85.872993 }, "geometry": { "type": "Point", "coordinates": [ -0.337000012397766, 5.504000186920166 ] } },
{ "type": "Feature", "properties": { "particle": 2091, "seed_idx": 104, "valid": true, "snap_water": false, "snap_m": 0.0 }, "geometry": { "type": "Point", "coordinates": [ -0.336294919252396, 5.504807949066162 ] } },
{ "type": "Feature", "properties": { "particle": 2092, "seed_idx": 104, "valid": true, "snap_water": true, "snap_m": 85.388458 }, "geometry": { "type": "Point", "coordinates": [ -0.337000012397766, 5.504000186920166 ] } },
{ "type": "Feature", "properties": { "particle": 2093, "seed_idx": 104, "valid": true, "snap_water": true, "snap_m": 58.519024 }, "geometry": { "type": "Point", "coordinates": [ -0.337000012397766, 5.504000186920166 ] } },
{ "type": "Feature", "properties": { "particle": 2094, "seed_idx": 104, "valid": true, "snap_water": false, "snap_m": 0.0 }, "geometry": { "type": "Point", "coordinates": [ -0.336446464061737, 5.504776000976562 ] } },
{ "type": "Feature", "properties": { "particle": 2095, "seed_idx": 104, "valid": true, "snap_water": false, "snap_m": 0.0 }, "geometry": { "type": "Point", "coordinates": [ -0.336929172277451, 5.504395008087158 ] } },
{ "type": "Feature", "properties": { "particle": 2096, "seed_idx": 104, "valid": true, "snap_water": false, "snap_m": 0.0 }, "geometry": { "type": "Point", "coordinates": [ -0.335972309112549, 5.505085468292236 ] } },
{ "type": "Feature", "properties": { "particle": 2097, "seed_idx": 104, "valid": true, "snap_water": false, "snap_m": 0.0 }, "geometry": { "type": "Point", "coordinates": [ -0.33575651049614, 5.504606246948242 ] } },
{ "type": "Feature", "properties": { "particle": 2098, "seed_idx": 104, "valid": true, "snap_water": false, "snap_m": 0.0 }, "geometry": { "type": "Point", "coordinates": [ -0.336043924093246, 5.504685878753662 ] } },
{ "type": "Feature", "properties": { "particle": 2099, "seed_idx": 104, "valid": true, "snap_water": false, "snap_m": 0.0 }, "geometry": { "type": "Point", "coordinates": [ -0.336718410253525, 5.504365921020508 ] } },
{ "type": "Feature", "properties": { "particle": 2100, "seed_idx": 105, "valid": true, "snap_water": true, "snap_m": 79.154251 }, "geometry": { "type": "Point", "coordinates": [ -0.340000003576279, 5.505000114440918 ] } },
{ "type": "Feature", "properties": { "particle": 2101, "seed_idx": 105, "valid": true, "snap_water": false, "snap_m": 0.0 }, "geometry": { "type": "Point", "coordinates": [ -0.338803231716156, 5.503909111022949 ] } },
{ "type": "Feature", "properties": { "particle": 2102, "seed_idx": 105, "valid": true, "snap_water": true, "snap_m": 82.166092 }, "geometry": { "type": "Point", "coordinates": [ -0.340000003576279, 5.50600004196167 ] } },
{ "type": "Feature", "properties": { "particle": 2103, "seed_idx": 105, "valid": true, "snap_water": true, "snap_m": 88.602974 }, "geometry": { "type": "Point", "coordinates": [ -0.340000003576279, 5.505000114440918 ] } },
{ "type": "Feature", "properties": { "particle": 2104, "seed_idx": 105, "valid": true, "snap_water": true, "snap_m": 108.68873 }, "geometry": { "type": "Point", "coordinates": [ -0.340000003576279, 5.505000114440918 ] } },
{ "type": "Feature", "properties": { "particle": 2105, "seed_idx": 105, "valid": true, "snap_water": false, "snap_m": 0.0 }, "geometry": { "type": "Point", "coordinates": [ -0.337469875812531, 5.503605365753174 ] } },
{ "type": "Feature", "properties": { "particle": 2106, "seed_idx": 105, "valid": true, "snap_water": true, "snap_m": 91.08255 }, "geometry": { "type": "Point", "coordinates": [ -0.340000003576279, 5.505000114440918 ] } },
{ "type": "Feature", "properties": { "particle": 2107, "seed_idx": 105, "valid": true, "snap_water": false, "snap_m": 0.0 }, "geometry": { "type": "Point", "coordinates": [ -0.33898738026619, 5.5045485496521 ] } },
{ "type": "Feature", "properties": { "particle": 2108, "seed_idx": 105, "valid": true, "snap_water": false, "snap_m": 0.0 }, "geometry": { "type": "Point", "coordinates": [ -0.336731761693954, 5.503684043884277 ] } },
{ "type": "Feature", "properties": { "particle": 2109, "seed_idx": 105, "valid": true, "snap_water": false, "snap_m": 0.0 }, "geometry": { "type": "Point", "coordinates": [ -0.336825311183929, 5.503953456878662 ] } },
{ "type": "Feature", "properties": { "particle": 2110, "seed_idx": 105, "valid": true, "snap_water": true, "snap_m": 121.05539 }, "geometry": { "type": "Point", "coordinates": [ -0.340000003576279, 5.50600004196167 ] } },
{ "type": "Feature", "properties": { "particle": 2111, "seed_idx": 105, "valid": true, "snap_water": true, "snap_m": 95.872612 }, "geometry": { "type": "Point", "coordinates": [ -0.340000003576279, 5.50600004196167 ] } },
{ "type": "Feature", "properties": { "particle": 2112, "seed_idx": 105, "valid": true, "snap_water": false, "snap_m": 0.0 }, "geometry": { "type": "Point", "coordinates": [ -0.337246954441071, 5.503736972808838 ] } },
{ "type": "Feature", "properties": { "particle": 2113, "seed_idx": 105, "valid": true, "snap_water": false, "snap_m": 0.0 }, "geometry": { "type": "Point", "coordinates": [ -0.336855053901672, 5.50389289855957 ] } },
{ "type": "Feature", "properties": { "particle": 2114, "seed_idx": 105, "valid": true, "snap_water": false, "snap_m": 0.0 }, "geometry": { "type": "Point", "coordinates": [ -0.336981296539307, 5.504355907440186 ] } },
{ "type": "Feature", "properties": { "particle": 2115, "seed_idx": 105, "valid": true, "snap_water": true, "snap_m": 123.27507 }, "geometry": { "type": "Point", "coordinates": [ -0.342000007629395, 5.504000186920166 ] } },
{ "type": "Feature", "properties": { "particle": 2116, "seed_idx": 105, "valid": true, "snap_water": false, "snap_m": 0.0 }, "geometry": { "type": "Point", "coordinates": [ -0.337484180927277, 5.5038161277771 ] } },
{ "type": "Feature", "properties": { "particle": 2117, "seed_idx": 105, "valid": true, "snap_water": true, "snap_m": 104.0658 }, "geometry": { "type": "Point", "coordinates": [ -0.340000003576279, 5.50600004196167 ] } },
{ "type": "Feature", "properties": { "particle": 2118, "seed_idx": 105, "valid": true, "snap_water": true, "snap_m": 92.337257 }, "geometry": { "type": "Point", "coordinates": [ -0.340000003576279, 5.50600004196167 ] } },
{ "type": "Feature", "properties": { "particle": 2119, "seed_idx": 105, "valid": true, "snap_water": false, "snap_m": 0.0 }, "geometry": { "type": "Point", "coordinates": [ -0.340092360973358, 5.505084037780762 ] } },
{ "type": "Feature", "properties": { "particle": 2120, "seed_idx": 106, "valid": true, "snap_water": false, "snap_m": 0.0 }, "geometry": { "type": "Point", "coordinates": [ -0.337591499090195, 5.503705978393555 ] } },
{ "type": "Feature", "properties": { "particle": 2121, "seed_idx": 106, "valid": true, "snap_water": false, "snap_m": 0.0 }, "geometry": { "type": "Point", "coordinates": [ -0.337486356496811, 5.503670215606689 ] } },
{ "type": "Feature", "properties": { "particle": 2122, "seed_idx": 106, "valid": true, "snap_water": true, "snap_m": 113.24092 }, "geometry": { "type": "Point", "coordinates": [ -0.340000003576279, 5.50600004196167 ] } },
{ "type": "Feature", "properties": { "particle": 2123, "seed_idx": 106, "valid": true, "snap_water": true, "snap_m": 96.208527 }, "geometry": { "type": "Point", "coordinates": [ -0.340000003576279, 5.505000114440918 ] } },
{ "type": "Feature", "properties": { "particle": 2124, "seed_idx": 106, "valid": true, "snap_water": true, "snap_m": 76.358681 }, "geometry": { "type": "Point", "coordinates": [ -0.340000003576279, 5.50600004196167 ] } },
{ "type": "Feature", "properties": { "particle": 2125, "seed_idx": 106, "valid": true, "snap_water": true, "snap_m": 107.91001 }, "geometry": { "type": "Point", "coordinates": [ -0.340000003576279, 5.505000114440918 ] } },
{ "type": "Feature", "properties": { "particle": 2126, "seed_idx": 106, "valid": true, "snap_water": true, "snap_m": 104.74902 }, "geometry": { "type": "Point", "coordinates": [ -0.340000003576279, 5.505000114440918 ] } },
{ "type": "Feature", "properties": { "particle": 2127, "seed_idx": 106, "valid": true, "snap_water": false, "snap_m": 0.0 }, "geometry": { "type": "Point", "coordinates": [ -0.336845368146896, 5.503688335418701 ] } },
{ "type": "Feature", "properties": { "particle": 2128, "seed_idx": 106, "valid": true, "snap_water": true, "snap_m": 85.582672 }, "geometry": { "type": "Point", "coordinates": [ -0.340000003576279, 5.505000114440918 ] } },
{ "type": "Feature", "properties": { "particle": 2129, "seed_idx": 106, "valid": true, "snap_water": false, "snap_m": 0.0 }, "geometry": { "type": "Point", "coordinates": [ -0.340044915676117, 5.504683494567871 ] } },
{ "type": "Feature", "properties": { "particle": 2130, "seed_idx": 106, "valid": true, "snap_water": false, "snap_m": 0.0 }, "geometry": { "type": "Point", "coordinates": [ -0.337448298931122, 5.503632545471191 ] } },
{ "type": "Feature", "properties": { "particle": 2131, "seed_idx": 106, "valid": true, "snap_water": false, "snap_m": 0.0 }, "geometry": { "type": "Point", "coordinates": [ -0.338796406984329, 5.504378318786621 ] } },
{ "type": "Feature", "properties": { "particle": 2132, "seed_idx": 106, "valid": true, "snap_water": false, "snap_m": 0.0 }, "geometry": { "type": "Point", "coordinates": [ -0.340065956115723, 5.505437850952148 ] } },
{ "type": "Feature", "properties": { "particle": 2133, "seed_idx": 106, "valid": true, "snap_water": false, "snap_m": 0.0 }, "geometry": { "type": "Point", "coordinates": [ -0.337019741535187, 5.503749370574951 ] } },
{ "type": "Feature", "properties": { "particle": 2134, "seed_idx": 106, "valid": true, "snap_water": true, "snap_m": 95.871597 }, "geometry": { "type": "Point", "coordinates": [ -0.340000003576279, 5.505000114440918 ] } },
{ "type": "Feature", "properties": { "particle": 2135, "seed_idx": 106, "valid": true, "snap_water": true, "snap_m": 85.049019 }, "geometry": { "type": "Point", "coordinates": [ -0.340000003576279, 5.505000114440918 ] } },
{ "type": "Feature", "properties": { "particle": 2136, "seed_idx": 106, "valid": true, "snap_water": true, "snap_m": 108.65247 }, "geometry": { "type": "Point", "coordinates": [ -0.340000003576279, 5.505000114440918 ] } },
{ "type": "Feature", "properties": { "particle": 2137, "seed_idx": 106, "valid": true, "snap_water": true, "snap_m": 99.114159 }, "geometry": { "type": "Point", "coordinates": [ -0.340000003576279, 5.50600004196167 ] } },
{ "type": "Feature", "properties": { "particle": 2138, "seed_idx": 106, "valid": true, "snap_water": true, "snap_m": 93.912674 }, "geometry": { "type": "Point", "coordinates": [ -0.340000003576279, 5.505000114440918 ] } },
{ "type": "Feature", "properties": { "particle": 2139, "seed_idx": 106, "valid": true, "snap_water": false, "snap_m": 0.0 }, "geometry": { "type": "Point", "coordinates": [ -0.337617844343185, 5.503775596618652 ] } },
{ "type": "Feature", "properties": { "particle": 2140, "seed_idx": 107, "valid": true, "snap_water": true, "snap_m": 83.383492 }, "geometry": { "type": "Point", "coordinates": [ -0.340000003576279, 5.505000114440918 ] } },
{ "type": "Feature", "properties": { "particle": 2141, "seed_idx": 107, "valid": true, "snap_water": true, "snap_m": 92.446701 }, "geometry": { "type": "Point", "coordinates": [ -0.340000003576279, 5.50600004196167 ] } },
{ "type": "Feature", "properties": { "particle": 2142, "seed_idx": 107, "valid": true, "snap_water": true, "snap_m": 96.055679 }, "geometry": { "type": "Point", "coordinates": [ -0.340000003576279, 5.505000114440918 ] } },
{ "type": "Feature", "properties": { "particle": 2143, "seed_idx": 107, "valid": true, "snap_water": true, "snap_m": 98.798965 }, "geometry": { "type": "Point", "coordinates": [ -0.340000003576279, 5.50600004196167 ] } },
{ "type": "Feature", "properties": { "particle": 2144, "seed_idx": 107, "valid": true, "snap_water": true, "snap_m": 117.67721 }, "geometry": { "type": "Point", "coordinates": [ -0.340000003576279, 5.50600004196167 ] } },
{ "type": "Feature", "properties": { "particle": 2145, "seed_idx": 107, "valid": true, "snap_water": true, "snap_m": 111.00449 }, "geometry": { "type": "Point", "coordinates": [ -0.340000003576279, 5.505000114440918 ] } },
{ "type": "Feature", "properties": { "particle": 2146, "seed_idx": 107, "valid": true, "snap_water": true, "snap_m": 109.60767 }, "geometry": { "type": "Point", "coordinates": [ -0.340000003576279, 5.50600004196167 ] } },
{ "type": "Feature", "properties": { "particle": 2147, "seed_idx": 107, "valid": true, "snap_water": true, "snap_m": 105.8873 }, "geometry": { "type": "Point", "coordinates": [ -0.340000003576279, 5.505000114440918 ] } },
{ "type": "Feature", "properties": { "particle": 2148, "seed_idx": 107, "valid": true, "snap_water": true, "snap_m": 90.352081 }, "geometry": { "type": "Point", "coordinates": [ -0.340000003576279, 5.505000114440918 ] } },
{ "type": "Feature", "properties": { "particle": 2149, "seed_idx": 107, "valid": true, "snap_water": false, "snap_m": 0.0 }, "geometry": { "type": "Point", "coordinates": [ -0.339695483446121, 5.504623413085938 ] } },
{ "type": "Feature", "properties": { "particle": 2150, "seed_idx": 107, "valid": true, "snap_water": true, "snap_m": 101.24665 }, "geometry": { "type": "Point", "coordinates": [ -0.340000003576279, 5.505000114440918 ] } },
{ "type": "Feature", "properties": { "particle": 2151, "seed_idx": 107, "valid": true, "snap_water": true, "snap_m": 90.777382 }, "geometry": { "type": "Point", "coordinates": [ -0.340000003576279, 5.505000114440918 ] } },
{ "type": "Feature", "properties": { "particle": 2152, "seed_idx": 107, "valid": true, "snap_water": true, "snap_m": 119.58204 }, "geometry": { "type": "Point", "coordinates": [ -0.342000007629395, 5.504000186920166 ] } },
{ "type": "Feature", "properties": { "particle": 2153, "seed_idx": 107, "valid": true, "snap_water": true, "snap_m": 107.49384 }, "geometry": { "type": "Point", "coordinates": [ -0.340000003576279, 5.50600004196167 ] } },
{ "type": "Feature", "properties": { "particle": 2154, "seed_idx": 107, "valid": true, "snap_water": true, "snap_m": 85.465736 }, "geometry": { "type": "Point", "coordinates": [ -0.340000003576279, 5.505000114440918 ] } },
{ "type": "Feature", "properties": { "particle": 2155, "seed_idx": 107, "valid": true, "snap_water": true, "snap_m": 112.49052 }, "geometry": { "type": "Point", "coordinates": [ -0.340000003576279, 5.505000114440918 ] } },
{ "type": "Feature", "properties": { "particle": 2156, "seed_idx": 107, "valid": true, "snap_water": true, "snap_m": 96.597183 }, "geometry": { "type": "Point", "coordinates": [ -0.340000003576279, 5.505000114440918 ] } },
{ "type": "Feature", "properties": { "particle": 2157, "seed_idx": 107, "valid": true, "snap_water": true, "snap_m": 85.336739 }, "geometry": { "type": "Point", "coordinates": [ -0.340000003576279, 5.505000114440918 ] } },
{ "type": "Feature", "properties": { "particle": 2158, "seed_idx": 107, "valid": true, "snap_water": false, "snap_m": 0.0 }, "geometry": { "type": "Point", "coordinates": [ -0.337375402450562, 5.503679752349854 ] } },
{ "type": "Feature", "properties": { "particle": 2159, "seed_idx": 107, "valid": true, "snap_water": true, "snap_m": 117.04021 }, "geometry": { "type": "Point", "coordinates": [ -0.340000003576279, 5.505000114440918 ] } },
{ "type": "Feature", "properties": { "particle": 2160, "seed_idx": 108, "valid": true, "snap_water": true, "snap_m": 100.9462 }, "geometry": { "type": "Point", "coordinates": [ -0.340000003576279, 5.505000114440918 ] } },
{ "type": "Feature", "properties": { "particle": 2161, "seed_idx": 108, "valid": true, "snap_water": true, "snap_m": 99.430145 }, "geometry": { "type": "Point", "coordinates": [ -0.340000003576279, 5.505000114440918 ] } },
{ "type": "Feature", "properties": { "particle": 2162, "seed_idx": 108, "valid": true, "snap_water": true, "snap_m": 102.23438 }, "geometry": { "type": "Point", "coordinates": [ -0.340000003576279, 5.505000114440918 ] } },
{ "type": "Feature", "properties": { "particle": 2163, "seed_idx": 108, "valid": true, "snap_water": true, "snap_m": 91.091591 }, "geometry": { "type": "Point", "coordinates": [ -0.340000003576279, 5.505000114440918 ] } },
{ "type": "Feature", "properties": { "particle": 2164, "seed_idx": 108, "valid": true, "snap_water": true, "snap_m": 115.5221 }, "geometry": { "type": "Point", "coordinates": [ -0.340000003576279, 5.50600004196167 ] } },
{ "type": "Feature", "properties": { "particle": 2165, "seed_idx": 108, "valid": true, "snap_water": true, "snap_m": 113.34169 }, "geometry": { "type": "Point", "coordinates": [ -0.340000003576279, 5.50600004196167 ] } },
{ "type": "Feature", "properties": { "particle": 2166, "seed_idx": 108, "valid": true, "snap_water": true, "snap_m": 118.432 }, "geometry": { "type": "Point", "coordinates": [ -0.340000003576279, 5.505000114440918 ] } },
{ "type": "Feature", "properties": { "particle": 2167, "seed_idx": 108, "valid": true, "snap_water": true, "snap_m": 76.121307 }, "geometry": { "type": "Point", "coordinates": [ -0.340000003576279, 5.505000114440918 ] } },
{ "type": "Feature", "properties": { "particle": 2168, "seed_idx": 108, "valid": true, "snap_water": true, "snap_m": 111.88867 }, "geometry": { "type": "Point", "coordinates": [ -0.340000003576279, 5.50600004196167 ] } },
{ "type": "Feature", "properties": { "particle": 2169, "seed_idx": 108, "valid": true, "snap_water": true, "snap_m": 97.021019 }, "geometry": { "type": "Point", "coordinates": [ -0.340000003576279, 5.505000114440918 ] } },
{ "type": "Feature", "properties": { "particle": 2170, "seed_idx": 108, "valid": true, "snap_water": true, "snap_m": 119.72323 }, "geometry": { "type": "Point", "coordinates": [ -0.340000003576279, 5.505000114440918 ] } },
{ "type": "Feature", "properties": { "particle": 2171, "seed_idx": 108, "valid": true, "snap_water": true, "snap_m": 79.905098 }, "geometry": { "type": "Point", "coordinates": [ -0.340000003576279, 5.505000114440918 ] } },
{ "type": "Feature", "properties": { "particle": 2172, "seed_idx": 108, "valid": true, "snap_water": true, "snap_m": 103.15092 }, "geometry": { "type": "Point", "coordinates": [ -0.340000003576279, 5.505000114440918 ] } },
{ "type": "Feature", "properties": { "particle": 2173, "seed_idx": 108, "valid": true, "snap_water": true, "snap_m": 109.90121 }, "geometry": { "type": "Point", "coordinates": [ -0.340000003576279, 5.505000114440918 ] } },
{ "type": "Feature", "properties": { "particle": 2174, "seed_idx": 108, "valid": true, "snap_water": true, "snap_m": 108.614 }, "geometry": { "type": "Point", "coordinates": [ -0.340000003576279, 5.505000114440918 ] } },
{ "type": "Feature", "properties": { "particle": 2175, "seed_idx": 108, "valid": true, "snap_water": true, "snap_m": 120.37914 }, "geometry": { "type": "Point", "coordinates": [ -0.340000003576279, 5.50600004196167 ] } },
{ "type": "Feature", "properties": { "particle": 2176, "seed_idx": 108, "valid": true, "snap_water": true, "snap_m": 103.4458 }, "geometry": { "type": "Point", "coordinates": [ -0.340000003576279, 5.50600004196167 ] } },
{ "type": "Feature", "properties": { "particle": 2177, "seed_idx": 108, "valid": true, "snap_water": true, "snap_m": 91.399231 }, "geometry": { "type": "Point", "coordinates": [ -0.340000003576279, 5.505000114440918 ] } },
{ "type": "Feature", "properties": { "particle": 2178, "seed_idx": 108, "valid": true, "snap_water": true, "snap_m": 109.25002 }, "geometry": { "type": "Point", "coordinates": [ -0.340000003576279, 5.50600004196167 ] } },
{ "type": "Feature", "properties": { "particle": 2179, "seed_idx": 108, "valid": true, "snap_water": true, "snap_m": 109.51913 }, "geometry": { "type": "Point", "coordinates": [ -0.340000003576279, 5.505000114440918 ] } },
{ "type": "Feature", "properties": { "particle": 2180, "seed_idx": 109, "valid": true, "snap_water": true, "snap_m": 105.03442 }, "geometry": { "type": "Point", "coordinates": [ -0.340000003576279, 5.505000114440918 ] } },
{ "type": "Feature", "properties": { "particle": 2181, "seed_idx": 109, "valid": true, "snap_water": true, "snap_m": 82.329178 }, "geometry": { "type": "Point", "coordinates": [ -0.340000003576279, 5.50600004196167 ] } },
{ "type": "Feature", "properties": { "particle": 2182, "seed_idx": 109, "valid": true, "snap_water": false, "snap_m": 0.0 }, "geometry": { "type": "Point", "coordinates": [ -0.339871525764465, 5.503386497497559 ] } },
{ "type": "Feature", "properties": { "particle": 2183, "seed_idx": 109, "valid": true, "snap_water": true, "snap_m": 95.671951 }, "geometry": { "type": "Point", "coordinates": [ -0.340000003576279, 5.505000114440918 ] } },
{ "type": "Feature", "properties": { "particle": 2184, "seed_idx": 109, "valid": true, "snap_water": true, "snap_m": 110.06529 }, "geometry": { "type": "Point", "coordinates": [ -0.340000003576279, 5.505000114440918 ] } },
{ "type": "Feature", "properties": { "particle": 2185, "seed_idx": 109, "valid": true, "snap_water": true, "snap_m": 106.87059 }, "geometry": { "type": "Point", "coordinates": [ -0.340000003576279, 5.505000114440918 ] } },
{ "type": "Feature", "properties": { "particle": 2186, "seed_idx": 109, "valid": true, "snap_water": true, "snap_m": 111.43538 }, "geometry": { "type": "Point", "coordinates": [ -0.340000003576279, 5.50600004196167 ] } },
{ "type": "Feature", "properties": { "particle": 2187, "seed_idx": 109, "valid": true, "snap_water": true, "snap_m": 108.88525 }, "geometry": { "type": "Point", "coordinates": [ -0.340000003576279, 5.505000114440918 ] } },
{ "type": "Feature", "properties": { "particle": 2188, "seed_idx": 109, "valid": true, "snap_water": true, "snap_m": 86.36055 }, "geometry": { "type": "Point", "coordinates": [ -0.340000003576279, 5.505000114440918 ] } },
{ "type": "Feature", "properties": { "particle": 2189, "seed_idx": 109, "valid": true, "snap_water": true, "snap_m": 92.962257 }, "geometry": { "type": "Point", "coordinates": [ -0.340000003576279, 5.505000114440918 ] } },
{ "type": "Feature", "properties": { "particle": 2190, "seed_idx": 109, "valid": true, "snap_water": true, "snap_m": 88.910378 }, "geometry": { "type": "Point", "coordinates": [ -0.340000003576279, 5.505000114440918 ] } },
{ "type": "Feature", "properties": { "particle": 2191, "seed_idx": 109, "valid": true, "snap_water": true, "snap_m": 111.50883 }, "geometry": { "type": "Point", "coordinates": [ -0.340000003576279, 5.505000114440918 ] } },
{ "type": "Feature", "properties": { "particle": 2192, "seed_idx": 109, "valid": true, "snap_water": true, "snap_m": 93.180817 }, "geometry": { "type": "Point", "coordinates": [ -0.340000003576279, 5.50600004196167 ] } },
{ "type": "Feature", "properties": { "particle": 2193, "seed_idx": 109, "valid": true, "snap_water": true, "snap_m": 97.986107 }, "geometry": { "type": "Point", "coordinates": [ -0.340000003576279, 5.50600004196167 ] } },
{ "type": "Feature", "properties": { "particle": 2194, "seed_idx": 109, "valid": true, "snap_water": true, "snap_m": 114.55512 }, "geometry": { "type": "Point", "coordinates": [ -0.340000003576279, 5.50600004196167 ] } },
{ "type": "Feature", "properties": { "particle": 2195, "seed_idx": 109, "valid": true, "snap_water": true, "snap_m": 103.36136 }, "geometry": { "type": "Point", "coordinates": [ -0.340000003576279, 5.50600004196167 ] } },
{ "type": "Feature", "properties": { "particle": 2196, "seed_idx": 109, "valid": true, "snap_water": true, "snap_m": 84.408058 }, "geometry": { "type": "Point", "coordinates": [ -0.340000003576279, 5.50600004196167 ] } },
{ "type": "Feature", "properties": { "particle": 2197, "seed_idx": 109, "valid": true, "snap_water": true, "snap_m": 80.50544 }, "geometry": { "type": "Point", "coordinates": [ -0.340000003576279, 5.505000114440918 ] } },
{ "type": "Feature", "properties": { "particle": 2198, "seed_idx": 109, "valid": true, "snap_water": true, "snap_m": 102.32024 }, "geometry": { "type": "Point", "coordinates": [ -0.340000003576279, 5.505000114440918 ] } },
{ "type": "Feature", "properties": { "particle": 2199, "seed_idx": 109, "valid": true, "snap_water": true, "snap_m": 89.855034 }, "geometry": { "type": "Point", "coordinates": [ -0.340000003576279, 5.505000114440918 ] } },
{ "type": "Feature", "properties": { "particle": 2200, "seed_idx": 110, "valid": true, "snap_water": false, "snap_m": 0.0 }, "geometry": { "type": "Point", "coordinates": [ -0.340348273515701, 5.502638339996338 ] } },
{ "type": "Feature", "properties": { "particle": 2201, "seed_idx": 110, "valid": true, "snap_water": true, "snap_m": 112.9911 }, "geometry": { "type": "Point", "coordinates": [ -0.340000003576279, 5.505000114440918 ] } },
{ "type": "Feature", "properties": { "particle": 2202, "seed_idx": 110, "valid": true, "snap_water": true, "snap_m": 88.64782 }, "geometry": { "type": "Point", "coordinates": [ -0.340000003576279, 5.505000114440918 ] } },
{ "type": "Feature", "properties": { "particle": 2203, "seed_idx": 110, "valid": true, "snap_water": true, "snap_m": 112.82076 }, "geometry": { "type": "Point", "coordinates": [ -0.340000003576279, 5.505000114440918 ] } },
{ "type": "Feature", "properties": { "particle": 2204, "seed_idx": 110, "valid": true, "snap_water": true, "snap_m": 118.23339 }, "geometry": { "type": "Point", "coordinates": [ -0.340000003576279, 5.505000114440918 ] } },
{ "type": "Feature", "properties": { "particle": 2205, "seed_idx": 110, "valid": true, "snap_water": true, "snap_m": 120.67684 }, "geometry": { "type": "Point", "coordinates": [ -0.340000003576279, 5.505000114440918 ] } },
{ "type": "Feature", "properties": { "particle": 2206, "seed_idx": 110, "valid": true, "snap_water": true, "snap_m": 89.242249 }, "geometry": { "type": "Point", "coordinates": [ -0.340000003576279, 5.505000114440918 ] } },
{ "type": "Feature", "properties": { "particle": 2207, "seed_idx": 110, "valid": true, "snap_water": true, "snap_m": 121.68269 }, "geometry": { "type": "Point", "coordinates": [ -0.342000007629395, 5.504000186920166 ] } },
{ "type": "Feature", "properties": { "particle": 2208, "seed_idx": 110, "valid": true, "snap_water": true, "snap_m": 95.54924 }, "geometry": { "type": "Point", "coordinates": [ -0.340000003576279, 5.505000114440918 ] } },
{ "type": "Feature", "properties": { "particle": 2209, "seed_idx": 110, "valid": true, "snap_water": true, "snap_m": 115.15955 }, "geometry": { "type": "Point", "coordinates": [ -0.340000003576279, 5.505000114440918 ] } },
{ "type": "Feature", "properties": { "particle": 2210, "seed_idx": 110, "valid": true, "snap_water": true, "snap_m": 113.24102 }, "geometry": { "type": "Point", "coordinates": [ -0.340000003576279, 5.505000114440918 ] } },
{ "type": "Feature", "properties": { "particle": 2211, "seed_idx": 110, "valid": true, "snap_water": true, "snap_m": 86.598061 }, "geometry": { "type": "Point", "coordinates": [ -0.340000003576279, 5.505000114440918 ] } },
{ "type": "Feature", "properties": { "particle": 2212, "seed_idx": 110, "valid": true, "snap_water": true, "snap_m": 87.419685 }, "geometry": { "type": "Point", "coordinates": [ -0.340000003576279, 5.505000114440918 ] } },
{ "type": "Feature", "properties": { "particle": 2213, "seed_idx": 110, "valid": true, "snap_water": true, "snap_m": 117.13489 }, "geometry": { "type": "Point", "coordinates": [ -0.340000003576279, 5.505000114440918 ] } },
{ "type": "Feature", "properties": { "particle": 2214, "seed_idx": 110, "valid": true, "snap_water": true, "snap_m": 95.910927 }, "geometry": { "type": "Point", "coordinates": [ -0.340000003576279, 5.505000114440918 ] } },
{ "type": "Feature", "properties": { "particle": 2215, "seed_idx": 110, "valid": true, "snap_water": true, "snap_m": 89.706039 }, "geometry": { "type": "Point", "coordinates": [ -0.340000003576279, 5.505000114440918 ] } },
{ "type": "Feature", "properties": { "particle": 2216, "seed_idx": 110, "valid": true, "snap_water": true, "snap_m": 82.342201 }, "geometry": { "type": "Point", "coordinates": [ -0.340000003576279, 5.505000114440918 ] } },
{ "type": "Feature", "properties": { "particle": 2217, "seed_idx": 110, "valid": true, "snap_water": true, "snap_m": 82.872612 }, "geometry": { "type": "Point", "coordinates": [ -0.340000003576279, 5.505000114440918 ] } },
{ "type": "Feature", "properties": { "particle": 2218, "seed_idx": 110, "valid": true, "snap_water": true, "snap_m": 112.22326 }, "geometry": { "type": "Point", "coordinates": [ -0.340000003576279, 5.505000114440918 ] } },
{ "type": "Feature", "properties": { "particle": 2219, "seed_idx": 110, "valid": true, "snap_water": true, "snap_m": 63.557503 }, "geometry": { "type": "Point", "coordinates": [ -0.340000003576279, 5.502999782562256 ] } },
{ "type": "Feature", "properties": { "particle": 2220, "seed_idx": 111, "valid": true, "snap_water": true, "snap_m": 89.809959 }, "geometry": { "type": "Point", "coordinates": [ -0.340000003576279, 5.505000114440918 ] } },
{ "type": "Feature", "properties": { "particle": 2221, "seed_idx": 111, "valid": true, "snap_water": false, "snap_m": 0.0 }, "geometry": { "type": "Point", "coordinates": [ -0.339882671833038, 5.50347375869751 ] } },
{ "type": "Feature", "properties": { "particle": 2222, "seed_idx": 111, "valid": true, "snap_water": false, "snap_m": 0.0 }, "geometry": { "type": "Point", "coordinates": [ -0.339797109365463, 5.50325870513916 ] } },
{ "type": "Feature", "properties": { "particle": 2223, "seed_idx": 111, "valid": true, "snap_water": true, "snap_m": 81.759033 }, "geometry": { "type": "Point", "coordinates": [ -0.340000003576279, 5.505000114440918 ] } },
{ "type": "Feature", "properties": { "particle": 2224, "seed_idx": 111, "valid": true, "snap_water": true, "snap_m": 114.36978 }, "geometry": { "type": "Point", "coordinates": [ -0.340000003576279, 5.505000114440918 ] } },
{ "type": "Feature", "properties": { "particle": 2225, "seed_idx": 111, "valid": true, "snap_water": true, "snap_m": 119.77555 }, "geometry": { "type": "Point", "coordinates": [ -0.340000003576279, 5.505000114440918 ] } },
{ "type": "Feature", "properties": { "particle": 2226, "seed_idx": 111, "valid": true, "snap_water": true, "snap_m": 120.27026 }, "geometry": { "type": "Point", "coordinates": [ -0.342000007629395, 5.504000186920166 ] } },
{ "type": "Feature", "properties": { "particle": 2227, "seed_idx": 111, "valid": true, "snap_water": false, "snap_m": 0.0 }, "geometry": { "type": "Point", "coordinates": [ -0.339887738227844, 5.50328254699707 ] } },
{ "type": "Feature", "properties": { "particle": 2228, "seed_idx": 111, "valid": true, "snap_water": true, "snap_m": 82.790131 }, "geometry": { "type": "Point", "coordinates": [ -0.340000003576279, 5.505000114440918 ] } },
{ "type": "Feature", "properties": { "particle": 2229, "seed_idx": 111, "valid": true, "snap_water": true, "snap_m": 106.67904 }, "geometry": { "type": "Point", "coordinates": [ -0.340000003576279, 5.505000114440918 ] } },
{ "type": "Feature", "properties": { "particle": 2230, "seed_idx": 111, "valid": true, "snap_water": true, "snap_m": 82.118271 }, "geometry": { "type": "Point", "coordinates": [ -0.340000003576279, 5.502999782562256 ] } },
{ "type": "Feature", "properties": { "particle": 2231, "seed_idx": 111, "valid": true, "snap_water": true, "snap_m": 103.58167 }, "geometry": { "type": "Point", "coordinates": [ -0.340000003576279, 5.505000114440918 ] } },
{ "type": "Feature", "properties": { "particle": 2232, "seed_idx": 111, "valid": true, "snap_water": true, "snap_m": 114.41904 }, "geometry": { "type": "Point", "coordinates": [ -0.340000003576279, 5.505000114440918 ] } },
{ "type": "Feature", "properties": { "particle": 2233, "seed_idx": 111, "valid": true, "snap_water": true, "snap_m": 93.978493 }, "geometry": { "type": "Point", "coordinates": [ -0.340000003576279, 5.505000114440918 ] } },
{ "type": "Feature", "properties": { "particle": 2234, "seed_idx": 111, "valid": true, "snap_water": true, "snap_m": 110.53525 }, "geometry": { "type": "Point", "coordinates": [ -0.340000003576279, 5.505000114440918 ] } },
{ "type": "Feature", "properties": { "particle": 2235, "seed_idx": 111, "valid": true, "snap_water": true, "snap_m": 109.32021 }, "geometry": { "type": "Point", "coordinates": [ -0.340000003576279, 5.505000114440918 ] } },
{ "type": "Feature", "properties": { "particle": 2236, "seed_idx": 111, "valid": true, "snap_water": true, "snap_m": 112.60318 }, "geometry": { "type": "Point", "coordinates": [ -0.340000003576279, 5.505000114440918 ] } },
{ "type": "Feature", "properties": { "particle": 2237, "seed_idx": 111, "valid": true, "snap_water": true, "snap_m": 108.63666 }, "geometry": { "type": "Point", "coordinates": [ -0.340000003576279, 5.505000114440918 ] } },
{ "type": "Feature", "properties": { "particle": 2238, "seed_idx": 111, "valid": true, "snap_water": false, "snap_m": 0.0 }, "geometry": { "type": "Point", "coordinates": [ -0.339739054441452, 5.503265380859375 ] } },
{ "type": "Feature", "properties": { "particle": 2239, "seed_idx": 111, "valid": true, "snap_water": true, "snap_m": 112.51691 }, "geometry": { "type": "Point", "coordinates": [ -0.340000003576279, 5.505000114440918 ] } },
{ "type": "Feature", "properties": { "particle": 2240, "seed_idx": 112, "valid": true, "snap_water": false, "snap_m": 0.0 }, "geometry": { "type": "Point", "coordinates": [ -0.3407022356987, 5.502101421356201 ] } },
{ "type": "Feature", "properties": { "particle": 2241, "seed_idx": 112, "valid": true, "snap_water": true, "snap_m": 82.993149 }, "geometry": { "type": "Point", "coordinates": [ -0.340999990701675, 5.501999855041504 ] } },
{ "type": "Feature", "properties": { "particle": 2242, "seed_idx": 112, "valid": true, "snap_water": false, "snap_m": 0.0 }, "geometry": { "type": "Point", "coordinates": [ -0.340968489646912, 5.502466678619385 ] } },
{ "type": "Feature", "properties": { "particle": 2243, "seed_idx": 112, "valid": true, "snap_water": true, "snap_m": 78.216385 }, "geometry": { "type": "Point", "coordinates": [ -0.340000003576279, 5.502999782562256 ] } },
{ "type": "Feature", "properties": { "particle": 2244, "seed_idx": 112, "valid": true, "snap_water": true, "snap_m": 63.106068 }, "geometry": { "type": "Point", "coordinates": [ -0.340999990701675, 5.501999855041504 ] } },
{ "type": "Feature", "properties": { "particle": 2245, "seed_idx": 112, "valid": true, "snap_water": false, "snap_m": 0.0 }, "geometry": { "type": "Point", "coordinates": [ -0.34042876958847, 5.502729892730713 ] } },
{ "type": "Feature", "properties": { "particle": 2246, "seed_idx": 112, "valid": true, "snap_water": true, "snap_m": 90.409836 }, "geometry": { "type": "Point", "coordinates": [ -0.340000003576279, 5.502999782562256 ] } },
{ "type": "Feature", "properties": { "particle": 2247, "seed_idx": 112, "valid": true, "snap_water": true, "snap_m": 59.243832 }, "geometry": { "type": "Point", "coordinates": [ -0.340000003576279, 5.502999782562256 ] } },
{ "type": "Feature", "properties": { "particle": 2248, "seed_idx": 112, "valid": true, "snap_water": true, "snap_m": 84.361473 }, "geometry": { "type": "Point", "coordinates": [ -0.340000003576279, 5.502999782562256 ] } },
{ "type": "Feature", "properties": { "particle": 2249, "seed_idx": 112, "valid": true, "snap_water": true, "snap_m": 56.580482 }, "geometry": { "type": "Point", "coordinates": [ -0.340999990701675, 5.501999855041504 ] } },
{ "type": "Feature", "properties": { "particle": 2250, "seed_idx": 112, "valid": true, "snap_water": false, "snap_m": 0.0 }, "geometry": { "type": "Point", "coordinates": [ -0.339996457099915, 5.502959728240967 ] } },
{ "type": "Feature", "properties": { "particle": 2251, "seed_idx": 112, "valid": true, "snap_water": true, "snap_m": 69.538048 }, "geometry": { "type": "Point", "coordinates": [ -0.340000003576279, 5.502999782562256 ] } },
{ "type": "Feature", "properties": { "particle": 2252, "seed_idx": 112, "valid": true, "snap_water": true, "snap_m": 83.137016 }, "geometry": { "type": "Point", "coordinates": [ -0.340999990701675, 5.501999855041504 ] } },
{ "type": "Feature", "properties": { "particle": 2253, "seed_idx": 112, "valid": true, "snap_water": false, "snap_m": 0.0 }, "geometry": { "type": "Point", "coordinates": [ -0.340692281723022, 5.502463817596436 ] } },
{ "type": "Feature", "properties": { "particle": 2254, "seed_idx": 112, "valid": true, "snap_water": true, "snap_m": 74.058189 }, "geometry": { "type": "Point", "coordinates": [ -0.340000003576279, 5.502999782562256 ] } },
{ "type": "Feature", "properties": { "particle": 2255, "seed_idx": 112, "valid": true, "snap_water": true, "snap_m": 74.456856 }, "geometry": { "type": "Point", "coordinates": [ -0.340999990701675, 5.501999855041504 ] } },
{ "type": "Feature", "properties": { "particle": 2256, "seed_idx": 112, "valid": true, "snap_water": true, "snap_m": 69.567192 }, "geometry": { "type": "Point", "coordinates": [ -0.340999990701675, 5.501999855041504 ] } },
{ "type": "Feature", "properties": { "particle": 2257, "seed_idx": 112, "valid": true, "snap_water": false, "snap_m": 0.0 }, "geometry": { "type": "Point", "coordinates": [ -0.340744584798813, 5.502427577972412 ] } },
{ "type": "Feature", "properties": { "particle": 2258, "seed_idx": 112, "valid": true, "snap_water": false, "snap_m": 0.0 }, "geometry": { "type": "Point", "coordinates": [ -0.340810924768448, 5.502301216125488 ] } },
{ "type": "Feature", "properties": { "particle": 2259, "seed_idx": 112, "valid": true, "snap_water": false, "snap_m": 0.0 }, "geometry": { "type": "Point", "coordinates": [ -0.340986132621765, 5.502311229705811 ] } },
{ "type": "Feature", "properties": { "particle": 2260, "seed_idx": 113, "valid": true, "snap_water": false, "snap_m": 0.0 }, "geometry": { "type": "Point", "coordinates": [ -0.342903137207031, 5.502485275268555 ] } },
{ "type": "Feature", "properties": { "particle": 2261, "seed_idx": 113, "valid": true, "snap_water": false, "snap_m": 0.0 }, "geometry": { "type": "Point", "coordinates": [ -0.341495722532272, 5.501770973205566 ] } },
{ "type": "Feature", "properties": { "particle": 2262, "seed_idx": 113, "valid": true, "snap_water": false, "snap_m": 0.0 }, "geometry": { "type": "Point", "coordinates": [ -0.342817544937134, 5.502383232116699 ] } },
{ "type": "Feature", "properties": { "particle": 2263, "seed_idx": 113, "valid": true, "snap_water": false, "snap_m": 0.0 }, "geometry": { "type": "Point", "coordinates": [ -0.340972483158112, 5.501618385314941 ] } },
{ "type": "Feature", "properties": { "particle": 2264, "seed_idx": 113, "valid": true, "snap_water": false, "snap_m": 0.0 }, "geometry": { "type": "Point", "coordinates": [ -0.341139018535614, 5.501727104187012 ] } },
{ "type": "Feature", "properties": { "particle": 2265, "seed_idx": 113, "valid": true, "snap_water": false, "snap_m": 0.0 }, "geometry": { "type": "Point", "coordinates": [ -0.342984169721603, 5.502296924591064 ] } },
{ "type": "Feature", "properties": { "particle": 2266, "seed_idx": 113, "valid": true, "snap_water": false, "snap_m": 0.0 }, "geometry": { "type": "Point", "coordinates": [ -0.342692524194717, 5.501918315887451 ] } },
{ "type": "Feature", "properties": { "particle": 2267, "seed_idx": 113, "valid": true, "snap_water": false, "snap_m": 0.0 }, "geometry": { "type": "Point", "coordinates": [ -0.34279453754425, 5.50242280960083 ] } },
{ "type": "Feature", "properties": { "particle": 2268, "seed_idx": 113, "valid": true, "snap_water": false, "snap_m": 0.0 }, "geometry": { "type": "Point", "coordinates": [ -0.341870933771133, 5.501489639282227 ] } },
{ "type": "Feature", "properties": { "particle": 2269, "seed_idx": 113, "valid": true, "snap_water": false, "snap_m": 0.0 }, "geometry": { "type": "Point", "coordinates": [ -0.342927634716034, 5.502055644989014 ] } },
{ "type": "Feature", "properties": { "particle": 2270, "seed_idx": 113, "valid": true, "snap_water": false, "snap_m": 0.0 }, "geometry": { "type": "Point", "coordinates": [ -0.34141081571579, 5.501818656921387 ] } },
{ "type": "Feature", "properties": { "particle": 2271, "seed_idx": 113, "valid": true, "snap_water": false, "snap_m": 0.0 }, "geometry": { "type": "Point", "coordinates": [ -0.341043710708618, 5.50164270401001 ] } },
{ "type": "Feature", "properties": { "particle": 2272, "seed_idx": 113, "valid": true, "snap_water": false, "snap_m": 0.0 }, "geometry": { "type": "Point", "coordinates": [ -0.342854201793671, 5.502392292022705 ] } },
{ "type": "Feature", "properties": { "particle": 2273, "seed_idx": 113, "valid": true, "snap_water": false, "snap_m": 0.0 }, "geometry": { "type": "Point", "coordinates": [ -0.342974841594696, 5.502369403839111 ] } },
{ "type": "Feature", "properties": { "particle": 2274, "seed_idx": 113, "valid": true, "snap_water": false, "snap_m": 0.0 }, "geometry": { "type": "Point", "coordinates": [ -0.342694997787476, 5.502113342285156 ] } },
{ "type": "Feature", "properties": { "particle": 2275, "seed_idx": 113, "valid": true, "snap_water": false, "snap_m": 0.0 }, "geometry": { "type": "Point", "coordinates": [ -0.342896670103073, 5.502387046813965 ] } },
{ "type": "Feature", "properties": { "particle": 2276, "seed_idx": 113, "valid": true, "snap_water": true, "snap_m": 60.435852 }, "geometry": { "type": "Point", "coordinates": [ -0.342999994754791, 5.501999855041504 ] } },
{ "type": "Feature", "properties": { "particle": 2277, "seed_idx": 113, "valid": true, "snap_water": false, "snap_m": 0.0 }, "geometry": { "type": "Point", "coordinates": [ -0.342867881059647, 5.502386569976807 ] } },
{ "type": "Feature", "properties": { "particle": 2278, "seed_idx": 113, "valid": true, "snap_water": false, "snap_m": 0.0 }, "geometry": { "type": "Point", "coordinates": [ -0.343588888645172, 5.50180721282959 ] } },
{ "type": "Feature", "properties": { "particle": 2279, "seed_idx": 113, "valid": true, "snap_water": false, "snap_m": 0.0 }, "geometry": { "type": "Point", "coordinates": [ -0.3428695499897, 5.502458572387695 ] } },
{ "type": "Feature", "properties": { "particle": 2280, "seed_idx": 114, "valid": true, "snap_water": false, "snap_m": 0.0 }, "geometry": { "type": "Point", "coordinates": [ -0.342985212802887, 5.501951694488525 ] } },
{ "type": "Feature", "properties": { "particle": 2281, "seed_idx": 114, "valid": true, "snap_water": false, "snap_m": 0.0 }, "geometry": { "type": "Point", "coordinates": [ -0.34289214015007, 5.501655578613281 ] } },
{ "type": "Feature", "properties": { "particle": 2282, "seed_idx": 114, "valid": true, "snap_water": false, "snap_m": 0.0 }, "geometry": { "type": "Point", "coordinates": [ -0.342687368392944, 5.502172470092773 ] } },
{ "type": "Feature", "properties": { "particle": 2283, "seed_idx": 114, "valid": true, "snap_water": true, "snap_m": 58.812069 }, "geometry": { "type": "Point", "coordinates": [ -0.342999994754791, 5.501999855041504 ] } },
{ "type": "Feature", "properties": { "particle": 2284, "seed_idx": 114, "valid": true, "snap_water": false, "snap_m": 0.0 }, "geometry": { "type": "Point", "coordinates": [ -0.3428053855896, 5.502257347106934 ] } },
{ "type": "Feature", "properties": { "particle": 2285, "seed_idx": 114, "valid": true, "snap_water": false, "snap_m": 0.0 }, "geometry": { "type": "Point", "coordinates": [ -0.341462761163712, 5.501787662506104 ] } },
{ "type": "Feature", "properties": { "particle": 2286, "seed_idx": 114, "valid": true, "snap_water": false, "snap_m": 0.0 }, "geometry": { "type": "Point", "coordinates": [ -0.342681616544724, 5.502296924591064 ] } },
{ "type": "Feature", "properties": { "particle": 2287, "seed_idx": 114, "valid": true, "snap_water": false, "snap_m": 0.0 }, "geometry": { "type": "Point", "coordinates": [ -0.342744320631027, 5.502420425415039 ] } },
{ "type": "Feature", "properties": { "particle": 2288, "seed_idx": 114, "valid": true, "snap_water": false, "snap_m": 0.0 }, "geometry": { "type": "Point", "coordinates": [ -0.343755811452866, 5.501805782318115 ] } },
{ "type": "Feature", "properties": { "particle": 2289, "seed_idx": 114, "valid": true, "snap_water": false, "snap_m": 0.0 }, "geometry": { "type": "Point", "coordinates": [ -0.343338996171951, 5.501656055450439 ] } },
{ "type": "Feature", "properties": { "particle": 2290, "seed_idx": 114, "valid": true, "snap_water": false, "snap_m": 0.0 }, "geometry": { "type": "Point", "coordinates": [ -0.343730479478836, 5.501790523529053 ] } },
{ "type": "Feature", "properties": { "particle": 2291, "seed_idx": 114, "valid": true, "snap_water": false, "snap_m": 0.0 }, "geometry": { "type": "Point", "coordinates": [ -0.342691689729691, 5.502077102661133 ] } },
{ "type": "Feature", "properties": { "particle": 2292, "seed_idx": 114, "valid": true, "snap_water": false, "snap_m": 0.0 }, "geometry": { "type": "Point", "coordinates": [ -0.342795610427856, 5.50237512588501 ] } },
{ "type": "Feature", "properties": { "particle": 2293, "seed_idx": 114, "valid": true, "snap_water": false, "snap_m": 0.0 }, "geometry": { "type": "Point", "coordinates": [ -0.342685431241989, 5.502053260803223 ] } },
{ "type": "Feature", "properties": { "particle": 2294, "seed_idx": 114, "valid": true, "snap_water": false, "snap_m": 0.0 }, "geometry": { "type": "Point", "coordinates": [ -0.341543704271317, 5.501802444458008 ] } },
{ "type": "Feature", "properties": { "particle": 2295, "seed_idx": 114, "valid": true, "snap_water": false, "snap_m": 0.0 }, "geometry": { "type": "Point", "coordinates": [ -0.342909038066864, 5.502169609069824 ] } },
{ "type": "Feature", "properties": { "particle": 2296, "seed_idx": 114, "valid": true, "snap_water": false, "snap_m": 0.0 }, "geometry": { "type": "Point", "coordinates": [ -0.342767268419266, 5.502260684967041 ] } },
{ "type": "Feature", "properties": { "particle": 2297, "seed_idx": 114, "valid": true, "snap_water": false, "snap_m": 0.0 }, "geometry": { "type": "Point", "coordinates": [ -0.342714011669159, 5.502094745635986 ] } },
{ "type": "Feature", "properties": { "particle": 2298, "seed_idx": 114, "valid": true, "snap_water": false, "snap_m": 0.0 }, "geometry": { "type": "Point", "coordinates": [ -0.342890709638596, 5.502140998840332 ] } },
{ "type": "Feature", "properties": { "particle": 2299, "seed_idx": 114, "valid": true, "snap_water": false, "snap_m": 0.0 }, "geometry": { "type": "Point", "coordinates": [ -0.342990398406982, 5.502359390258789 ] } },
{ "type": "Feature", "properties": { "particle": 2300, "seed_idx": 115, "valid": true, "snap_water": false, "snap_m": 0.0 }, "geometry": { "type": "Point", "coordinates": [ -0.345945984125137, 5.50127124786377 ] } },
{ "type": "Feature", "properties": { "particle": 2301, "seed_idx": 115, "valid": true, "snap_water": false, "snap_m": 0.0 }, "geometry": { "type": "Point", "coordinates": [ -0.345946043729782, 5.501377105712891 ] } },
{ "type": "Feature", "properties": { "particle": 2302, "seed_idx": 115, "valid": true, "snap_water": false, "snap_m": 0.0 }, "geometry": { "type": "Point", "coordinates": [ -0.345929861068726, 5.50114631652832 ] } },
{ "type": "Feature", "properties": { "particle": 2303, "seed_idx": 115, "valid": true, "snap_water": false, "snap_m": 0.0 }, "geometry": { "type": "Point", "coordinates": [ -0.345758676528931, 5.50134801864624 ] } },
{ "type": "Feature", "properties": { "particle": 2304, "seed_idx": 115, "valid": true, "snap_water": false, "snap_m": 0.0 }, "geometry": { "type": "Point", "coordinates": [ -0.346304297447205, 5.500811576843262 ] } },
{ "type": "Feature", "properties": { "particle": 2305, "seed_idx": 115, "valid": true, "snap_water": false, "snap_m": 0.0 }, "geometry": { "type": "Point", "coordinates": [ -0.346251010894775, 5.500697135925293 ] } },
{ "type": "Feature", "properties": { "particle": 2306, "seed_idx": 115, "valid": true, "snap_water": false, "snap_m": 0.0 }, "geometry": { "type": "Point", "coordinates": [ -0.345866680145264, 5.501208305358887 ] } },
{ "type": "Feature", "properties": { "particle": 2307, "seed_idx": 115, "valid": true, "snap_water": false, "snap_m": 0.0 }, "geometry": { "type": "Point", "coordinates": [ -0.347055613994598, 5.50046968460083 ] } },
{ "type": "Feature", "properties": { "particle": 2308, "seed_idx": 115, "valid": true, "snap_water": false, "snap_m": 0.0 }, "geometry": { "type": "Point", "coordinates": [ -0.345946043729782, 5.501232147216797 ] } },
{ "type": "Feature", "properties": { "particle": 2309, "seed_idx": 115, "valid": true, "snap_water": false, "snap_m": 0.0 }, "geometry": { "type": "Point", "coordinates": [ -0.346661686897278, 5.500781059265137 ] } },
{ "type": "Feature", "properties": { "particle": 2310, "seed_idx": 115, "valid": true, "snap_water": false, "snap_m": 0.0 }, "geometry": { "type": "Point", "coordinates": [ -0.345731198787689, 5.50125789642334 ] } },
{ "type": "Feature", "properties": { "particle": 2311, "seed_idx": 115, "valid": true, "snap_water": true, "snap_m": 66.359039 }, "geometry": { "type": "Point", "coordinates": [ -0.345999985933304, 5.500999927520752 ] } },
{ "type": "Feature", "properties": { "particle": 2312, "seed_idx": 115, "valid": true, "snap_water": true, "snap_m": 69.61274 }, "geometry": { "type": "Point", "coordinates": [ -0.345999985933304, 5.500999927520752 ] } },
{ "type": "Feature", "properties": { "particle": 2313, "seed_idx": 115, "valid": true, "snap_water": false, "snap_m": 0.0 }, "geometry": { "type": "Point", "coordinates": [ -0.345886617898941, 5.501439094543457 ] } },
{ "type": "Feature", "properties": { "particle": 2314, "seed_idx": 115, "valid": true, "snap_water": false, "snap_m": 0.0 }, "geometry": { "type": "Point", "coordinates": [ -0.345726311206818, 5.501293659210205 ] } },
{ "type": "Feature", "properties": { "particle": 2315, "seed_idx": 115, "valid": true, "snap_water": false, "snap_m": 0.0 }, "geometry": { "type": "Point", "coordinates": [ -0.34592992067337, 5.50131893157959 ] } },
{ "type": "Feature", "properties": { "particle": 2316, "seed_idx": 115, "valid": true, "snap_water": false, "snap_m": 0.0 }, "geometry": { "type": "Point", "coordinates": [ -0.345930248498917, 5.50114631652832 ] } },
{ "type": "Feature", "properties": { "particle": 2317, "seed_idx": 115, "valid": true, "snap_water": true, "snap_m": 57.689602 }, "geometry": { "type": "Point", "coordinates": [ -0.345999985933304, 5.500999927520752 ] } },
{ "type": "Feature", "properties": { "particle": 2318, "seed_idx": 115, "valid": true, "snap_water": true, "snap_m": 74.728859 }, "geometry": { "type": "Point", "coordinates": [ -0.345999985933304, 5.500999927520752 ] } },
{ "type": "Feature", "properties": { "particle": 2319, "seed_idx": 115, "valid": true, "snap_water": true, "snap_m": 67.82679 }, "geometry": { "type": "Point", "coordinates": [ -0.344999998807907, 5.501999855041504 ] } },
{ "type": "Feature", "properties": { "particle": 2320, "seed_idx": 116, "valid": true, "snap_water": true, "snap_m": 84.777847 }, "geometry": { "type": "Point", "coordinates": [ -0.347000002861023, 5.5 ] } },
{ "type": "Feature", "properties": { "particle": 2321, "seed_idx": 116, "valid": true, "snap_water": true, "snap_m": 106.7196 }, "geometry": { "type": "Point", "coordinates": [ -0.347000002861023, 5.5 ] } },
{ "type": "Feature", "properties": { "particle": 2322, "seed_idx": 116, "valid": true, "snap_water": true, "snap_m": 86.311317 }, "geometry": { "type": "Point", "coordinates": [ -0.34799998998642, 5.499000072479248 ] } },
{ "type": "Feature", "properties": { "particle": 2323, "seed_idx": 116, "valid": true, "snap_water": false, "snap_m": 0.0 }, "geometry": { "type": "Point", "coordinates": [ -0.347969830036163, 5.498935222625732 ] } },
{ "type": "Feature", "properties": { "particle": 2324, "seed_idx": 116, "valid": true, "snap_water": false, "snap_m": 0.0 }, "geometry": { "type": "Point", "coordinates": [ -0.347708225250244, 5.49942684173584 ] } },
{ "type": "Feature", "properties": { "particle": 2325, "seed_idx": 116, "valid": true, "snap_water": false, "snap_m": 0.0 }, "geometry": { "type": "Point", "coordinates": [ -0.347830057144165, 5.499114036560059 ] } },
{ "type": "Feature", "properties": { "particle": 2326, "seed_idx": 116, "valid": true, "snap_water": false, "snap_m": 0.0 }, "geometry": { "type": "Point", "coordinates": [ -0.34772002696991, 5.49948787689209 ] } },
{ "type": "Feature", "properties": { "particle": 2327, "seed_idx": 116, "valid": true, "snap_water": false, "snap_m": 0.0 }, "geometry": { "type": "Point", "coordinates": [ -0.34786269068718, 5.499203681945801 ] } },
{ "type": "Feature", "properties": { "particle": 2328, "seed_idx": 116, "valid": true, "snap_water": true, "snap_m": 76.514862 }, "geometry": { "type": "Point", "coordinates": [ -0.34799998998642, 5.499000072479248 ] } },
{ "type": "Feature", "properties": { "particle": 2329, "seed_idx": 116, "valid": true, "snap_water": false, "snap_m": 0.0 }, "geometry": { "type": "Point", "coordinates": [ -0.34834161400795, 5.498831272125244 ] } },
{ "type": "Feature", "properties": { "particle": 2330, "seed_idx": 116, "valid": true, "snap_water": true, "snap_m": 97.89669 }, "geometry": { "type": "Point", "coordinates": [ -0.347000002861023, 5.5 ] } },
{ "type": "Feature", "properties": { "particle": 2331, "seed_idx": 116, "valid": true, "snap_water": false, "snap_m": 0.0 }, "geometry": { "type": "Point", "coordinates": [ -0.347718060016632, 5.498964309692383 ] } },
{ "type": "Feature", "properties": { "particle": 2332, "seed_idx": 116, "valid": true, "snap_water": true, "snap_m": 67.633041 }, "geometry": { "type": "Point", "coordinates": [ -0.34799998998642, 5.499000072479248 ] } },
{ "type": "Feature", "properties": { "particle": 2333, "seed_idx": 116, "valid": true, "snap_water": false, "snap_m": 0.0 }, "geometry": { "type": "Point", "coordinates": [ -0.347694605588913, 5.498936176300049 ] } },
{ "type": "Feature", "properties": { "particle": 2334, "seed_idx": 116, "valid": true, "snap_water": false, "snap_m": 0.0 }, "geometry": { "type": "Point", "coordinates": [ -0.347792565822601, 5.498821258544922 ] } },
{ "type": "Feature", "properties": { "particle": 2335, "seed_idx": 116, "valid": true, "snap_water": true, "snap_m": 94.342857 }, "geometry": { "type": "Point", "coordinates": [ -0.347000002861023, 5.5 ] } },
{ "type": "Feature", "properties": { "particle": 2336, "seed_idx": 116, "valid": true, "snap_water": true, "snap_m": 66.57885 }, "geometry": { "type": "Point", "coordinates": [ -0.34799998998642, 5.499000072479248 ] } },
{ "type": "Feature", "properties": { "particle": 2337, "seed_idx": 116, "valid": true, "snap_water": true, "snap_m": 64.352928 }, "geometry": { "type": "Point", "coordinates": [ -0.34799998998642, 5.499000072479248 ] } },
{ "type": "Feature", "properties": { "particle": 2338, "seed_idx": 116, "valid": true, "snap_water": false, "snap_m": 0.0 }, "geometry": { "type": "Point", "coordinates": [ -0.349668264389038, 5.499505519866943 ] } },
{ "type": "Feature", "properties": { "particle": 2339, "seed_idx": 116, "valid": true, "snap_water": false, "snap_m": 0.0 }, "geometry": { "type": "Point", "coordinates": [ -0.347876906394958, 5.499382019042969 ] } }
]
}
