{
"type": "FeatureCollection",
"name": "predicted_particle_points",
"crs": { "type": "name", "properties": { "name": "urn:ogc:def:crs:OGC:1.3:CRS84" } },
"features": [
{ "type": "Feature", "properties": { "particle": 0, "seed_idx": 0, "valid": true }, "geometry": { "type": "Point", "coordinates": [ -0.32389959692955, 5.50990629196167 ] } },
{ "type": "Feature", "properties": { "particle": 1, "seed_idx": 0, "valid": true }, "geometry": { "type": "Point", "coordinates": [ -0.324494659900665, 5.509463310241699 ] } },
{ "type": "Feature", "properties": { "particle": 2, "seed_idx": 0, "valid": true }, "geometry": { "type": "Point", "coordinates": [ -0.324128985404968, 5.509084224700928 ] } },
{ "type": "Feature", "properties": { "particle": 3, "seed_idx": 0, "valid": true }, "geometry": { "type": "Point", "coordinates": [ -0.323551714420319, 5.510050296783447 ] } },
{ "type": "Feature", "properties": { "particle": 4, "seed_idx": 0, "valid": true }, "geometry": { "type": "Point", "coordinates": [ -0.323977053165436, 5.509866714477539 ] } },
{ "type": "Feature", "properties": { "particle": 5, "seed_idx": 0, "valid": true }, "geometry": { "type": "Point", "coordinates": [ -0.32345649600029, 5.510276794433594 ] } },
{ "type": "Feature", "properties": { "particle": 6, "seed_idx": 0, "valid": true }, "geometry": { "type": "Point", "coordinates": [ -0.324368119239807, 5.510232448577881 ] } },
{ "type": "Feature", "properties": { "particle": 7, "seed_idx": 0, "valid": true }, "geometry": { "type": "Point", "coordinates": [ -0.32593622803688, 5.508697032928467 ] } },
{ "type": "Feature", "properties": { "particle": 8, "seed_idx": 0, "valid": true }, "geometry": { "type": "Point", "coordinates": [ -0.324234575033188, 5.509508609771729 ] } },
{ "type": "Feature", "properties": { "particle": 9, "seed_idx": 0, "valid": true }, "geometry": { "type": "Point", "coordinates": [ -0.324704498052597, 5.509446620941162 ] } },
{ "type": "Feature", "properties": { "particle": 10, "seed_idx": 0, "valid": true }, "geometry": { "type": "Point", "coordinates": [ -0.325255334377289, 5.508406162261963 ] } },
{ "type": "Feature", "properties": { "particle": 11, "seed_idx": 0, "valid": true }, "geometry": { "type": "Point", "coordinates": [ -0.324147313833237, 5.509713172912598 ] } },
{ "type": "Feature", "properties": { "particle": 12, "seed_idx": 0, "valid": true }, "geometry": { "type": "Point", "coordinates": [ -0.325339466333389, 5.509454250335693 ] } },
{ "type": "Feature", "properties": { "particle": 13, "seed_idx": 0, "valid": true }, "geometry": { "type": "Point", "coordinates": [ -0.324450969696045, 5.509957790374756 ] } },
{ "type": "Feature", "properties": { "particle": 14, "seed_idx": 0, "valid": true }, "geometry": { "type": "Point", "coordinates": [ -0.323478788137436, 5.510084629058838 ] } },
{ "type": "Feature", "properties": { "particle": 15, "seed_idx": 0, "valid": true }, "geometry": { "type": "Point", "coordinates": [ -0.324747890233994, 5.510171890258789 ] } },
{ "type": "Feature", "properties": { "particle": 16, "seed_idx": 0, "valid": true }, "geometry": { "type": "Point", "coordinates": [ -0.323627322912216, 5.509870052337646 ] } },
{ "type": "Feature", "properties": { "particle": 17, "seed_idx": 0, "valid": true }, "geometry": { "type": "Point", "coordinates": [ -0.324858576059341, 5.509566307067871 ] } },
{ "type": "Feature", "properties": { "particle": 18, "seed_idx": 0, "valid": true }, "geometry": { "type": "Point", "coordinates": [ -0.323304206132889, 5.510199069976807 ] } },
{ "type": "Feature", "properties": { "particle": 19, "seed_idx": 0, "valid": true }, "geometry": { "type": "Point", "coordinates": [ -0.323153167963028, 5.510308265686035 ] } },
{ "type": "Feature", "properties": { "particle": 20, "seed_idx": 1, "valid": true }, "geometry": { "type": "Point", "coordinates": [ -0.324328154325485, 5.50920581817627 ] } },
{ "type": "Feature", "properties": { "particle": 21, "seed_idx": 1, "valid": true }, "geometry": { "type": "Point", "coordinates": [ -0.32401117682457, 5.509945392608643 ] } },
{ "type": "Feature", "properties": { "particle": 22, "seed_idx": 1, "valid": true }, "geometry": { "type": "Point", "coordinates": [ -0.32416695356369, 5.509625434875488 ] } },
{ "type": "Feature", "properties": { "particle": 23, "seed_idx": 1, "valid": true }, "geometry": { "type": "Point", "coordinates": [ -0.3233363032341, 5.509970188140869 ] } },
{ "type": "Feature", "properties": { "particle": 24, "seed_idx": 1, "valid": true }, "geometry": { "type": "Point", "coordinates": [ -0.324248969554901, 5.509526252746582 ] } },
{ "type": "Feature", "properties": { "particle": 25, "seed_idx": 1, "valid": true }, "geometry": { "type": "Point", "coordinates": [ -0.324131041765213, 5.510041236877441 ] } },
{ "type": "Feature", "properties": { "particle": 26, "seed_idx": 1, "valid": true }, "geometry": { "type": "Point", "coordinates": [ -0.324329793453217, 5.509696483612061 ] } },
{ "type": "Feature", "properties": { "particle": 27, "seed_idx": 1, "valid": true }, "geometry": { "type": "Point", "coordinates": [ -0.323629856109619, 5.50990104675293 ] } },
{ "type": "Feature", "properties": { "particle": 28, "seed_idx": 1, "valid": true }, "geometry": { "type": "Point", "coordinates": [ -0.325733751058578, 5.508338451385498 ] } },
{ "type": "Feature", "properties": { "particle": 29, "seed_idx": 1, "valid": true }, "geometry": { "type": "Point", "coordinates": [ -0.324734508991241, 5.509807586669922 ] } },
{ "type": "Feature", "properties": { "particle": 30, "seed_idx": 1, "valid": true }, "geometry": { "type": "Point", "coordinates": [ -0.324315011501312, 5.508939743041992 ] } },
{ "type": "Feature", "properties": { "particle": 31, "seed_idx": 1, "valid": true }, "geometry": { "type": "Point", "coordinates": [ -0.323673129081726, 5.50965404510498 ] } },
{ "type": "Feature", "properties": { "particle": 32, "seed_idx": 1, "valid": true }, "geometry": { "type": "Point", "coordinates": [ -0.324002891778946, 5.508797645568848 ] } },
{ "type": "Feature", "properties": { "particle": 33, "seed_idx": 1, "valid": true }, "geometry": { "type": "Point", "coordinates": [ -0.32375904917717, 5.509806156158447 ] } },
{ "type": "Feature", "properties": { "particle": 34, "seed_idx": 1, "valid": true }, "geometry": { "type": "Point", "coordinates": [ -0.323786914348602, 5.509769916534424 ] } },
{ "type": "Feature", "properties": { "particle": 35, "seed_idx": 1, "valid": true }, "geometry": { "type": "Point", "coordinates": [ -0.324402391910553, 5.509844303131104 ] } },
{ "type": "Feature", "properties": { "particle": 36, "seed_idx": 1, "valid": true }, "geometry": { "type": "Point", "coordinates": [ -0.323271930217743, 5.509975910186768 ] } },
{ "type": "Feature", "properties": { "particle": 37, "seed_idx": 1, "valid": true }, "geometry": { "type": "Point", "coordinates": [ -0.324986666440964, 5.509979724884033 ] } },
{ "type": "Feature", "properties": { "particle": 38, "seed_idx": 1, "valid": true }, "geometry": { "type": "Point", "coordinates": [ -0.323230654001236, 5.50999927520752 ] } },
{ "type": "Feature", "properties": { "particle": 39, "seed_idx": 1, "valid": true }, "geometry": { "type": "Point", "coordinates": [ -0.323363423347473, 5.509872913360596 ] } },
{ "type": "Feature", "properties": { "particle": 40, "seed_idx": 2, "valid": true }, "geometry": { "type": "Point", "coordinates": [ -0.322411119937897, 5.508472442626953 ] } },
{ "type": "Feature", "properties": { "particle": 41, "seed_idx": 2, "valid": true }, "geometry": { "type": "Point", "coordinates": [ -0.323338150978088, 5.507545948028564 ] } },
{ "type": "Feature", "properties": { "particle": 42, "seed_idx": 2, "valid": true }, "geometry": { "type": "Point", "coordinates": [ -0.32238844037056, 5.508720874786377 ] } },
{ "type": "Feature", "properties": { "particle": 43, "seed_idx": 2, "valid": true }, "geometry": { "type": "Point", "coordinates": [ -0.321862727403641, 5.508981227874756 ] } },
{ "type": "Feature", "properties": { "particle": 44, "seed_idx": 2, "valid": true }, "geometry": { "type": "Point", "coordinates": [ -0.321816235780716, 5.509024143218994 ] } },
{ "type": "Feature", "properties": { "particle": 45, "seed_idx": 2, "valid": true }, "geometry": { "type": "Point", "coordinates": [ -0.323365956544876, 5.507206439971924 ] } },
{ "type": "Feature", "properties": { "particle": 46, "seed_idx": 2, "valid": true }, "geometry": { "type": "Point", "coordinates": [ -0.322963625192642, 5.507740020751953 ] } },
{ "type": "Feature", "properties": { "particle": 47, "seed_idx": 2, "valid": true }, "geometry": { "type": "Point", "coordinates": [ -0.322891682386398, 5.508687973022461 ] } },
{ "type": "Feature", "properties": { "particle": 48, "seed_idx": 2, "valid": true }, "geometry": { "type": "Point", "coordinates": [ -0.323056578636169, 5.508869647979736 ] } },
{ "type": "Feature", "properties": { "particle": 49, "seed_idx": 2, "valid": true }, "geometry": { "type": "Point", "coordinates": [ -0.322386056184769, 5.508855819702148 ] } },
{ "type": "Feature", "properties": { "particle": 50, "seed_idx": 2, "valid": true }, "geometry": { "type": "Point", "coordinates": [ -0.32312473654747, 5.508391380310059 ] } },
{ "type": "Feature", "properties": { "particle": 51, "seed_idx": 2, "valid": true }, "geometry": { "type": "Point", "coordinates": [ -0.322492569684982, 5.508415699005127 ] } },
{ "type": "Feature", "properties": { "particle": 52, "seed_idx": 2, "valid": true }, "geometry": { "type": "Point", "coordinates": [ -0.322061032056808, 5.508591175079346 ] } },
{ "type": "Feature", "properties": { "particle": 53, "seed_idx": 2, "valid": true }, "geometry": { "type": "Point", "coordinates": [ -0.323286473751068, 5.508891582489014 ] } },
{ "type": "Feature", "properties": { "particle": 54, "seed_idx": 2, "valid": true }, "geometry": { "type": "Point", "coordinates": [ -0.321987628936768, 5.508909225463867 ] } },
{ "type": "Feature", "properties": { "particle": 55, "seed_idx": 2, "valid": true }, "geometry": { "type": "Point", "coordinates": [ -0.322305202484131, 5.509178161621094 ] } },
{ "type": "Feature", "properties": { "particle": 56, "seed_idx": 2, "valid": true }, "geometry": { "type": "Point", "coordinates": [ -0.322727411985397, 5.508522987365723 ] } },
{ "type": "Feature", "properties": { "particle": 57, "seed_idx": 2, "valid": true }, "geometry": { "type": "Point", "coordinates": [ -0.322714596986771, 5.509093284606934 ] } },
{ "type": "Feature", "properties": { "particle": 58, "seed_idx": 2, "valid": true }, "geometry": { "type": "Point", "coordinates": [ -0.322832465171814, 5.508530616760254 ] } },
{ "type": "Feature", "properties": { "particle": 59, "seed_idx": 2, "valid": true }, "geometry": { "type": "Point", "coordinates": [ -0.32213294506073, 5.508986473083496 ] } },
{ "type": "Feature", "properties": { "particle": 60, "seed_idx": 3, "valid": true }, "geometry": { "type": "Point", "coordinates": [ -0.323947846889496, 5.508514881134033 ] } },
{ "type": "Feature", "properties": { "particle": 61, "seed_idx": 3, "valid": true }, "geometry": { "type": "Point", "coordinates": [ -0.324368864297867, 5.507916450500488 ] } },
{ "type": "Feature", "properties": { "particle": 62, "seed_idx": 3, "valid": true }, "geometry": { "type": "Point", "coordinates": [ -0.323992013931274, 5.507524490356445 ] } },
{ "type": "Feature", "properties": { "particle": 63, "seed_idx": 3, "valid": true }, "geometry": { "type": "Point", "coordinates": [ -0.324877440929413, 5.508113861083984 ] } },
{ "type": "Feature", "properties": { "particle": 64, "seed_idx": 3, "valid": true }, "geometry": { "type": "Point", "coordinates": [ -0.323395758867264, 5.508748054504395 ] } },
{ "type": "Feature", "properties": { "particle": 65, "seed_idx": 3, "valid": true }, "geometry": { "type": "Point", "coordinates": [ -0.32437989115715, 5.507970809936523 ] } },
{ "type": "Feature", "properties": { "particle": 66, "seed_idx": 3, "valid": true }, "geometry": { "type": "Point", "coordinates": [ -0.324797004461288, 5.507881641387939 ] } },
{ "type": "Feature", "properties": { "particle": 67, "seed_idx": 3, "valid": true }, "geometry": { "type": "Point", "coordinates": [ -0.323153644800186, 5.508786678314209 ] } },
{ "type": "Feature", "properties": { "particle": 68, "seed_idx": 3, "valid": true }, "geometry": { "type": "Point", "coordinates": [ -0.323982417583466, 5.507790565490723 ] } },
{ "type": "Feature", "properties": { "particle": 69, "seed_idx": 3, "valid": true }, "geometry": { "type": "Point", "coordinates": [ -0.32382333278656, 5.508830547332764 ] } },
{ "type": "Feature", "properties": { "particle": 70, "seed_idx": 3, "valid": true }, "geometry": { "type": "Point", "coordinates": [ -0.323430269956589, 5.508437156677246 ] } },
{ "type": "Feature", "properties": { "particle": 71, "seed_idx": 3, "valid": true }, "geometry": { "type": "Point", "coordinates": [ -0.324207156896591, 5.50809907913208 ] } },
{ "type": "Feature", "properties": { "particle": 72, "seed_idx": 3, "valid": true }, "geometry": { "type": "Point", "coordinates": [ -0.323138743638992, 5.508431911468506 ] } },
{ "type": "Feature", "properties": { "particle": 73, "seed_idx": 3, "valid": true }, "geometry": { "type": "Point", "coordinates": [ -0.323519498109818, 5.508484840393066 ] } },
{ "type": "Feature", "properties": { "particle": 74, "seed_idx": 3, "valid": true }, "geometry": { "type": "Point", "coordinates": [ -0.323355138301849, 5.508287906646729 ] } },
{ "type": "Feature", "properties": { "particle": 75, "seed_idx": 3, "valid": true }, "geometry": { "type": "Point", "coordinates": [ -0.323150902986526, 5.508883953094482 ] } },
{ "type": "Feature", "properties": { "particle": 76, "seed_idx": 3, "valid": true }, "geometry": { "type": "Point", "coordinates": [ -0.323151260614395, 5.508736610412598 ] } },
{ "type": "Feature", "properties": { "particle": 77, "seed_idx": 3, "valid": true }, "geometry": { "type": "Point", "coordinates": [ -0.323922544717789, 5.508434772491455 ] } },
{ "type": "Feature", "properties": { "particle": 78, "seed_idx": 3, "valid": true }, "geometry": { "type": "Point", "coordinates": [ -0.322605520486832, 5.508884429931641 ] } },
{ "type": "Feature", "properties": { "particle": 79, "seed_idx": 3, "valid": true }, "geometry": { "type": "Point", "coordinates": [ -0.323683738708496, 5.50800609588623 ] } },
{ "type": "Feature", "properties": { "particle": 80, "seed_idx": 4, "valid": true }, "geometry": { "type": "Point", "coordinates": [ -0.323593944311142, 5.50846529006958 ] } },
{ "type": "Feature", "properties": { "particle": 81, "seed_idx": 4, "valid": true }, "geometry": { "type": "Point", "coordinates": [ -0.323397606611252, 5.508670806884766 ] } },
{ "type": "Feature", "properties": { "particle": 82, "seed_idx": 4, "valid": true }, "geometry": { "type": "Point", "coordinates": [ -0.32396599650383, 5.507708549499512 ] } },
{ "type": "Feature", "properties": { "particle": 83, "seed_idx": 4, "valid": true }, "geometry": { "type": "Point", "coordinates": [ -0.324296057224274, 5.508949756622314 ] } },
{ "type": "Feature", "properties": { "particle": 84, "seed_idx": 4, "valid": true }, "geometry": { "type": "Point", "coordinates": [ -0.323287725448608, 5.508419036865234 ] } },
{ "type": "Feature", "properties": { "particle": 85, "seed_idx": 4, "valid": true }, "geometry": { "type": "Point", "coordinates": [ -0.323994070291519, 5.508445739746094 ] } },
{ "type": "Feature", "properties": { "particle": 86, "seed_idx": 4, "valid": true }, "geometry": { "type": "Point", "coordinates": [ -0.323680132627487, 5.508477687835693 ] } },
{ "type": "Feature", "properties": { "particle": 87, "seed_idx": 4, "valid": true }, "geometry": { "type": "Point", "coordinates": [ -0.324228912591934, 5.5084547996521 ] } },
{ "type": "Feature", "properties": { "particle": 88, "seed_idx": 4, "valid": true }, "geometry": { "type": "Point", "coordinates": [ -0.323544889688492, 5.50877857208252 ] } },
{ "type": "Feature", "properties": { "particle": 89, "seed_idx": 4, "valid": true }, "geometry": { "type": "Point", "coordinates": [ -0.324013888835907, 5.508348941802979 ] } },
{ "type": "Feature", "properties": { "particle": 90, "seed_idx": 4, "valid": true }, "geometry": { "type": "Point", "coordinates": [ -0.324127227067947, 5.50762939453125 ] } },
{ "type": "Feature", "properties": { "particle": 91, "seed_idx": 4, "valid": true }, "geometry": { "type": "Point", "coordinates": [ -0.323163390159607, 5.508872985839844 ] } },
{ "type": "Feature", "properties": { "particle": 92, "seed_idx": 4, "valid": true }, "geometry": { "type": "Point", "coordinates": [ -0.322938114404678, 5.508898735046387 ] } },
{ "type": "Feature", "properties": { "particle": 93, "seed_idx": 4, "valid": true }, "geometry": { "type": "Point", "coordinates": [ -0.323785990476608, 5.508687496185303 ] } },
{ "type": "Feature", "properties": { "particle": 94, "seed_idx": 4, "valid": true }, "geometry": { "type": "Point", "coordinates": [ -0.324519217014313, 5.508043766021729 ] } },
{ "type": "Feature", "properties": { "particle": 95, "seed_idx": 4, "valid": true }, "geometry": { "type": "Point", "coordinates": [ -0.325846463441849, 5.507888317108154 ] } },
{ "type": "Feature", "properties": { "particle": 96, "seed_idx": 4, "valid": true }, "geometry": { "type": "Point", "coordinates": [ -0.324653834104538, 5.508048057556152 ] } },
{ "type": "Feature", "properties": { "particle": 97, "seed_idx": 4, "valid": true }, "geometry": { "type": "Point", "coordinates": [ -0.324486792087555, 5.508242130279541 ] } },
{ "type": "Feature", "properties": { "particle": 98, "seed_idx": 4, "valid": true }, "geometry": { "type": "Point", "coordinates": [ -0.32363748550415, 5.508827209472656 ] } },
{ "type": "Feature", "properties": { "particle": 99, "seed_idx": 4, "valid": true }, "geometry": { "type": "Point", "coordinates": [ -0.32395738363266, 5.508257389068604 ] } },
{ "type": "Feature", "properties": { "particle": 100, "seed_idx": 5, "valid": true }, "geometry": { "type": "Point", "coordinates": [ -0.322403371334076, 5.509923458099365 ] } },
{ "type": "Feature", "properties": { "particle": 101, "seed_idx": 5, "valid": true }, "geometry": { "type": "Point", "coordinates": [ -0.322856873273849, 5.509560585021973 ] } },
{ "type": "Feature", "properties": { "particle": 102, "seed_idx": 5, "valid": true }, "geometry": { "type": "Point", "coordinates": [ -0.324132680892944, 5.508861541748047 ] } },
{ "type": "Feature", "properties": { "particle": 103, "seed_idx": 5, "valid": true }, "geometry": { "type": "Point", "coordinates": [ -0.323063760995865, 5.509842395782471 ] } },
{ "type": "Feature", "properties": { "particle": 104, "seed_idx": 5, "valid": true }, "geometry": { "type": "Point", "coordinates": [ -0.322935968637466, 5.510161876678467 ] } },
{ "type": "Feature", "properties": { "particle": 105, "seed_idx": 5, "valid": true }, "geometry": { "type": "Point", "coordinates": [ -0.322978258132935, 5.50963306427002 ] } },
{ "type": "Feature", "properties": { "particle": 106, "seed_idx": 5, "valid": true }, "geometry": { "type": "Point", "coordinates": [ -0.323638498783112, 5.508674621582031 ] } },
{ "type": "Feature", "properties": { "particle": 107, "seed_idx": 5, "valid": true }, "geometry": { "type": "Point", "coordinates": [ -0.324006527662277, 5.508931159973145 ] } },
{ "type": "Feature", "properties": { "particle": 108, "seed_idx": 5, "valid": true }, "geometry": { "type": "Point", "coordinates": [ -0.323050856590271, 5.509476661682129 ] } },
{ "type": "Feature", "properties": { "particle": 109, "seed_idx": 5, "valid": true }, "geometry": { "type": "Point", "coordinates": [ -0.322939425706863, 5.509728908538818 ] } },
{ "type": "Feature", "properties": { "particle": 110, "seed_idx": 5, "valid": true }, "geometry": { "type": "Point", "coordinates": [ -0.322829067707062, 5.509852409362793 ] } },
{ "type": "Feature", "properties": { "particle": 111, "seed_idx": 5, "valid": true }, "geometry": { "type": "Point", "coordinates": [ -0.322461426258087, 5.510045528411865 ] } },
{ "type": "Feature", "properties": { "particle": 112, "seed_idx": 5, "valid": true }, "geometry": { "type": "Point", "coordinates": [ -0.324016869068146, 5.50922966003418 ] } },
{ "type": "Feature", "properties": { "particle": 113, "seed_idx": 5, "valid": true }, "geometry": { "type": "Point", "coordinates": [ -0.323725551366806, 5.509216785430908 ] } },
{ "type": "Feature", "properties": { "particle": 114, "seed_idx": 5, "valid": true }, "geometry": { "type": "Point", "coordinates": [ -0.323127686977386, 5.509632110595703 ] } },
{ "type": "Feature", "properties": { "particle": 115, "seed_idx": 5, "valid": true }, "geometry": { "type": "Point", "coordinates": [ -0.323038697242737, 5.509629249572754 ] } },
{ "type": "Feature", "properties": { "particle": 116, "seed_idx": 5, "valid": true }, "geometry": { "type": "Point", "coordinates": [ -0.323868125677109, 5.509498119354248 ] } },
{ "type": "Feature", "properties": { "particle": 117, "seed_idx": 5, "valid": true }, "geometry": { "type": "Point", "coordinates": [ -0.323356211185455, 5.510053634643555 ] } },
{ "type": "Feature", "properties": { "particle": 118, "seed_idx": 5, "valid": true }, "geometry": { "type": "Point", "coordinates": [ -0.324407368898392, 5.509756565093994 ] } },
{ "type": "Feature", "properties": { "particle": 119, "seed_idx": 5, "valid": true }, "geometry": { "type": "Point", "coordinates": [ -0.324507713317871, 5.509853839874268 ] } },
{ "type": "Feature", "properties": { "particle": 120, "seed_idx": 6, "valid": true }, "geometry": { "type": "Point", "coordinates": [ -0.323021352291107, 5.509411811828613 ] } },
{ "type": "Feature", "properties": { "particle": 121, "seed_idx": 6, "valid": true }, "geometry": { "type": "Point", "coordinates": [ -0.323108017444611, 5.508950710296631 ] } },
{ "type": "Feature", "properties": { "particle": 122, "seed_idx": 6, "valid": true }, "geometry": { "type": "Point", "coordinates": [ -0.323017776012421, 5.509020328521729 ] } },
{ "type": "Feature", "properties": { "particle": 123, "seed_idx": 6, "valid": true }, "geometry": { "type": "Point", "coordinates": [ -0.322680532932281, 5.509972095489502 ] } },
{ "type": "Feature", "properties": { "particle": 124, "seed_idx": 6, "valid": true }, "geometry": { "type": "Point", "coordinates": [ -0.324153542518616, 5.50927734375 ] } },
{ "type": "Feature", "properties": { "particle": 125, "seed_idx": 6, "valid": true }, "geometry": { "type": "Point", "coordinates": [ -0.323891460895538, 5.509200096130371 ] } },
{ "type": "Feature", "properties": { "particle": 126, "seed_idx": 6, "valid": true }, "geometry": { "type": "Point", "coordinates": [ -0.324091672897339, 5.508668899536133 ] } },
{ "type": "Feature", "properties": { "particle": 127, "seed_idx": 6, "valid": true }, "geometry": { "type": "Point", "coordinates": [ -0.3233682513237, 5.509434700012207 ] } },
{ "type": "Feature", "properties": { "particle": 128, "seed_idx": 6, "valid": true }, "geometry": { "type": "Point", "coordinates": [ -0.324240326881409, 5.509653568267822 ] } },
{ "type": "Feature", "properties": { "particle": 129, "seed_idx": 6, "valid": true }, "geometry": { "type": "Point", "coordinates": [ -0.32290917634964, 5.509502410888672 ] } },
{ "type": "Feature", "properties": { "particle": 130, "seed_idx": 6, "valid": true }, "geometry": { "type": "Point", "coordinates": [ -0.322731822729111, 5.509814739227295 ] } },
{ "type": "Feature", "properties": { "particle": 131, "seed_idx": 6, "valid": true }, "geometry": { "type": "Point", "coordinates": [ -0.322287023067474, 5.50989294052124 ] } },
{ "type": "Feature", "properties": { "particle": 132, "seed_idx": 6, "valid": true }, "geometry": { "type": "Point", "coordinates": [ -0.323557823896408, 5.508910179138184 ] } },
{ "type": "Feature", "properties": { "particle": 133, "seed_idx": 6, "valid": true }, "geometry": { "type": "Point", "coordinates": [ -0.324301928281784, 5.508683204650879 ] } },
{ "type": "Feature", "properties": { "particle": 134, "seed_idx": 6, "valid": true }, "geometry": { "type": "Point", "coordinates": [ -0.322902917861938, 5.509914875030518 ] } },
{ "type": "Feature", "properties": { "particle": 135, "seed_idx": 6, "valid": true }, "geometry": { "type": "Point", "coordinates": [ -0.322735458612442, 5.509871006011963 ] } },
{ "type": "Feature", "properties": { "particle": 136, "seed_idx": 6, "valid": true }, "geometry": { "type": "Point", "coordinates": [ -0.323020368814468, 5.509812355041504 ] } },
{ "type": "Feature", "properties": { "particle": 137, "seed_idx": 6, "valid": true }, "geometry": { "type": "Point", "coordinates": [ -0.323235750198364, 5.508962631225586 ] } },
{ "type": "Feature", "properties": { "particle": 138, "seed_idx": 6, "valid": true }, "geometry": { "type": "Point", "coordinates": [ -0.322267532348633, 5.509639739990234 ] } },
{ "type": "Feature", "properties": { "particle": 139, "seed_idx": 6, "valid": true }, "geometry": { "type": "Point", "coordinates": [ -0.323368519544601, 5.509131908416748 ] } },
{ "type": "Feature", "properties": { "particle": 140, "seed_idx": 7, "valid": true }, "geometry": { "type": "Point", "coordinates": [ -0.32339683175087, 5.509668350219727 ] } },
{ "type": "Feature", "properties": { "particle": 141, "seed_idx": 7, "valid": true }, "geometry": { "type": "Point", "coordinates": [ -0.325165957212448, 5.50846004486084 ] } },
{ "type": "Feature", "properties": { "particle": 142, "seed_idx": 7, "valid": true }, "geometry": { "type": "Point", "coordinates": [ -0.322449892759323, 5.509507656097412 ] } },
{ "type": "Feature", "properties": { "particle": 143, "seed_idx": 7, "valid": true }, "geometry": { "type": "Point", "coordinates": [ -0.324073791503906, 5.509768962860107 ] } },
{ "type": "Feature", "properties": { "particle": 144, "seed_idx": 7, "valid": true }, "geometry": { "type": "Point", "coordinates": [ -0.322772979736328, 5.509840965270996 ] } },
{ "type": "Feature", "properties": { "particle": 145, "seed_idx": 7, "valid": true }, "geometry": { "type": "Point", "coordinates": [ -0.324117034673691, 5.509396553039551 ] } },
{ "type": "Feature", "properties": { "particle": 146, "seed_idx": 7, "valid": true }, "geometry": { "type": "Point", "coordinates": [ -0.324065089225769, 5.509369373321533 ] } },
{ "type": "Feature", "properties": { "particle": 147, "seed_idx": 7, "valid": true }, "geometry": { "type": "Point", "coordinates": [ -0.322885692119598, 5.509628772735596 ] } },
{ "type": "Feature", "properties": { "particle": 148, "seed_idx": 7, "valid": true }, "geometry": { "type": "Point", "coordinates": [ -0.323381572961807, 5.509644985198975 ] } },
{ "type": "Feature", "properties": { "particle": 149, "seed_idx": 7, "valid": true }, "geometry": { "type": "Point", "coordinates": [ -0.322779357433319, 5.509639263153076 ] } },
{ "type": "Feature", "properties": { "particle": 150, "seed_idx": 7, "valid": true }, "geometry": { "type": "Point", "coordinates": [ -0.322487443685532, 5.509836673736572 ] } },
{ "type": "Feature", "properties": { "particle": 151, "seed_idx": 7, "valid": true }, "geometry": { "type": "Point", "coordinates": [ -0.32466983795166, 5.509074687957764 ] } },
{ "type": "Feature", "properties": { "particle": 152, "seed_idx": 7, "valid": true }, "geometry": { "type": "Point", "coordinates": [ -0.322746574878693, 5.509529590606689 ] } },
{ "type": "Feature", "properties": { "particle": 153, "seed_idx": 7, "valid": true }, "geometry": { "type": "Point", "coordinates": [ -0.322139769792557, 5.510135173797607 ] } },
{ "type": "Feature", "properties": { "particle": 154, "seed_idx": 7, "valid": true }, "geometry": { "type": "Point", "coordinates": [ -0.322433620691299, 5.509721279144287 ] } },
{ "type": "Feature", "properties": { "particle": 155, "seed_idx": 7, "valid": true }, "geometry": { "type": "Point", "coordinates": [ -0.322580605745316, 5.509633541107178 ] } },
{ "type": "Feature", "properties": { "particle": 156, "seed_idx": 7, "valid": true }, "geometry": { "type": "Point", "coordinates": [ -0.32401967048645, 5.508441925048828 ] } },
{ "type": "Feature", "properties": { "particle": 157, "seed_idx": 7, "valid": true }, "geometry": { "type": "Point", "coordinates": [ -0.323179990053177, 5.509188652038574 ] } },
{ "type": "Feature", "properties": { "particle": 158, "seed_idx": 7, "valid": true }, "geometry": { "type": "Point", "coordinates": [ -0.32307031750679, 5.510141849517822 ] } },
{ "type": "Feature", "properties": { "particle": 159, "seed_idx": 7, "valid": true }, "geometry": { "type": "Point", "coordinates": [ -0.323223888874054, 5.509650230407715 ] } },
{ "type": "Feature", "properties": { "particle": 160, "seed_idx": 8, "valid": true }, "geometry": { "type": "Point", "coordinates": [ -0.323251098394394, 5.509613037109375 ] } },
{ "type": "Feature", "properties": { "particle": 161, "seed_idx": 8, "valid": true }, "geometry": { "type": "Point", "coordinates": [ -0.323359131813049, 5.510160446166992 ] } },
{ "type": "Feature", "properties": { "particle": 162, "seed_idx": 8, "valid": true }, "geometry": { "type": "Point", "coordinates": [ -0.324006050825119, 5.510103225708008 ] } },
{ "type": "Feature", "properties": { "particle": 163, "seed_idx": 8, "valid": true }, "geometry": { "type": "Point", "coordinates": [ -0.323017984628677, 5.509973049163818 ] } },
{ "type": "Feature", "properties": { "particle": 164, "seed_idx": 8, "valid": true }, "geometry": { "type": "Point", "coordinates": [ -0.323139131069183, 5.509687423706055 ] } },
{ "type": "Feature", "properties": { "particle": 165, "seed_idx": 8, "valid": true }, "geometry": { "type": "Point", "coordinates": [ -0.325310230255127, 5.509047031402588 ] } },
{ "type": "Feature", "properties": { "particle": 166, "seed_idx": 8, "valid": true }, "geometry": { "type": "Point", "coordinates": [ -0.324419736862183, 5.508419990539551 ] } },
{ "type": "Feature", "properties": { "particle": 167, "seed_idx": 8, "valid": true }, "geometry": { "type": "Point", "coordinates": [ -0.32514500617981, 5.507681369781494 ] } },
{ "type": "Feature", "properties": { "particle": 168, "seed_idx": 8, "valid": true }, "geometry": { "type": "Point", "coordinates": [ -0.322685420513153, 5.509801864624023 ] } },
{ "type": "Feature", "properties": { "particle": 169, "seed_idx": 8, "valid": true }, "geometry": { "type": "Point", "coordinates": [ -0.322725802659988, 5.509881973266602 ] } },
{ "type": "Feature", "properties": { "particle": 170, "seed_idx": 8, "valid": true }, "geometry": { "type": "Point", "coordinates": [ -0.323853999376297, 5.508460521697998 ] } },
{ "type": "Feature", "properties": { "particle": 171, "seed_idx": 8, "valid": true }, "geometry": { "type": "Point", "coordinates": [ -0.324347376823425, 5.510002136230469 ] } },
{ "type": "Feature", "properties": { "particle": 172, "seed_idx": 8, "valid": true }, "geometry": { "type": "Point", "coordinates": [ -0.323277205228806, 5.509323120117188 ] } },
{ "type": "Feature", "properties": { "particle": 173, "seed_idx": 8, "valid": true }, "geometry": { "type": "Point", "coordinates": [ -0.323618412017822, 5.509374141693115 ] } },
{ "type": "Feature", "properties": { "particle": 174, "seed_idx": 8, "valid": true }, "geometry": { "type": "Point", "coordinates": [ -0.32342329621315, 5.509360790252686 ] } },
{ "type": "Feature", "properties": { "particle": 175, "seed_idx": 8, "valid": true }, "geometry": { "type": "Point", "coordinates": [ -0.324372887611389, 5.509791374206543 ] } },
{ "type": "Feature", "properties": { "particle": 176, "seed_idx": 8, "valid": true }, "geometry": { "type": "Point", "coordinates": [ -0.323709309101105, 5.509110450744629 ] } },
{ "type": "Feature", "properties": { "particle": 177, "seed_idx": 8, "valid": true }, "geometry": { "type": "Point", "coordinates": [ -0.323342025279999, 5.509636402130127 ] } },
{ "type": "Feature", "properties": { "particle": 178, "seed_idx": 8, "valid": true }, "geometry": { "type": "Point", "coordinates": [ -0.324996054172516, 5.507368564605713 ] } },
{ "type": "Feature", "properties": { "particle": 179, "seed_idx": 8, "valid": true }, "geometry": { "type": "Point", "coordinates": [ -0.322934031486511, 5.509457588195801 ] } },
{ "type": "Feature", "properties": { "particle": 180, "seed_idx": 9, "valid": true }, "geometry": { "type": "Point", "coordinates": [ -0.322671085596085, 5.510114192962646 ] } },
{ "type": "Feature", "properties": { "particle": 181, "seed_idx": 9, "valid": true }, "geometry": { "type": "Point", "coordinates": [ -0.323760688304901, 5.509714603424072 ] } },
{ "type": "Feature", "properties": { "particle": 182, "seed_idx": 9, "valid": true }, "geometry": { "type": "Point", "coordinates": [ -0.322729885578156, 5.510275840759277 ] } },
{ "type": "Feature", "properties": { "particle": 183, "seed_idx": 9, "valid": true }, "geometry": { "type": "Point", "coordinates": [ -0.323268383741379, 5.509689807891846 ] } },
{ "type": "Feature", "properties": { "particle": 184, "seed_idx": 9, "valid": true }, "geometry": { "type": "Point", "coordinates": [ -0.323100745677948, 5.509790420532227 ] } },
{ "type": "Feature", "properties": { "particle": 185, "seed_idx": 9, "valid": true }, "geometry": { "type": "Point", "coordinates": [ -0.32411527633667, 5.510331630706787 ] } },
{ "type": "Feature", "properties": { "particle": 186, "seed_idx": 9, "valid": true }, "geometry": { "type": "Point", "coordinates": [ -0.323267787694931, 5.50954008102417 ] } },
{ "type": "Feature", "properties": { "particle": 187, "seed_idx": 9, "valid": true }, "geometry": { "type": "Point", "coordinates": [ -0.32357531785965, 5.50963020324707 ] } },
{ "type": "Feature", "properties": { "particle": 188, "seed_idx": 9, "valid": true }, "geometry": { "type": "Point", "coordinates": [ -0.323124647140503, 5.509816646575928 ] } },
{ "type": "Feature", "properties": { "particle": 189, "seed_idx": 9, "valid": true }, "geometry": { "type": "Point", "coordinates": [ -0.322741359472275, 5.510119438171387 ] } },
{ "type": "Feature", "properties": { "particle": 190, "seed_idx": 9, "valid": true }, "geometry": { "type": "Point", "coordinates": [ -0.323585718870163, 5.509721279144287 ] } },
{ "type": "Feature", "properties": { "particle": 191, "seed_idx": 9, "valid": true }, "geometry": { "type": "Point", "coordinates": [ -0.32378563284874, 5.509677410125732 ] } },
{ "type": "Feature", "properties": { "particle": 192, "seed_idx": 9, "valid": true }, "geometry": { "type": "Point", "coordinates": [ -0.323563426733017, 5.509742736816406 ] } },
{ "type": "Feature", "properties": { "particle": 193, "seed_idx": 9, "valid": true }, "geometry": { "type": "Point", "coordinates": [ -0.3226338326931, 5.510180473327637 ] } },
{ "type": "Feature", "properties": { "particle": 194, "seed_idx": 9, "valid": true }, "geometry": { "type": "Point", "coordinates": [ -0.324891299009323, 5.509171009063721 ] } },
{ "type": "Feature", "properties": { "particle": 195, "seed_idx": 9, "valid": true }, "geometry": { "type": "Point", "coordinates": [ -0.322372883558273, 5.5102858543396 ] } },
{ "type": "Feature", "properties": { "particle": 196, "seed_idx": 9, "valid": true }, "geometry": { "type": "Point", "coordinates": [ -0.322704046964645, 5.510367870330811 ] } },
{ "type": "Feature", "properties": { "particle": 197, "seed_idx": 9, "valid": true }, "geometry": { "type": "Point", "coordinates": [ -0.323309153318405, 5.509999752044678 ] } },
{ "type": "Feature", "properties": { "particle": 198, "seed_idx": 9, "valid": true }, "geometry": { "type": "Point", "coordinates": [ -0.323445171117783, 5.510331153869629 ] } },
{ "type": "Feature", "properties": { "particle": 199, "seed_idx": 9, "valid": true }, "geometry": { "type": "Point", "coordinates": [ -0.322326689958572, 5.510385036468506 ] } },
{ "type": "Feature", "properties": { "particle": 200, "seed_idx": 10, "valid": true }, "geometry": { "type": "Point", "coordinates": [ -0.322766304016113, 5.509874820709229 ] } },
{ "type": "Feature", "properties": { "particle": 201, "seed_idx": 10, "valid": true }, "geometry": { "type": "Point", "coordinates": [ -0.32329660654068, 5.509608745574951 ] } },
{ "type": "Feature", "properties": { "particle": 202, "seed_idx": 10, "valid": true }, "geometry": { "type": "Point", "coordinates": [ -0.323372602462769, 5.509809494018555 ] } },
{ "type": "Feature", "properties": { "particle": 203, "seed_idx": 10, "valid": true }, "geometry": { "type": "Point", "coordinates": [ -0.323443502187729, 5.509780883789062 ] } },
{ "type": "Feature", "properties": { "particle": 204, "seed_idx": 10, "valid": true }, "geometry": { "type": "Point", "coordinates": [ -0.322285562753677, 5.510385990142822 ] } },
{ "type": "Feature", "properties": { "particle": 205, "seed_idx": 10, "valid": true }, "geometry": { "type": "Point", "coordinates": [ -0.324160814285278, 5.509937763214111 ] } },
{ "type": "Feature", "properties": { "particle": 206, "seed_idx": 10, "valid": true }, "geometry": { "type": "Point", "coordinates": [ -0.322329550981522, 5.510360717773438 ] } },
{ "type": "Feature", "properties": { "particle": 207, "seed_idx": 10, "valid": true }, "geometry": { "type": "Point", "coordinates": [ -0.322321832180023, 5.51032829284668 ] } },
{ "type": "Feature", "properties": { "particle": 208, "seed_idx": 10, "valid": true }, "geometry": { "type": "Point", "coordinates": [ -0.32311150431633, 5.509643077850342 ] } },
{ "type": "Feature", "properties": { "particle": 209, "seed_idx": 10, "valid": true }, "geometry": { "type": "Point", "coordinates": [ -0.323533684015274, 5.509250640869141 ] } },
{ "type": "Feature", "properties": { "particle": 210, "seed_idx": 10, "valid": true }, "geometry": { "type": "Point", "coordinates": [ -0.323198914527893, 5.509799957275391 ] } },
{ "type": "Feature", "properties": { "particle": 211, "seed_idx": 10, "valid": true }, "geometry": { "type": "Point", "coordinates": [ -0.322909772396088, 5.509598255157471 ] } },
{ "type": "Feature", "properties": { "particle": 212, "seed_idx": 10, "valid": true }, "geometry": { "type": "Point", "coordinates": [ -0.322764039039612, 5.51028299331665 ] } },
{ "type": "Feature", "properties": { "particle": 213, "seed_idx": 10, "valid": true }, "geometry": { "type": "Point", "coordinates": [ -0.323235899209976, 5.510276794433594 ] } },
{ "type": "Feature", "properties": { "particle": 214, "seed_idx": 10, "valid": true }, "geometry": { "type": "Point", "coordinates": [ -0.324452877044678, 5.50888204574585 ] } },
{ "type": "Feature", "properties": { "particle": 215, "seed_idx": 10, "valid": true }, "geometry": { "type": "Point", "coordinates": [ -0.324577927589417, 5.510040283203125 ] } },
{ "type": "Feature", "properties": { "particle": 216, "seed_idx": 10, "valid": true }, "geometry": { "type": "Point", "coordinates": [ -0.322026342153549, 5.510600566864014 ] } },
{ "type": "Feature", "properties": { "particle": 217, "seed_idx": 10, "valid": true }, "geometry": { "type": "Point", "coordinates": [ -0.323365956544876, 5.509819030761719 ] } },
{ "type": "Feature", "properties": { "particle": 218, "seed_idx": 10, "valid": true }, "geometry": { "type": "Point", "coordinates": [ -0.323836922645569, 5.509467601776123 ] } },
{ "type": "Feature", "properties": { "particle": 219, "seed_idx": 10, "valid": true }, "geometry": { "type": "Point", "coordinates": [ -0.324832022190094, 5.509574890136719 ] } },
{ "type": "Feature", "properties": { "particle": 220, "seed_idx": 11, "valid": true }, "geometry": { "type": "Point", "coordinates": [ -0.32293376326561, 5.510889053344727 ] } },
{ "type": "Feature", "properties": { "particle": 221, "seed_idx": 11, "valid": true }, "geometry": { "type": "Point", "coordinates": [ -0.322512418031693, 5.509644031524658 ] } },
{ "type": "Feature", "properties": { "particle": 222, "seed_idx": 11, "valid": true }, "geometry": { "type": "Point", "coordinates": [ -0.322891622781754, 5.511194705963135 ] } },
{ "type": "Feature", "properties": { "particle": 223, "seed_idx": 11, "valid": true }, "geometry": { "type": "Point", "coordinates": [ -0.322608023881912, 5.51063871383667 ] } },
{ "type": "Feature", "properties": { "particle": 224, "seed_idx": 11, "valid": true }, "geometry": { "type": "Point", "coordinates": [ -0.3219153881073, 5.51046085357666 ] } },
{ "type": "Feature", "properties": { "particle": 225, "seed_idx": 11, "valid": true }, "geometry": { "type": "Point", "coordinates": [ -0.322050929069519, 5.511333465576172 ] } },
{ "type": "Feature", "properties": { "particle": 226, "seed_idx": 11, "valid": true }, "geometry": { "type": "Point", "coordinates": [ -0.323289275169373, 5.511064529418945 ] } },
{ "type": "Feature", "properties": { "particle": 227, "seed_idx": 11, "valid": true }, "geometry": { "type": "Point", "coordinates": [ -0.323670446872711, 5.509877681732178 ] } },
{ "type": "Feature", "properties": { "particle": 228, "seed_idx": 11, "valid": true }, "geometry": { "type": "Point", "coordinates": [ -0.322349548339844, 5.510584831237793 ] } },
{ "type": "Feature", "properties": { "particle": 229, "seed_idx": 11, "valid": true }, "geometry": { "type": "Point", "coordinates": [ -0.323473304510117, 5.510660171508789 ] } },
{ "type": "Feature", "properties": { "particle": 230, "seed_idx": 11, "valid": true }, "geometry": { "type": "Point", "coordinates": [ -0.32327538728714, 5.51017427444458 ] } },
{ "type": "Feature", "properties": { "particle": 231, "seed_idx": 11, "valid": true }, "geometry": { "type": "Point", "coordinates": [ -0.322776228189468, 5.510198593139648 ] } },
{ "type": "Feature", "properties": { "particle": 232, "seed_idx": 11, "valid": true }, "geometry": { "type": "Point", "coordinates": [ -0.321625918149948, 5.510987758636475 ] } },
{ "type": "Feature", "properties": { "particle": 233, "seed_idx": 11, "valid": true }, "geometry": { "type": "Point", "coordinates": [ -0.322048127651215, 5.511061668395996 ] } },
{ "type": "Feature", "properties": { "particle": 234, "seed_idx": 11, "valid": true }, "geometry": { "type": "Point", "coordinates": [ -0.321455448865891, 5.511137008666992 ] } },
{ "type": "Feature", "properties": { "particle": 235, "seed_idx": 11, "valid": true }, "geometry": { "type": "Point", "coordinates": [ -0.321814328432083, 5.511218547821045 ] } },
{ "type": "Feature", "properties": { "particle": 236, "seed_idx": 11, "valid": true }, "geometry": { "type": "Point", "coordinates": [ -0.321601927280426, 5.510859966278076 ] } },
{ "type": "Feature", "properties": { "particle": 237, "seed_idx": 11, "valid": true }, "geometry": { "type": "Point", "coordinates": [ -0.321963250637054, 5.511106491088867 ] } },
{ "type": "Feature", "properties": { "particle": 238, "seed_idx": 11, "valid": true }, "geometry": { "type": "Point", "coordinates": [ -0.323979318141937, 5.510637760162354 ] } },
{ "type": "Feature", "properties": { "particle": 239, "seed_idx": 11, "valid": true }, "geometry": { "type": "Point", "coordinates": [ -0.322173684835434, 5.511109352111816 ] } },
{ "type": "Feature", "properties": { "particle": 240, "seed_idx": 12, "valid": true }, "geometry": { "type": "Point", "coordinates": [ -0.322308987379074, 5.51084041595459 ] } },
{ "type": "Feature", "properties": { "particle": 241, "seed_idx": 12, "valid": true }, "geometry": { "type": "Point", "coordinates": [ -0.32168897986412, 5.511256694793701 ] } },
{ "type": "Feature", "properties": { "particle": 242, "seed_idx": 12, "valid": true }, "geometry": { "type": "Point", "coordinates": [ -0.322421014308929, 5.510605812072754 ] } },
{ "type": "Feature", "properties": { "particle": 243, "seed_idx": 12, "valid": true }, "geometry": { "type": "Point", "coordinates": [ -0.322626501321793, 5.511115074157715 ] } },
{ "type": "Feature", "properties": { "particle": 244, "seed_idx": 12, "valid": true }, "geometry": { "type": "Point", "coordinates": [ -0.322581887245178, 5.51121997833252 ] } },
{ "type": "Feature", "properties": { "particle": 245, "seed_idx": 12, "valid": true }, "geometry": { "type": "Point", "coordinates": [ -0.322738200426102, 5.510567188262939 ] } },
{ "type": "Feature", "properties": { "particle": 246, "seed_idx": 12, "valid": true }, "geometry": { "type": "Point", "coordinates": [ -0.322687447071075, 5.510581970214844 ] } },
{ "type": "Feature", "properties": { "particle": 247, "seed_idx": 12, "valid": true }, "geometry": { "type": "Point", "coordinates": [ -0.321342200040817, 5.511324405670166 ] } },
{ "type": "Feature", "properties": { "particle": 248, "seed_idx": 12, "valid": true }, "geometry": { "type": "Point", "coordinates": [ -0.321433067321777, 5.510876655578613 ] } },
{ "type": "Feature", "properties": { "particle": 249, "seed_idx": 12, "valid": true }, "geometry": { "type": "Point", "coordinates": [ -0.321751773357391, 5.511241912841797 ] } },
{ "type": "Feature", "properties": { "particle": 250, "seed_idx": 12, "valid": true }, "geometry": { "type": "Point", "coordinates": [ -0.321436077356339, 5.51109504699707 ] } },
{ "type": "Feature", "properties": { "particle": 251, "seed_idx": 12, "valid": true }, "geometry": { "type": "Point", "coordinates": [ -0.32260850071907, 5.51069164276123 ] } },
{ "type": "Feature", "properties": { "particle": 252, "seed_idx": 12, "valid": true }, "geometry": { "type": "Point", "coordinates": [ -0.321851402521133, 5.510819911956787 ] } },
{ "type": "Feature", "properties": { "particle": 253, "seed_idx": 12, "valid": true }, "geometry": { "type": "Point", "coordinates": [ -0.322508871555328, 5.510994911193848 ] } },
{ "type": "Feature", "properties": { "particle": 254, "seed_idx": 12, "valid": true }, "geometry": { "type": "Point", "coordinates": [ -0.323462784290314, 5.510164260864258 ] } },
{ "type": "Feature", "properties": { "particle": 255, "seed_idx": 12, "valid": true }, "geometry": { "type": "Point", "coordinates": [ -0.322782903909683, 5.510066986083984 ] } },
{ "type": "Feature", "properties": { "particle": 256, "seed_idx": 12, "valid": true }, "geometry": { "type": "Point", "coordinates": [ -0.322296440601349, 5.510422706604004 ] } },
{ "type": "Feature", "properties": { "particle": 257, "seed_idx": 12, "valid": true }, "geometry": { "type": "Point", "coordinates": [ -0.322551906108856, 5.5107421875 ] } },
{ "type": "Feature", "properties": { "particle": 258, "seed_idx": 12, "valid": true }, "geometry": { "type": "Point", "coordinates": [ -0.322283238172531, 5.510788440704346 ] } },
{ "type": "Feature", "properties": { "particle": 259, "seed_idx": 12, "valid": true }, "geometry": { "type": "Point", "coordinates": [ -0.32312023639679, 5.510636329650879 ] } },
{ "type": "Feature", "properties": { "particle": 260, "seed_idx": 13, "valid": true }, "geometry": { "type": "Point", "coordinates": [ -0.321614891290665, 5.511560916900635 ] } },
{ "type": "Feature", "properties": { "particle": 261, "seed_idx": 13, "valid": true }, "geometry": { "type": "Point", "coordinates": [ -0.322363913059235, 5.511135101318359 ] } },
{ "type": "Feature", "properties": { "particle": 262, "seed_idx": 13, "valid": true }, "geometry": { "type": "Point", "coordinates": [ -0.322438776493073, 5.511543273925781 ] } },
{ "type": "Feature", "properties": { "particle": 263, "seed_idx": 13, "valid": true }, "geometry": { "type": "Point", "coordinates": [ -0.322000473737717, 5.511600017547607 ] } },
{ "type": "Feature", "properties": { "particle": 264, "seed_idx": 13, "valid": true }, "geometry": { "type": "Point", "coordinates": [ -0.321749299764633, 5.511219024658203 ] } },
{ "type": "Feature", "properties": { "particle": 265, "seed_idx": 13, "valid": true }, "geometry": { "type": "Point", "coordinates": [ -0.322063952684402, 5.511283397674561 ] } },
{ "type": "Feature", "properties": { "particle": 266, "seed_idx": 13, "valid": true }, "geometry": { "type": "Point", "coordinates": [ -0.32177323102951, 5.511406898498535 ] } },
{ "type": "Feature", "properties": { "particle": 267, "seed_idx": 13, "valid": true }, "geometry": { "type": "Point", "coordinates": [ -0.322026282548904, 5.510438442230225 ] } },
{ "type": "Feature", "properties": { "particle": 268, "seed_idx": 13, "valid": true }, "geometry": { "type": "Point", "coordinates": [ -0.322714596986771, 5.510294914245605 ] } },
{ "type": "Feature", "properties": { "particle": 269, "seed_idx": 13, "valid": true }, "geometry": { "type": "Point", "coordinates": [ -0.322431981563568, 5.51099967956543 ] } },
{ "type": "Feature", "properties": { "particle": 270, "seed_idx": 13, "valid": true }, "geometry": { "type": "Point", "coordinates": [ -0.321169376373291, 5.511775016784668 ] } },
{ "type": "Feature", "properties": { "particle": 271, "seed_idx": 13, "valid": true }, "geometry": { "type": "Point", "coordinates": [ -0.322128385305405, 5.511595249176025 ] } },
{ "type": "Feature", "properties": { "particle": 272, "seed_idx": 13, "valid": true }, "geometry": { "type": "Point", "coordinates": [ -0.322696954011917, 5.511416435241699 ] } },
{ "type": "Feature", "properties": { "particle": 273, "seed_idx": 13, "valid": true }, "geometry": { "type": "Point", "coordinates": [ -0.321930974721909, 5.511238574981689 ] } },
{ "type": "Feature", "properties": { "particle": 274, "seed_idx": 13, "valid": true }, "geometry": { "type": "Point", "coordinates": [ -0.323975384235382, 5.510748386383057 ] } },
{ "type": "Feature", "properties": { "particle": 275, "seed_idx": 13, "valid": true }, "geometry": { "type": "Point", "coordinates": [ -0.322614818811417, 5.511462688446045 ] } },
{ "type": "Feature", "properties": { "particle": 276, "seed_idx": 13, "valid": true }, "geometry": { "type": "Point", "coordinates": [ -0.322194665670395, 5.511142730712891 ] } },
{ "type": "Feature", "properties": { "particle": 277, "seed_idx": 13, "valid": true }, "geometry": { "type": "Point", "coordinates": [ -0.322276890277863, 5.511441230773926 ] } },
{ "type": "Feature", "properties": { "particle": 278, "seed_idx": 13, "valid": true }, "geometry": { "type": "Point", "coordinates": [ -0.322057396173477, 5.510680675506592 ] } },
{ "type": "Feature", "properties": { "particle": 279, "seed_idx": 13, "valid": true }, "geometry": { "type": "Point", "coordinates": [ -0.32136943936348, 5.511721611022949 ] } },
{ "type": "Feature", "properties": { "particle": 280, "seed_idx": 14, "valid": true }, "geometry": { "type": "Point", "coordinates": [ -0.323423862457275, 5.510472774505615 ] } },
{ "type": "Feature", "properties": { "particle": 281, "seed_idx": 14, "valid": true }, "geometry": { "type": "Point", "coordinates": [ -0.322401851415634, 5.511711120605469 ] } },
{ "type": "Feature", "properties": { "particle": 282, "seed_idx": 14, "valid": true }, "geometry": { "type": "Point", "coordinates": [ -0.321603059768677, 5.511251449584961 ] } },
{ "type": "Feature", "properties": { "particle": 283, "seed_idx": 14, "valid": true }, "geometry": { "type": "Point", "coordinates": [ -0.321085542440414, 5.511918544769287 ] } },
{ "type": "Feature", "properties": { "particle": 284, "seed_idx": 14, "valid": true }, "geometry": { "type": "Point", "coordinates": [ -0.322915017604828, 5.510961055755615 ] } },
{ "type": "Feature", "properties": { "particle": 285, "seed_idx": 14, "valid": true }, "geometry": { "type": "Point", "coordinates": [ -0.322245985269547, 5.511557102203369 ] } },
{ "type": "Feature", "properties": { "particle": 286, "seed_idx": 14, "valid": true }, "geometry": { "type": "Point", "coordinates": [ -0.321567416191101, 5.511664867401123 ] } },
{ "type": "Feature", "properties": { "particle": 287, "seed_idx": 14, "valid": true }, "geometry": { "type": "Point", "coordinates": [ -0.321969836950302, 5.511609554290771 ] } },
{ "type": "Feature", "properties": { "particle": 288, "seed_idx": 14, "valid": true }, "geometry": { "type": "Point", "coordinates": [ -0.322040140628815, 5.511382579803467 ] } },
{ "type": "Feature", "properties": { "particle": 289, "seed_idx": 14, "valid": true }, "geometry": { "type": "Point", "coordinates": [ -0.323006719350815, 5.51059103012085 ] } },
{ "type": "Feature", "properties": { "particle": 290, "seed_idx": 14, "valid": true }, "geometry": { "type": "Point", "coordinates": [ -0.322087347507477, 5.511102676391602 ] } },
{ "type": "Feature", "properties": { "particle": 291, "seed_idx": 14, "valid": true }, "geometry": { "type": "Point", "coordinates": [ -0.323417067527771, 5.510410785675049 ] } },
{ "type": "Feature", "properties": { "particle": 292, "seed_idx": 14, "valid": true }, "geometry": { "type": "Point", "coordinates": [ -0.32217538356781, 5.51144552230835 ] } },
{ "type": "Feature", "properties": { "particle": 293, "seed_idx": 14, "valid": true }, "geometry": { "type": "Point", "coordinates": [ -0.322490066289902, 5.511189937591553 ] } },
{ "type": "Feature", "properties": { "particle": 294, "seed_idx": 14, "valid": true }, "geometry": { "type": "Point", "coordinates": [ -0.322015464305878, 5.511468410491943 ] } },
{ "type": "Feature", "properties": { "particle": 295, "seed_idx": 14, "valid": true }, "geometry": { "type": "Point", "coordinates": [ -0.322921365499496, 5.511416912078857 ] } },
{ "type": "Feature", "properties": { "particle": 296, "seed_idx": 14, "valid": true }, "geometry": { "type": "Point", "coordinates": [ -0.322623789310455, 5.511863231658936 ] } },
{ "type": "Feature", "properties": { "particle": 297, "seed_idx": 14, "valid": true }, "geometry": { "type": "Point", "coordinates": [ -0.322050750255585, 5.511324882507324 ] } },
{ "type": "Feature", "properties": { "particle": 298, "seed_idx": 14, "valid": true }, "geometry": { "type": "Point", "coordinates": [ -0.322241067886353, 5.511296272277832 ] } },
{ "type": "Feature", "properties": { "particle": 299, "seed_idx": 14, "valid": true }, "geometry": { "type": "Point", "coordinates": [ -0.322511076927185, 5.511000633239746 ] } },
{ "type": "Feature", "properties": { "particle": 300, "seed_idx": 15, "valid": true }, "geometry": { "type": "Point", "coordinates": [ -0.323358744382858, 5.510627746582031 ] } },
{ "type": "Feature", "properties": { "particle": 301, "seed_idx": 15, "valid": true }, "geometry": { "type": "Point", "coordinates": [ -0.322306782007217, 5.512056350708008 ] } },
{ "type": "Feature", "properties": { "particle": 302, "seed_idx": 15, "valid": true }, "geometry": { "type": "Point", "coordinates": [ -0.321684628725052, 5.511882781982422 ] } },
{ "type": "Feature", "properties": { "particle": 303, "seed_idx": 15, "valid": true }, "geometry": { "type": "Point", "coordinates": [ -0.32236060500145, 5.511771202087402 ] } },
{ "type": "Feature", "properties": { "particle": 304, "seed_idx": 15, "valid": true }, "geometry": { "type": "Point", "coordinates": [ -0.321358770132065, 5.511889934539795 ] } },
{ "type": "Feature", "properties": { "particle": 305, "seed_idx": 15, "valid": true }, "geometry": { "type": "Point", "coordinates": [ -0.32253634929657, 5.5109543800354 ] } },
{ "type": "Feature", "properties": { "particle": 306, "seed_idx": 15, "valid": true }, "geometry": { "type": "Point", "coordinates": [ -0.320881187915802, 5.512284755706787 ] } },
{ "type": "Feature", "properties": { "particle": 307, "seed_idx": 15, "valid": true }, "geometry": { "type": "Point", "coordinates": [ -0.323057919740677, 5.512273788452148 ] } },
{ "type": "Feature", "properties": { "particle": 308, "seed_idx": 15, "valid": true }, "geometry": { "type": "Point", "coordinates": [ -0.322038888931274, 5.51173210144043 ] } },
{ "type": "Feature", "properties": { "particle": 309, "seed_idx": 15, "valid": true }, "geometry": { "type": "Point", "coordinates": [ -0.32123938202858, 5.512103080749512 ] } },
{ "type": "Feature", "properties": { "particle": 310, "seed_idx": 15, "valid": true }, "geometry": { "type": "Point", "coordinates": [ -0.321403712034225, 5.512126445770264 ] } },
{ "type": "Feature", "properties": { "particle": 311, "seed_idx": 15, "valid": true }, "geometry": { "type": "Point", "coordinates": [ -0.321094870567322, 5.512157917022705 ] } },
{ "type": "Feature", "properties": { "particle": 312, "seed_idx": 15, "valid": true }, "geometry": { "type": "Point", "coordinates": [ -0.322316110134125, 5.51146936416626 ] } },
{ "type": "Feature", "properties": { "particle": 313, "seed_idx": 15, "valid": true }, "geometry": { "type": "Point", "coordinates": [ -0.323401093482971, 5.510935306549072 ] } },
{ "type": "Feature", "properties": { "particle": 314, "seed_idx": 15, "valid": true }, "geometry": { "type": "Point", "coordinates": [ -0.322106033563614, 5.51134204864502 ] } },
{ "type": "Feature", "properties": { "particle": 315, "seed_idx": 15, "valid": true }, "geometry": { "type": "Point", "coordinates": [ -0.321261405944824, 5.512135982513428 ] } },
{ "type": "Feature", "properties": { "particle": 316, "seed_idx": 15, "valid": true }, "geometry": { "type": "Point", "coordinates": [ -0.322071939706802, 5.51168155670166 ] } },
{ "type": "Feature", "properties": { "particle": 317, "seed_idx": 15, "valid": true }, "geometry": { "type": "Point", "coordinates": [ -0.322224080562592, 5.512182712554932 ] } },
{ "type": "Feature", "properties": { "particle": 318, "seed_idx": 15, "valid": true }, "geometry": { "type": "Point", "coordinates": [ -0.322175323963165, 5.511308193206787 ] } },
{ "type": "Feature", "properties": { "particle": 319, "seed_idx": 15, "valid": true }, "geometry": { "type": "Point", "coordinates": [ -0.321750670671463, 5.511867523193359 ] } },
{ "type": "Feature", "properties": { "particle": 320, "seed_idx": 16, "valid": true }, "geometry": { "type": "Point", "coordinates": [ -0.321191221475601, 5.511561393737793 ] } },
{ "type": "Feature", "properties": { "particle": 321, "seed_idx": 16, "valid": true }, "geometry": { "type": "Point", "coordinates": [ -0.322768956422806, 5.510735988616943 ] } },
{ "type": "Feature", "properties": { "particle": 322, "seed_idx": 16, "valid": true }, "geometry": { "type": "Point", "coordinates": [ -0.322511672973633, 5.510141849517822 ] } },
{ "type": "Feature", "properties": { "particle": 323, "seed_idx": 16, "valid": true }, "geometry": { "type": "Point", "coordinates": [ -0.322379231452942, 5.51209545135498 ] } },
{ "type": "Feature", "properties": { "particle": 324, "seed_idx": 16, "valid": true }, "geometry": { "type": "Point", "coordinates": [ -0.321557939052582, 5.511276245117188 ] } },
{ "type": "Feature", "properties": { "particle": 325, "seed_idx": 16, "valid": true }, "geometry": { "type": "Point", "coordinates": [ -0.322823107242584, 5.511346817016602 ] } },
{ "type": "Feature", "properties": { "particle": 326, "seed_idx": 16, "valid": true }, "geometry": { "type": "Point", "coordinates": [ -0.322090476751328, 5.511170864105225 ] } },
{ "type": "Feature", "properties": { "particle": 327, "seed_idx": 16, "valid": true }, "geometry": { "type": "Point", "coordinates": [ -0.321750432252884, 5.511804103851318 ] } },
{ "type": "Feature", "properties": { "particle": 328, "seed_idx": 16, "valid": true }, "geometry": { "type": "Point", "coordinates": [ -0.321254909038544, 5.512141227722168 ] } },
{ "type": "Feature", "properties": { "particle": 329, "seed_idx": 16, "valid": true }, "geometry": { "type": "Point", "coordinates": [ -0.322317987680435, 5.511428356170654 ] } },
{ "type": "Feature", "properties": { "particle": 330, "seed_idx": 16, "valid": true }, "geometry": { "type": "Point", "coordinates": [ -0.321501582860947, 5.511858463287354 ] } },
{ "type": "Feature", "properties": { "particle": 331, "seed_idx": 16, "valid": true }, "geometry": { "type": "Point", "coordinates": [ -0.321981251239777, 5.51056432723999 ] } },
{ "type": "Feature", "properties": { "particle": 332, "seed_idx": 16, "valid": true }, "geometry": { "type": "Point", "coordinates": [ -0.321564018726349, 5.511947154998779 ] } },
{ "type": "Feature", "properties": { "particle": 333, "seed_idx": 16, "valid": true }, "geometry": { "type": "Point", "coordinates": [ -0.321371406316757, 5.511932849884033 ] } },
{ "type": "Feature", "properties": { "particle": 334, "seed_idx": 16, "valid": true }, "geometry": { "type": "Point", "coordinates": [ -0.321371376514435, 5.51181173324585 ] } },
{ "type": "Feature", "properties": { "particle": 335, "seed_idx": 16, "valid": true }, "geometry": { "type": "Point", "coordinates": [ -0.321408897638321, 5.512063503265381 ] } },
{ "type": "Feature", "properties": { "particle": 336, "seed_idx": 16, "valid": true }, "geometry": { "type": "Point", "coordinates": [ -0.322130352258682, 5.511914253234863 ] } },
{ "type": "Feature", "properties": { "particle": 337, "seed_idx": 16, "valid": true }, "geometry": { "type": "Point", "coordinates": [ -0.323402971029282, 5.510810852050781 ] } },
{ "type": "Feature", "properties": { "particle": 338, "seed_idx": 16, "valid": true }, "geometry": { "type": "Point", "coordinates": [ -0.321344703435898, 5.511641502380371 ] } },
{ "type": "Feature", "properties": { "particle": 339, "seed_idx": 16, "valid": true }, "geometry": { "type": "Point", "coordinates": [ -0.322253823280334, 5.510909080505371 ] } },
{ "type": "Feature", "properties": { "particle": 340, "seed_idx": 17, "valid": true }, "geometry": { "type": "Point", "coordinates": [ -0.320674479007721, 5.510019779205322 ] } },
{ "type": "Feature", "properties": { "particle": 341, "seed_idx": 17, "valid": true }, "geometry": { "type": "Point", "coordinates": [ -0.321605771780014, 5.509432792663574 ] } },
{ "type": "Feature", "properties": { "particle": 342, "seed_idx": 17, "valid": true }, "geometry": { "type": "Point", "coordinates": [ -0.320677250623703, 5.510329246520996 ] } },
{ "type": "Feature", "properties": { "particle": 343, "seed_idx": 17, "valid": true }, "geometry": { "type": "Point", "coordinates": [ -0.319914847612381, 5.510807991027832 ] } },
{ "type": "Feature", "properties": { "particle": 344, "seed_idx": 17, "valid": true }, "geometry": { "type": "Point", "coordinates": [ -0.320713937282562, 5.510744571685791 ] } },
{ "type": "Feature", "properties": { "particle": 345, "seed_idx": 17, "valid": true }, "geometry": { "type": "Point", "coordinates": [ -0.319849282503128, 5.51100492477417 ] } },
{ "type": "Feature", "properties": { "particle": 346, "seed_idx": 17, "valid": true }, "geometry": { "type": "Point", "coordinates": [ -0.320454031229019, 5.510292053222656 ] } },
{ "type": "Feature", "properties": { "particle": 347, "seed_idx": 17, "valid": true }, "geometry": { "type": "Point", "coordinates": [ -0.322351902723312, 5.510260581970215 ] } },
{ "type": "Feature", "properties": { "particle": 348, "seed_idx": 17, "valid": true }, "geometry": { "type": "Point", "coordinates": [ -0.321331441402435, 5.510129451751709 ] } },
{ "type": "Feature", "properties": { "particle": 349, "seed_idx": 17, "valid": true }, "geometry": { "type": "Point", "coordinates": [ -0.320228755474091, 5.510852336883545 ] } },
{ "type": "Feature", "properties": { "particle": 350, "seed_idx": 17, "valid": true }, "geometry": { "type": "Point", "coordinates": [ -0.321073681116104, 5.510560989379883 ] } },
{ "type": "Feature", "properties": { "particle": 351, "seed_idx": 17, "valid": true }, "geometry": { "type": "Point", "coordinates": [ -0.321194767951965, 5.509486198425293 ] } },
{ "type": "Feature", "properties": { "particle": 352, "seed_idx": 17, "valid": true }, "geometry": { "type": "Point", "coordinates": [ -0.321487367153168, 5.510318279266357 ] } },
{ "type": "Feature", "properties": { "particle": 353, "seed_idx": 17, "valid": true }, "geometry": { "type": "Point", "coordinates": [ -0.321146637201309, 5.509917259216309 ] } },
{ "type": "Feature", "properties": { "particle": 354, "seed_idx": 17, "valid": true }, "geometry": { "type": "Point", "coordinates": [ -0.32045179605484, 5.510448932647705 ] } },
{ "type": "Feature", "properties": { "particle": 355, "seed_idx": 17, "valid": true }, "geometry": { "type": "Point", "coordinates": [ -0.320385038852692, 5.510592937469482 ] } },
{ "type": "Feature", "properties": { "particle": 356, "seed_idx": 17, "valid": true }, "geometry": { "type": "Point", "coordinates": [ -0.321162521839142, 5.510075569152832 ] } },
{ "type": "Feature", "properties": { "particle": 357, "seed_idx": 17, "valid": true }, "geometry": { "type": "Point", "coordinates": [ -0.320809423923492, 5.510656356811523 ] } },
{ "type": "Feature", "properties": { "particle": 358, "seed_idx": 17, "valid": true }, "geometry": { "type": "Point", "coordinates": [ -0.321837812662125, 5.509697437286377 ] } },
{ "type": "Feature", "properties": { "particle": 359, "seed_idx": 17, "valid": true }, "geometry": { "type": "Point", "coordinates": [ -0.320489138364792, 5.51073694229126 ] } },
{ "type": "Feature", "properties": { "particle": 360, "seed_idx": 18, "valid": true }, "geometry": { "type": "Point", "coordinates": [ -0.322038471698761, 5.510592937469482 ] } },
{ "type": "Feature", "properties": { "particle": 361, "seed_idx": 18, "valid": true }, "geometry": { "type": "Point", "coordinates": [ -0.322449594736099, 5.510856151580811 ] } },
{ "type": "Feature", "properties": { "particle": 362, "seed_idx": 18, "valid": true }, "geometry": { "type": "Point", "coordinates": [ -0.321844726800919, 5.510673999786377 ] } },
{ "type": "Feature", "properties": { "particle": 363, "seed_idx": 18, "valid": true }, "geometry": { "type": "Point", "coordinates": [ -0.322281062602997, 5.510613918304443 ] } },
{ "type": "Feature", "properties": { "particle": 364, "seed_idx": 18, "valid": true }, "geometry": { "type": "Point", "coordinates": [ -0.323227554559708, 5.51017951965332 ] } },
{ "type": "Feature", "properties": { "particle": 365, "seed_idx": 18, "valid": true }, "geometry": { "type": "Point", "coordinates": [ -0.322618514299393, 5.510715961456299 ] } },
{ "type": "Feature", "properties": { "particle": 366, "seed_idx": 18, "valid": true }, "geometry": { "type": "Point", "coordinates": [ -0.321753859519958, 5.511100769042969 ] } },
{ "type": "Feature", "properties": { "particle": 367, "seed_idx": 18, "valid": true }, "geometry": { "type": "Point", "coordinates": [ -0.321539312601089, 5.510694980621338 ] } },
{ "type": "Feature", "properties": { "particle": 368, "seed_idx": 18, "valid": true }, "geometry": { "type": "Point", "coordinates": [ -0.321631729602814, 5.510692596435547 ] } },
{ "type": "Feature", "properties": { "particle": 369, "seed_idx": 18, "valid": true }, "geometry": { "type": "Point", "coordinates": [ -0.322715789079666, 5.510815620422363 ] } },
{ "type": "Feature", "properties": { "particle": 370, "seed_idx": 18, "valid": true }, "geometry": { "type": "Point", "coordinates": [ -0.321398138999939, 5.511003494262695 ] } },
{ "type": "Feature", "properties": { "particle": 371, "seed_idx": 18, "valid": true }, "geometry": { "type": "Point", "coordinates": [ -0.321937590837479, 5.510776519775391 ] } },
{ "type": "Feature", "properties": { "particle": 372, "seed_idx": 18, "valid": true }, "geometry": { "type": "Point", "coordinates": [ -0.321908742189407, 5.510011196136475 ] } },
{ "type": "Feature", "properties": { "particle": 373, "seed_idx": 18, "valid": true }, "geometry": { "type": "Point", "coordinates": [ -0.322127550840378, 5.510583877563477 ] } },
{ "type": "Feature", "properties": { "particle": 374, "seed_idx": 18, "valid": true }, "geometry": { "type": "Point", "coordinates": [ -0.322449415922165, 5.510808944702148 ] } },
{ "type": "Feature", "properties": { "particle": 375, "seed_idx": 18, "valid": true }, "geometry": { "type": "Point", "coordinates": [ -0.322666525840759, 5.509878635406494 ] } },
{ "type": "Feature", "properties": { "particle": 376, "seed_idx": 18, "valid": true }, "geometry": { "type": "Point", "coordinates": [ -0.321799576282501, 5.510817050933838 ] } },
{ "type": "Feature", "properties": { "particle": 377, "seed_idx": 18, "valid": true }, "geometry": { "type": "Point", "coordinates": [ -0.322437286376953, 5.511146068572998 ] } },
{ "type": "Feature", "properties": { "particle": 378, "seed_idx": 18, "valid": true }, "geometry": { "type": "Point", "coordinates": [ -0.321618437767029, 5.511256217956543 ] } },
{ "type": "Feature", "properties": { "particle": 379, "seed_idx": 18, "valid": true }, "geometry": { "type": "Point", "coordinates": [ -0.321824193000793, 5.510297775268555 ] } },
{ "type": "Feature", "properties": { "particle": 380, "seed_idx": 19, "valid": true }, "geometry": { "type": "Point", "coordinates": [ -0.322265028953552, 5.510306358337402 ] } },
{ "type": "Feature", "properties": { "particle": 381, "seed_idx": 19, "valid": true }, "geometry": { "type": "Point", "coordinates": [ -0.322991400957108, 5.510138511657715 ] } },
{ "type": "Feature", "properties": { "particle": 382, "seed_idx": 19, "valid": true }, "geometry": { "type": "Point", "coordinates": [ -0.321875184774399, 5.510155200958252 ] } },
{ "type": "Feature", "properties": { "particle": 383, "seed_idx": 19, "valid": true }, "geometry": { "type": "Point", "coordinates": [ -0.322470307350159, 5.510151386260986 ] } },
{ "type": "Feature", "properties": { "particle": 384, "seed_idx": 19, "valid": true }, "geometry": { "type": "Point", "coordinates": [ -0.321966111660004, 5.510261058807373 ] } },
{ "type": "Feature", "properties": { "particle": 385, "seed_idx": 19, "valid": true }, "geometry": { "type": "Point", "coordinates": [ -0.323307186365128, 5.51093864440918 ] } },
{ "type": "Feature", "properties": { "particle": 386, "seed_idx": 19, "valid": true }, "geometry": { "type": "Point", "coordinates": [ -0.322556138038635, 5.509854316711426 ] } },
{ "type": "Feature", "properties": { "particle": 387, "seed_idx": 19, "valid": true }, "geometry": { "type": "Point", "coordinates": [ -0.322798192501068, 5.509683609008789 ] } },
{ "type": "Feature", "properties": { "particle": 388, "seed_idx": 19, "valid": true }, "geometry": { "type": "Point", "coordinates": [ -0.322489947080612, 5.509792804718018 ] } },
{ "type": "Feature", "properties": { "particle": 389, "seed_idx": 19, "valid": true }, "geometry": { "type": "Point", "coordinates": [ -0.321771800518036, 5.510169982910156 ] } },
{ "type": "Feature", "properties": { "particle": 390, "seed_idx": 19, "valid": true }, "geometry": { "type": "Point", "coordinates": [ -0.321561962366104, 5.510781288146973 ] } },
{ "type": "Feature", "properties": { "particle": 391, "seed_idx": 19, "valid": true }, "geometry": { "type": "Point", "coordinates": [ -0.32378488779068, 5.509851455688477 ] } },
{ "type": "Feature", "properties": { "particle": 392, "seed_idx": 19, "valid": true }, "geometry": { "type": "Point", "coordinates": [ -0.322408020496368, 5.51115608215332 ] } },
{ "type": "Feature", "properties": { "particle": 393, "seed_idx": 19, "valid": true }, "geometry": { "type": "Point", "coordinates": [ -0.3233802318573, 5.510741710662842 ] } },
{ "type": "Feature", "properties": { "particle": 394, "seed_idx": 19, "valid": true }, "geometry": { "type": "Point", "coordinates": [ -0.322632133960724, 5.510507583618164 ] } },
{ "type": "Feature", "properties": { "particle": 395, "seed_idx": 19, "valid": true }, "geometry": { "type": "Point", "coordinates": [ -0.322398394346237, 5.5100998878479 ] } },
{ "type": "Feature", "properties": { "particle": 396, "seed_idx": 19, "valid": true }, "geometry": { "type": "Point", "coordinates": [ -0.321843504905701, 5.510678768157959 ] } },
{ "type": "Feature", "properties": { "particle": 397, "seed_idx": 19, "valid": true }, "geometry": { "type": "Point", "coordinates": [ -0.322463423013687, 5.510514259338379 ] } },
{ "type": "Feature", "properties": { "particle": 398, "seed_idx": 19, "valid": true }, "geometry": { "type": "Point", "coordinates": [ -0.322654813528061, 5.510519504547119 ] } },
{ "type": "Feature", "properties": { "particle": 399, "seed_idx": 19, "valid": true }, "geometry": { "type": "Point", "coordinates": [ -0.321344196796417, 5.510847568511963 ] } },
{ "type": "Feature", "properties": { "particle": 400, "seed_idx": 20, "valid": true }, "geometry": { "type": "Point", "coordinates": [ -0.322207450866699, 5.510722160339355 ] } },
{ "type": "Feature", "properties": { "particle": 401, "seed_idx": 20, "valid": true }, "geometry": { "type": "Point", "coordinates": [ -0.321744501590729, 5.510684490203857 ] } },
{ "type": "Feature", "properties": { "particle": 402, "seed_idx": 20, "valid": true }, "geometry": { "type": "Point", "coordinates": [ -0.323027372360229, 5.51005744934082 ] } },
{ "type": "Feature", "properties": { "particle": 403, "seed_idx": 20, "valid": true }, "geometry": { "type": "Point", "coordinates": [ -0.322847038507462, 5.510722637176514 ] } },
{ "type": "Feature", "properties": { "particle": 404, "seed_idx": 20, "valid": true }, "geometry": { "type": "Point", "coordinates": [ -0.322163641452789, 5.510560989379883 ] } },
{ "type": "Feature", "properties": { "particle": 405, "seed_idx": 20, "valid": true }, "geometry": { "type": "Point", "coordinates": [ -0.321646004915237, 5.5108962059021 ] } },
{ "type": "Feature", "properties": { "particle": 406, "seed_idx": 20, "valid": true }, "geometry": { "type": "Point", "coordinates": [ -0.323109418153763, 5.5098876953125 ] } },
{ "type": "Feature", "properties": { "particle": 407, "seed_idx": 20, "valid": true }, "geometry": { "type": "Point", "coordinates": [ -0.321679085493088, 5.510678768157959 ] } },
{ "type": "Feature", "properties": { "particle": 408, "seed_idx": 20, "valid": true }, "geometry": { "type": "Point", "coordinates": [ -0.321491777896881, 5.510687351226807 ] } },
{ "type": "Feature", "properties": { "particle": 409, "seed_idx": 20, "valid": true }, "geometry": { "type": "Point", "coordinates": [ -0.321906298398972, 5.510693550109863 ] } },
{ "type": "Feature", "properties": { "particle": 410, "seed_idx": 20, "valid": true }, "geometry": { "type": "Point", "coordinates": [ -0.321963340044022, 5.510050296783447 ] } },
{ "type": "Feature", "properties": { "particle": 411, "seed_idx": 20, "valid": true }, "geometry": { "type": "Point", "coordinates": [ -0.32142373919487, 5.510773181915283 ] } },
{ "type": "Feature", "properties": { "particle": 412, "seed_idx": 20, "valid": true }, "geometry": { "type": "Point", "coordinates": [ -0.322771519422531, 5.509829044342041 ] } },
{ "type": "Feature", "properties": { "particle": 413, "seed_idx": 20, "valid": true }, "geometry": { "type": "Point", "coordinates": [ -0.322453796863556, 5.510638236999512 ] } },
{ "type": "Feature", "properties": { "particle": 414, "seed_idx": 20, "valid": true }, "geometry": { "type": "Point", "coordinates": [ -0.322039902210236, 5.510302543640137 ] } },
{ "type": "Feature", "properties": { "particle": 415, "seed_idx": 20, "valid": true }, "geometry": { "type": "Point", "coordinates": [ -0.323401391506195, 5.510036468505859 ] } },
{ "type": "Feature", "properties": { "particle": 416, "seed_idx": 20, "valid": true }, "geometry": { "type": "Point", "coordinates": [ -0.32256817817688, 5.511011600494385 ] } },
{ "type": "Feature", "properties": { "particle": 417, "seed_idx": 20, "valid": true }, "geometry": { "type": "Point", "coordinates": [ -0.322454333305359, 5.510300636291504 ] } },
{ "type": "Feature", "properties": { "particle": 418, "seed_idx": 20, "valid": true }, "geometry": { "type": "Point", "coordinates": [ -0.322577387094498, 5.51044750213623 ] } },
{ "type": "Feature", "properties": { "particle": 419, "seed_idx": 20, "valid": true }, "geometry": { "type": "Point", "coordinates": [ -0.321979880332947, 5.510219097137451 ] } },
{ "type": "Feature", "properties": { "particle": 420, "seed_idx": 21, "valid": true }, "geometry": { "type": "Point", "coordinates": [ -0.322397649288177, 5.510336875915527 ] } },
{ "type": "Feature", "properties": { "particle": 421, "seed_idx": 21, "valid": true }, "geometry": { "type": "Point", "coordinates": [ -0.323002099990845, 5.51063060760498 ] } },
{ "type": "Feature", "properties": { "particle": 422, "seed_idx": 21, "valid": true }, "geometry": { "type": "Point", "coordinates": [ -0.322303950786591, 5.510733127593994 ] } },
{ "type": "Feature", "properties": { "particle": 423, "seed_idx": 21, "valid": true }, "geometry": { "type": "Point", "coordinates": [ -0.321979969739914, 5.510843276977539 ] } },
{ "type": "Feature", "properties": { "particle": 424, "seed_idx": 21, "valid": true }, "geometry": { "type": "Point", "coordinates": [ -0.324680328369141, 5.509480953216553 ] } },
{ "type": "Feature", "properties": { "particle": 425, "seed_idx": 21, "valid": true }, "geometry": { "type": "Point", "coordinates": [ -0.321883201599121, 5.510684013366699 ] } },
{ "type": "Feature", "properties": { "particle": 426, "seed_idx": 21, "valid": true }, "geometry": { "type": "Point", "coordinates": [ -0.322844833135605, 5.509366512298584 ] } },
{ "type": "Feature", "properties": { "particle": 427, "seed_idx": 21, "valid": true }, "geometry": { "type": "Point", "coordinates": [ -0.321633249521255, 5.510759353637695 ] } },
{ "type": "Feature", "properties": { "particle": 428, "seed_idx": 21, "valid": true }, "geometry": { "type": "Point", "coordinates": [ -0.323986977338791, 5.509496212005615 ] } },
{ "type": "Feature", "properties": { "particle": 429, "seed_idx": 21, "valid": true }, "geometry": { "type": "Point", "coordinates": [ -0.322560399770737, 5.509951591491699 ] } },
{ "type": "Feature", "properties": { "particle": 430, "seed_idx": 21, "valid": true }, "geometry": { "type": "Point", "coordinates": [ -0.322207659482956, 5.510497093200684 ] } },
{ "type": "Feature", "properties": { "particle": 431, "seed_idx": 21, "valid": true }, "geometry": { "type": "Point", "coordinates": [ -0.322385013103485, 5.51036262512207 ] } },
{ "type": "Feature", "properties": { "particle": 432, "seed_idx": 21, "valid": true }, "geometry": { "type": "Point", "coordinates": [ -0.321697920560837, 5.510605335235596 ] } },
{ "type": "Feature", "properties": { "particle": 433, "seed_idx": 21, "valid": true }, "geometry": { "type": "Point", "coordinates": [ -0.322303175926208, 5.510526657104492 ] } },
{ "type": "Feature", "properties": { "particle": 434, "seed_idx": 21, "valid": true }, "geometry": { "type": "Point", "coordinates": [ -0.321958869695663, 5.510744094848633 ] } },
{ "type": "Feature", "properties": { "particle": 435, "seed_idx": 21, "valid": true }, "geometry": { "type": "Point", "coordinates": [ -0.322256952524185, 5.510711669921875 ] } },
{ "type": "Feature", "properties": { "particle": 436, "seed_idx": 21, "valid": true }, "geometry": { "type": "Point", "coordinates": [ -0.32157289981842, 5.510748386383057 ] } },
{ "type": "Feature", "properties": { "particle": 437, "seed_idx": 21, "valid": true }, "geometry": { "type": "Point", "coordinates": [ -0.321805417537689, 5.51062536239624 ] } },
{ "type": "Feature", "properties": { "particle": 438, "seed_idx": 21, "valid": true }, "geometry": { "type": "Point", "coordinates": [ -0.322180777788162, 5.51019811630249 ] } },
{ "type": "Feature", "properties": { "particle": 439, "seed_idx": 21, "valid": true }, "geometry": { "type": "Point", "coordinates": [ -0.324063420295715, 5.50938081741333 ] } },
{ "type": "Feature", "properties": { "particle": 440, "seed_idx": 22, "valid": true }, "geometry": { "type": "Point", "coordinates": [ -0.322947710752487, 5.510349273681641 ] } },
{ "type": "Feature", "properties": { "particle": 441, "seed_idx": 22, "valid": true }, "geometry": { "type": "Point", "coordinates": [ -0.323179602622986, 5.510025024414062 ] } },
{ "type": "Feature", "properties": { "particle": 442, "seed_idx": 22, "valid": true }, "geometry": { "type": "Point", "coordinates": [ -0.322986215353012, 5.509946823120117 ] } },
{ "type": "Feature", "properties": { "particle": 443, "seed_idx": 22, "valid": true }, "geometry": { "type": "Point", "coordinates": [ -0.322640985250473, 5.510271072387695 ] } },
{ "type": "Feature", "properties": { "particle": 444, "seed_idx": 22, "valid": true }, "geometry": { "type": "Point", "coordinates": [ -0.323196947574615, 5.510190010070801 ] } },
{ "type": "Feature", "properties": { "particle": 445, "seed_idx": 22, "valid": true }, "geometry": { "type": "Point", "coordinates": [ -0.32270684838295, 5.509843349456787 ] } },
{ "type": "Feature", "properties": { "particle": 446, "seed_idx": 22, "valid": true }, "geometry": { "type": "Point", "coordinates": [ -0.323276072740555, 5.510347366333008 ] } },
{ "type": "Feature", "properties": { "particle": 447, "seed_idx": 22, "valid": true }, "geometry": { "type": "Point", "coordinates": [ -0.322354227304459, 5.510087966918945 ] } },
{ "type": "Feature", "properties": { "particle": 448, "seed_idx": 22, "valid": true }, "geometry": { "type": "Point", "coordinates": [ -0.323082238435745, 5.509803295135498 ] } },
{ "type": "Feature", "properties": { "particle": 449, "seed_idx": 22, "valid": true }, "geometry": { "type": "Point", "coordinates": [ -0.322964131832123, 5.510013103485107 ] } },
{ "type": "Feature", "properties": { "particle": 450, "seed_idx": 22, "valid": true }, "geometry": { "type": "Point", "coordinates": [ -0.322139889001846, 5.510290145874023 ] } },
{ "type": "Feature", "properties": { "particle": 451, "seed_idx": 22, "valid": true }, "geometry": { "type": "Point", "coordinates": [ -0.324085772037506, 5.508258819580078 ] } },
{ "type": "Feature", "properties": { "particle": 452, "seed_idx": 22, "valid": true }, "geometry": { "type": "Point", "coordinates": [ -0.322845786809921, 5.510208606719971 ] } },
{ "type": "Feature", "properties": { "particle": 453, "seed_idx": 22, "valid": true }, "geometry": { "type": "Point", "coordinates": [ -0.322193592786789, 5.510330677032471 ] } },
{ "type": "Feature", "properties": { "particle": 454, "seed_idx": 22, "valid": true }, "geometry": { "type": "Point", "coordinates": [ -0.322740912437439, 5.510059833526611 ] } },
{ "type": "Feature", "properties": { "particle": 455, "seed_idx": 22, "valid": true }, "geometry": { "type": "Point", "coordinates": [ -0.324464917182922, 5.50899076461792 ] } },
{ "type": "Feature", "properties": { "particle": 456, "seed_idx": 22, "valid": true }, "geometry": { "type": "Point", "coordinates": [ -0.322279930114746, 5.510329723358154 ] } },
{ "type": "Feature", "properties": { "particle": 457, "seed_idx": 22, "valid": true }, "geometry": { "type": "Point", "coordinates": [ -0.322511821985245, 5.510231971740723 ] } },
{ "type": "Feature", "properties": { "particle": 458, "seed_idx": 22, "valid": true }, "geometry": { "type": "Point", "coordinates": [ -0.322964698076248, 5.510308265686035 ] } },
{ "type": "Feature", "properties": { "particle": 459, "seed_idx": 22, "valid": true }, "geometry": { "type": "Point", "coordinates": [ -0.322510600090027, 5.509688377380371 ] } },
{ "type": "Feature", "properties": { "particle": 460, "seed_idx": 23, "valid": true }, "geometry": { "type": "Point", "coordinates": [ -0.321944028139114, 5.510251998901367 ] } },
{ "type": "Feature", "properties": { "particle": 461, "seed_idx": 23, "valid": true }, "geometry": { "type": "Point", "coordinates": [ -0.321905851364136, 5.509819030761719 ] } },
{ "type": "Feature", "properties": { "particle": 462, "seed_idx": 23, "valid": true }, "geometry": { "type": "Point", "coordinates": [ -0.321753799915314, 5.509831428527832 ] } },
{ "type": "Feature", "properties": { "particle": 463, "seed_idx": 23, "valid": true }, "geometry": { "type": "Point", "coordinates": [ -0.322858482599258, 5.509966850280762 ] } },
{ "type": "Feature", "properties": { "particle": 464, "seed_idx": 23, "valid": true }, "geometry": { "type": "Point", "coordinates": [ -0.322333842515945, 5.509954452514648 ] } },
{ "type": "Feature", "properties": { "particle": 465, "seed_idx": 23, "valid": true }, "geometry": { "type": "Point", "coordinates": [ -0.322520703077316, 5.509811401367188 ] } },
{ "type": "Feature", "properties": { "particle": 466, "seed_idx": 23, "valid": true }, "geometry": { "type": "Point", "coordinates": [ -0.321281462907791, 5.510518074035645 ] } },
{ "type": "Feature", "properties": { "particle": 467, "seed_idx": 23, "valid": true }, "geometry": { "type": "Point", "coordinates": [ -0.322619199752808, 5.509016513824463 ] } },
{ "type": "Feature", "properties": { "particle": 468, "seed_idx": 23, "valid": true }, "geometry": { "type": "Point", "coordinates": [ -0.322135716676712, 5.510652542114258 ] } },
{ "type": "Feature", "properties": { "particle": 469, "seed_idx": 23, "valid": true }, "geometry": { "type": "Point", "coordinates": [ -0.321369618177414, 5.510475635528564 ] } },
{ "type": "Feature", "properties": { "particle": 470, "seed_idx": 23, "valid": true }, "geometry": { "type": "Point", "coordinates": [ -0.322871565818787, 5.510027885437012 ] } },
{ "type": "Feature", "properties": { "particle": 471, "seed_idx": 23, "valid": true }, "geometry": { "type": "Point", "coordinates": [ -0.321679681539536, 5.510260581970215 ] } },
{ "type": "Feature", "properties": { "particle": 472, "seed_idx": 23, "valid": true }, "geometry": { "type": "Point", "coordinates": [ -0.322045594453812, 5.509604930877686 ] } },
{ "type": "Feature", "properties": { "particle": 473, "seed_idx": 23, "valid": true }, "geometry": { "type": "Point", "coordinates": [ -0.322218656539917, 5.510091304779053 ] } },
{ "type": "Feature", "properties": { "particle": 474, "seed_idx": 23, "valid": true }, "geometry": { "type": "Point", "coordinates": [ -0.321787059307098, 5.510213851928711 ] } },
{ "type": "Feature", "properties": { "particle": 475, "seed_idx": 23, "valid": true }, "geometry": { "type": "Point", "coordinates": [ -0.32315319776535, 5.510471343994141 ] } },
{ "type": "Feature", "properties": { "particle": 476, "seed_idx": 23, "valid": true }, "geometry": { "type": "Point", "coordinates": [ -0.322384178638458, 5.510294914245605 ] } },
{ "type": "Feature", "properties": { "particle": 477, "seed_idx": 23, "valid": true }, "geometry": { "type": "Point", "coordinates": [ -0.322101891040802, 5.51024341583252 ] } },
{ "type": "Feature", "properties": { "particle": 478, "seed_idx": 23, "valid": true }, "geometry": { "type": "Point", "coordinates": [ -0.322347790002823, 5.510081768035889 ] } },
{ "type": "Feature", "properties": { "particle": 479, "seed_idx": 23, "valid": true }, "geometry": { "type": "Point", "coordinates": [ -0.322514355182648, 5.509655475616455 ] } },
{ "type": "Feature", "properties": { "particle": 480, "seed_idx": 24, "valid": true }, "geometry": { "type": "Point", "coordinates": [ -0.321377366781235, 5.510527610778809 ] } },
{ "type": "Feature", "properties": { "particle": 481, "seed_idx": 24, "valid": true }, "geometry": { "type": "Point", "coordinates": [ -0.321738302707672, 5.509989738464355 ] } },
{ "type": "Feature", "properties": { "particle": 482, "seed_idx": 24, "valid": true }, "geometry": { "type": "Point", "coordinates": [ -0.322972774505615, 5.509387016296387 ] } },
{ "type": "Feature", "properties": { "particle": 483, "seed_idx": 24, "valid": true }, "geometry": { "type": "Point", "coordinates": [ -0.321798503398895, 5.510076999664307 ] } },
{ "type": "Feature", "properties": { "particle": 484, "seed_idx": 24, "valid": true }, "geometry": { "type": "Point", "coordinates": [ -0.32230481505394, 5.509725570678711 ] } },
{ "type": "Feature", "properties": { "particle": 485, "seed_idx": 24, "valid": true }, "geometry": { "type": "Point", "coordinates": [ -0.322646617889404, 5.509794235229492 ] } },
{ "type": "Feature", "properties": { "particle": 486, "seed_idx": 24, "valid": true }, "geometry": { "type": "Point", "coordinates": [ -0.322039872407913, 5.509667873382568 ] } },
{ "type": "Feature", "properties": { "particle": 487, "seed_idx": 24, "valid": true }, "geometry": { "type": "Point", "coordinates": [ -0.322039216756821, 5.50999116897583 ] } },
{ "type": "Feature", "properties": { "particle": 488, "seed_idx": 24, "valid": true }, "geometry": { "type": "Point", "coordinates": [ -0.322316110134125, 5.510362148284912 ] } },
{ "type": "Feature", "properties": { "particle": 489, "seed_idx": 24, "valid": true }, "geometry": { "type": "Point", "coordinates": [ -0.322230786085129, 5.509500026702881 ] } },
{ "type": "Feature", "properties": { "particle": 490, "seed_idx": 24, "valid": true }, "geometry": { "type": "Point", "coordinates": [ -0.322340965270996, 5.50950813293457 ] } },
{ "type": "Feature", "properties": { "particle": 491, "seed_idx": 24, "valid": true }, "geometry": { "type": "Point", "coordinates": [ -0.321332007646561, 5.51043176651001 ] } },
{ "type": "Feature", "properties": { "particle": 492, "seed_idx": 24, "valid": true }, "geometry": { "type": "Point", "coordinates": [ -0.321937382221222, 5.509918689727783 ] } },
{ "type": "Feature", "properties": { "particle": 493, "seed_idx": 24, "valid": true }, "geometry": { "type": "Point", "coordinates": [ -0.321413397789001, 5.510323524475098 ] } },
{ "type": "Feature", "properties": { "particle": 494, "seed_idx": 24, "valid": true }, "geometry": { "type": "Point", "coordinates": [ -0.321538150310516, 5.510189533233643 ] } },
{ "type": "Feature", "properties": { "particle": 495, "seed_idx": 24, "valid": true }, "geometry": { "type": "Point", "coordinates": [ -0.321390062570572, 5.510388851165771 ] } },
{ "type": "Feature", "properties": { "particle": 496, "seed_idx": 24, "valid": true }, "geometry": { "type": "Point", "coordinates": [ -0.322790443897247, 5.509459018707275 ] } },
{ "type": "Feature", "properties": { "particle": 497, "seed_idx": 24, "valid": true }, "geometry": { "type": "Point", "coordinates": [ -0.322210162878036, 5.510212898254395 ] } },
{ "type": "Feature", "properties": { "particle": 498, "seed_idx": 24, "valid": true }, "geometry": { "type": "Point", "coordinates": [ -0.322405815124512, 5.509420394897461 ] } },
{ "type": "Feature", "properties": { "particle": 499, "seed_idx": 24, "valid": true }, "geometry": { "type": "Point", "coordinates": [ -0.322947770357132, 5.509511947631836 ] } },
{ "type": "Feature", "properties": { "particle": 500, "seed_idx": 25, "valid": true }, "geometry": { "type": "Point", "coordinates": [ -0.321564346551895, 5.510064125061035 ] } },
{ "type": "Feature", "properties": { "particle": 501, "seed_idx": 25, "valid": true }, "geometry": { "type": "Point", "coordinates": [ -0.322033584117889, 5.509661674499512 ] } },
{ "type": "Feature", "properties": { "particle": 502, "seed_idx": 25, "valid": true }, "geometry": { "type": "Point", "coordinates": [ -0.321283549070358, 5.510427951812744 ] } },
{ "type": "Feature", "properties": { "particle": 503, "seed_idx": 25, "valid": true }, "geometry": { "type": "Point", "coordinates": [ -0.321752727031708, 5.510196208953857 ] } },
{ "type": "Feature", "properties": { "particle": 504, "seed_idx": 25, "valid": true }, "geometry": { "type": "Point", "coordinates": [ -0.321148455142975, 5.510004997253418 ] } },
{ "type": "Feature", "properties": { "particle": 505, "seed_idx": 25, "valid": true }, "geometry": { "type": "Point", "coordinates": [ -0.321489542722702, 5.510519504547119 ] } },
{ "type": "Feature", "properties": { "particle": 506, "seed_idx": 25, "valid": true }, "geometry": { "type": "Point", "coordinates": [ -0.321488708257675, 5.510201454162598 ] } },
{ "type": "Feature", "properties": { "particle": 507, "seed_idx": 25, "valid": true }, "geometry": { "type": "Point", "coordinates": [ -0.321580082178116, 5.510056018829346 ] } },
{ "type": "Feature", "properties": { "particle": 508, "seed_idx": 25, "valid": true }, "geometry": { "type": "Point", "coordinates": [ -0.321939557790756, 5.509590148925781 ] } },
{ "type": "Feature", "properties": { "particle": 509, "seed_idx": 25, "valid": true }, "geometry": { "type": "Point", "coordinates": [ -0.321363627910614, 5.510086536407471 ] } },
{ "type": "Feature", "properties": { "particle": 510, "seed_idx": 25, "valid": true }, "geometry": { "type": "Point", "coordinates": [ -0.32241690158844, 5.509556293487549 ] } },
{ "type": "Feature", "properties": { "particle": 511, "seed_idx": 25, "valid": true }, "geometry": { "type": "Point", "coordinates": [ -0.322107464075089, 5.509363651275635 ] } },
{ "type": "Feature", "properties": { "particle": 512, "seed_idx": 25, "valid": true }, "geometry": { "type": "Point", "coordinates": [ -0.320873290300369, 5.510036945343018 ] } },
{ "type": "Feature", "properties": { "particle": 513, "seed_idx": 25, "valid": true }, "geometry": { "type": "Point", "coordinates": [ -0.322071880102158, 5.508948802947998 ] } },
{ "type": "Feature", "properties": { "particle": 514, "seed_idx": 25, "valid": true }, "geometry": { "type": "Point", "coordinates": [ -0.320686906576157, 5.510472774505615 ] } },
{ "type": "Feature", "properties": { "particle": 515, "seed_idx": 25, "valid": true }, "geometry": { "type": "Point", "coordinates": [ -0.321208745241165, 5.510446071624756 ] } },
{ "type": "Feature", "properties": { "particle": 516, "seed_idx": 25, "valid": true }, "geometry": { "type": "Point", "coordinates": [ -0.320941895246506, 5.510287761688232 ] } },
{ "type": "Feature", "properties": { "particle": 517, "seed_idx": 25, "valid": true }, "geometry": { "type": "Point", "coordinates": [ -0.32135072350502, 5.510095596313477 ] } },
{ "type": "Feature", "properties": { "particle": 518, "seed_idx": 25, "valid": true }, "geometry": { "type": "Point", "coordinates": [ -0.321536272764206, 5.51036548614502 ] } },
{ "type": "Feature", "properties": { "particle": 519, "seed_idx": 25, "valid": true }, "geometry": { "type": "Point", "coordinates": [ -0.320885121822357, 5.510221004486084 ] } },
{ "type": "Feature", "properties": { "particle": 520, "seed_idx": 26, "valid": true }, "geometry": { "type": "Point", "coordinates": [ -0.320976108312607, 5.509807109832764 ] } },
{ "type": "Feature", "properties": { "particle": 521, "seed_idx": 26, "valid": true }, "geometry": { "type": "Point", "coordinates": [ -0.320615231990814, 5.510030746459961 ] } },
{ "type": "Feature", "properties": { "particle": 522, "seed_idx": 26, "valid": true }, "geometry": { "type": "Point", "coordinates": [ -0.320872873067856, 5.510698318481445 ] } },
{ "type": "Feature", "properties": { "particle": 523, "seed_idx": 26, "valid": true }, "geometry": { "type": "Point", "coordinates": [ -0.32152196764946, 5.51048755645752 ] } },
{ "type": "Feature", "properties": { "particle": 524, "seed_idx": 26, "valid": true }, "geometry": { "type": "Point", "coordinates": [ -0.321641951799393, 5.509778499603271 ] } },
{ "type": "Feature", "properties": { "particle": 525, "seed_idx": 26, "valid": true }, "geometry": { "type": "Point", "coordinates": [ -0.320697098970413, 5.510647296905518 ] } },
{ "type": "Feature", "properties": { "particle": 526, "seed_idx": 26, "valid": true }, "geometry": { "type": "Point", "coordinates": [ -0.321380645036697, 5.5103440284729 ] } },
{ "type": "Feature", "properties": { "particle": 527, "seed_idx": 26, "valid": true }, "geometry": { "type": "Point", "coordinates": [ -0.321209460496902, 5.510139465332031 ] } },
{ "type": "Feature", "properties": { "particle": 528, "seed_idx": 26, "valid": true }, "geometry": { "type": "Point", "coordinates": [ -0.321162700653076, 5.510186672210693 ] } },
{ "type": "Feature", "properties": { "particle": 529, "seed_idx": 26, "valid": true }, "geometry": { "type": "Point", "coordinates": [ -0.320757329463959, 5.510269641876221 ] } },
{ "type": "Feature", "properties": { "particle": 530, "seed_idx": 26, "valid": true }, "geometry": { "type": "Point", "coordinates": [ -0.321216404438019, 5.510042667388916 ] } },
{ "type": "Feature", "properties": { "particle": 531, "seed_idx": 26, "valid": true }, "geometry": { "type": "Point", "coordinates": [ -0.322087168693542, 5.509105205535889 ] } },
{ "type": "Feature", "properties": { "particle": 532, "seed_idx": 26, "valid": true }, "geometry": { "type": "Point", "coordinates": [ -0.320518910884857, 5.510758876800537 ] } },
{ "type": "Feature", "properties": { "particle": 533, "seed_idx": 26, "valid": true }, "geometry": { "type": "Point", "coordinates": [ -0.321256846189499, 5.509430408477783 ] } },
{ "type": "Feature", "properties": { "particle": 534, "seed_idx": 26, "valid": true }, "geometry": { "type": "Point", "coordinates": [ -0.320500046014786, 5.510603904724121 ] } },
{ "type": "Feature", "properties": { "particle": 535, "seed_idx": 26, "valid": true }, "geometry": { "type": "Point", "coordinates": [ -0.32126060128212, 5.510489940643311 ] } },
{ "type": "Feature", "properties": { "particle": 536, "seed_idx": 26, "valid": true }, "geometry": { "type": "Point", "coordinates": [ -0.320864260196686, 5.510291576385498 ] } },
{ "type": "Feature", "properties": { "particle": 537, "seed_idx": 26, "valid": true }, "geometry": { "type": "Point", "coordinates": [ -0.320991069078445, 5.510919094085693 ] } },
{ "type": "Feature", "properties": { "particle": 538, "seed_idx": 26, "valid": true }, "geometry": { "type": "Point", "coordinates": [ -0.320737808942795, 5.51059103012085 ] } },
{ "type": "Feature", "properties": { "particle": 539, "seed_idx": 26, "valid": true }, "geometry": { "type": "Point", "coordinates": [ -0.320597529411316, 5.510215759277344 ] } },
{ "type": "Feature", "properties": { "particle": 540, "seed_idx": 27, "valid": true }, "geometry": { "type": "Point", "coordinates": [ -0.319772750139236, 5.51025915145874 ] } },
{ "type": "Feature", "properties": { "particle": 541, "seed_idx": 27, "valid": true }, "geometry": { "type": "Point", "coordinates": [ -0.320270836353302, 5.51027774810791 ] } },
{ "type": "Feature", "properties": { "particle": 542, "seed_idx": 27, "valid": true }, "geometry": { "type": "Point", "coordinates": [ -0.32157626748085, 5.509968280792236 ] } },
{ "type": "Feature", "properties": { "particle": 543, "seed_idx": 27, "valid": true }, "geometry": { "type": "Point", "coordinates": [ -0.3208287358284, 5.509966373443604 ] } },
{ "type": "Feature", "properties": { "particle": 544, "seed_idx": 27, "valid": true }, "geometry": { "type": "Point", "coordinates": [ -0.320803910493851, 5.509870529174805 ] } },
{ "type": "Feature", "properties": { "particle": 545, "seed_idx": 27, "valid": true }, "geometry": { "type": "Point", "coordinates": [ -0.319574892520905, 5.510384559631348 ] } },
{ "type": "Feature", "properties": { "particle": 546, "seed_idx": 27, "valid": true }, "geometry": { "type": "Point", "coordinates": [ -0.31995677947998, 5.510355472564697 ] } },
{ "type": "Feature", "properties": { "particle": 547, "seed_idx": 27, "valid": true }, "geometry": { "type": "Point", "coordinates": [ -0.320287793874741, 5.509406566619873 ] } },
{ "type": "Feature", "properties": { "particle": 548, "seed_idx": 27, "valid": true }, "geometry": { "type": "Point", "coordinates": [ -0.320546507835388, 5.509973526000977 ] } },
{ "type": "Feature", "properties": { "particle": 549, "seed_idx": 27, "valid": true }, "geometry": { "type": "Point", "coordinates": [ -0.320616096258163, 5.509722709655762 ] } },
{ "type": "Feature", "properties": { "particle": 550, "seed_idx": 27, "valid": true }, "geometry": { "type": "Point", "coordinates": [ -0.322446197271347, 5.508949756622314 ] } },
{ "type": "Feature", "properties": { "particle": 551, "seed_idx": 27, "valid": true }, "geometry": { "type": "Point", "coordinates": [ -0.320799857378006, 5.510116577148438 ] } },
{ "type": "Feature", "properties": { "particle": 552, "seed_idx": 27, "valid": true }, "geometry": { "type": "Point", "coordinates": [ -0.320318698883057, 5.509924411773682 ] } },
{ "type": "Feature", "properties": { "particle": 553, "seed_idx": 27, "valid": true }, "geometry": { "type": "Point", "coordinates": [ -0.321464478969574, 5.508863925933838 ] } },
{ "type": "Feature", "properties": { "particle": 554, "seed_idx": 27, "valid": true }, "geometry": { "type": "Point", "coordinates": [ -0.320710480213165, 5.509897708892822 ] } },
{ "type": "Feature", "properties": { "particle": 555, "seed_idx": 27, "valid": true }, "geometry": { "type": "Point", "coordinates": [ -0.320071965456009, 5.5099778175354 ] } },
{ "type": "Feature", "properties": { "particle": 556, "seed_idx": 27, "valid": true }, "geometry": { "type": "Point", "coordinates": [ -0.320158571004868, 5.510035037994385 ] } },
{ "type": "Feature", "properties": { "particle": 557, "seed_idx": 27, "valid": true }, "geometry": { "type": "Point", "coordinates": [ -0.320457458496094, 5.509894847869873 ] } },
{ "type": "Feature", "properties": { "particle": 558, "seed_idx": 27, "valid": true }, "geometry": { "type": "Point", "coordinates": [ -0.3205885887146, 5.509463310241699 ] } },
{ "type": "Feature", "properties": { "particle": 559, "seed_idx": 27, "valid": true }, "geometry": { "type": "Point", "coordinates": [ -0.32149863243103, 5.509172439575195 ] } },
{ "type": "Feature", "properties": { "particle": 560, "seed_idx": 28, "valid": true }, "geometry": { "type": "Point", "coordinates": [ -0.320709854364395, 5.509969234466553 ] } },
{ "type": "Feature", "properties": { "particle": 561, "seed_idx": 28, "valid": true }, "geometry": { "type": "Point", "coordinates": [ -0.320605874061584, 5.509944915771484 ] } },
{ "type": "Feature", "properties": { "particle": 562, "seed_idx": 28, "valid": true }, "geometry": { "type": "Point", "coordinates": [ -0.320905566215515, 5.509637832641602 ] } },
{ "type": "Feature", "properties": { "particle": 563, "seed_idx": 28, "valid": true }, "geometry": { "type": "Point", "coordinates": [ -0.322095602750778, 5.509480476379395 ] } },
{ "type": "Feature", "properties": { "particle": 564, "seed_idx": 28, "valid": true }, "geometry": { "type": "Point", "coordinates": [ -0.321117997169495, 5.509889602661133 ] } },
{ "type": "Feature", "properties": { "particle": 565, "seed_idx": 28, "valid": true }, "geometry": { "type": "Point", "coordinates": [ -0.321721732616425, 5.508893013000488 ] } },
{ "type": "Feature", "properties": { "particle": 566, "seed_idx": 28, "valid": true }, "geometry": { "type": "Point", "coordinates": [ -0.320512980222702, 5.50982141494751 ] } },
{ "type": "Feature", "properties": { "particle": 567, "seed_idx": 28, "valid": true }, "geometry": { "type": "Point", "coordinates": [ -0.321931332349777, 5.509204864501953 ] } },
{ "type": "Feature", "properties": { "particle": 568, "seed_idx": 28, "valid": true }, "geometry": { "type": "Point", "coordinates": [ -0.32147154211998, 5.509758949279785 ] } },
{ "type": "Feature", "properties": { "particle": 569, "seed_idx": 28, "valid": true }, "geometry": { "type": "Point", "coordinates": [ -0.320327311754227, 5.509467601776123 ] } },
{ "type": "Feature", "properties": { "particle": 570, "seed_idx": 28, "valid": true }, "geometry": { "type": "Point", "coordinates": [ -0.320780724287033, 5.509653568267822 ] } },
{ "type": "Feature", "properties": { "particle": 571, "seed_idx": 28, "valid": true }, "geometry": { "type": "Point", "coordinates": [ -0.32085582613945, 5.509857654571533 ] } },
{ "type": "Feature", "properties": { "particle": 572, "seed_idx": 28, "valid": true }, "geometry": { "type": "Point", "coordinates": [ -0.320676505565643, 5.509124279022217 ] } },
{ "type": "Feature", "properties": { "particle": 573, "seed_idx": 28, "valid": true }, "geometry": { "type": "Point", "coordinates": [ -0.321191936731339, 5.509562969207764 ] } },
{ "type": "Feature", "properties": { "particle": 574, "seed_idx": 28, "valid": true }, "geometry": { "type": "Point", "coordinates": [ -0.321379482746124, 5.509126663208008 ] } },
{ "type": "Feature", "properties": { "particle": 575, "seed_idx": 28, "valid": true }, "geometry": { "type": "Point", "coordinates": [ -0.320540517568588, 5.509804248809814 ] } },
{ "type": "Feature", "properties": { "particle": 576, "seed_idx": 28, "valid": true }, "geometry": { "type": "Point", "coordinates": [ -0.322015672922134, 5.50995397567749 ] } },
{ "type": "Feature", "properties": { "particle": 577, "seed_idx": 28, "valid": true }, "geometry": { "type": "Point", "coordinates": [ -0.321386158466339, 5.509592056274414 ] } },
{ "type": "Feature", "properties": { "particle": 578, "seed_idx": 28, "valid": true }, "geometry": { "type": "Point", "coordinates": [ -0.320821523666382, 5.50965690612793 ] } },
{ "type": "Feature", "properties": { "particle": 579, "seed_idx": 28, "valid": true }, "geometry": { "type": "Point", "coordinates": [ -0.32011216878891, 5.510025024414062 ] } },
{ "type": "Feature", "properties": { "particle": 580, "seed_idx": 29, "valid": true }, "geometry": { "type": "Point", "coordinates": [ -0.321843296289444, 5.509161949157715 ] } },
{ "type": "Feature", "properties": { "particle": 581, "seed_idx": 29, "valid": true }, "geometry": { "type": "Point", "coordinates": [ -0.321204543113708, 5.509324073791504 ] } },
{ "type": "Feature", "properties": { "particle": 582, "seed_idx": 29, "valid": true }, "geometry": { "type": "Point", "coordinates": [ -0.320239394903183, 5.509811401367188 ] } },
{ "type": "Feature", "properties": { "particle": 583, "seed_idx": 29, "valid": true }, "geometry": { "type": "Point", "coordinates": [ -0.320903182029724, 5.50960111618042 ] } },
{ "type": "Feature", "properties": { "particle": 584, "seed_idx": 29, "valid": true }, "geometry": { "type": "Point", "coordinates": [ -0.321060627698898, 5.509750843048096 ] } },
{ "type": "Feature", "properties": { "particle": 585, "seed_idx": 29, "valid": true }, "geometry": { "type": "Point", "coordinates": [ -0.321048468351364, 5.509305953979492 ] } },
{ "type": "Feature", "properties": { "particle": 586, "seed_idx": 29, "valid": true }, "geometry": { "type": "Point", "coordinates": [ -0.320611923933029, 5.510074138641357 ] } },
{ "type": "Feature", "properties": { "particle": 587, "seed_idx": 29, "valid": true }, "geometry": { "type": "Point", "coordinates": [ -0.321194440126419, 5.509050369262695 ] } },
{ "type": "Feature", "properties": { "particle": 588, "seed_idx": 29, "valid": true }, "geometry": { "type": "Point", "coordinates": [ -0.321733206510544, 5.508802890777588 ] } },
{ "type": "Feature", "properties": { "particle": 589, "seed_idx": 29, "valid": true }, "geometry": { "type": "Point", "coordinates": [ -0.321603536605835, 5.509606838226318 ] } },
{ "type": "Feature", "properties": { "particle": 590, "seed_idx": 29, "valid": true }, "geometry": { "type": "Point", "coordinates": [ -0.320435106754303, 5.509705543518066 ] } },
{ "type": "Feature", "properties": { "particle": 591, "seed_idx": 29, "valid": true }, "geometry": { "type": "Point", "coordinates": [ -0.321228355169296, 5.50912618637085 ] } },
{ "type": "Feature", "properties": { "particle": 592, "seed_idx": 29, "valid": true }, "geometry": { "type": "Point", "coordinates": [ -0.322043120861053, 5.509480476379395 ] } },
{ "type": "Feature", "properties": { "particle": 593, "seed_idx": 29, "valid": true }, "geometry": { "type": "Point", "coordinates": [ -0.320887893438339, 5.508987903594971 ] } },
{ "type": "Feature", "properties": { "particle": 594, "seed_idx": 29, "valid": true }, "geometry": { "type": "Point", "coordinates": [ -0.320821702480316, 5.509049415588379 ] } },
{ "type": "Feature", "properties": { "particle": 595, "seed_idx": 29, "valid": true }, "geometry": { "type": "Point", "coordinates": [ -0.321753859519958, 5.509559631347656 ] } },
{ "type": "Feature", "properties": { "particle": 596, "seed_idx": 29, "valid": true }, "geometry": { "type": "Point", "coordinates": [ -0.322059720754623, 5.509000778198242 ] } },
{ "type": "Feature", "properties": { "particle": 597, "seed_idx": 29, "valid": true }, "geometry": { "type": "Point", "coordinates": [ -0.320945769548416, 5.509601593017578 ] } },
{ "type": "Feature", "properties": { "particle": 598, "seed_idx": 29, "valid": true }, "geometry": { "type": "Point", "coordinates": [ -0.321202307939529, 5.509555816650391 ] } },
{ "type": "Feature", "properties": { "particle": 599, "seed_idx": 29, "valid": true }, "geometry": { "type": "Point", "coordinates": [ -0.320345878601074, 5.509860992431641 ] } },
{ "type": "Feature", "properties": { "particle": 600, "seed_idx": 30, "valid": true }, "geometry": { "type": "Point", "coordinates": [ -0.321559011936188, 5.509315967559814 ] } },
{ "type": "Feature", "properties": { "particle": 601, "seed_idx": 30, "valid": true }, "geometry": { "type": "Point", "coordinates": [ -0.322047084569931, 5.508374691009521 ] } },
{ "type": "Feature", "properties": { "particle": 602, "seed_idx": 30, "valid": true }, "geometry": { "type": "Point", "coordinates": [ -0.322440594434738, 5.50885534286499 ] } },
{ "type": "Feature", "properties": { "particle": 603, "seed_idx": 30, "valid": true }, "geometry": { "type": "Point", "coordinates": [ -0.322048842906952, 5.509283065795898 ] } },
{ "type": "Feature", "properties": { "particle": 604, "seed_idx": 30, "valid": true }, "geometry": { "type": "Point", "coordinates": [ -0.32198166847229, 5.509122371673584 ] } },
{ "type": "Feature", "properties": { "particle": 605, "seed_idx": 30, "valid": true }, "geometry": { "type": "Point", "coordinates": [ -0.32195320725441, 5.508652687072754 ] } },
{ "type": "Feature", "properties": { "particle": 606, "seed_idx": 30, "valid": true }, "geometry": { "type": "Point", "coordinates": [ -0.32352551817894, 5.508805751800537 ] } },
{ "type": "Feature", "properties": { "particle": 607, "seed_idx": 30, "valid": true }, "geometry": { "type": "Point", "coordinates": [ -0.323316097259521, 5.508674621582031 ] } },
{ "type": "Feature", "properties": { "particle": 608, "seed_idx": 30, "valid": true }, "geometry": { "type": "Point", "coordinates": [ -0.321920663118362, 5.509334564208984 ] } },
{ "type": "Feature", "properties": { "particle": 609, "seed_idx": 30, "valid": true }, "geometry": { "type": "Point", "coordinates": [ -0.322564959526062, 5.508612632751465 ] } },
{ "type": "Feature", "properties": { "particle": 610, "seed_idx": 30, "valid": true }, "geometry": { "type": "Point", "coordinates": [ -0.322488307952881, 5.508637428283691 ] } },
{ "type": "Feature", "properties": { "particle": 611, "seed_idx": 30, "valid": true }, "geometry": { "type": "Point", "coordinates": [ -0.322817534208298, 5.509083271026611 ] } },
{ "type": "Feature", "properties": { "particle": 612, "seed_idx": 30, "valid": true }, "geometry": { "type": "Point", "coordinates": [ -0.321502476930618, 5.509292602539062 ] } },
{ "type": "Feature", "properties": { "particle": 613, "seed_idx": 30, "valid": true }, "geometry": { "type": "Point", "coordinates": [ -0.322282582521439, 5.509425640106201 ] } },
{ "type": "Feature", "properties": { "particle": 614, "seed_idx": 30, "valid": true }, "geometry": { "type": "Point", "coordinates": [ -0.322552800178528, 5.509461402893066 ] } },
{ "type": "Feature", "properties": { "particle": 615, "seed_idx": 30, "valid": true }, "geometry": { "type": "Point", "coordinates": [ -0.323262900114059, 5.508578300476074 ] } },
{ "type": "Feature", "properties": { "particle": 616, "seed_idx": 30, "valid": true }, "geometry": { "type": "Point", "coordinates": [ -0.322224736213684, 5.509478569030762 ] } },
{ "type": "Feature", "properties": { "particle": 617, "seed_idx": 30, "valid": true }, "geometry": { "type": "Point", "coordinates": [ -0.321917474269867, 5.509125709533691 ] } },
{ "type": "Feature", "properties": { "particle": 618, "seed_idx": 30, "valid": true }, "geometry": { "type": "Point", "coordinates": [ -0.321522265672684, 5.50907564163208 ] } },
{ "type": "Feature", "properties": { "particle": 619, "seed_idx": 30, "valid": true }, "geometry": { "type": "Point", "coordinates": [ -0.321063190698624, 5.509474277496338 ] } },
{ "type": "Feature", "properties": { "particle": 620, "seed_idx": 31, "valid": true }, "geometry": { "type": "Point", "coordinates": [ -0.321769595146179, 5.509372234344482 ] } },
{ "type": "Feature", "properties": { "particle": 621, "seed_idx": 31, "valid": true }, "geometry": { "type": "Point", "coordinates": [ -0.32143634557724, 5.509305000305176 ] } },
{ "type": "Feature", "properties": { "particle": 622, "seed_idx": 31, "valid": true }, "geometry": { "type": "Point", "coordinates": [ -0.321874529123306, 5.509627819061279 ] } },
{ "type": "Feature", "properties": { "particle": 623, "seed_idx": 31, "valid": true }, "geometry": { "type": "Point", "coordinates": [ -0.321581423282623, 5.509018421173096 ] } },
{ "type": "Feature", "properties": { "particle": 624, "seed_idx": 31, "valid": true }, "geometry": { "type": "Point", "coordinates": [ -0.323002755641937, 5.508145809173584 ] } },
{ "type": "Feature", "properties": { "particle": 625, "seed_idx": 31, "valid": true }, "geometry": { "type": "Point", "coordinates": [ -0.321416676044464, 5.509440422058105 ] } },
{ "type": "Feature", "properties": { "particle": 626, "seed_idx": 31, "valid": true }, "geometry": { "type": "Point", "coordinates": [ -0.321672141551971, 5.509206771850586 ] } },
{ "type": "Feature", "properties": { "particle": 627, "seed_idx": 31, "valid": true }, "geometry": { "type": "Point", "coordinates": [ -0.32317253947258, 5.509562015533447 ] } },
{ "type": "Feature", "properties": { "particle": 628, "seed_idx": 31, "valid": true }, "geometry": { "type": "Point", "coordinates": [ -0.323329716920853, 5.509204864501953 ] } },
{ "type": "Feature", "properties": { "particle": 629, "seed_idx": 31, "valid": true }, "geometry": { "type": "Point", "coordinates": [ -0.321724414825439, 5.508788108825684 ] } },
{ "type": "Feature", "properties": { "particle": 630, "seed_idx": 31, "valid": true }, "geometry": { "type": "Point", "coordinates": [ -0.321953177452087, 5.50920295715332 ] } },
{ "type": "Feature", "properties": { "particle": 631, "seed_idx": 31, "valid": true }, "geometry": { "type": "Point", "coordinates": [ -0.32242825627327, 5.50820779800415 ] } },
{ "type": "Feature", "properties": { "particle": 632, "seed_idx": 31, "valid": true }, "geometry": { "type": "Point", "coordinates": [ -0.322079539299011, 5.508876323699951 ] } },
{ "type": "Feature", "properties": { "particle": 633, "seed_idx": 31, "valid": true }, "geometry": { "type": "Point", "coordinates": [ -0.321367830038071, 5.509368896484375 ] } },
{ "type": "Feature", "properties": { "particle": 634, "seed_idx": 31, "valid": true }, "geometry": { "type": "Point", "coordinates": [ -0.321958601474762, 5.509525299072266 ] } },
{ "type": "Feature", "properties": { "particle": 635, "seed_idx": 31, "valid": true }, "geometry": { "type": "Point", "coordinates": [ -0.321927338838577, 5.508697032928467 ] } },
{ "type": "Feature", "properties": { "particle": 636, "seed_idx": 31, "valid": true }, "geometry": { "type": "Point", "coordinates": [ -0.322899520397186, 5.509452819824219 ] } },
{ "type": "Feature", "properties": { "particle": 637, "seed_idx": 31, "valid": true }, "geometry": { "type": "Point", "coordinates": [ -0.321300804615021, 5.509518623352051 ] } },
{ "type": "Feature", "properties": { "particle": 638, "seed_idx": 31, "valid": true }, "geometry": { "type": "Point", "coordinates": [ -0.321736127138138, 5.508822441101074 ] } },
{ "type": "Feature", "properties": { "particle": 639, "seed_idx": 31, "valid": true }, "geometry": { "type": "Point", "coordinates": [ -0.322727888822556, 5.508959770202637 ] } },
{ "type": "Feature", "properties": { "particle": 640, "seed_idx": 32, "valid": true }, "geometry": { "type": "Point", "coordinates": [ -0.322544306516647, 5.508777618408203 ] } },
{ "type": "Feature", "properties": { "particle": 641, "seed_idx": 32, "valid": true }, "geometry": { "type": "Point", "coordinates": [ -0.322471857070923, 5.509347915649414 ] } },
{ "type": "Feature", "properties": { "particle": 642, "seed_idx": 32, "valid": true }, "geometry": { "type": "Point", "coordinates": [ -0.322566866874695, 5.509072303771973 ] } },
{ "type": "Feature", "properties": { "particle": 643, "seed_idx": 32, "valid": true }, "geometry": { "type": "Point", "coordinates": [ -0.322306245565414, 5.509167194366455 ] } },
{ "type": "Feature", "properties": { "particle": 644, "seed_idx": 32, "valid": true }, "geometry": { "type": "Point", "coordinates": [ -0.32149013876915, 5.509418964385986 ] } },
{ "type": "Feature", "properties": { "particle": 645, "seed_idx": 32, "valid": true }, "geometry": { "type": "Point", "coordinates": [ -0.321625113487244, 5.509396076202393 ] } },
{ "type": "Feature", "properties": { "particle": 646, "seed_idx": 32, "valid": true }, "geometry": { "type": "Point", "coordinates": [ -0.322850257158279, 5.508800506591797 ] } },
{ "type": "Feature", "properties": { "particle": 647, "seed_idx": 32, "valid": true }, "geometry": { "type": "Point", "coordinates": [ -0.32256868481636, 5.509382724761963 ] } },
{ "type": "Feature", "properties": { "particle": 648, "seed_idx": 32, "valid": true }, "geometry": { "type": "Point", "coordinates": [ -0.322715014219284, 5.508605480194092 ] } },
{ "type": "Feature", "properties": { "particle": 649, "seed_idx": 32, "valid": true }, "geometry": { "type": "Point", "coordinates": [ -0.321811646223068, 5.50943660736084 ] } },
{ "type": "Feature", "properties": { "particle": 650, "seed_idx": 32, "valid": true }, "geometry": { "type": "Point", "coordinates": [ -0.321561574935913, 5.509369373321533 ] } },
{ "type": "Feature", "properties": { "particle": 651, "seed_idx": 32, "valid": true }, "geometry": { "type": "Point", "coordinates": [ -0.321714222431183, 5.509251594543457 ] } },
{ "type": "Feature", "properties": { "particle": 652, "seed_idx": 32, "valid": true }, "geometry": { "type": "Point", "coordinates": [ -0.323259443044662, 5.508692264556885 ] } },
{ "type": "Feature", "properties": { "particle": 653, "seed_idx": 32, "valid": true }, "geometry": { "type": "Point", "coordinates": [ -0.322409480810165, 5.509554386138916 ] } },
{ "type": "Feature", "properties": { "particle": 654, "seed_idx": 32, "valid": true }, "geometry": { "type": "Point", "coordinates": [ -0.321503102779388, 5.509573936462402 ] } },
{ "type": "Feature", "properties": { "particle": 655, "seed_idx": 32, "valid": true }, "geometry": { "type": "Point", "coordinates": [ -0.322801232337952, 5.508569240570068 ] } },
{ "type": "Feature", "properties": { "particle": 656, "seed_idx": 32, "valid": true }, "geometry": { "type": "Point", "coordinates": [ -0.322457700967789, 5.509078979492188 ] } },
{ "type": "Feature", "properties": { "particle": 657, "seed_idx": 32, "valid": true }, "geometry": { "type": "Point", "coordinates": [ -0.322251439094543, 5.508317947387695 ] } },
{ "type": "Feature", "properties": { "particle": 658, "seed_idx": 32, "valid": true }, "geometry": { "type": "Point", "coordinates": [ -0.32214367389679, 5.508811473846436 ] } },
{ "type": "Feature", "properties": { "particle": 659, "seed_idx": 32, "valid": true }, "geometry": { "type": "Point", "coordinates": [ -0.3219935297966, 5.508479595184326 ] } },
{ "type": "Feature", "properties": { "particle": 660, "seed_idx": 33, "valid": true }, "geometry": { "type": "Point", "coordinates": [ -0.322478294372559, 5.508657932281494 ] } },
{ "type": "Feature", "properties": { "particle": 661, "seed_idx": 33, "valid": true }, "geometry": { "type": "Point", "coordinates": [ -0.323398172855377, 5.507950305938721 ] } },
{ "type": "Feature", "properties": { "particle": 662, "seed_idx": 33, "valid": true }, "geometry": { "type": "Point", "coordinates": [ -0.322326421737671, 5.509041786193848 ] } },
{ "type": "Feature", "properties": { "particle": 663, "seed_idx": 33, "valid": true }, "geometry": { "type": "Point", "coordinates": [ -0.322465628385544, 5.509180545806885 ] } },
{ "type": "Feature", "properties": { "particle": 664, "seed_idx": 33, "valid": true }, "geometry": { "type": "Point", "coordinates": [ -0.322335660457611, 5.508838653564453 ] } },
{ "type": "Feature", "properties": { "particle": 665, "seed_idx": 33, "valid": true }, "geometry": { "type": "Point", "coordinates": [ -0.322074860334396, 5.509071350097656 ] } },
{ "type": "Feature", "properties": { "particle": 666, "seed_idx": 33, "valid": true }, "geometry": { "type": "Point", "coordinates": [ -0.323106288909912, 5.508146286010742 ] } },
{ "type": "Feature", "properties": { "particle": 667, "seed_idx": 33, "valid": true }, "geometry": { "type": "Point", "coordinates": [ -0.323015660047531, 5.508451461791992 ] } },
{ "type": "Feature", "properties": { "particle": 668, "seed_idx": 33, "valid": true }, "geometry": { "type": "Point", "coordinates": [ -0.321986347436905, 5.509144306182861 ] } },
{ "type": "Feature", "properties": { "particle": 669, "seed_idx": 33, "valid": true }, "geometry": { "type": "Point", "coordinates": [ -0.322166383266449, 5.508618831634521 ] } },
{ "type": "Feature", "properties": { "particle": 670, "seed_idx": 33, "valid": true }, "geometry": { "type": "Point", "coordinates": [ -0.322676658630371, 5.509093761444092 ] } },
{ "type": "Feature", "properties": { "particle": 671, "seed_idx": 33, "valid": true }, "geometry": { "type": "Point", "coordinates": [ -0.322771072387695, 5.508941173553467 ] } },
{ "type": "Feature", "properties": { "particle": 672, "seed_idx": 33, "valid": true }, "geometry": { "type": "Point", "coordinates": [ -0.322826981544495, 5.508806705474854 ] } },
{ "type": "Feature", "properties": { "particle": 673, "seed_idx": 33, "valid": true }, "geometry": { "type": "Point", "coordinates": [ -0.322599709033966, 5.509293079376221 ] } },
{ "type": "Feature", "properties": { "particle": 674, "seed_idx": 33, "valid": true }, "geometry": { "type": "Point", "coordinates": [ -0.323034554719925, 5.508481502532959 ] } },
{ "type": "Feature", "properties": { "particle": 675, "seed_idx": 33, "valid": true }, "geometry": { "type": "Point", "coordinates": [ -0.322165042161942, 5.508872509002686 ] } },
{ "type": "Feature", "properties": { "particle": 676, "seed_idx": 33, "valid": true }, "geometry": { "type": "Point", "coordinates": [ -0.322143882513046, 5.508920192718506 ] } },
{ "type": "Feature", "properties": { "particle": 677, "seed_idx": 33, "valid": true }, "geometry": { "type": "Point", "coordinates": [ -0.32256019115448, 5.509179592132568 ] } },
{ "type": "Feature", "properties": { "particle": 678, "seed_idx": 33, "valid": true }, "geometry": { "type": "Point", "coordinates": [ -0.322344332933426, 5.508255958557129 ] } },
{ "type": "Feature", "properties": { "particle": 679, "seed_idx": 33, "valid": true }, "geometry": { "type": "Point", "coordinates": [ -0.323347896337509, 5.507334232330322 ] } },
{ "type": "Feature", "properties": { "particle": 680, "seed_idx": 34, "valid": true }, "geometry": { "type": "Point", "coordinates": [ -0.321550905704498, 5.508598327636719 ] } },
{ "type": "Feature", "properties": { "particle": 681, "seed_idx": 34, "valid": true }, "geometry": { "type": "Point", "coordinates": [ -0.322538822889328, 5.508553981781006 ] } },
{ "type": "Feature", "properties": { "particle": 682, "seed_idx": 34, "valid": true }, "geometry": { "type": "Point", "coordinates": [ -0.321606248617172, 5.508851051330566 ] } },
{ "type": "Feature", "properties": { "particle": 683, "seed_idx": 34, "valid": true }, "geometry": { "type": "Point", "coordinates": [ -0.323298662900925, 5.508741855621338 ] } },
{ "type": "Feature", "properties": { "particle": 684, "seed_idx": 34, "valid": true }, "geometry": { "type": "Point", "coordinates": [ -0.321356117725372, 5.508766174316406 ] } },
{ "type": "Feature", "properties": { "particle": 685, "seed_idx": 34, "valid": true }, "geometry": { "type": "Point", "coordinates": [ -0.32179582118988, 5.508861064910889 ] } },
{ "type": "Feature", "properties": { "particle": 686, "seed_idx": 34, "valid": true }, "geometry": { "type": "Point", "coordinates": [ -0.322388589382172, 5.508703708648682 ] } },
{ "type": "Feature", "properties": { "particle": 687, "seed_idx": 34, "valid": true }, "geometry": { "type": "Point", "coordinates": [ -0.323255211114883, 5.50794506072998 ] } },
{ "type": "Feature", "properties": { "particle": 688, "seed_idx": 34, "valid": true }, "geometry": { "type": "Point", "coordinates": [ -0.322475045919418, 5.508217334747314 ] } },
{ "type": "Feature", "properties": { "particle": 689, "seed_idx": 34, "valid": true }, "geometry": { "type": "Point", "coordinates": [ -0.320939242839813, 5.509160041809082 ] } },
{ "type": "Feature", "properties": { "particle": 690, "seed_idx": 34, "valid": true }, "geometry": { "type": "Point", "coordinates": [ -0.322290122509003, 5.508198261260986 ] } },
{ "type": "Feature", "properties": { "particle": 691, "seed_idx": 34, "valid": true }, "geometry": { "type": "Point", "coordinates": [ -0.322110801935196, 5.509143829345703 ] } },
{ "type": "Feature", "properties": { "particle": 692, "seed_idx": 34, "valid": true }, "geometry": { "type": "Point", "coordinates": [ -0.322039484977722, 5.508440017700195 ] } },
{ "type": "Feature", "properties": { "particle": 693, "seed_idx": 34, "valid": true }, "geometry": { "type": "Point", "coordinates": [ -0.322396814823151, 5.508482456207275 ] } },
{ "type": "Feature", "properties": { "particle": 694, "seed_idx": 34, "valid": true }, "geometry": { "type": "Point", "coordinates": [ -0.322756737470627, 5.50856876373291 ] } },
{ "type": "Feature", "properties": { "particle": 695, "seed_idx": 34, "valid": true }, "geometry": { "type": "Point", "coordinates": [ -0.321758776903152, 5.509207248687744 ] } },
{ "type": "Feature", "properties": { "particle": 696, "seed_idx": 34, "valid": true }, "geometry": { "type": "Point", "coordinates": [ -0.321393996477127, 5.508682250976562 ] } },
{ "type": "Feature", "properties": { "particle": 697, "seed_idx": 34, "valid": true }, "geometry": { "type": "Point", "coordinates": [ -0.323314934968948, 5.508403778076172 ] } },
{ "type": "Feature", "properties": { "particle": 698, "seed_idx": 34, "valid": true }, "geometry": { "type": "Point", "coordinates": [ -0.322714149951935, 5.508445739746094 ] } },
{ "type": "Feature", "properties": { "particle": 699, "seed_idx": 34, "valid": true }, "geometry": { "type": "Point", "coordinates": [ -0.322279185056686, 5.508534908294678 ] } },
{ "type": "Feature", "properties": { "particle": 700, "seed_idx": 35, "valid": true }, "geometry": { "type": "Point", "coordinates": [ -0.322203785181046, 5.508560180664062 ] } },
{ "type": "Feature", "properties": { "particle": 701, "seed_idx": 35, "valid": true }, "geometry": { "type": "Point", "coordinates": [ -0.321022689342499, 5.50884485244751 ] } },
{ "type": "Feature", "properties": { "particle": 702, "seed_idx": 35, "valid": true }, "geometry": { "type": "Point", "coordinates": [ -0.321412086486816, 5.508755207061768 ] } },
{ "type": "Feature", "properties": { "particle": 703, "seed_idx": 35, "valid": true }, "geometry": { "type": "Point", "coordinates": [ -0.321630239486694, 5.508991241455078 ] } },
{ "type": "Feature", "properties": { "particle": 704, "seed_idx": 35, "valid": true }, "geometry": { "type": "Point", "coordinates": [ -0.32229882478714, 5.508435726165771 ] } },
{ "type": "Feature", "properties": { "particle": 705, "seed_idx": 35, "valid": true }, "geometry": { "type": "Point", "coordinates": [ -0.321390211582184, 5.509050846099854 ] } },
{ "type": "Feature", "properties": { "particle": 706, "seed_idx": 35, "valid": true }, "geometry": { "type": "Point", "coordinates": [ -0.321437895298004, 5.509269714355469 ] } },
{ "type": "Feature", "properties": { "particle": 707, "seed_idx": 35, "valid": true }, "geometry": { "type": "Point", "coordinates": [ -0.32371324300766, 5.507956504821777 ] } },
{ "type": "Feature", "properties": { "particle": 708, "seed_idx": 35, "valid": true }, "geometry": { "type": "Point", "coordinates": [ -0.321557462215424, 5.509052753448486 ] } },
{ "type": "Feature", "properties": { "particle": 709, "seed_idx": 35, "valid": true }, "geometry": { "type": "Point", "coordinates": [ -0.320835828781128, 5.509048461914062 ] } },
{ "type": "Feature", "properties": { "particle": 710, "seed_idx": 35, "valid": true }, "geometry": { "type": "Point", "coordinates": [ -0.322055578231812, 5.509297370910645 ] } },
{ "type": "Feature", "properties": { "particle": 711, "seed_idx": 35, "valid": true }, "geometry": { "type": "Point", "coordinates": [ -0.322613418102264, 5.50850772857666 ] } },
{ "type": "Feature", "properties": { "particle": 712, "seed_idx": 35, "valid": true }, "geometry": { "type": "Point", "coordinates": [ -0.321972846984863, 5.508362293243408 ] } },
{ "type": "Feature", "properties": { "particle": 713, "seed_idx": 35, "valid": true }, "geometry": { "type": "Point", "coordinates": [ -0.320524722337723, 5.509285926818848 ] } },
{ "type": "Feature", "properties": { "particle": 714, "seed_idx": 35, "valid": true }, "geometry": { "type": "Point", "coordinates": [ -0.32261335849762, 5.508083343505859 ] } },
{ "type": "Feature", "properties": { "particle": 715, "seed_idx": 35, "valid": true }, "geometry": { "type": "Point", "coordinates": [ -0.322320610284805, 5.507988452911377 ] } },
{ "type": "Feature", "properties": { "particle": 716, "seed_idx": 35, "valid": true }, "geometry": { "type": "Point", "coordinates": [ -0.321333378553391, 5.508953094482422 ] } },
{ "type": "Feature", "properties": { "particle": 717, "seed_idx": 35, "valid": true }, "geometry": { "type": "Point", "coordinates": [ -0.321777313947678, 5.508733749389648 ] } },
{ "type": "Feature", "properties": { "particle": 718, "seed_idx": 35, "valid": true }, "geometry": { "type": "Point", "coordinates": [ -0.322592586278915, 5.508195400238037 ] } },
{ "type": "Feature", "properties": { "particle": 719, "seed_idx": 35, "valid": true }, "geometry": { "type": "Point", "coordinates": [ -0.321260541677475, 5.508231639862061 ] } },
{ "type": "Feature", "properties": { "particle": 720, "seed_idx": 36, "valid": true }, "geometry": { "type": "Point", "coordinates": [ -0.321214914321899, 5.50888204574585 ] } },
{ "type": "Feature", "properties": { "particle": 721, "seed_idx": 36, "valid": true }, "geometry": { "type": "Point", "coordinates": [ -0.32154592871666, 5.508907794952393 ] } },
{ "type": "Feature", "properties": { "particle": 722, "seed_idx": 36, "valid": true }, "geometry": { "type": "Point", "coordinates": [ -0.321261376142502, 5.508944988250732 ] } },
{ "type": "Feature", "properties": { "particle": 723, "seed_idx": 36, "valid": true }, "geometry": { "type": "Point", "coordinates": [ -0.321195751428604, 5.508304595947266 ] } },
{ "type": "Feature", "properties": { "particle": 724, "seed_idx": 36, "valid": true }, "geometry": { "type": "Point", "coordinates": [ -0.322322249412537, 5.508369922637939 ] } },
{ "type": "Feature", "properties": { "particle": 725, "seed_idx": 36, "valid": true }, "geometry": { "type": "Point", "coordinates": [ -0.321369409561157, 5.508423805236816 ] } },
{ "type": "Feature", "properties": { "particle": 726, "seed_idx": 36, "valid": true }, "geometry": { "type": "Point", "coordinates": [ -0.321527808904648, 5.508237838745117 ] } },
{ "type": "Feature", "properties": { "particle": 727, "seed_idx": 36, "valid": true }, "geometry": { "type": "Point", "coordinates": [ -0.322847127914429, 5.507864475250244 ] } },
{ "type": "Feature", "properties": { "particle": 728, "seed_idx": 36, "valid": true }, "geometry": { "type": "Point", "coordinates": [ -0.321441203355789, 5.508491039276123 ] } },
{ "type": "Feature", "properties": { "particle": 729, "seed_idx": 36, "valid": true }, "geometry": { "type": "Point", "coordinates": [ -0.323514103889465, 5.507332801818848 ] } },
{ "type": "Feature", "properties": { "particle": 730, "seed_idx": 36, "valid": true }, "geometry": { "type": "Point", "coordinates": [ -0.321690142154694, 5.508819580078125 ] } },
{ "type": "Feature", "properties": { "particle": 731, "seed_idx": 36, "valid": true }, "geometry": { "type": "Point", "coordinates": [ -0.321159273386002, 5.50915002822876 ] } },
{ "type": "Feature", "properties": { "particle": 732, "seed_idx": 36, "valid": true }, "geometry": { "type": "Point", "coordinates": [ -0.320902824401855, 5.509224891662598 ] } },
{ "type": "Feature", "properties": { "particle": 733, "seed_idx": 36, "valid": true }, "geometry": { "type": "Point", "coordinates": [ -0.32220247387886, 5.508508205413818 ] } },
{ "type": "Feature", "properties": { "particle": 734, "seed_idx": 36, "valid": true }, "geometry": { "type": "Point", "coordinates": [ -0.321009665727615, 5.509125232696533 ] } },
{ "type": "Feature", "properties": { "particle": 735, "seed_idx": 36, "valid": true }, "geometry": { "type": "Point", "coordinates": [ -0.321796745061874, 5.507895946502686 ] } },
{ "type": "Feature", "properties": { "particle": 736, "seed_idx": 36, "valid": true }, "geometry": { "type": "Point", "coordinates": [ -0.32333055138588, 5.507031917572021 ] } },
{ "type": "Feature", "properties": { "particle": 737, "seed_idx": 36, "valid": true }, "geometry": { "type": "Point", "coordinates": [ -0.321871191263199, 5.508497714996338 ] } },
{ "type": "Feature", "properties": { "particle": 738, "seed_idx": 36, "valid": true }, "geometry": { "type": "Point", "coordinates": [ -0.320769071578979, 5.508979797363281 ] } },
{ "type": "Feature", "properties": { "particle": 739, "seed_idx": 36, "valid": true }, "geometry": { "type": "Point", "coordinates": [ -0.32214543223381, 5.509033679962158 ] } },
{ "type": "Feature", "properties": { "particle": 740, "seed_idx": 37, "valid": true }, "geometry": { "type": "Point", "coordinates": [ -0.321409106254578, 5.508126735687256 ] } },
{ "type": "Feature", "properties": { "particle": 741, "seed_idx": 37, "valid": true }, "geometry": { "type": "Point", "coordinates": [ -0.320778608322144, 5.5091872215271 ] } },
{ "type": "Feature", "properties": { "particle": 742, "seed_idx": 37, "valid": true }, "geometry": { "type": "Point", "coordinates": [ -0.321446597576141, 5.508506774902344 ] } },
{ "type": "Feature", "properties": { "particle": 743, "seed_idx": 37, "valid": true }, "geometry": { "type": "Point", "coordinates": [ -0.322151005268097, 5.508838653564453 ] } },
{ "type": "Feature", "properties": { "particle": 744, "seed_idx": 37, "valid": true }, "geometry": { "type": "Point", "coordinates": [ -0.32102957367897, 5.509035587310791 ] } },
{ "type": "Feature", "properties": { "particle": 745, "seed_idx": 37, "valid": true }, "geometry": { "type": "Point", "coordinates": [ -0.320160716772079, 5.509227275848389 ] } },
{ "type": "Feature", "properties": { "particle": 746, "seed_idx": 37, "valid": true }, "geometry": { "type": "Point", "coordinates": [ -0.32045790553093, 5.508925914764404 ] } },
{ "type": "Feature", "properties": { "particle": 747, "seed_idx": 37, "valid": true }, "geometry": { "type": "Point", "coordinates": [ -0.320478767156601, 5.50886058807373 ] } },
{ "type": "Feature", "properties": { "particle": 748, "seed_idx": 37, "valid": true }, "geometry": { "type": "Point", "coordinates": [ -0.320809155702591, 5.508309841156006 ] } },
{ "type": "Feature", "properties": { "particle": 749, "seed_idx": 37, "valid": true }, "geometry": { "type": "Point", "coordinates": [ -0.32044717669487, 5.508670330047607 ] } },
{ "type": "Feature", "properties": { "particle": 750, "seed_idx": 37, "valid": true }, "geometry": { "type": "Point", "coordinates": [ -0.32138004899025, 5.508563041687012 ] } },
{ "type": "Feature", "properties": { "particle": 751, "seed_idx": 37, "valid": true }, "geometry": { "type": "Point", "coordinates": [ -0.320915371179581, 5.50804615020752 ] } },
{ "type": "Feature", "properties": { "particle": 752, "seed_idx": 37, "valid": true }, "geometry": { "type": "Point", "coordinates": [ -0.32087317109108, 5.50898551940918 ] } },
{ "type": "Feature", "properties": { "particle": 753, "seed_idx": 37, "valid": true }, "geometry": { "type": "Point", "coordinates": [ -0.321972042322159, 5.508245468139648 ] } },
{ "type": "Feature", "properties": { "particle": 754, "seed_idx": 37, "valid": true }, "geometry": { "type": "Point", "coordinates": [ -0.322022706270218, 5.50816011428833 ] } },
{ "type": "Feature", "properties": { "particle": 755, "seed_idx": 37, "valid": true }, "geometry": { "type": "Point", "coordinates": [ -0.321689635515213, 5.509167194366455 ] } },
{ "type": "Feature", "properties": { "particle": 756, "seed_idx": 37, "valid": true }, "geometry": { "type": "Point", "coordinates": [ -0.321061044931412, 5.508546829223633 ] } },
{ "type": "Feature", "properties": { "particle": 757, "seed_idx": 37, "valid": true }, "geometry": { "type": "Point", "coordinates": [ -0.322988867759705, 5.507818222045898 ] } },
{ "type": "Feature", "properties": { "particle": 758, "seed_idx": 37, "valid": true }, "geometry": { "type": "Point", "coordinates": [ -0.320719391107559, 5.508472442626953 ] } },
{ "type": "Feature", "properties": { "particle": 759, "seed_idx": 37, "valid": true }, "geometry": { "type": "Point", "coordinates": [ -0.320747643709183, 5.508748054504395 ] } },
{ "type": "Feature", "properties": { "particle": 760, "seed_idx": 38, "valid": true }, "geometry": { "type": "Point", "coordinates": [ -0.321404635906219, 5.508629322052002 ] } },
{ "type": "Feature", "properties": { "particle": 761, "seed_idx": 38, "valid": true }, "geometry": { "type": "Point", "coordinates": [ -0.320915579795837, 5.509228706359863 ] } },
{ "type": "Feature", "properties": { "particle": 762, "seed_idx": 38, "valid": true }, "geometry": { "type": "Point", "coordinates": [ -0.320754498243332, 5.50913143157959 ] } },
{ "type": "Feature", "properties": { "particle": 763, "seed_idx": 38, "valid": true }, "geometry": { "type": "Point", "coordinates": [ -0.320799380540848, 5.509154796600342 ] } },
{ "type": "Feature", "properties": { "particle": 764, "seed_idx": 38, "valid": true }, "geometry": { "type": "Point", "coordinates": [ -0.320887625217438, 5.508839130401611 ] } },
{ "type": "Feature", "properties": { "particle": 765, "seed_idx": 38, "valid": true }, "geometry": { "type": "Point", "coordinates": [ -0.321828216314316, 5.509442329406738 ] } },
{ "type": "Feature", "properties": { "particle": 766, "seed_idx": 38, "valid": true }, "geometry": { "type": "Point", "coordinates": [ -0.321014195680618, 5.508994102478027 ] } },
{ "type": "Feature", "properties": { "particle": 767, "seed_idx": 38, "valid": true }, "geometry": { "type": "Point", "coordinates": [ -0.32204607129097, 5.507881164550781 ] } },
{ "type": "Feature", "properties": { "particle": 768, "seed_idx": 38, "valid": true }, "geometry": { "type": "Point", "coordinates": [ -0.319889664649963, 5.509452342987061 ] } },
{ "type": "Feature", "properties": { "particle": 769, "seed_idx": 38, "valid": true }, "geometry": { "type": "Point", "coordinates": [ -0.321112602949142, 5.508821964263916 ] } },
{ "type": "Feature", "properties": { "particle": 770, "seed_idx": 38, "valid": true }, "geometry": { "type": "Point", "coordinates": [ -0.320544391870499, 5.509146690368652 ] } },
{ "type": "Feature", "properties": { "particle": 771, "seed_idx": 38, "valid": true }, "geometry": { "type": "Point", "coordinates": [ -0.320432215929031, 5.508949756622314 ] } },
{ "type": "Feature", "properties": { "particle": 772, "seed_idx": 38, "valid": true }, "geometry": { "type": "Point", "coordinates": [ -0.320573747158051, 5.508622169494629 ] } },
{ "type": "Feature", "properties": { "particle": 773, "seed_idx": 38, "valid": true }, "geometry": { "type": "Point", "coordinates": [ -0.320095926523209, 5.509397506713867 ] } },
{ "type": "Feature", "properties": { "particle": 774, "seed_idx": 38, "valid": true }, "geometry": { "type": "Point", "coordinates": [ -0.320937901735306, 5.50898265838623 ] } },
{ "type": "Feature", "properties": { "particle": 775, "seed_idx": 38, "valid": true }, "geometry": { "type": "Point", "coordinates": [ -0.320999294519424, 5.508687496185303 ] } },
{ "type": "Feature", "properties": { "particle": 776, "seed_idx": 38, "valid": true }, "geometry": { "type": "Point", "coordinates": [ -0.321364045143127, 5.508406162261963 ] } },
{ "type": "Feature", "properties": { "particle": 777, "seed_idx": 38, "valid": true }, "geometry": { "type": "Point", "coordinates": [ -0.320788443088531, 5.508866786956787 ] } },
{ "type": "Feature", "properties": { "particle": 778, "seed_idx": 38, "valid": true }, "geometry": { "type": "Point", "coordinates": [ -0.320486932992935, 5.509119510650635 ] } },
{ "type": "Feature", "properties": { "particle": 779, "seed_idx": 38, "valid": true }, "geometry": { "type": "Point", "coordinates": [ -0.320391446352005, 5.509068489074707 ] } },
{ "type": "Feature", "properties": { "particle": 780, "seed_idx": 39, "valid": true }, "geometry": { "type": "Point", "coordinates": [ -0.320189923048019, 5.508820056915283 ] } },
{ "type": "Feature", "properties": { "particle": 781, "seed_idx": 39, "valid": true }, "geometry": { "type": "Point", "coordinates": [ -0.320959329605103, 5.509270191192627 ] } },
{ "type": "Feature", "properties": { "particle": 782, "seed_idx": 39, "valid": true }, "geometry": { "type": "Point", "coordinates": [ -0.320553511381149, 5.509374141693115 ] } },
{ "type": "Feature", "properties": { "particle": 783, "seed_idx": 39, "valid": true }, "geometry": { "type": "Point", "coordinates": [ -0.322388172149658, 5.507763862609863 ] } },
{ "type": "Feature", "properties": { "particle": 784, "seed_idx": 39, "valid": true }, "geometry": { "type": "Point", "coordinates": [ -0.32153108716011, 5.50889778137207 ] } },
{ "type": "Feature", "properties": { "particle": 785, "seed_idx": 39, "valid": true }, "geometry": { "type": "Point", "coordinates": [ -0.319737315177917, 5.509466171264648 ] } },
{ "type": "Feature", "properties": { "particle": 786, "seed_idx": 39, "valid": true }, "geometry": { "type": "Point", "coordinates": [ -0.320140510797501, 5.50927209854126 ] } },
{ "type": "Feature", "properties": { "particle": 787, "seed_idx": 39, "valid": true }, "geometry": { "type": "Point", "coordinates": [ -0.320414215326309, 5.508837223052979 ] } },
{ "type": "Feature", "properties": { "particle": 788, "seed_idx": 39, "valid": true }, "geometry": { "type": "Point", "coordinates": [ -0.321344435214996, 5.509481906890869 ] } },
{ "type": "Feature", "properties": { "particle": 789, "seed_idx": 39, "valid": true }, "geometry": { "type": "Point", "coordinates": [ -0.320318162441254, 5.509386539459229 ] } },
{ "type": "Feature", "properties": { "particle": 790, "seed_idx": 39, "valid": true }, "geometry": { "type": "Point", "coordinates": [ -0.320464372634888, 5.509046077728271 ] } },
{ "type": "Feature", "properties": { "particle": 791, "seed_idx": 39, "valid": true }, "geometry": { "type": "Point", "coordinates": [ -0.3210289478302, 5.508852005004883 ] } },
{ "type": "Feature", "properties": { "particle": 792, "seed_idx": 39, "valid": true }, "geometry": { "type": "Point", "coordinates": [ -0.320671647787094, 5.509406089782715 ] } },
{ "type": "Feature", "properties": { "particle": 793, "seed_idx": 39, "valid": true }, "geometry": { "type": "Point", "coordinates": [ -0.321599423885345, 5.509738445281982 ] } },
{ "type": "Feature", "properties": { "particle": 794, "seed_idx": 39, "valid": true }, "geometry": { "type": "Point", "coordinates": [ -0.321694582700729, 5.508697986602783 ] } },
{ "type": "Feature", "properties": { "particle": 795, "seed_idx": 39, "valid": true }, "geometry": { "type": "Point", "coordinates": [ -0.319660395383835, 5.509523868560791 ] } },
{ "type": "Feature", "properties": { "particle": 796, "seed_idx": 39, "valid": true }, "geometry": { "type": "Point", "coordinates": [ -0.32156503200531, 5.508751392364502 ] } },
{ "type": "Feature", "properties": { "particle": 797, "seed_idx": 39, "valid": true }, "geometry": { "type": "Point", "coordinates": [ -0.320480048656464, 5.509008407592773 ] } },
{ "type": "Feature", "properties": { "particle": 798, "seed_idx": 39, "valid": true }, "geometry": { "type": "Point", "coordinates": [ -0.320328056812286, 5.509369373321533 ] } },
{ "type": "Feature", "properties": { "particle": 799, "seed_idx": 39, "valid": true }, "geometry": { "type": "Point", "coordinates": [ -0.320797294378281, 5.50926399230957 ] } },
{ "type": "Feature", "properties": { "particle": 800, "seed_idx": 40, "valid": true }, "geometry": { "type": "Point", "coordinates": [ -0.320063889026642, 5.509336948394775 ] } },
{ "type": "Feature", "properties": { "particle": 801, "seed_idx": 40, "valid": true }, "geometry": { "type": "Point", "coordinates": [ -0.320944726467133, 5.508368015289307 ] } },
{ "type": "Feature", "properties": { "particle": 802, "seed_idx": 40, "valid": true }, "geometry": { "type": "Point", "coordinates": [ -0.319669872522354, 5.509516716003418 ] } },
{ "type": "Feature", "properties": { "particle": 803, "seed_idx": 40, "valid": true }, "geometry": { "type": "Point", "coordinates": [ -0.321324855089188, 5.509120941162109 ] } },
{ "type": "Feature", "properties": { "particle": 804, "seed_idx": 40, "valid": true }, "geometry": { "type": "Point", "coordinates": [ -0.321943789720535, 5.508960723876953 ] } },
{ "type": "Feature", "properties": { "particle": 805, "seed_idx": 40, "valid": true }, "geometry": { "type": "Point", "coordinates": [ -0.319393038749695, 5.509791851043701 ] } },
{ "type": "Feature", "properties": { "particle": 806, "seed_idx": 40, "valid": true }, "geometry": { "type": "Point", "coordinates": [ -0.320472449064255, 5.509404182434082 ] } },
{ "type": "Feature", "properties": { "particle": 807, "seed_idx": 40, "valid": true }, "geometry": { "type": "Point", "coordinates": [ -0.320032894611359, 5.509111881256104 ] } },
{ "type": "Feature", "properties": { "particle": 808, "seed_idx": 40, "valid": true }, "geometry": { "type": "Point", "coordinates": [ -0.320496678352356, 5.508973121643066 ] } },
{ "type": "Feature", "properties": { "particle": 809, "seed_idx": 40, "valid": true }, "geometry": { "type": "Point", "coordinates": [ -0.320409774780273, 5.509380340576172 ] } },
{ "type": "Feature", "properties": { "particle": 810, "seed_idx": 40, "valid": true }, "geometry": { "type": "Point", "coordinates": [ -0.320642471313477, 5.509041786193848 ] } },
{ "type": "Feature", "properties": { "particle": 811, "seed_idx": 40, "valid": true }, "geometry": { "type": "Point", "coordinates": [ -0.319556444883347, 5.509681224822998 ] } },
{ "type": "Feature", "properties": { "particle": 812, "seed_idx": 40, "valid": true }, "geometry": { "type": "Point", "coordinates": [ -0.319422274827957, 5.509696960449219 ] } },
{ "type": "Feature", "properties": { "particle": 813, "seed_idx": 40, "valid": true }, "geometry": { "type": "Point", "coordinates": [ -0.320212423801422, 5.508895874023438 ] } },
{ "type": "Feature", "properties": { "particle": 814, "seed_idx": 40, "valid": true }, "geometry": { "type": "Point", "coordinates": [ -0.319892913103104, 5.509555339813232 ] } },
{ "type": "Feature", "properties": { "particle": 815, "seed_idx": 40, "valid": true }, "geometry": { "type": "Point", "coordinates": [ -0.320109814405441, 5.509079456329346 ] } },
{ "type": "Feature", "properties": { "particle": 816, "seed_idx": 40, "valid": true }, "geometry": { "type": "Point", "coordinates": [ -0.32073301076889, 5.509109973907471 ] } },
{ "type": "Feature", "properties": { "particle": 817, "seed_idx": 40, "valid": true }, "geometry": { "type": "Point", "coordinates": [ -0.321008175611496, 5.508650779724121 ] } },
{ "type": "Feature", "properties": { "particle": 818, "seed_idx": 40, "valid": true }, "geometry": { "type": "Point", "coordinates": [ -0.319580733776093, 5.50959300994873 ] } },
{ "type": "Feature", "properties": { "particle": 819, "seed_idx": 40, "valid": true }, "geometry": { "type": "Point", "coordinates": [ -0.3201944231987, 5.509015083312988 ] } },
{ "type": "Feature", "properties": { "particle": 820, "seed_idx": 41, "valid": true }, "geometry": { "type": "Point", "coordinates": [ -0.319544911384583, 5.50992488861084 ] } },
{ "type": "Feature", "properties": { "particle": 821, "seed_idx": 41, "valid": true }, "geometry": { "type": "Point", "coordinates": [ -0.319911628961563, 5.509396553039551 ] } },
{ "type": "Feature", "properties": { "particle": 822, "seed_idx": 41, "valid": true }, "geometry": { "type": "Point", "coordinates": [ -0.320532232522964, 5.509089946746826 ] } },
{ "type": "Feature", "properties": { "particle": 823, "seed_idx": 41, "valid": true }, "geometry": { "type": "Point", "coordinates": [ -0.32029265165329, 5.510132312774658 ] } },
{ "type": "Feature", "properties": { "particle": 824, "seed_idx": 41, "valid": true }, "geometry": { "type": "Point", "coordinates": [ -0.319786250591278, 5.509449481964111 ] } },
{ "type": "Feature", "properties": { "particle": 825, "seed_idx": 41, "valid": true }, "geometry": { "type": "Point", "coordinates": [ -0.319349557161331, 5.509871482849121 ] } },
{ "type": "Feature", "properties": { "particle": 826, "seed_idx": 41, "valid": true }, "geometry": { "type": "Point", "coordinates": [ -0.319436818361282, 5.509791851043701 ] } },
{ "type": "Feature", "properties": { "particle": 827, "seed_idx": 41, "valid": true }, "geometry": { "type": "Point", "coordinates": [ -0.320620983839035, 5.509790897369385 ] } },
{ "type": "Feature", "properties": { "particle": 828, "seed_idx": 41, "valid": true }, "geometry": { "type": "Point", "coordinates": [ -0.320743978023529, 5.508581638336182 ] } },
{ "type": "Feature", "properties": { "particle": 829, "seed_idx": 41, "valid": true }, "geometry": { "type": "Point", "coordinates": [ -0.320349961519241, 5.509150505065918 ] } },
{ "type": "Feature", "properties": { "particle": 830, "seed_idx": 41, "valid": true }, "geometry": { "type": "Point", "coordinates": [ -0.319622725248337, 5.509798526763916 ] } },
{ "type": "Feature", "properties": { "particle": 831, "seed_idx": 41, "valid": true }, "geometry": { "type": "Point", "coordinates": [ -0.319330930709839, 5.509876251220703 ] } },
{ "type": "Feature", "properties": { "particle": 832, "seed_idx": 41, "valid": true }, "geometry": { "type": "Point", "coordinates": [ -0.32035031914711, 5.509869575500488 ] } },
{ "type": "Feature", "properties": { "particle": 833, "seed_idx": 41, "valid": true }, "geometry": { "type": "Point", "coordinates": [ -0.31978714466095, 5.509752750396729 ] } },
{ "type": "Feature", "properties": { "particle": 834, "seed_idx": 41, "valid": true }, "geometry": { "type": "Point", "coordinates": [ -0.32066884636879, 5.509410381317139 ] } },
{ "type": "Feature", "properties": { "particle": 835, "seed_idx": 41, "valid": true }, "geometry": { "type": "Point", "coordinates": [ -0.321345806121826, 5.509232044219971 ] } },
{ "type": "Feature", "properties": { "particle": 836, "seed_idx": 41, "valid": true }, "geometry": { "type": "Point", "coordinates": [ -0.319155424833298, 5.510026931762695 ] } },
{ "type": "Feature", "properties": { "particle": 837, "seed_idx": 41, "valid": true }, "geometry": { "type": "Point", "coordinates": [ -0.319344401359558, 5.509950160980225 ] } },
{ "type": "Feature", "properties": { "particle": 838, "seed_idx": 41, "valid": true }, "geometry": { "type": "Point", "coordinates": [ -0.321356177330017, 5.508533477783203 ] } },
{ "type": "Feature", "properties": { "particle": 839, "seed_idx": 41, "valid": true }, "geometry": { "type": "Point", "coordinates": [ -0.319625496864319, 5.509363174438477 ] } },
{ "type": "Feature", "properties": { "particle": 840, "seed_idx": 42, "valid": true }, "geometry": { "type": "Point", "coordinates": [ -0.319428563117981, 5.50980806350708 ] } },
{ "type": "Feature", "properties": { "particle": 841, "seed_idx": 42, "valid": true }, "geometry": { "type": "Point", "coordinates": [ -0.319708675146103, 5.509537696838379 ] } },
{ "type": "Feature", "properties": { "particle": 842, "seed_idx": 42, "valid": true }, "geometry": { "type": "Point", "coordinates": [ -0.318971216678619, 5.510117053985596 ] } },
{ "type": "Feature", "properties": { "particle": 843, "seed_idx": 42, "valid": true }, "geometry": { "type": "Point", "coordinates": [ -0.319188296794891, 5.509833812713623 ] } },
{ "type": "Feature", "properties": { "particle": 844, "seed_idx": 42, "valid": true }, "geometry": { "type": "Point", "coordinates": [ -0.320449858903885, 5.509339809417725 ] } },
{ "type": "Feature", "properties": { "particle": 845, "seed_idx": 42, "valid": true }, "geometry": { "type": "Point", "coordinates": [ -0.321242719888687, 5.509120464324951 ] } },
{ "type": "Feature", "properties": { "particle": 846, "seed_idx": 42, "valid": true }, "geometry": { "type": "Point", "coordinates": [ -0.319703131914139, 5.509386539459229 ] } },
{ "type": "Feature", "properties": { "particle": 847, "seed_idx": 42, "valid": true }, "geometry": { "type": "Point", "coordinates": [ -0.319736629724503, 5.509674072265625 ] } },
{ "type": "Feature", "properties": { "particle": 848, "seed_idx": 42, "valid": true }, "geometry": { "type": "Point", "coordinates": [ -0.319439709186554, 5.509668350219727 ] } },
{ "type": "Feature", "properties": { "particle": 849, "seed_idx": 42, "valid": true }, "geometry": { "type": "Point", "coordinates": [ -0.319637835025787, 5.510061264038086 ] } },
{ "type": "Feature", "properties": { "particle": 850, "seed_idx": 42, "valid": true }, "geometry": { "type": "Point", "coordinates": [ -0.319568663835526, 5.509623527526855 ] } },
{ "type": "Feature", "properties": { "particle": 851, "seed_idx": 42, "valid": true }, "geometry": { "type": "Point", "coordinates": [ -0.319903463125229, 5.509634494781494 ] } },
{ "type": "Feature", "properties": { "particle": 852, "seed_idx": 42, "valid": true }, "geometry": { "type": "Point", "coordinates": [ -0.319464296102524, 5.509660720825195 ] } },
{ "type": "Feature", "properties": { "particle": 853, "seed_idx": 42, "valid": true }, "geometry": { "type": "Point", "coordinates": [ -0.319137930870056, 5.509826183319092 ] } },
{ "type": "Feature", "properties": { "particle": 854, "seed_idx": 42, "valid": true }, "geometry": { "type": "Point", "coordinates": [ -0.319641441106796, 5.509328365325928 ] } },
{ "type": "Feature", "properties": { "particle": 855, "seed_idx": 42, "valid": true }, "geometry": { "type": "Point", "coordinates": [ -0.320944756269455, 5.509528160095215 ] } },
{ "type": "Feature", "properties": { "particle": 856, "seed_idx": 42, "valid": true }, "geometry": { "type": "Point", "coordinates": [ -0.319516360759735, 5.509784698486328 ] } },
{ "type": "Feature", "properties": { "particle": 857, "seed_idx": 42, "valid": true }, "geometry": { "type": "Point", "coordinates": [ -0.319688022136688, 5.509684085845947 ] } },
{ "type": "Feature", "properties": { "particle": 858, "seed_idx": 42, "valid": true }, "geometry": { "type": "Point", "coordinates": [ -0.318704754114151, 5.510189533233643 ] } },
{ "type": "Feature", "properties": { "particle": 859, "seed_idx": 42, "valid": true }, "geometry": { "type": "Point", "coordinates": [ -0.320541560649872, 5.508396148681641 ] } },
{ "type": "Feature", "properties": { "particle": 860, "seed_idx": 43, "valid": true }, "geometry": { "type": "Point", "coordinates": [ -0.319195300340652, 5.509429931640625 ] } },
{ "type": "Feature", "properties": { "particle": 861, "seed_idx": 43, "valid": true }, "geometry": { "type": "Point", "coordinates": [ -0.317961364984512, 5.508945941925049 ] } },
{ "type": "Feature", "properties": { "particle": 862, "seed_idx": 43, "valid": true }, "geometry": { "type": "Point", "coordinates": [ -0.318120777606964, 5.508932590484619 ] } },
{ "type": "Feature", "properties": { "particle": 863, "seed_idx": 43, "valid": true }, "geometry": { "type": "Point", "coordinates": [ -0.317335158586502, 5.509712219238281 ] } },
{ "type": "Feature", "properties": { "particle": 864, "seed_idx": 43, "valid": true }, "geometry": { "type": "Point", "coordinates": [ -0.317587733268738, 5.50973653793335 ] } },
{ "type": "Feature", "properties": { "particle": 865, "seed_idx": 43, "valid": true }, "geometry": { "type": "Point", "coordinates": [ -0.319088518619537, 5.508242130279541 ] } },
{ "type": "Feature", "properties": { "particle": 866, "seed_idx": 43, "valid": true }, "geometry": { "type": "Point", "coordinates": [ -0.31725025177002, 5.509556293487549 ] } },
{ "type": "Feature", "properties": { "particle": 867, "seed_idx": 43, "valid": true }, "geometry": { "type": "Point", "coordinates": [ -0.319092899560928, 5.508270263671875 ] } },
{ "type": "Feature", "properties": { "particle": 868, "seed_idx": 43, "valid": true }, "geometry": { "type": "Point", "coordinates": [ -0.317641526460648, 5.509603500366211 ] } },
{ "type": "Feature", "properties": { "particle": 869, "seed_idx": 43, "valid": true }, "geometry": { "type": "Point", "coordinates": [ -0.31862860918045, 5.509908676147461 ] } },
{ "type": "Feature", "properties": { "particle": 870, "seed_idx": 43, "valid": true }, "geometry": { "type": "Point", "coordinates": [ -0.318315774202347, 5.509360790252686 ] } },
{ "type": "Feature", "properties": { "particle": 871, "seed_idx": 43, "valid": true }, "geometry": { "type": "Point", "coordinates": [ -0.317956805229187, 5.509282112121582 ] } },
{ "type": "Feature", "properties": { "particle": 872, "seed_idx": 43, "valid": true }, "geometry": { "type": "Point", "coordinates": [ -0.317553579807281, 5.509489059448242 ] } },
{ "type": "Feature", "properties": { "particle": 873, "seed_idx": 43, "valid": true }, "geometry": { "type": "Point", "coordinates": [ -0.318242311477661, 5.509274005889893 ] } },
{ "type": "Feature", "properties": { "particle": 874, "seed_idx": 43, "valid": true }, "geometry": { "type": "Point", "coordinates": [ -0.317536383867264, 5.50955057144165 ] } },
{ "type": "Feature", "properties": { "particle": 875, "seed_idx": 43, "valid": true }, "geometry": { "type": "Point", "coordinates": [ -0.317667484283447, 5.509264945983887 ] } },
{ "type": "Feature", "properties": { "particle": 876, "seed_idx": 43, "valid": true }, "geometry": { "type": "Point", "coordinates": [ -0.318017691373825, 5.509127616882324 ] } },
{ "type": "Feature", "properties": { "particle": 877, "seed_idx": 43, "valid": true }, "geometry": { "type": "Point", "coordinates": [ -0.317649573087692, 5.509575366973877 ] } },
{ "type": "Feature", "properties": { "particle": 878, "seed_idx": 43, "valid": true }, "geometry": { "type": "Point", "coordinates": [ -0.318944185972214, 5.508841037750244 ] } },
{ "type": "Feature", "properties": { "particle": 879, "seed_idx": 43, "valid": true }, "geometry": { "type": "Point", "coordinates": [ -0.318588763475418, 5.508925437927246 ] } },
{ "type": "Feature", "properties": { "particle": 880, "seed_idx": 44, "valid": true }, "geometry": { "type": "Point", "coordinates": [ -0.318663477897644, 5.509861946105957 ] } },
{ "type": "Feature", "properties": { "particle": 881, "seed_idx": 44, "valid": true }, "geometry": { "type": "Point", "coordinates": [ -0.318474441766739, 5.510173320770264 ] } },
{ "type": "Feature", "properties": { "particle": 882, "seed_idx": 44, "valid": true }, "geometry": { "type": "Point", "coordinates": [ -0.319753289222717, 5.509186267852783 ] } },
{ "type": "Feature", "properties": { "particle": 883, "seed_idx": 44, "valid": true }, "geometry": { "type": "Point", "coordinates": [ -0.31936377286911, 5.509418964385986 ] } },
{ "type": "Feature", "properties": { "particle": 884, "seed_idx": 44, "valid": true }, "geometry": { "type": "Point", "coordinates": [ -0.318736910820007, 5.50951099395752 ] } },
{ "type": "Feature", "properties": { "particle": 885, "seed_idx": 44, "valid": true }, "geometry": { "type": "Point", "coordinates": [ -0.318979024887085, 5.510037422180176 ] } },
{ "type": "Feature", "properties": { "particle": 886, "seed_idx": 44, "valid": true }, "geometry": { "type": "Point", "coordinates": [ -0.319052129983902, 5.50948429107666 ] } },
{ "type": "Feature", "properties": { "particle": 887, "seed_idx": 44, "valid": true }, "geometry": { "type": "Point", "coordinates": [ -0.318306624889374, 5.50979471206665 ] } },
{ "type": "Feature", "properties": { "particle": 888, "seed_idx": 44, "valid": true }, "geometry": { "type": "Point", "coordinates": [ -0.318750292062759, 5.509279251098633 ] } },
{ "type": "Feature", "properties": { "particle": 889, "seed_idx": 44, "valid": true }, "geometry": { "type": "Point", "coordinates": [ -0.318722397089005, 5.509773731231689 ] } },
{ "type": "Feature", "properties": { "particle": 890, "seed_idx": 44, "valid": true }, "geometry": { "type": "Point", "coordinates": [ -0.319907665252686, 5.509533405303955 ] } },
{ "type": "Feature", "properties": { "particle": 891, "seed_idx": 44, "valid": true }, "geometry": { "type": "Point", "coordinates": [ -0.317925840616226, 5.510071754455566 ] } },
{ "type": "Feature", "properties": { "particle": 892, "seed_idx": 44, "valid": true }, "geometry": { "type": "Point", "coordinates": [ -0.318881660699844, 5.509740829467773 ] } },
{ "type": "Feature", "properties": { "particle": 893, "seed_idx": 44, "valid": true }, "geometry": { "type": "Point", "coordinates": [ -0.318897515535355, 5.509116649627686 ] } },
{ "type": "Feature", "properties": { "particle": 894, "seed_idx": 44, "valid": true }, "geometry": { "type": "Point", "coordinates": [ -0.318654716014862, 5.509468078613281 ] } },
{ "type": "Feature", "properties": { "particle": 895, "seed_idx": 44, "valid": true }, "geometry": { "type": "Point", "coordinates": [ -0.318810075521469, 5.509478092193604 ] } },
{ "type": "Feature", "properties": { "particle": 896, "seed_idx": 44, "valid": true }, "geometry": { "type": "Point", "coordinates": [ -0.318806558847427, 5.509749889373779 ] } },
{ "type": "Feature", "properties": { "particle": 897, "seed_idx": 44, "valid": true }, "geometry": { "type": "Point", "coordinates": [ -0.319408386945724, 5.509037971496582 ] } },
{ "type": "Feature", "properties": { "particle": 898, "seed_idx": 44, "valid": true }, "geometry": { "type": "Point", "coordinates": [ -0.319491893053055, 5.509679794311523 ] } },
{ "type": "Feature", "properties": { "particle": 899, "seed_idx": 44, "valid": true }, "geometry": { "type": "Point", "coordinates": [ -0.318331003189087, 5.509775638580322 ] } },
{ "type": "Feature", "properties": { "particle": 900, "seed_idx": 45, "valid": true }, "geometry": { "type": "Point", "coordinates": [ -0.319750159978867, 5.509669780731201 ] } },
{ "type": "Feature", "properties": { "particle": 901, "seed_idx": 45, "valid": true }, "geometry": { "type": "Point", "coordinates": [ -0.320559531450272, 5.509295463562012 ] } },
{ "type": "Feature", "properties": { "particle": 902, "seed_idx": 45, "valid": true }, "geometry": { "type": "Point", "coordinates": [ -0.319075495004654, 5.509884834289551 ] } },
{ "type": "Feature", "properties": { "particle": 903, "seed_idx": 45, "valid": true }, "geometry": { "type": "Point", "coordinates": [ -0.319388926029205, 5.509554386138916 ] } },
{ "type": "Feature", "properties": { "particle": 904, "seed_idx": 45, "valid": true }, "geometry": { "type": "Point", "coordinates": [ -0.318802535533905, 5.51012659072876 ] } },
{ "type": "Feature", "properties": { "particle": 905, "seed_idx": 45, "valid": true }, "geometry": { "type": "Point", "coordinates": [ -0.318874597549438, 5.509598255157471 ] } },
{ "type": "Feature", "properties": { "particle": 906, "seed_idx": 45, "valid": true }, "geometry": { "type": "Point", "coordinates": [ -0.319531291723251, 5.509407043457031 ] } },
{ "type": "Feature", "properties": { "particle": 907, "seed_idx": 45, "valid": true }, "geometry": { "type": "Point", "coordinates": [ -0.319538086652756, 5.509199619293213 ] } },
{ "type": "Feature", "properties": { "particle": 908, "seed_idx": 45, "valid": true }, "geometry": { "type": "Point", "coordinates": [ -0.31867927312851, 5.509912967681885 ] } },
{ "type": "Feature", "properties": { "particle": 909, "seed_idx": 45, "valid": true }, "geometry": { "type": "Point", "coordinates": [ -0.318771243095398, 5.509576320648193 ] } },
{ "type": "Feature", "properties": { "particle": 910, "seed_idx": 45, "valid": true }, "geometry": { "type": "Point", "coordinates": [ -0.318611592054367, 5.509613513946533 ] } },
{ "type": "Feature", "properties": { "particle": 911, "seed_idx": 45, "valid": true }, "geometry": { "type": "Point", "coordinates": [ -0.320733696222305, 5.50947904586792 ] } },
{ "type": "Feature", "properties": { "particle": 912, "seed_idx": 45, "valid": true }, "geometry": { "type": "Point", "coordinates": [ -0.318758875131607, 5.510017395019531 ] } },
{ "type": "Feature", "properties": { "particle": 913, "seed_idx": 45, "valid": true }, "geometry": { "type": "Point", "coordinates": [ -0.319587081670761, 5.509479522705078 ] } },
{ "type": "Feature", "properties": { "particle": 914, "seed_idx": 45, "valid": true }, "geometry": { "type": "Point", "coordinates": [ -0.318568050861359, 5.509967803955078 ] } },
{ "type": "Feature", "properties": { "particle": 915, "seed_idx": 45, "valid": true }, "geometry": { "type": "Point", "coordinates": [ -0.319047868251801, 5.509722709655762 ] } },
{ "type": "Feature", "properties": { "particle": 916, "seed_idx": 45, "valid": true }, "geometry": { "type": "Point", "coordinates": [ -0.318228363990784, 5.510204792022705 ] } },
{ "type": "Feature", "properties": { "particle": 917, "seed_idx": 45, "valid": true }, "geometry": { "type": "Point", "coordinates": [ -0.318880498409271, 5.510011672973633 ] } },
{ "type": "Feature", "properties": { "particle": 918, "seed_idx": 45, "valid": true }, "geometry": { "type": "Point", "coordinates": [ -0.319428682327271, 5.509241104125977 ] } },
{ "type": "Feature", "properties": { "particle": 919, "seed_idx": 45, "valid": true }, "geometry": { "type": "Point", "coordinates": [ -0.319382935762405, 5.509189605712891 ] } },
{ "type": "Feature", "properties": { "particle": 920, "seed_idx": 46, "valid": true }, "geometry": { "type": "Point", "coordinates": [ -0.319992035627365, 5.509174346923828 ] } },
{ "type": "Feature", "properties": { "particle": 921, "seed_idx": 46, "valid": true }, "geometry": { "type": "Point", "coordinates": [ -0.319696187973022, 5.509088039398193 ] } },
{ "type": "Feature", "properties": { "particle": 922, "seed_idx": 46, "valid": true }, "geometry": { "type": "Point", "coordinates": [ -0.318877220153809, 5.510197162628174 ] } },
{ "type": "Feature", "properties": { "particle": 923, "seed_idx": 46, "valid": true }, "geometry": { "type": "Point", "coordinates": [ -0.319829344749451, 5.50975513458252 ] } },
{ "type": "Feature", "properties": { "particle": 924, "seed_idx": 46, "valid": true }, "geometry": { "type": "Point", "coordinates": [ -0.31911888718605, 5.509859561920166 ] } },
{ "type": "Feature", "properties": { "particle": 925, "seed_idx": 46, "valid": true }, "geometry": { "type": "Point", "coordinates": [ -0.319015800952911, 5.510063648223877 ] } },
{ "type": "Feature", "properties": { "particle": 926, "seed_idx": 46, "valid": true }, "geometry": { "type": "Point", "coordinates": [ -0.31988063454628, 5.509826183319092 ] } },
{ "type": "Feature", "properties": { "particle": 927, "seed_idx": 46, "valid": true }, "geometry": { "type": "Point", "coordinates": [ -0.318707019090652, 5.509883880615234 ] } },
{ "type": "Feature", "properties": { "particle": 928, "seed_idx": 46, "valid": true }, "geometry": { "type": "Point", "coordinates": [ -0.321491539478302, 5.508560180664062 ] } },
{ "type": "Feature", "properties": { "particle": 929, "seed_idx": 46, "valid": true }, "geometry": { "type": "Point", "coordinates": [ -0.319803476333618, 5.510342597961426 ] } },
{ "type": "Feature", "properties": { "particle": 930, "seed_idx": 46, "valid": true }, "geometry": { "type": "Point", "coordinates": [ -0.319255530834198, 5.51003360748291 ] } },
{ "type": "Feature", "properties": { "particle": 931, "seed_idx": 46, "valid": true }, "geometry": { "type": "Point", "coordinates": [ -0.319439470767975, 5.509381294250488 ] } },
{ "type": "Feature", "properties": { "particle": 932, "seed_idx": 46, "valid": true }, "geometry": { "type": "Point", "coordinates": [ -0.319557785987854, 5.509559154510498 ] } },
{ "type": "Feature", "properties": { "particle": 933, "seed_idx": 46, "valid": true }, "geometry": { "type": "Point", "coordinates": [ -0.31924569606781, 5.509512901306152 ] } },
{ "type": "Feature", "properties": { "particle": 934, "seed_idx": 46, "valid": true }, "geometry": { "type": "Point", "coordinates": [ -0.319516897201538, 5.509418964385986 ] } },
{ "type": "Feature", "properties": { "particle": 935, "seed_idx": 46, "valid": true }, "geometry": { "type": "Point", "coordinates": [ -0.319756388664246, 5.509904861450195 ] } },
{ "type": "Feature", "properties": { "particle": 936, "seed_idx": 46, "valid": true }, "geometry": { "type": "Point", "coordinates": [ -0.320051461458206, 5.509114742279053 ] } },
{ "type": "Feature", "properties": { "particle": 937, "seed_idx": 46, "valid": true }, "geometry": { "type": "Point", "coordinates": [ -0.319704711437225, 5.51005220413208 ] } },
{ "type": "Feature", "properties": { "particle": 938, "seed_idx": 46, "valid": true }, "geometry": { "type": "Point", "coordinates": [ -0.318595260381699, 5.510294437408447 ] } },
{ "type": "Feature", "properties": { "particle": 939, "seed_idx": 46, "valid": true }, "geometry": { "type": "Point", "coordinates": [ -0.319406300783157, 5.509851932525635 ] } },
{ "type": "Feature", "properties": { "particle": 940, "seed_idx": 47, "valid": true }, "geometry": { "type": "Point", "coordinates": [ -0.319747179746628, 5.510000705718994 ] } },
{ "type": "Feature", "properties": { "particle": 941, "seed_idx": 47, "valid": true }, "geometry": { "type": "Point", "coordinates": [ -0.319478094577789, 5.510248184204102 ] } },
{ "type": "Feature", "properties": { "particle": 942, "seed_idx": 47, "valid": true }, "geometry": { "type": "Point", "coordinates": [ -0.319136649370193, 5.510134696960449 ] } },
{ "type": "Feature", "properties": { "particle": 943, "seed_idx": 47, "valid": true }, "geometry": { "type": "Point", "coordinates": [ -0.319824814796448, 5.510642051696777 ] } },
{ "type": "Feature", "properties": { "particle": 944, "seed_idx": 47, "valid": true }, "geometry": { "type": "Point", "coordinates": [ -0.319387406110764, 5.510310649871826 ] } },
{ "type": "Feature", "properties": { "particle": 945, "seed_idx": 47, "valid": true }, "geometry": { "type": "Point", "coordinates": [ -0.320775926113129, 5.510272979736328 ] } },
{ "type": "Feature", "properties": { "particle": 946, "seed_idx": 47, "valid": true }, "geometry": { "type": "Point", "coordinates": [ -0.319402188062668, 5.510692119598389 ] } },
{ "type": "Feature", "properties": { "particle": 947, "seed_idx": 47, "valid": true }, "geometry": { "type": "Point", "coordinates": [ -0.318877726793289, 5.510440826416016 ] } },
{ "type": "Feature", "properties": { "particle": 948, "seed_idx": 47, "valid": true }, "geometry": { "type": "Point", "coordinates": [ -0.319910496473312, 5.510379791259766 ] } },
{ "type": "Feature", "properties": { "particle": 949, "seed_idx": 47, "valid": true }, "geometry": { "type": "Point", "coordinates": [ -0.318993717432022, 5.510552883148193 ] } },
{ "type": "Feature", "properties": { "particle": 950, "seed_idx": 47, "valid": true }, "geometry": { "type": "Point", "coordinates": [ -0.319173812866211, 5.5105881690979 ] } },
{ "type": "Feature", "properties": { "particle": 951, "seed_idx": 47, "valid": true }, "geometry": { "type": "Point", "coordinates": [ -0.319929361343384, 5.50995922088623 ] } },
{ "type": "Feature", "properties": { "particle": 952, "seed_idx": 47, "valid": true }, "geometry": { "type": "Point", "coordinates": [ -0.318983435630798, 5.510463237762451 ] } },
{ "type": "Feature", "properties": { "particle": 953, "seed_idx": 47, "valid": true }, "geometry": { "type": "Point", "coordinates": [ -0.320764422416687, 5.509777545928955 ] } },
{ "type": "Feature", "properties": { "particle": 954, "seed_idx": 47, "valid": true }, "geometry": { "type": "Point", "coordinates": [ -0.319385796785355, 5.510281085968018 ] } },
{ "type": "Feature", "properties": { "particle": 955, "seed_idx": 47, "valid": true }, "geometry": { "type": "Point", "coordinates": [ -0.320760548114777, 5.510489940643311 ] } },
{ "type": "Feature", "properties": { "particle": 956, "seed_idx": 47, "valid": true }, "geometry": { "type": "Point", "coordinates": [ -0.319945126771927, 5.509778022766113 ] } },
{ "type": "Feature", "properties": { "particle": 957, "seed_idx": 47, "valid": true }, "geometry": { "type": "Point", "coordinates": [ -0.319995313882828, 5.510499477386475 ] } },
{ "type": "Feature", "properties": { "particle": 958, "seed_idx": 47, "valid": true }, "geometry": { "type": "Point", "coordinates": [ -0.31921112537384, 5.510602474212646 ] } },
{ "type": "Feature", "properties": { "particle": 959, "seed_idx": 47, "valid": true }, "geometry": { "type": "Point", "coordinates": [ -0.32006973028183, 5.509509086608887 ] } },
{ "type": "Feature", "properties": { "particle": 960, "seed_idx": 48, "valid": true }, "geometry": { "type": "Point", "coordinates": [ -0.320487916469574, 5.50998592376709 ] } },
{ "type": "Feature", "properties": { "particle": 961, "seed_idx": 48, "valid": true }, "geometry": { "type": "Point", "coordinates": [ -0.320415884256363, 5.510574340820312 ] } },
{ "type": "Feature", "properties": { "particle": 962, "seed_idx": 48, "valid": true }, "geometry": { "type": "Point", "coordinates": [ -0.319903284311295, 5.510611534118652 ] } },
{ "type": "Feature", "properties": { "particle": 963, "seed_idx": 48, "valid": true }, "geometry": { "type": "Point", "coordinates": [ -0.320164918899536, 5.509740352630615 ] } },
{ "type": "Feature", "properties": { "particle": 964, "seed_idx": 48, "valid": true }, "geometry": { "type": "Point", "coordinates": [ -0.320347726345062, 5.509666442871094 ] } },
{ "type": "Feature", "properties": { "particle": 965, "seed_idx": 48, "valid": true }, "geometry": { "type": "Point", "coordinates": [ -0.319526702165604, 5.510330677032471 ] } },
{ "type": "Feature", "properties": { "particle": 966, "seed_idx": 48, "valid": true }, "geometry": { "type": "Point", "coordinates": [ -0.320248156785965, 5.510156154632568 ] } },
{ "type": "Feature", "properties": { "particle": 967, "seed_idx": 48, "valid": true }, "geometry": { "type": "Point", "coordinates": [ -0.319963574409485, 5.510766983032227 ] } },
{ "type": "Feature", "properties": { "particle": 968, "seed_idx": 48, "valid": true }, "geometry": { "type": "Point", "coordinates": [ -0.320561796426773, 5.510003566741943 ] } },
{ "type": "Feature", "properties": { "particle": 969, "seed_idx": 48, "valid": true }, "geometry": { "type": "Point", "coordinates": [ -0.320452064275742, 5.5102858543396 ] } },
{ "type": "Feature", "properties": { "particle": 970, "seed_idx": 48, "valid": true }, "geometry": { "type": "Point", "coordinates": [ -0.319639414548874, 5.510687351226807 ] } },
{ "type": "Feature", "properties": { "particle": 971, "seed_idx": 48, "valid": true }, "geometry": { "type": "Point", "coordinates": [ -0.31910514831543, 5.511027812957764 ] } },
{ "type": "Feature", "properties": { "particle": 972, "seed_idx": 48, "valid": true }, "geometry": { "type": "Point", "coordinates": [ -0.319076299667358, 5.511043071746826 ] } },
{ "type": "Feature", "properties": { "particle": 973, "seed_idx": 48, "valid": true }, "geometry": { "type": "Point", "coordinates": [ -0.319427251815796, 5.510730266571045 ] } },
{ "type": "Feature", "properties": { "particle": 974, "seed_idx": 48, "valid": true }, "geometry": { "type": "Point", "coordinates": [ -0.319272845983505, 5.510737895965576 ] } },
{ "type": "Feature", "properties": { "particle": 975, "seed_idx": 48, "valid": true }, "geometry": { "type": "Point", "coordinates": [ -0.320190638303757, 5.510883808135986 ] } },
{ "type": "Feature", "properties": { "particle": 976, "seed_idx": 48, "valid": true }, "geometry": { "type": "Point", "coordinates": [ -0.320514529943466, 5.510785579681396 ] } },
{ "type": "Feature", "properties": { "particle": 977, "seed_idx": 48, "valid": true }, "geometry": { "type": "Point", "coordinates": [ -0.319018632173538, 5.511202335357666 ] } },
{ "type": "Feature", "properties": { "particle": 978, "seed_idx": 48, "valid": true }, "geometry": { "type": "Point", "coordinates": [ -0.320153504610062, 5.51032018661499 ] } },
{ "type": "Feature", "properties": { "particle": 979, "seed_idx": 48, "valid": true }, "geometry": { "type": "Point", "coordinates": [ -0.319087207317352, 5.510980129241943 ] } },
{ "type": "Feature", "properties": { "particle": 980, "seed_idx": 49, "valid": true }, "geometry": { "type": "Point", "coordinates": [ -0.320382922887802, 5.511008262634277 ] } },
{ "type": "Feature", "properties": { "particle": 981, "seed_idx": 49, "valid": true }, "geometry": { "type": "Point", "coordinates": [ -0.320885330438614, 5.510857582092285 ] } },
{ "type": "Feature", "properties": { "particle": 982, "seed_idx": 49, "valid": true }, "geometry": { "type": "Point", "coordinates": [ -0.321178704500198, 5.510120391845703 ] } },
{ "type": "Feature", "properties": { "particle": 983, "seed_idx": 49, "valid": true }, "geometry": { "type": "Point", "coordinates": [ -0.320621490478516, 5.509797096252441 ] } },
{ "type": "Feature", "properties": { "particle": 984, "seed_idx": 49, "valid": true }, "geometry": { "type": "Point", "coordinates": [ -0.320913910865784, 5.510794639587402 ] } },
{ "type": "Feature", "properties": { "particle": 985, "seed_idx": 49, "valid": true }, "geometry": { "type": "Point", "coordinates": [ -0.320616066455841, 5.511055946350098 ] } },
{ "type": "Feature", "properties": { "particle": 986, "seed_idx": 49, "valid": true }, "geometry": { "type": "Point", "coordinates": [ -0.320713490247726, 5.510854721069336 ] } },
{ "type": "Feature", "properties": { "particle": 987, "seed_idx": 49, "valid": true }, "geometry": { "type": "Point", "coordinates": [ -0.320929408073425, 5.510433673858643 ] } },
{ "type": "Feature", "properties": { "particle": 988, "seed_idx": 49, "valid": true }, "geometry": { "type": "Point", "coordinates": [ -0.320234924554825, 5.511091709136963 ] } },
{ "type": "Feature", "properties": { "particle": 989, "seed_idx": 49, "valid": true }, "geometry": { "type": "Point", "coordinates": [ -0.320530533790588, 5.510526180267334 ] } },
{ "type": "Feature", "properties": { "particle": 990, "seed_idx": 49, "valid": true }, "geometry": { "type": "Point", "coordinates": [ -0.320682674646378, 5.510951042175293 ] } },
{ "type": "Feature", "properties": { "particle": 991, "seed_idx": 49, "valid": true }, "geometry": { "type": "Point", "coordinates": [ -0.320383906364441, 5.510793209075928 ] } },
{ "type": "Feature", "properties": { "particle": 992, "seed_idx": 49, "valid": true }, "geometry": { "type": "Point", "coordinates": [ -0.320330768823624, 5.511178493499756 ] } },
{ "type": "Feature", "properties": { "particle": 993, "seed_idx": 49, "valid": true }, "geometry": { "type": "Point", "coordinates": [ -0.320936441421509, 5.510583877563477 ] } },
{ "type": "Feature", "properties": { "particle": 994, "seed_idx": 49, "valid": true }, "geometry": { "type": "Point", "coordinates": [ -0.32065424323082, 5.511112689971924 ] } },
{ "type": "Feature", "properties": { "particle": 995, "seed_idx": 49, "valid": true }, "geometry": { "type": "Point", "coordinates": [ -0.319596439599991, 5.511240482330322 ] } },
{ "type": "Feature", "properties": { "particle": 996, "seed_idx": 49, "valid": true }, "geometry": { "type": "Point", "coordinates": [ -0.319937825202942, 5.510990619659424 ] } },
{ "type": "Feature", "properties": { "particle": 997, "seed_idx": 49, "valid": true }, "geometry": { "type": "Point", "coordinates": [ -0.320388555526733, 5.511021614074707 ] } },
{ "type": "Feature", "properties": { "particle": 998, "seed_idx": 49, "valid": true }, "geometry": { "type": "Point", "coordinates": [ -0.321243822574615, 5.510300636291504 ] } },
{ "type": "Feature", "properties": { "particle": 999, "seed_idx": 49, "valid": true }, "geometry": { "type": "Point", "coordinates": [ -0.321049898862839, 5.510849475860596 ] } },
{ "type": "Feature", "properties": { "particle": 1000, "seed_idx": 50, "valid": true }, "geometry": { "type": "Point", "coordinates": [ -0.321833282709122, 5.510880947113037 ] } },
{ "type": "Feature", "properties": { "particle": 1001, "seed_idx": 50, "valid": true }, "geometry": { "type": "Point", "coordinates": [ -0.320833116769791, 5.510827541351318 ] } },
{ "type": "Feature", "properties": { "particle": 1002, "seed_idx": 50, "valid": true }, "geometry": { "type": "Point", "coordinates": [ -0.320334672927856, 5.511587142944336 ] } },
{ "type": "Feature", "properties": { "particle": 1003, "seed_idx": 50, "valid": true }, "geometry": { "type": "Point", "coordinates": [ -0.320425987243652, 5.511045455932617 ] } },
{ "type": "Feature", "properties": { "particle": 1004, "seed_idx": 50, "valid": true }, "geometry": { "type": "Point", "coordinates": [ -0.320071905851364, 5.511290550231934 ] } },
{ "type": "Feature", "properties": { "particle": 1005, "seed_idx": 50, "valid": true }, "geometry": { "type": "Point", "coordinates": [ -0.322218120098114, 5.511240005493164 ] } },
{ "type": "Feature", "properties": { "particle": 1006, "seed_idx": 50, "valid": true }, "geometry": { "type": "Point", "coordinates": [ -0.320543706417084, 5.511735916137695 ] } },
{ "type": "Feature", "properties": { "particle": 1007, "seed_idx": 50, "valid": true }, "geometry": { "type": "Point", "coordinates": [ -0.320350557565689, 5.511509895324707 ] } },
{ "type": "Feature", "properties": { "particle": 1008, "seed_idx": 50, "valid": true }, "geometry": { "type": "Point", "coordinates": [ -0.320496827363968, 5.511531829833984 ] } },
{ "type": "Feature", "properties": { "particle": 1009, "seed_idx": 50, "valid": true }, "geometry": { "type": "Point", "coordinates": [ -0.321060359477997, 5.510196208953857 ] } },
{ "type": "Feature", "properties": { "particle": 1010, "seed_idx": 50, "valid": true }, "geometry": { "type": "Point", "coordinates": [ -0.321344971656799, 5.511328220367432 ] } },
{ "type": "Feature", "properties": { "particle": 1011, "seed_idx": 50, "valid": true }, "geometry": { "type": "Point", "coordinates": [ -0.320592522621155, 5.511228561401367 ] } },
{ "type": "Feature", "properties": { "particle": 1012, "seed_idx": 50, "valid": true }, "geometry": { "type": "Point", "coordinates": [ -0.321865737438202, 5.510800361633301 ] } },
{ "type": "Feature", "properties": { "particle": 1013, "seed_idx": 50, "valid": true }, "geometry": { "type": "Point", "coordinates": [ -0.32230481505394, 5.511427402496338 ] } },
{ "type": "Feature", "properties": { "particle": 1014, "seed_idx": 50, "valid": true }, "geometry": { "type": "Point", "coordinates": [ -0.320105016231537, 5.511573791503906 ] } },
{ "type": "Feature", "properties": { "particle": 1015, "seed_idx": 50, "valid": true }, "geometry": { "type": "Point", "coordinates": [ -0.320913702249527, 5.511252880096436 ] } },
{ "type": "Feature", "properties": { "particle": 1016, "seed_idx": 50, "valid": true }, "geometry": { "type": "Point", "coordinates": [ -0.321611970663071, 5.510768413543701 ] } },
{ "type": "Feature", "properties": { "particle": 1017, "seed_idx": 50, "valid": true }, "geometry": { "type": "Point", "coordinates": [ -0.322472035884857, 5.510867595672607 ] } },
{ "type": "Feature", "properties": { "particle": 1018, "seed_idx": 50, "valid": true }, "geometry": { "type": "Point", "coordinates": [ -0.320217311382294, 5.511527061462402 ] } },
{ "type": "Feature", "properties": { "particle": 1019, "seed_idx": 50, "valid": true }, "geometry": { "type": "Point", "coordinates": [ -0.320466339588165, 5.511310577392578 ] } },
{ "type": "Feature", "properties": { "particle": 1020, "seed_idx": 51, "valid": true }, "geometry": { "type": "Point", "coordinates": [ -0.320635676383972, 5.511583805084229 ] } },
{ "type": "Feature", "properties": { "particle": 1021, "seed_idx": 51, "valid": true }, "geometry": { "type": "Point", "coordinates": [ -0.320935517549515, 5.51147985458374 ] } },
{ "type": "Feature", "properties": { "particle": 1022, "seed_idx": 51, "valid": true }, "geometry": { "type": "Point", "coordinates": [ -0.322388410568237, 5.510097980499268 ] } },
{ "type": "Feature", "properties": { "particle": 1023, "seed_idx": 51, "valid": true }, "geometry": { "type": "Point", "coordinates": [ -0.320606976747513, 5.511845588684082 ] } },
{ "type": "Feature", "properties": { "particle": 1024, "seed_idx": 51, "valid": true }, "geometry": { "type": "Point", "coordinates": [ -0.323305815458298, 5.511094093322754 ] } },
{ "type": "Feature", "properties": { "particle": 1025, "seed_idx": 51, "valid": true }, "geometry": { "type": "Point", "coordinates": [ -0.32058197259903, 5.511830806732178 ] } },
{ "type": "Feature", "properties": { "particle": 1026, "seed_idx": 51, "valid": true }, "geometry": { "type": "Point", "coordinates": [ -0.320694863796234, 5.511560440063477 ] } },
{ "type": "Feature", "properties": { "particle": 1027, "seed_idx": 51, "valid": true }, "geometry": { "type": "Point", "coordinates": [ -0.321059793233871, 5.511065483093262 ] } },
{ "type": "Feature", "properties": { "particle": 1028, "seed_idx": 51, "valid": true }, "geometry": { "type": "Point", "coordinates": [ -0.320520669221878, 5.511448860168457 ] } },
{ "type": "Feature", "properties": { "particle": 1029, "seed_idx": 51, "valid": true }, "geometry": { "type": "Point", "coordinates": [ -0.320748209953308, 5.511650562286377 ] } },
{ "type": "Feature", "properties": { "particle": 1030, "seed_idx": 51, "valid": true }, "geometry": { "type": "Point", "coordinates": [ -0.320802241563797, 5.511780738830566 ] } },
{ "type": "Feature", "properties": { "particle": 1031, "seed_idx": 51, "valid": true }, "geometry": { "type": "Point", "coordinates": [ -0.320565313100815, 5.511583805084229 ] } },
{ "type": "Feature", "properties": { "particle": 1032, "seed_idx": 51, "valid": true }, "geometry": { "type": "Point", "coordinates": [ -0.321154296398163, 5.511205673217773 ] } },
{ "type": "Feature", "properties": { "particle": 1033, "seed_idx": 51, "valid": true }, "geometry": { "type": "Point", "coordinates": [ -0.320829898118973, 5.511449813842773 ] } },
{ "type": "Feature", "properties": { "particle": 1034, "seed_idx": 51, "valid": true }, "geometry": { "type": "Point", "coordinates": [ -0.320136100053787, 5.511938095092773 ] } },
{ "type": "Feature", "properties": { "particle": 1035, "seed_idx": 51, "valid": true }, "geometry": { "type": "Point", "coordinates": [ -0.320521593093872, 5.512018203735352 ] } },
{ "type": "Feature", "properties": { "particle": 1036, "seed_idx": 51, "valid": true }, "geometry": { "type": "Point", "coordinates": [ -0.321083456277847, 5.512007236480713 ] } },
{ "type": "Feature", "properties": { "particle": 1037, "seed_idx": 51, "valid": true }, "geometry": { "type": "Point", "coordinates": [ -0.320569485425949, 5.511401176452637 ] } },
{ "type": "Feature", "properties": { "particle": 1038, "seed_idx": 51, "valid": true }, "geometry": { "type": "Point", "coordinates": [ -0.320636481046677, 5.511353492736816 ] } },
{ "type": "Feature", "properties": { "particle": 1039, "seed_idx": 51, "valid": true }, "geometry": { "type": "Point", "coordinates": [ -0.321404755115509, 5.511115074157715 ] } },
{ "type": "Feature", "properties": { "particle": 1040, "seed_idx": 52, "valid": true }, "geometry": { "type": "Point", "coordinates": [ -0.320713311433792, 5.512359142303467 ] } },
{ "type": "Feature", "properties": { "particle": 1041, "seed_idx": 52, "valid": true }, "geometry": { "type": "Point", "coordinates": [ -0.32133886218071, 5.512219905853271 ] } },
{ "type": "Feature", "properties": { "particle": 1042, "seed_idx": 52, "valid": true }, "geometry": { "type": "Point", "coordinates": [ -0.321259647607803, 5.511836528778076 ] } },
{ "type": "Feature", "properties": { "particle": 1043, "seed_idx": 52, "valid": true }, "geometry": { "type": "Point", "coordinates": [ -0.320828229188919, 5.512181758880615 ] } },
{ "type": "Feature", "properties": { "particle": 1044, "seed_idx": 52, "valid": true }, "geometry": { "type": "Point", "coordinates": [ -0.320353865623474, 5.512498378753662 ] } },
{ "type": "Feature", "properties": { "particle": 1045, "seed_idx": 52, "valid": true }, "geometry": { "type": "Point", "coordinates": [ -0.321025282144547, 5.512301445007324 ] } },
{ "type": "Feature", "properties": { "particle": 1046, "seed_idx": 52, "valid": true }, "geometry": { "type": "Point", "coordinates": [ -0.32085394859314, 5.512497425079346 ] } },
{ "type": "Feature", "properties": { "particle": 1047, "seed_idx": 52, "valid": true }, "geometry": { "type": "Point", "coordinates": [ -0.320123344659805, 5.512670040130615 ] } },
{ "type": "Feature", "properties": { "particle": 1048, "seed_idx": 52, "valid": true }, "geometry": { "type": "Point", "coordinates": [ -0.321556001901627, 5.511614799499512 ] } },
{ "type": "Feature", "properties": { "particle": 1049, "seed_idx": 52, "valid": true }, "geometry": { "type": "Point", "coordinates": [ -0.322348982095718, 5.512297630310059 ] } },
{ "type": "Feature", "properties": { "particle": 1050, "seed_idx": 52, "valid": true }, "geometry": { "type": "Point", "coordinates": [ -0.321230202913284, 5.511658668518066 ] } },
{ "type": "Feature", "properties": { "particle": 1051, "seed_idx": 52, "valid": true }, "geometry": { "type": "Point", "coordinates": [ -0.322650074958801, 5.511633396148682 ] } },
{ "type": "Feature", "properties": { "particle": 1052, "seed_idx": 52, "valid": true }, "geometry": { "type": "Point", "coordinates": [ -0.321247637271881, 5.512399196624756 ] } },
{ "type": "Feature", "properties": { "particle": 1053, "seed_idx": 52, "valid": true }, "geometry": { "type": "Point", "coordinates": [ -0.32110396027565, 5.511754512786865 ] } },
{ "type": "Feature", "properties": { "particle": 1054, "seed_idx": 52, "valid": true }, "geometry": { "type": "Point", "coordinates": [ -0.32199165225029, 5.511928081512451 ] } },
{ "type": "Feature", "properties": { "particle": 1055, "seed_idx": 52, "valid": true }, "geometry": { "type": "Point", "coordinates": [ -0.321565836668015, 5.511414051055908 ] } },
{ "type": "Feature", "properties": { "particle": 1056, "seed_idx": 52, "valid": true }, "geometry": { "type": "Point", "coordinates": [ -0.321268528699875, 5.511024951934814 ] } },
{ "type": "Feature", "properties": { "particle": 1057, "seed_idx": 52, "valid": true }, "geometry": { "type": "Point", "coordinates": [ -0.321005254983902, 5.512462615966797 ] } },
{ "type": "Feature", "properties": { "particle": 1058, "seed_idx": 52, "valid": true }, "geometry": { "type": "Point", "coordinates": [ -0.320853859186172, 5.512668132781982 ] } },
{ "type": "Feature", "properties": { "particle": 1059, "seed_idx": 52, "valid": true }, "geometry": { "type": "Point", "coordinates": [ -0.322226315736771, 5.511889934539795 ] } },
{ "type": "Feature", "properties": { "particle": 1060, "seed_idx": 53, "valid": true }, "geometry": { "type": "Point", "coordinates": [ -0.321033269166946, 5.512946128845215 ] } },
{ "type": "Feature", "properties": { "particle": 1061, "seed_idx": 53, "valid": true }, "geometry": { "type": "Point", "coordinates": [ -0.321180909872055, 5.512327671051025 ] } },
{ "type": "Feature", "properties": { "particle": 1062, "seed_idx": 53, "valid": true }, "geometry": { "type": "Point", "coordinates": [ -0.322746187448502, 5.512758731842041 ] } },
{ "type": "Feature", "properties": { "particle": 1063, "seed_idx": 53, "valid": true }, "geometry": { "type": "Point", "coordinates": [ -0.322190999984741, 5.511963367462158 ] } },
{ "type": "Feature", "properties": { "particle": 1064, "seed_idx": 53, "valid": true }, "geometry": { "type": "Point", "coordinates": [ -0.322662532329559, 5.512215137481689 ] } },
{ "type": "Feature", "properties": { "particle": 1065, "seed_idx": 53, "valid": true }, "geometry": { "type": "Point", "coordinates": [ -0.322517663240433, 5.512246131896973 ] } },
{ "type": "Feature", "properties": { "particle": 1066, "seed_idx": 53, "valid": true }, "geometry": { "type": "Point", "coordinates": [ -0.321015328168869, 5.512654304504395 ] } },
{ "type": "Feature", "properties": { "particle": 1067, "seed_idx": 53, "valid": true }, "geometry": { "type": "Point", "coordinates": [ -0.320991724729538, 5.512749195098877 ] } },
{ "type": "Feature", "properties": { "particle": 1068, "seed_idx": 53, "valid": true }, "geometry": { "type": "Point", "coordinates": [ -0.322107225656509, 5.512063980102539 ] } },
{ "type": "Feature", "properties": { "particle": 1069, "seed_idx": 53, "valid": true }, "geometry": { "type": "Point", "coordinates": [ -0.321547359228134, 5.512435436248779 ] } },
{ "type": "Feature", "properties": { "particle": 1070, "seed_idx": 53, "valid": true }, "geometry": { "type": "Point", "coordinates": [ -0.321770429611206, 5.512956619262695 ] } },
{ "type": "Feature", "properties": { "particle": 1071, "seed_idx": 53, "valid": true }, "geometry": { "type": "Point", "coordinates": [ -0.321425408124924, 5.512598514556885 ] } },
{ "type": "Feature", "properties": { "particle": 1072, "seed_idx": 53, "valid": true }, "geometry": { "type": "Point", "coordinates": [ -0.321051478385925, 5.512858867645264 ] } },
{ "type": "Feature", "properties": { "particle": 1073, "seed_idx": 53, "valid": true }, "geometry": { "type": "Point", "coordinates": [ -0.322295814752579, 5.511618614196777 ] } },
{ "type": "Feature", "properties": { "particle": 1074, "seed_idx": 53, "valid": true }, "geometry": { "type": "Point", "coordinates": [ -0.322243839502335, 5.51276159286499 ] } },
{ "type": "Feature", "properties": { "particle": 1075, "seed_idx": 53, "valid": true }, "geometry": { "type": "Point", "coordinates": [ -0.321165144443512, 5.512542724609375 ] } },
{ "type": "Feature", "properties": { "particle": 1076, "seed_idx": 53, "valid": true }, "geometry": { "type": "Point", "coordinates": [ -0.321301400661469, 5.512534141540527 ] } },
{ "type": "Feature", "properties": { "particle": 1077, "seed_idx": 53, "valid": true }, "geometry": { "type": "Point", "coordinates": [ -0.323010206222534, 5.512007236480713 ] } },
{ "type": "Feature", "properties": { "particle": 1078, "seed_idx": 53, "valid": true }, "geometry": { "type": "Point", "coordinates": [ -0.321365773677826, 5.512409210205078 ] } },
{ "type": "Feature", "properties": { "particle": 1079, "seed_idx": 53, "valid": true }, "geometry": { "type": "Point", "coordinates": [ -0.321137428283691, 5.512326240539551 ] } },
{ "type": "Feature", "properties": { "particle": 1080, "seed_idx": 54, "valid": true }, "geometry": { "type": "Point", "coordinates": [ -0.321250706911087, 5.512876987457275 ] } },
{ "type": "Feature", "properties": { "particle": 1081, "seed_idx": 54, "valid": true }, "geometry": { "type": "Point", "coordinates": [ -0.321791738271713, 5.512229919433594 ] } },
{ "type": "Feature", "properties": { "particle": 1082, "seed_idx": 54, "valid": true }, "geometry": { "type": "Point", "coordinates": [ -0.322023034095764, 5.511905193328857 ] } },
{ "type": "Feature", "properties": { "particle": 1083, "seed_idx": 54, "valid": true }, "geometry": { "type": "Point", "coordinates": [ -0.32230132818222, 5.511895656585693 ] } },
{ "type": "Feature", "properties": { "particle": 1084, "seed_idx": 54, "valid": true }, "geometry": { "type": "Point", "coordinates": [ -0.321139335632324, 5.51254415512085 ] } },
{ "type": "Feature", "properties": { "particle": 1085, "seed_idx": 54, "valid": true }, "geometry": { "type": "Point", "coordinates": [ -0.321523219347, 5.51292896270752 ] } },
{ "type": "Feature", "properties": { "particle": 1086, "seed_idx": 54, "valid": true }, "geometry": { "type": "Point", "coordinates": [ -0.32114914059639, 5.512845993041992 ] } },
{ "type": "Feature", "properties": { "particle": 1087, "seed_idx": 54, "valid": true }, "geometry": { "type": "Point", "coordinates": [ -0.321850746870041, 5.511953830718994 ] } },
{ "type": "Feature", "properties": { "particle": 1088, "seed_idx": 54, "valid": true }, "geometry": { "type": "Point", "coordinates": [ -0.321361601352692, 5.51232385635376 ] } },
{ "type": "Feature", "properties": { "particle": 1089, "seed_idx": 54, "valid": true }, "geometry": { "type": "Point", "coordinates": [ -0.321260213851929, 5.512946605682373 ] } },
{ "type": "Feature", "properties": { "particle": 1090, "seed_idx": 54, "valid": true }, "geometry": { "type": "Point", "coordinates": [ -0.321583777666092, 5.512248992919922 ] } },
{ "type": "Feature", "properties": { "particle": 1091, "seed_idx": 54, "valid": true }, "geometry": { "type": "Point", "coordinates": [ -0.322995573282242, 5.512368202209473 ] } },
{ "type": "Feature", "properties": { "particle": 1092, "seed_idx": 54, "valid": true }, "geometry": { "type": "Point", "coordinates": [ -0.32240229845047, 5.512855529785156 ] } },
{ "type": "Feature", "properties": { "particle": 1093, "seed_idx": 54, "valid": true }, "geometry": { "type": "Point", "coordinates": [ -0.322199910879135, 5.512624740600586 ] } },
{ "type": "Feature", "properties": { "particle": 1094, "seed_idx": 54, "valid": true }, "geometry": { "type": "Point", "coordinates": [ -0.321237862110138, 5.512301445007324 ] } },
{ "type": "Feature", "properties": { "particle": 1095, "seed_idx": 54, "valid": true }, "geometry": { "type": "Point", "coordinates": [ -0.321789652109146, 5.512008190155029 ] } },
{ "type": "Feature", "properties": { "particle": 1096, "seed_idx": 54, "valid": true }, "geometry": { "type": "Point", "coordinates": [ -0.321667730808258, 5.512239456176758 ] } },
{ "type": "Feature", "properties": { "particle": 1097, "seed_idx": 54, "valid": true }, "geometry": { "type": "Point", "coordinates": [ -0.321277976036072, 5.512678623199463 ] } },
{ "type": "Feature", "properties": { "particle": 1098, "seed_idx": 54, "valid": true }, "geometry": { "type": "Point", "coordinates": [ -0.320815563201904, 5.513075351715088 ] } },
{ "type": "Feature", "properties": { "particle": 1099, "seed_idx": 54, "valid": true }, "geometry": { "type": "Point", "coordinates": [ -0.320962905883789, 5.512807846069336 ] } },
{ "type": "Feature", "properties": { "particle": 1100, "seed_idx": 55, "valid": true }, "geometry": { "type": "Point", "coordinates": [ -0.322073310613632, 5.511960506439209 ] } },
{ "type": "Feature", "properties": { "particle": 1101, "seed_idx": 55, "valid": true }, "geometry": { "type": "Point", "coordinates": [ -0.321307927370071, 5.512744426727295 ] } },
{ "type": "Feature", "properties": { "particle": 1102, "seed_idx": 55, "valid": true }, "geometry": { "type": "Point", "coordinates": [ -0.322945415973663, 5.51115894317627 ] } },
{ "type": "Feature", "properties": { "particle": 1103, "seed_idx": 55, "valid": true }, "geometry": { "type": "Point", "coordinates": [ -0.321852147579193, 5.512090682983398 ] } },
{ "type": "Feature", "properties": { "particle": 1104, "seed_idx": 55, "valid": true }, "geometry": { "type": "Point", "coordinates": [ -0.321970254182816, 5.512118339538574 ] } },
{ "type": "Feature", "properties": { "particle": 1105, "seed_idx": 55, "valid": true }, "geometry": { "type": "Point", "coordinates": [ -0.322343081235886, 5.512740135192871 ] } },
{ "type": "Feature", "properties": { "particle": 1106, "seed_idx": 55, "valid": true }, "geometry": { "type": "Point", "coordinates": [ -0.321771562099457, 5.512324810028076 ] } },
{ "type": "Feature", "properties": { "particle": 1107, "seed_idx": 55, "valid": true }, "geometry": { "type": "Point", "coordinates": [ -0.322362810373306, 5.512014389038086 ] } },
{ "type": "Feature", "properties": { "particle": 1108, "seed_idx": 55, "valid": true }, "geometry": { "type": "Point", "coordinates": [ -0.32279846072197, 5.511088371276855 ] } },
{ "type": "Feature", "properties": { "particle": 1109, "seed_idx": 55, "valid": true }, "geometry": { "type": "Point", "coordinates": [ -0.323665052652359, 5.511513710021973 ] } },
{ "type": "Feature", "properties": { "particle": 1110, "seed_idx": 55, "valid": true }, "geometry": { "type": "Point", "coordinates": [ -0.321940720081329, 5.512694835662842 ] } },
{ "type": "Feature", "properties": { "particle": 1111, "seed_idx": 55, "valid": true }, "geometry": { "type": "Point", "coordinates": [ -0.322586059570312, 5.512476444244385 ] } },
{ "type": "Feature", "properties": { "particle": 1112, "seed_idx": 55, "valid": true }, "geometry": { "type": "Point", "coordinates": [ -0.321098327636719, 5.512967109680176 ] } },
{ "type": "Feature", "properties": { "particle": 1113, "seed_idx": 55, "valid": true }, "geometry": { "type": "Point", "coordinates": [ -0.321134895086288, 5.512779712677002 ] } },
{ "type": "Feature", "properties": { "particle": 1114, "seed_idx": 55, "valid": true }, "geometry": { "type": "Point", "coordinates": [ -0.322096735239029, 5.512372970581055 ] } },
{ "type": "Feature", "properties": { "particle": 1115, "seed_idx": 55, "valid": true }, "geometry": { "type": "Point", "coordinates": [ -0.322120428085327, 5.512461185455322 ] } },
{ "type": "Feature", "properties": { "particle": 1116, "seed_idx": 55, "valid": true }, "geometry": { "type": "Point", "coordinates": [ -0.321850806474686, 5.512595176696777 ] } },
{ "type": "Feature", "properties": { "particle": 1117, "seed_idx": 55, "valid": true }, "geometry": { "type": "Point", "coordinates": [ -0.321613281965256, 5.512171268463135 ] } },
{ "type": "Feature", "properties": { "particle": 1118, "seed_idx": 55, "valid": true }, "geometry": { "type": "Point", "coordinates": [ -0.322641760110855, 5.512003898620605 ] } },
{ "type": "Feature", "properties": { "particle": 1119, "seed_idx": 55, "valid": true }, "geometry": { "type": "Point", "coordinates": [ -0.32265830039978, 5.511587619781494 ] } },
{ "type": "Feature", "properties": { "particle": 1120, "seed_idx": 56, "valid": true }, "geometry": { "type": "Point", "coordinates": [ -0.321927756071091, 5.51212215423584 ] } },
{ "type": "Feature", "properties": { "particle": 1121, "seed_idx": 56, "valid": true }, "geometry": { "type": "Point", "coordinates": [ -0.321680396795273, 5.512024879455566 ] } },
{ "type": "Feature", "properties": { "particle": 1122, "seed_idx": 56, "valid": true }, "geometry": { "type": "Point", "coordinates": [ -0.32260137796402, 5.511824607849121 ] } },
{ "type": "Feature", "properties": { "particle": 1123, "seed_idx": 56, "valid": true }, "geometry": { "type": "Point", "coordinates": [ -0.321261703968048, 5.512535572052002 ] } },
{ "type": "Feature", "properties": { "particle": 1124, "seed_idx": 56, "valid": true }, "geometry": { "type": "Point", "coordinates": [ -0.322216302156448, 5.51242733001709 ] } },
{ "type": "Feature", "properties": { "particle": 1125, "seed_idx": 56, "valid": true }, "geometry": { "type": "Point", "coordinates": [ -0.321565628051758, 5.512345314025879 ] } },
{ "type": "Feature", "properties": { "particle": 1126, "seed_idx": 56, "valid": true }, "geometry": { "type": "Point", "coordinates": [ -0.321417927742004, 5.512452602386475 ] } },
{ "type": "Feature", "properties": { "particle": 1127, "seed_idx": 56, "valid": true }, "geometry": { "type": "Point", "coordinates": [ -0.322901159524918, 5.511417388916016 ] } },
{ "type": "Feature", "properties": { "particle": 1128, "seed_idx": 56, "valid": true }, "geometry": { "type": "Point", "coordinates": [ -0.321777373552322, 5.512186527252197 ] } },
{ "type": "Feature", "properties": { "particle": 1129, "seed_idx": 56, "valid": true }, "geometry": { "type": "Point", "coordinates": [ -0.32331782579422, 5.511162757873535 ] } },
{ "type": "Feature", "properties": { "particle": 1130, "seed_idx": 56, "valid": true }, "geometry": { "type": "Point", "coordinates": [ -0.322352737188339, 5.511809825897217 ] } },
{ "type": "Feature", "properties": { "particle": 1131, "seed_idx": 56, "valid": true }, "geometry": { "type": "Point", "coordinates": [ -0.321287602186203, 5.512650966644287 ] } },
{ "type": "Feature", "properties": { "particle": 1132, "seed_idx": 56, "valid": true }, "geometry": { "type": "Point", "coordinates": [ -0.321910083293915, 5.511962413787842 ] } },
{ "type": "Feature", "properties": { "particle": 1133, "seed_idx": 56, "valid": true }, "geometry": { "type": "Point", "coordinates": [ -0.322975307703018, 5.510809898376465 ] } },
{ "type": "Feature", "properties": { "particle": 1134, "seed_idx": 56, "valid": true }, "geometry": { "type": "Point", "coordinates": [ -0.323485493659973, 5.512422561645508 ] } },
{ "type": "Feature", "properties": { "particle": 1135, "seed_idx": 56, "valid": true }, "geometry": { "type": "Point", "coordinates": [ -0.322766035795212, 5.512124538421631 ] } },
{ "type": "Feature", "properties": { "particle": 1136, "seed_idx": 56, "valid": true }, "geometry": { "type": "Point", "coordinates": [ -0.322881728410721, 5.512325286865234 ] } },
{ "type": "Feature", "properties": { "particle": 1137, "seed_idx": 56, "valid": true }, "geometry": { "type": "Point", "coordinates": [ -0.323674619197845, 5.510875701904297 ] } },
{ "type": "Feature", "properties": { "particle": 1138, "seed_idx": 56, "valid": true }, "geometry": { "type": "Point", "coordinates": [ -0.322229593992233, 5.511959075927734 ] } },
{ "type": "Feature", "properties": { "particle": 1139, "seed_idx": 56, "valid": true }, "geometry": { "type": "Point", "coordinates": [ -0.321747481822968, 5.5121750831604 ] } },
{ "type": "Feature", "properties": { "particle": 1140, "seed_idx": 57, "valid": true }, "geometry": { "type": "Point", "coordinates": [ -0.321733564138412, 5.512207984924316 ] } },
{ "type": "Feature", "properties": { "particle": 1141, "seed_idx": 57, "valid": true }, "geometry": { "type": "Point", "coordinates": [ -0.322330743074417, 5.512314319610596 ] } },
{ "type": "Feature", "properties": { "particle": 1142, "seed_idx": 57, "valid": true }, "geometry": { "type": "Point", "coordinates": [ -0.323773205280304, 5.511368751525879 ] } },
{ "type": "Feature", "properties": { "particle": 1143, "seed_idx": 57, "valid": true }, "geometry": { "type": "Point", "coordinates": [ -0.322172343730927, 5.511797904968262 ] } },
{ "type": "Feature", "properties": { "particle": 1144, "seed_idx": 57, "valid": true }, "geometry": { "type": "Point", "coordinates": [ -0.324006050825119, 5.510883808135986 ] } },
{ "type": "Feature", "properties": { "particle": 1145, "seed_idx": 57, "valid": true }, "geometry": { "type": "Point", "coordinates": [ -0.32440721988678, 5.511901378631592 ] } },
{ "type": "Feature", "properties": { "particle": 1146, "seed_idx": 57, "valid": true }, "geometry": { "type": "Point", "coordinates": [ -0.322435289621353, 5.511855602264404 ] } },
{ "type": "Feature", "properties": { "particle": 1147, "seed_idx": 57, "valid": true }, "geometry": { "type": "Point", "coordinates": [ -0.322924047708511, 5.511850833892822 ] } },
{ "type": "Feature", "properties": { "particle": 1148, "seed_idx": 57, "valid": true }, "geometry": { "type": "Point", "coordinates": [ -0.322092950344086, 5.511876583099365 ] } },
{ "type": "Feature", "properties": { "particle": 1149, "seed_idx": 57, "valid": true }, "geometry": { "type": "Point", "coordinates": [ -0.323774099349976, 5.511112213134766 ] } },
{ "type": "Feature", "properties": { "particle": 1150, "seed_idx": 57, "valid": true }, "geometry": { "type": "Point", "coordinates": [ -0.32185173034668, 5.512080669403076 ] } },
{ "type": "Feature", "properties": { "particle": 1151, "seed_idx": 57, "valid": true }, "geometry": { "type": "Point", "coordinates": [ -0.323256939649582, 5.511278629302979 ] } },
{ "type": "Feature", "properties": { "particle": 1152, "seed_idx": 57, "valid": true }, "geometry": { "type": "Point", "coordinates": [ -0.324273109436035, 5.511557102203369 ] } },
{ "type": "Feature", "properties": { "particle": 1153, "seed_idx": 57, "valid": true }, "geometry": { "type": "Point", "coordinates": [ -0.322500169277191, 5.511751651763916 ] } },
{ "type": "Feature", "properties": { "particle": 1154, "seed_idx": 57, "valid": true }, "geometry": { "type": "Point", "coordinates": [ -0.321782857179642, 5.512149333953857 ] } },
{ "type": "Feature", "properties": { "particle": 1155, "seed_idx": 57, "valid": true }, "geometry": { "type": "Point", "coordinates": [ -0.323399484157562, 5.511782646179199 ] } },
{ "type": "Feature", "properties": { "particle": 1156, "seed_idx": 57, "valid": true }, "geometry": { "type": "Point", "coordinates": [ -0.321939259767532, 5.511833190917969 ] } },
{ "type": "Feature", "properties": { "particle": 1157, "seed_idx": 57, "valid": true }, "geometry": { "type": "Point", "coordinates": [ -0.322887063026428, 5.511256694793701 ] } },
{ "type": "Feature", "properties": { "particle": 1158, "seed_idx": 57, "valid": true }, "geometry": { "type": "Point", "coordinates": [ -0.322665065526962, 5.5119948387146 ] } },
{ "type": "Feature", "properties": { "particle": 1159, "seed_idx": 57, "valid": true }, "geometry": { "type": "Point", "coordinates": [ -0.322663486003876, 5.511166572570801 ] } },
{ "type": "Feature", "properties": { "particle": 1160, "seed_idx": 58, "valid": true }, "geometry": { "type": "Point", "coordinates": [ -0.323301315307617, 5.511779308319092 ] } },
{ "type": "Feature", "properties": { "particle": 1161, "seed_idx": 58, "valid": true }, "geometry": { "type": "Point", "coordinates": [ -0.322309702634811, 5.51152515411377 ] } },
{ "type": "Feature", "properties": { "particle": 1162, "seed_idx": 58, "valid": true }, "geometry": { "type": "Point", "coordinates": [ -0.322391241788864, 5.511853694915771 ] } },
{ "type": "Feature", "properties": { "particle": 1163, "seed_idx": 58, "valid": true }, "geometry": { "type": "Point", "coordinates": [ -0.324693977832794, 5.510836601257324 ] } },
{ "type": "Feature", "properties": { "particle": 1164, "seed_idx": 58, "valid": true }, "geometry": { "type": "Point", "coordinates": [ -0.323216706514359, 5.511725425720215 ] } },
{ "type": "Feature", "properties": { "particle": 1165, "seed_idx": 58, "valid": true }, "geometry": { "type": "Point", "coordinates": [ -0.323652118444443, 5.511063098907471 ] } },
{ "type": "Feature", "properties": { "particle": 1166, "seed_idx": 58, "valid": true }, "geometry": { "type": "Point", "coordinates": [ -0.325969964265823, 5.510124206542969 ] } },
{ "type": "Feature", "properties": { "particle": 1167, "seed_idx": 58, "valid": true }, "geometry": { "type": "Point", "coordinates": [ -0.322727292776108, 5.511204719543457 ] } },
{ "type": "Feature", "properties": { "particle": 1168, "seed_idx": 58, "valid": true }, "geometry": { "type": "Point", "coordinates": [ -0.322556406259537, 5.511716365814209 ] } },
{ "type": "Feature", "properties": { "particle": 1169, "seed_idx": 58, "valid": true }, "geometry": { "type": "Point", "coordinates": [ -0.323151350021362, 5.511417388916016 ] } },
{ "type": "Feature", "properties": { "particle": 1170, "seed_idx": 58, "valid": true }, "geometry": { "type": "Point", "coordinates": [ -0.323578923940659, 5.511534214019775 ] } },
{ "type": "Feature", "properties": { "particle": 1171, "seed_idx": 58, "valid": true }, "geometry": { "type": "Point", "coordinates": [ -0.323504745960236, 5.512020111083984 ] } },
{ "type": "Feature", "properties": { "particle": 1172, "seed_idx": 58, "valid": true }, "geometry": { "type": "Point", "coordinates": [ -0.324917823076248, 5.511617183685303 ] } },
{ "type": "Feature", "properties": { "particle": 1173, "seed_idx": 58, "valid": true }, "geometry": { "type": "Point", "coordinates": [ -0.323124468326569, 5.510815620422363 ] } },
{ "type": "Feature", "properties": { "particle": 1174, "seed_idx": 58, "valid": true }, "geometry": { "type": "Point", "coordinates": [ -0.323092073202133, 5.5119948387146 ] } },
{ "type": "Feature", "properties": { "particle": 1175, "seed_idx": 58, "valid": true }, "geometry": { "type": "Point", "coordinates": [ -0.322744160890579, 5.511460781097412 ] } },
{ "type": "Feature", "properties": { "particle": 1176, "seed_idx": 58, "valid": true }, "geometry": { "type": "Point", "coordinates": [ -0.323606222867966, 5.511084079742432 ] } },
{ "type": "Feature", "properties": { "particle": 1177, "seed_idx": 58, "valid": true }, "geometry": { "type": "Point", "coordinates": [ -0.322801500558853, 5.511566162109375 ] } },
{ "type": "Feature", "properties": { "particle": 1178, "seed_idx": 58, "valid": true }, "geometry": { "type": "Point", "coordinates": [ -0.323054552078247, 5.511393547058105 ] } },
{ "type": "Feature", "properties": { "particle": 1179, "seed_idx": 58, "valid": true }, "geometry": { "type": "Point", "coordinates": [ -0.322616338729858, 5.511653900146484 ] } },
{ "type": "Feature", "properties": { "particle": 1180, "seed_idx": 59, "valid": true }, "geometry": { "type": "Point", "coordinates": [ -0.322530269622803, 5.511885166168213 ] } },
{ "type": "Feature", "properties": { "particle": 1181, "seed_idx": 59, "valid": true }, "geometry": { "type": "Point", "coordinates": [ -0.323889344930649, 5.511758804321289 ] } },
{ "type": "Feature", "properties": { "particle": 1182, "seed_idx": 59, "valid": true }, "geometry": { "type": "Point", "coordinates": [ -0.32365807890892, 5.511003494262695 ] } },
{ "type": "Feature", "properties": { "particle": 1183, "seed_idx": 59, "valid": true }, "geometry": { "type": "Point", "coordinates": [ -0.323730915784836, 5.511598110198975 ] } },
{ "type": "Feature", "properties": { "particle": 1184, "seed_idx": 59, "valid": true }, "geometry": { "type": "Point", "coordinates": [ -0.322726458311081, 5.511546611785889 ] } },
{ "type": "Feature", "properties": { "particle": 1185, "seed_idx": 59, "valid": true }, "geometry": { "type": "Point", "coordinates": [ -0.323151975870132, 5.511379718780518 ] } },
{ "type": "Feature", "properties": { "particle": 1186, "seed_idx": 59, "valid": true }, "geometry": { "type": "Point", "coordinates": [ -0.322475701570511, 5.511753082275391 ] } },
{ "type": "Feature", "properties": { "particle": 1187, "seed_idx": 59, "valid": true }, "geometry": { "type": "Point", "coordinates": [ -0.323517501354218, 5.511510372161865 ] } },
{ "type": "Feature", "properties": { "particle": 1188, "seed_idx": 59, "valid": true }, "geometry": { "type": "Point", "coordinates": [ -0.324490636587143, 5.510955333709717 ] } },
{ "type": "Feature", "properties": { "particle": 1189, "seed_idx": 59, "valid": true }, "geometry": { "type": "Point", "coordinates": [ -0.324152439832687, 5.510769844055176 ] } },
{ "type": "Feature", "properties": { "particle": 1190, "seed_idx": 59, "valid": true }, "geometry": { "type": "Point", "coordinates": [ -0.323016971349716, 5.511293411254883 ] } },
{ "type": "Feature", "properties": { "particle": 1191, "seed_idx": 59, "valid": true }, "geometry": { "type": "Point", "coordinates": [ -0.3227479159832, 5.511561870574951 ] } },
{ "type": "Feature", "properties": { "particle": 1192, "seed_idx": 59, "valid": true }, "geometry": { "type": "Point", "coordinates": [ -0.323251485824585, 5.511703014373779 ] } },
{ "type": "Feature", "properties": { "particle": 1193, "seed_idx": 59, "valid": true }, "geometry": { "type": "Point", "coordinates": [ -0.322807818651199, 5.511769771575928 ] } },
{ "type": "Feature", "properties": { "particle": 1194, "seed_idx": 59, "valid": true }, "geometry": { "type": "Point", "coordinates": [ -0.323783874511719, 5.511355400085449 ] } },
{ "type": "Feature", "properties": { "particle": 1195, "seed_idx": 59, "valid": true }, "geometry": { "type": "Point", "coordinates": [ -0.323394805192947, 5.511306762695312 ] } },
{ "type": "Feature", "properties": { "particle": 1196, "seed_idx": 59, "valid": true }, "geometry": { "type": "Point", "coordinates": [ -0.323139071464539, 5.511105060577393 ] } },
{ "type": "Feature", "properties": { "particle": 1197, "seed_idx": 59, "valid": true }, "geometry": { "type": "Point", "coordinates": [ -0.323689728975296, 5.510951519012451 ] } },
{ "type": "Feature", "properties": { "particle": 1198, "seed_idx": 59, "valid": true }, "geometry": { "type": "Point", "coordinates": [ -0.323441505432129, 5.51092004776001 ] } },
{ "type": "Feature", "properties": { "particle": 1199, "seed_idx": 59, "valid": true }, "geometry": { "type": "Point", "coordinates": [ -0.322764158248901, 5.511641979217529 ] } },
{ "type": "Feature", "properties": { "particle": 1200, "seed_idx": 60, "valid": true }, "geometry": { "type": "Point", "coordinates": [ -0.324942976236343, 5.510229110717773 ] } },
{ "type": "Feature", "properties": { "particle": 1201, "seed_idx": 60, "valid": true }, "geometry": { "type": "Point", "coordinates": [ -0.323996543884277, 5.511047840118408 ] } },
{ "type": "Feature", "properties": { "particle": 1202, "seed_idx": 60, "valid": true }, "geometry": { "type": "Point", "coordinates": [ -0.323489129543304, 5.511303424835205 ] } },
{ "type": "Feature", "properties": { "particle": 1203, "seed_idx": 60, "valid": true }, "geometry": { "type": "Point", "coordinates": [ -0.323134750127792, 5.511754512786865 ] } },
{ "type": "Feature", "properties": { "particle": 1204, "seed_idx": 60, "valid": true }, "geometry": { "type": "Point", "coordinates": [ -0.323297739028931, 5.510914325714111 ] } },
{ "type": "Feature", "properties": { "particle": 1205, "seed_idx": 60, "valid": true }, "geometry": { "type": "Point", "coordinates": [ -0.324694097042084, 5.511145114898682 ] } },
{ "type": "Feature", "properties": { "particle": 1206, "seed_idx": 60, "valid": true }, "geometry": { "type": "Point", "coordinates": [ -0.323589026927948, 5.510974407196045 ] } },
{ "type": "Feature", "properties": { "particle": 1207, "seed_idx": 60, "valid": true }, "geometry": { "type": "Point", "coordinates": [ -0.323002219200134, 5.51143217086792 ] } },
{ "type": "Feature", "properties": { "particle": 1208, "seed_idx": 60, "valid": true }, "geometry": { "type": "Point", "coordinates": [ -0.324079841375351, 5.510390758514404 ] } },
{ "type": "Feature", "properties": { "particle": 1209, "seed_idx": 60, "valid": true }, "geometry": { "type": "Point", "coordinates": [ -0.326563030481339, 5.511370658874512 ] } },
{ "type": "Feature", "properties": { "particle": 1210, "seed_idx": 60, "valid": true }, "geometry": { "type": "Point", "coordinates": [ -0.324575185775757, 5.510862827301025 ] } },
{ "type": "Feature", "properties": { "particle": 1211, "seed_idx": 60, "valid": true }, "geometry": { "type": "Point", "coordinates": [ -0.322696030139923, 5.51157808303833 ] } },
{ "type": "Feature", "properties": { "particle": 1212, "seed_idx": 60, "valid": true }, "geometry": { "type": "Point", "coordinates": [ -0.323418945074081, 5.510941505432129 ] } },
{ "type": "Feature", "properties": { "particle": 1213, "seed_idx": 60, "valid": true }, "geometry": { "type": "Point", "coordinates": [ -0.324735075235367, 5.510118961334229 ] } },
{ "type": "Feature", "properties": { "particle": 1214, "seed_idx": 60, "valid": true }, "geometry": { "type": "Point", "coordinates": [ -0.324162542819977, 5.511074542999268 ] } },
{ "type": "Feature", "properties": { "particle": 1215, "seed_idx": 60, "valid": true }, "geometry": { "type": "Point", "coordinates": [ -0.323443710803986, 5.511269092559814 ] } },
{ "type": "Feature", "properties": { "particle": 1216, "seed_idx": 60, "valid": true }, "geometry": { "type": "Point", "coordinates": [ -0.323070526123047, 5.511357307434082 ] } },
{ "type": "Feature", "properties": { "particle": 1217, "seed_idx": 60, "valid": true }, "geometry": { "type": "Point", "coordinates": [ -0.323000967502594, 5.511394023895264 ] } },
{ "type": "Feature", "properties": { "particle": 1218, "seed_idx": 60, "valid": true }, "geometry": { "type": "Point", "coordinates": [ -0.323223859071732, 5.511596202850342 ] } },
{ "type": "Feature", "properties": { "particle": 1219, "seed_idx": 60, "valid": true }, "geometry": { "type": "Point", "coordinates": [ -0.323868572711945, 5.511056423187256 ] } },
{ "type": "Feature", "properties": { "particle": 1220, "seed_idx": 61, "valid": true }, "geometry": { "type": "Point", "coordinates": [ -0.326434642076492, 5.511011123657227 ] } },
{ "type": "Feature", "properties": { "particle": 1221, "seed_idx": 61, "valid": true }, "geometry": { "type": "Point", "coordinates": [ -0.326798677444458, 5.510611534118652 ] } },
{ "type": "Feature", "properties": { "particle": 1222, "seed_idx": 61, "valid": true }, "geometry": { "type": "Point", "coordinates": [ -0.327884346246719, 5.511005401611328 ] } },
{ "type": "Feature", "properties": { "particle": 1223, "seed_idx": 61, "valid": true }, "geometry": { "type": "Point", "coordinates": [ -0.328649371862411, 5.510509490966797 ] } },
{ "type": "Feature", "properties": { "particle": 1224, "seed_idx": 61, "valid": true }, "geometry": { "type": "Point", "coordinates": [ -0.327779561281204, 5.510429382324219 ] } },
{ "type": "Feature", "properties": { "particle": 1225, "seed_idx": 61, "valid": true }, "geometry": { "type": "Point", "coordinates": [ -0.326519519090652, 5.511299610137939 ] } },
{ "type": "Feature", "properties": { "particle": 1226, "seed_idx": 61, "valid": true }, "geometry": { "type": "Point", "coordinates": [ -0.326534926891327, 5.511329174041748 ] } },
{ "type": "Feature", "properties": { "particle": 1227, "seed_idx": 61, "valid": true }, "geometry": { "type": "Point", "coordinates": [ -0.325754076242447, 5.511402606964111 ] } },
{ "type": "Feature", "properties": { "particle": 1228, "seed_idx": 61, "valid": true }, "geometry": { "type": "Point", "coordinates": [ -0.326715052127838, 5.511018753051758 ] } },
{ "type": "Feature", "properties": { "particle": 1229, "seed_idx": 61, "valid": true }, "geometry": { "type": "Point", "coordinates": [ -0.326384305953979, 5.510685920715332 ] } },
{ "type": "Feature", "properties": { "particle": 1230, "seed_idx": 61, "valid": true }, "geometry": { "type": "Point", "coordinates": [ -0.328588962554932, 5.510820388793945 ] } },
{ "type": "Feature", "properties": { "particle": 1231, "seed_idx": 61, "valid": true }, "geometry": { "type": "Point", "coordinates": [ -0.326456308364868, 5.510900020599365 ] } },
{ "type": "Feature", "properties": { "particle": 1232, "seed_idx": 61, "valid": true }, "geometry": { "type": "Point", "coordinates": [ -0.326076298952103, 5.511214733123779 ] } },
{ "type": "Feature", "properties": { "particle": 1233, "seed_idx": 61, "valid": true }, "geometry": { "type": "Point", "coordinates": [ -0.325810015201569, 5.511415481567383 ] } },
{ "type": "Feature", "properties": { "particle": 1234, "seed_idx": 61, "valid": true }, "geometry": { "type": "Point", "coordinates": [ -0.326860159635544, 5.510872840881348 ] } },
{ "type": "Feature", "properties": { "particle": 1235, "seed_idx": 61, "valid": true }, "geometry": { "type": "Point", "coordinates": [ -0.326718777418137, 5.510655879974365 ] } },
{ "type": "Feature", "properties": { "particle": 1236, "seed_idx": 61, "valid": true }, "geometry": { "type": "Point", "coordinates": [ -0.326100438833237, 5.511127948760986 ] } },
{ "type": "Feature", "properties": { "particle": 1237, "seed_idx": 61, "valid": true }, "geometry": { "type": "Point", "coordinates": [ -0.326056957244873, 5.511409759521484 ] } },
{ "type": "Feature", "properties": { "particle": 1238, "seed_idx": 61, "valid": true }, "geometry": { "type": "Point", "coordinates": [ -0.326963692903519, 5.510272979736328 ] } },
{ "type": "Feature", "properties": { "particle": 1239, "seed_idx": 61, "valid": true }, "geometry": { "type": "Point", "coordinates": [ -0.327132701873779, 5.510245800018311 ] } },
{ "type": "Feature", "properties": { "particle": 1240, "seed_idx": 62, "valid": true }, "geometry": { "type": "Point", "coordinates": [ -0.326238721609116, 5.510442733764648 ] } },
{ "type": "Feature", "properties": { "particle": 1241, "seed_idx": 62, "valid": true }, "geometry": { "type": "Point", "coordinates": [ -0.324702531099319, 5.511042594909668 ] } },
{ "type": "Feature", "properties": { "particle": 1242, "seed_idx": 62, "valid": true }, "geometry": { "type": "Point", "coordinates": [ -0.325982868671417, 5.510240077972412 ] } },
{ "type": "Feature", "properties": { "particle": 1243, "seed_idx": 62, "valid": true }, "geometry": { "type": "Point", "coordinates": [ -0.325704395771027, 5.510450839996338 ] } },
{ "type": "Feature", "properties": { "particle": 1244, "seed_idx": 62, "valid": true }, "geometry": { "type": "Point", "coordinates": [ -0.325877815485001, 5.510881423950195 ] } },
{ "type": "Feature", "properties": { "particle": 1245, "seed_idx": 62, "valid": true }, "geometry": { "type": "Point", "coordinates": [ -0.325945049524307, 5.510201454162598 ] } },
{ "type": "Feature", "properties": { "particle": 1246, "seed_idx": 62, "valid": true }, "geometry": { "type": "Point", "coordinates": [ -0.326703011989594, 5.510385990142822 ] } },
{ "type": "Feature", "properties": { "particle": 1247, "seed_idx": 62, "valid": true }, "geometry": { "type": "Point", "coordinates": [ -0.325208872556686, 5.511058330535889 ] } },
{ "type": "Feature", "properties": { "particle": 1248, "seed_idx": 62, "valid": true }, "geometry": { "type": "Point", "coordinates": [ -0.32565912604332, 5.510463237762451 ] } },
{ "type": "Feature", "properties": { "particle": 1249, "seed_idx": 62, "valid": true }, "geometry": { "type": "Point", "coordinates": [ -0.324895709753036, 5.510844230651855 ] } },
{ "type": "Feature", "properties": { "particle": 1250, "seed_idx": 62, "valid": true }, "geometry": { "type": "Point", "coordinates": [ -0.324270486831665, 5.511129856109619 ] } },
{ "type": "Feature", "properties": { "particle": 1251, "seed_idx": 62, "valid": true }, "geometry": { "type": "Point", "coordinates": [ -0.324409574270248, 5.511054039001465 ] } },
{ "type": "Feature", "properties": { "particle": 1252, "seed_idx": 62, "valid": true }, "geometry": { "type": "Point", "coordinates": [ -0.324944168329239, 5.511093616485596 ] } },
{ "type": "Feature", "properties": { "particle": 1253, "seed_idx": 62, "valid": true }, "geometry": { "type": "Point", "coordinates": [ -0.324509918689728, 5.511054515838623 ] } },
{ "type": "Feature", "properties": { "particle": 1254, "seed_idx": 62, "valid": true }, "geometry": { "type": "Point", "coordinates": [ -0.324867635965347, 5.5103440284729 ] } },
{ "type": "Feature", "properties": { "particle": 1255, "seed_idx": 62, "valid": true }, "geometry": { "type": "Point", "coordinates": [ -0.324254840612411, 5.511292934417725 ] } },
{ "type": "Feature", "properties": { "particle": 1256, "seed_idx": 62, "valid": true }, "geometry": { "type": "Point", "coordinates": [ -0.325738817453384, 5.509768486022949 ] } },
{ "type": "Feature", "properties": { "particle": 1257, "seed_idx": 62, "valid": true }, "geometry": { "type": "Point", "coordinates": [ -0.324844092130661, 5.510865688323975 ] } },
{ "type": "Feature", "properties": { "particle": 1258, "seed_idx": 62, "valid": true }, "geometry": { "type": "Point", "coordinates": [ -0.325109899044037, 5.510836124420166 ] } },
{ "type": "Feature", "properties": { "particle": 1259, "seed_idx": 62, "valid": true }, "geometry": { "type": "Point", "coordinates": [ -0.325132519006729, 5.510680675506592 ] } },
{ "type": "Feature", "properties": { "particle": 1260, "seed_idx": 63, "valid": true }, "geometry": { "type": "Point", "coordinates": [ -0.325183570384979, 5.510738372802734 ] } },
{ "type": "Feature", "properties": { "particle": 1261, "seed_idx": 63, "valid": true }, "geometry": { "type": "Point", "coordinates": [ -0.325031608343124, 5.510602951049805 ] } },
{ "type": "Feature", "properties": { "particle": 1262, "seed_idx": 63, "valid": true }, "geometry": { "type": "Point", "coordinates": [ -0.324779003858566, 5.511068344116211 ] } },
{ "type": "Feature", "properties": { "particle": 1263, "seed_idx": 63, "valid": true }, "geometry": { "type": "Point", "coordinates": [ -0.324915826320648, 5.510826587677002 ] } },
{ "type": "Feature", "properties": { "particle": 1264, "seed_idx": 63, "valid": true }, "geometry": { "type": "Point", "coordinates": [ -0.325684249401093, 5.510507106781006 ] } },
{ "type": "Feature", "properties": { "particle": 1265, "seed_idx": 63, "valid": true }, "geometry": { "type": "Point", "coordinates": [ -0.324930876493454, 5.511290550231934 ] } },
{ "type": "Feature", "properties": { "particle": 1266, "seed_idx": 63, "valid": true }, "geometry": { "type": "Point", "coordinates": [ -0.326100707054138, 5.510378360748291 ] } },
{ "type": "Feature", "properties": { "particle": 1267, "seed_idx": 63, "valid": true }, "geometry": { "type": "Point", "coordinates": [ -0.325228095054626, 5.510420322418213 ] } },
{ "type": "Feature", "properties": { "particle": 1268, "seed_idx": 63, "valid": true }, "geometry": { "type": "Point", "coordinates": [ -0.325658649206161, 5.5108962059021 ] } },
{ "type": "Feature", "properties": { "particle": 1269, "seed_idx": 63, "valid": true }, "geometry": { "type": "Point", "coordinates": [ -0.325554430484772, 5.511324882507324 ] } },
{ "type": "Feature", "properties": { "particle": 1270, "seed_idx": 63, "valid": true }, "geometry": { "type": "Point", "coordinates": [ -0.324895262718201, 5.510811805725098 ] } },
{ "type": "Feature", "properties": { "particle": 1271, "seed_idx": 63, "valid": true }, "geometry": { "type": "Point", "coordinates": [ -0.325112909078598, 5.511130332946777 ] } },
{ "type": "Feature", "properties": { "particle": 1272, "seed_idx": 63, "valid": true }, "geometry": { "type": "Point", "coordinates": [ -0.325804531574249, 5.509687900543213 ] } },
{ "type": "Feature", "properties": { "particle": 1273, "seed_idx": 63, "valid": true }, "geometry": { "type": "Point", "coordinates": [ -0.325742483139038, 5.510602951049805 ] } },
{ "type": "Feature", "properties": { "particle": 1274, "seed_idx": 63, "valid": true }, "geometry": { "type": "Point", "coordinates": [ -0.324932008981705, 5.510823726654053 ] } },
{ "type": "Feature", "properties": { "particle": 1275, "seed_idx": 63, "valid": true }, "geometry": { "type": "Point", "coordinates": [ -0.325042724609375, 5.510443687438965 ] } },
{ "type": "Feature", "properties": { "particle": 1276, "seed_idx": 63, "valid": true }, "geometry": { "type": "Point", "coordinates": [ -0.324995636940002, 5.511340141296387 ] } },
{ "type": "Feature", "properties": { "particle": 1277, "seed_idx": 63, "valid": true }, "geometry": { "type": "Point", "coordinates": [ -0.325678139925003, 5.511274337768555 ] } },
{ "type": "Feature", "properties": { "particle": 1278, "seed_idx": 63, "valid": true }, "geometry": { "type": "Point", "coordinates": [ -0.32449671626091, 5.511054992675781 ] } },
{ "type": "Feature", "properties": { "particle": 1279, "seed_idx": 63, "valid": true }, "geometry": { "type": "Point", "coordinates": [ -0.325776219367981, 5.51088285446167 ] } },
{ "type": "Feature", "properties": { "particle": 1280, "seed_idx": 64, "valid": true }, "geometry": { "type": "Point", "coordinates": [ -0.324847787618637, 5.511155605316162 ] } },
{ "type": "Feature", "properties": { "particle": 1281, "seed_idx": 64, "valid": true }, "geometry": { "type": "Point", "coordinates": [ -0.324936479330063, 5.511068344116211 ] } },
{ "type": "Feature", "properties": { "particle": 1282, "seed_idx": 64, "valid": true }, "geometry": { "type": "Point", "coordinates": [ -0.325558871030807, 5.510959625244141 ] } },
{ "type": "Feature", "properties": { "particle": 1283, "seed_idx": 64, "valid": true }, "geometry": { "type": "Point", "coordinates": [ -0.324793547391891, 5.511170864105225 ] } },
{ "type": "Feature", "properties": { "particle": 1284, "seed_idx": 64, "valid": true }, "geometry": { "type": "Point", "coordinates": [ -0.32600599527359, 5.510395526885986 ] } },
{ "type": "Feature", "properties": { "particle": 1285, "seed_idx": 64, "valid": true }, "geometry": { "type": "Point", "coordinates": [ -0.325768262147903, 5.510635852813721 ] } },
{ "type": "Feature", "properties": { "particle": 1286, "seed_idx": 64, "valid": true }, "geometry": { "type": "Point", "coordinates": [ -0.326157361268997, 5.509692668914795 ] } },
{ "type": "Feature", "properties": { "particle": 1287, "seed_idx": 64, "valid": true }, "geometry": { "type": "Point", "coordinates": [ -0.325435429811478, 5.510455131530762 ] } },
{ "type": "Feature", "properties": { "particle": 1288, "seed_idx": 64, "valid": true }, "geometry": { "type": "Point", "coordinates": [ -0.326083719730377, 5.510542869567871 ] } },
{ "type": "Feature", "properties": { "particle": 1289, "seed_idx": 64, "valid": true }, "geometry": { "type": "Point", "coordinates": [ -0.324896544218063, 5.511230945587158 ] } },
{ "type": "Feature", "properties": { "particle": 1290, "seed_idx": 64, "valid": true }, "geometry": { "type": "Point", "coordinates": [ -0.325261980295181, 5.510926723480225 ] } },
{ "type": "Feature", "properties": { "particle": 1291, "seed_idx": 64, "valid": true }, "geometry": { "type": "Point", "coordinates": [ -0.324796617031097, 5.511146545410156 ] } },
{ "type": "Feature", "properties": { "particle": 1292, "seed_idx": 64, "valid": true }, "geometry": { "type": "Point", "coordinates": [ -0.325247079133987, 5.51097583770752 ] } },
{ "type": "Feature", "properties": { "particle": 1293, "seed_idx": 64, "valid": true }, "geometry": { "type": "Point", "coordinates": [ -0.325784921646118, 5.511058807373047 ] } },
{ "type": "Feature", "properties": { "particle": 1294, "seed_idx": 64, "valid": true }, "geometry": { "type": "Point", "coordinates": [ -0.327980101108551, 5.510002136230469 ] } },
{ "type": "Feature", "properties": { "particle": 1295, "seed_idx": 64, "valid": true }, "geometry": { "type": "Point", "coordinates": [ -0.325377732515335, 5.511295318603516 ] } },
{ "type": "Feature", "properties": { "particle": 1296, "seed_idx": 64, "valid": true }, "geometry": { "type": "Point", "coordinates": [ -0.325278043746948, 5.510986804962158 ] } },
{ "type": "Feature", "properties": { "particle": 1297, "seed_idx": 64, "valid": true }, "geometry": { "type": "Point", "coordinates": [ -0.325898826122284, 5.509988784790039 ] } },
{ "type": "Feature", "properties": { "particle": 1298, "seed_idx": 64, "valid": true }, "geometry": { "type": "Point", "coordinates": [ -0.325176149606705, 5.511161804199219 ] } },
{ "type": "Feature", "properties": { "particle": 1299, "seed_idx": 64, "valid": true }, "geometry": { "type": "Point", "coordinates": [ -0.325851947069168, 5.510817527770996 ] } },
{ "type": "Feature", "properties": { "particle": 1300, "seed_idx": 65, "valid": true }, "geometry": { "type": "Point", "coordinates": [ -0.325695306062698, 5.512552738189697 ] } },
{ "type": "Feature", "properties": { "particle": 1301, "seed_idx": 65, "valid": true }, "geometry": { "type": "Point", "coordinates": [ -0.326509863138199, 5.511919975280762 ] } },
{ "type": "Feature", "properties": { "particle": 1302, "seed_idx": 65, "valid": true }, "geometry": { "type": "Point", "coordinates": [ -0.326343357563019, 5.511890411376953 ] } },
{ "type": "Feature", "properties": { "particle": 1303, "seed_idx": 65, "valid": true }, "geometry": { "type": "Point", "coordinates": [ -0.327376902103424, 5.511288642883301 ] } },
{ "type": "Feature", "properties": { "particle": 1304, "seed_idx": 65, "valid": true }, "geometry": { "type": "Point", "coordinates": [ -0.32580092549324, 5.512235641479492 ] } },
{ "type": "Feature", "properties": { "particle": 1305, "seed_idx": 65, "valid": true }, "geometry": { "type": "Point", "coordinates": [ -0.326710194349289, 5.512613773345947 ] } },
{ "type": "Feature", "properties": { "particle": 1306, "seed_idx": 65, "valid": true }, "geometry": { "type": "Point", "coordinates": [ -0.327933430671692, 5.511964321136475 ] } },
{ "type": "Feature", "properties": { "particle": 1307, "seed_idx": 65, "valid": true }, "geometry": { "type": "Point", "coordinates": [ -0.326208502054214, 5.511937618255615 ] } },
{ "type": "Feature", "properties": { "particle": 1308, "seed_idx": 65, "valid": true }, "geometry": { "type": "Point", "coordinates": [ -0.326176017522812, 5.51217794418335 ] } },
{ "type": "Feature", "properties": { "particle": 1309, "seed_idx": 65, "valid": true }, "geometry": { "type": "Point", "coordinates": [ -0.326491206884384, 5.511776924133301 ] } },
{ "type": "Feature", "properties": { "particle": 1310, "seed_idx": 65, "valid": true }, "geometry": { "type": "Point", "coordinates": [ -0.326660633087158, 5.511934280395508 ] } },
{ "type": "Feature", "properties": { "particle": 1311, "seed_idx": 65, "valid": true }, "geometry": { "type": "Point", "coordinates": [ -0.326833575963974, 5.511842727661133 ] } },
{ "type": "Feature", "properties": { "particle": 1312, "seed_idx": 65, "valid": true }, "geometry": { "type": "Point", "coordinates": [ -0.326718628406525, 5.512043476104736 ] } },
{ "type": "Feature", "properties": { "particle": 1313, "seed_idx": 65, "valid": true }, "geometry": { "type": "Point", "coordinates": [ -0.32705894112587, 5.511680126190186 ] } },
{ "type": "Feature", "properties": { "particle": 1314, "seed_idx": 65, "valid": true }, "geometry": { "type": "Point", "coordinates": [ -0.326840728521347, 5.511590003967285 ] } },
{ "type": "Feature", "properties": { "particle": 1315, "seed_idx": 65, "valid": true }, "geometry": { "type": "Point", "coordinates": [ -0.326127022504807, 5.512460708618164 ] } },
{ "type": "Feature", "properties": { "particle": 1316, "seed_idx": 65, "valid": true }, "geometry": { "type": "Point", "coordinates": [ -0.325819075107574, 5.512420654296875 ] } },
{ "type": "Feature", "properties": { "particle": 1317, "seed_idx": 65, "valid": true }, "geometry": { "type": "Point", "coordinates": [ -0.325755566358566, 5.512485980987549 ] } },
{ "type": "Feature", "properties": { "particle": 1318, "seed_idx": 65, "valid": true }, "geometry": { "type": "Point", "coordinates": [ -0.327087014913559, 5.511856555938721 ] } },
{ "type": "Feature", "properties": { "particle": 1319, "seed_idx": 65, "valid": true }, "geometry": { "type": "Point", "coordinates": [ -0.32630455493927, 5.512523651123047 ] } },
{ "type": "Feature", "properties": { "particle": 1320, "seed_idx": 66, "valid": true }, "geometry": { "type": "Point", "coordinates": [ -0.327111482620239, 5.51175594329834 ] } },
{ "type": "Feature", "properties": { "particle": 1321, "seed_idx": 66, "valid": true }, "geometry": { "type": "Point", "coordinates": [ -0.325807452201843, 5.512565135955811 ] } },
{ "type": "Feature", "properties": { "particle": 1322, "seed_idx": 66, "valid": true }, "geometry": { "type": "Point", "coordinates": [ -0.327458620071411, 5.512033462524414 ] } },
{ "type": "Feature", "properties": { "particle": 1323, "seed_idx": 66, "valid": true }, "geometry": { "type": "Point", "coordinates": [ -0.326777070760727, 5.51206636428833 ] } },
{ "type": "Feature", "properties": { "particle": 1324, "seed_idx": 66, "valid": true }, "geometry": { "type": "Point", "coordinates": [ -0.325928241014481, 5.51244068145752 ] } },
{ "type": "Feature", "properties": { "particle": 1325, "seed_idx": 66, "valid": true }, "geometry": { "type": "Point", "coordinates": [ -0.326469361782074, 5.51254415512085 ] } },
{ "type": "Feature", "properties": { "particle": 1326, "seed_idx": 66, "valid": true }, "geometry": { "type": "Point", "coordinates": [ -0.326498419046402, 5.512431621551514 ] } },
{ "type": "Feature", "properties": { "particle": 1327, "seed_idx": 66, "valid": true }, "geometry": { "type": "Point", "coordinates": [ -0.326313108205795, 5.511713027954102 ] } },
{ "type": "Feature", "properties": { "particle": 1328, "seed_idx": 66, "valid": true }, "geometry": { "type": "Point", "coordinates": [ -0.326288253068924, 5.512526512145996 ] } },
{ "type": "Feature", "properties": { "particle": 1329, "seed_idx": 66, "valid": true }, "geometry": { "type": "Point", "coordinates": [ -0.327097535133362, 5.51273250579834 ] } },
{ "type": "Feature", "properties": { "particle": 1330, "seed_idx": 66, "valid": true }, "geometry": { "type": "Point", "coordinates": [ -0.326009184122086, 5.511988639831543 ] } },
{ "type": "Feature", "properties": { "particle": 1331, "seed_idx": 66, "valid": true }, "geometry": { "type": "Point", "coordinates": [ -0.326998978853226, 5.512056350708008 ] } },
{ "type": "Feature", "properties": { "particle": 1332, "seed_idx": 66, "valid": true }, "geometry": { "type": "Point", "coordinates": [ -0.325918972492218, 5.512675285339355 ] } },
{ "type": "Feature", "properties": { "particle": 1333, "seed_idx": 66, "valid": true }, "geometry": { "type": "Point", "coordinates": [ -0.326210647821426, 5.512304782867432 ] } },
{ "type": "Feature", "properties": { "particle": 1334, "seed_idx": 66, "valid": true }, "geometry": { "type": "Point", "coordinates": [ -0.326669812202454, 5.512555599212646 ] } },
{ "type": "Feature", "properties": { "particle": 1335, "seed_idx": 66, "valid": true }, "geometry": { "type": "Point", "coordinates": [ -0.326107531785965, 5.512194633483887 ] } },
{ "type": "Feature", "properties": { "particle": 1336, "seed_idx": 66, "valid": true }, "geometry": { "type": "Point", "coordinates": [ -0.325681209564209, 5.512660503387451 ] } },
{ "type": "Feature", "properties": { "particle": 1337, "seed_idx": 66, "valid": true }, "geometry": { "type": "Point", "coordinates": [ -0.326176971197128, 5.512287139892578 ] } },
{ "type": "Feature", "properties": { "particle": 1338, "seed_idx": 66, "valid": true }, "geometry": { "type": "Point", "coordinates": [ -0.326519072055817, 5.512640953063965 ] } },
{ "type": "Feature", "properties": { "particle": 1339, "seed_idx": 66, "valid": true }, "geometry": { "type": "Point", "coordinates": [ -0.327235549688339, 5.512214183807373 ] } },
{ "type": "Feature", "properties": { "particle": 1340, "seed_idx": 67, "valid": true }, "geometry": { "type": "Point", "coordinates": [ -0.326298236846924, 5.512138843536377 ] } },
{ "type": "Feature", "properties": { "particle": 1341, "seed_idx": 67, "valid": true }, "geometry": { "type": "Point", "coordinates": [ -0.326268702745438, 5.512615203857422 ] } },
{ "type": "Feature", "properties": { "particle": 1342, "seed_idx": 67, "valid": true }, "geometry": { "type": "Point", "coordinates": [ -0.328450053930283, 5.511979579925537 ] } },
{ "type": "Feature", "properties": { "particle": 1343, "seed_idx": 67, "valid": true }, "geometry": { "type": "Point", "coordinates": [ -0.325453102588654, 5.51290225982666 ] } },
{ "type": "Feature", "properties": { "particle": 1344, "seed_idx": 67, "valid": true }, "geometry": { "type": "Point", "coordinates": [ -0.326873421669006, 5.512762069702148 ] } },
{ "type": "Feature", "properties": { "particle": 1345, "seed_idx": 67, "valid": true }, "geometry": { "type": "Point", "coordinates": [ -0.326646834611893, 5.511742115020752 ] } },
{ "type": "Feature", "properties": { "particle": 1346, "seed_idx": 67, "valid": true }, "geometry": { "type": "Point", "coordinates": [ -0.325810462236404, 5.512747764587402 ] } },
{ "type": "Feature", "properties": { "particle": 1347, "seed_idx": 67, "valid": true }, "geometry": { "type": "Point", "coordinates": [ -0.326036483049393, 5.512664794921875 ] } },
{ "type": "Feature", "properties": { "particle": 1348, "seed_idx": 67, "valid": true }, "geometry": { "type": "Point", "coordinates": [ -0.325411200523376, 5.512999534606934 ] } },
{ "type": "Feature", "properties": { "particle": 1349, "seed_idx": 67, "valid": true }, "geometry": { "type": "Point", "coordinates": [ -0.32716304063797, 5.512668609619141 ] } },
{ "type": "Feature", "properties": { "particle": 1350, "seed_idx": 67, "valid": true }, "geometry": { "type": "Point", "coordinates": [ -0.326267927885056, 5.512434959411621 ] } },
{ "type": "Feature", "properties": { "particle": 1351, "seed_idx": 67, "valid": true }, "geometry": { "type": "Point", "coordinates": [ -0.326227247714996, 5.512158393859863 ] } },
{ "type": "Feature", "properties": { "particle": 1352, "seed_idx": 67, "valid": true }, "geometry": { "type": "Point", "coordinates": [ -0.326987713575363, 5.511526584625244 ] } },
{ "type": "Feature", "properties": { "particle": 1353, "seed_idx": 67, "valid": true }, "geometry": { "type": "Point", "coordinates": [ -0.326869249343872, 5.511856555938721 ] } },
{ "type": "Feature", "properties": { "particle": 1354, "seed_idx": 67, "valid": true }, "geometry": { "type": "Point", "coordinates": [ -0.326677620410919, 5.512528896331787 ] } },
{ "type": "Feature", "properties": { "particle": 1355, "seed_idx": 67, "valid": true }, "geometry": { "type": "Point", "coordinates": [ -0.326515018939972, 5.511538028717041 ] } },
{ "type": "Feature", "properties": { "particle": 1356, "seed_idx": 67, "valid": true }, "geometry": { "type": "Point", "coordinates": [ -0.326321482658386, 5.511796474456787 ] } },
{ "type": "Feature", "properties": { "particle": 1357, "seed_idx": 67, "valid": true }, "geometry": { "type": "Point", "coordinates": [ -0.326867997646332, 5.512474060058594 ] } },
{ "type": "Feature", "properties": { "particle": 1358, "seed_idx": 67, "valid": true }, "geometry": { "type": "Point", "coordinates": [ -0.326567262411118, 5.512365341186523 ] } },
{ "type": "Feature", "properties": { "particle": 1359, "seed_idx": 67, "valid": true }, "geometry": { "type": "Point", "coordinates": [ -0.325631350278854, 5.512998104095459 ] } },
{ "type": "Feature", "properties": { "particle": 1360, "seed_idx": 68, "valid": true }, "geometry": { "type": "Point", "coordinates": [ -0.326956897974014, 5.514138698577881 ] } },
{ "type": "Feature", "properties": { "particle": 1361, "seed_idx": 68, "valid": true }, "geometry": { "type": "Point", "coordinates": [ -0.328595191240311, 5.513952732086182 ] } },
{ "type": "Feature", "properties": { "particle": 1362, "seed_idx": 68, "valid": true }, "geometry": { "type": "Point", "coordinates": [ -0.327249318361282, 5.514352798461914 ] } },
{ "type": "Feature", "properties": { "particle": 1363, "seed_idx": 68, "valid": true }, "geometry": { "type": "Point", "coordinates": [ -0.327112376689911, 5.513809680938721 ] } },
{ "type": "Feature", "properties": { "particle": 1364, "seed_idx": 68, "valid": true }, "geometry": { "type": "Point", "coordinates": [ -0.326783210039139, 5.514330863952637 ] } },
{ "type": "Feature", "properties": { "particle": 1365, "seed_idx": 68, "valid": true }, "geometry": { "type": "Point", "coordinates": [ -0.327972024679184, 5.513900279998779 ] } },
{ "type": "Feature", "properties": { "particle": 1366, "seed_idx": 68, "valid": true }, "geometry": { "type": "Point", "coordinates": [ -0.327528178691864, 5.514122009277344 ] } },
{ "type": "Feature", "properties": { "particle": 1367, "seed_idx": 68, "valid": true }, "geometry": { "type": "Point", "coordinates": [ -0.32917332649231, 5.513741493225098 ] } },
{ "type": "Feature", "properties": { "particle": 1368, "seed_idx": 68, "valid": true }, "geometry": { "type": "Point", "coordinates": [ -0.327724397182465, 5.513838768005371 ] } },
{ "type": "Feature", "properties": { "particle": 1369, "seed_idx": 68, "valid": true }, "geometry": { "type": "Point", "coordinates": [ -0.327667117118835, 5.513828754425049 ] } },
{ "type": "Feature", "properties": { "particle": 1370, "seed_idx": 68, "valid": true }, "geometry": { "type": "Point", "coordinates": [ -0.328423857688904, 5.513679981231689 ] } },
{ "type": "Feature", "properties": { "particle": 1371, "seed_idx": 68, "valid": true }, "geometry": { "type": "Point", "coordinates": [ -0.328136146068573, 5.513946056365967 ] } },
{ "type": "Feature", "properties": { "particle": 1372, "seed_idx": 68, "valid": true }, "geometry": { "type": "Point", "coordinates": [ -0.327811062335968, 5.513941287994385 ] } },
{ "type": "Feature", "properties": { "particle": 1373, "seed_idx": 68, "valid": true }, "geometry": { "type": "Point", "coordinates": [ -0.326899528503418, 5.514252662658691 ] } },
{ "type": "Feature", "properties": { "particle": 1374, "seed_idx": 68, "valid": true }, "geometry": { "type": "Point", "coordinates": [ -0.327622175216675, 5.51402759552002 ] } },
{ "type": "Feature", "properties": { "particle": 1375, "seed_idx": 68, "valid": true }, "geometry": { "type": "Point", "coordinates": [ -0.327208191156387, 5.51437520980835 ] } },
{ "type": "Feature", "properties": { "particle": 1376, "seed_idx": 68, "valid": true }, "geometry": { "type": "Point", "coordinates": [ -0.327811539173126, 5.51396656036377 ] } },
{ "type": "Feature", "properties": { "particle": 1377, "seed_idx": 68, "valid": true }, "geometry": { "type": "Point", "coordinates": [ -0.327927082777023, 5.513530254364014 ] } },
{ "type": "Feature", "properties": { "particle": 1378, "seed_idx": 68, "valid": true }, "geometry": { "type": "Point", "coordinates": [ -0.327033370733261, 5.513980388641357 ] } },
{ "type": "Feature", "properties": { "particle": 1379, "seed_idx": 68, "valid": true }, "geometry": { "type": "Point", "coordinates": [ -0.326912194490433, 5.514260768890381 ] } },
{ "type": "Feature", "properties": { "particle": 1380, "seed_idx": 69, "valid": true }, "geometry": { "type": "Point", "coordinates": [ -0.329314976930618, 5.513347625732422 ] } },
{ "type": "Feature", "properties": { "particle": 1381, "seed_idx": 69, "valid": true }, "geometry": { "type": "Point", "coordinates": [ -0.328883439302444, 5.51376485824585 ] } },
{ "type": "Feature", "properties": { "particle": 1382, "seed_idx": 69, "valid": true }, "geometry": { "type": "Point", "coordinates": [ -0.328222662210464, 5.514415264129639 ] } },
{ "type": "Feature", "properties": { "particle": 1383, "seed_idx": 69, "valid": true }, "geometry": { "type": "Point", "coordinates": [ -0.327199518680573, 5.514822959899902 ] } },
{ "type": "Feature", "properties": { "particle": 1384, "seed_idx": 69, "valid": true }, "geometry": { "type": "Point", "coordinates": [ -0.327649623155594, 5.514431476593018 ] } },
{ "type": "Feature", "properties": { "particle": 1385, "seed_idx": 69, "valid": true }, "geometry": { "type": "Point", "coordinates": [ -0.328035354614258, 5.514218330383301 ] } },
{ "type": "Feature", "properties": { "particle": 1386, "seed_idx": 69, "valid": true }, "geometry": { "type": "Point", "coordinates": [ -0.327732592821121, 5.514413833618164 ] } },
{ "type": "Feature", "properties": { "particle": 1387, "seed_idx": 69, "valid": true }, "geometry": { "type": "Point", "coordinates": [ -0.327450573444366, 5.514492034912109 ] } },
{ "type": "Feature", "properties": { "particle": 1388, "seed_idx": 69, "valid": true }, "geometry": { "type": "Point", "coordinates": [ -0.32897362112999, 5.514990329742432 ] } },
{ "type": "Feature", "properties": { "particle": 1389, "seed_idx": 69, "valid": true }, "geometry": { "type": "Point", "coordinates": [ -0.328016608953476, 5.514765739440918 ] } },
{ "type": "Feature", "properties": { "particle": 1390, "seed_idx": 69, "valid": true }, "geometry": { "type": "Point", "coordinates": [ -0.328272312879562, 5.514406681060791 ] } },
{ "type": "Feature", "properties": { "particle": 1391, "seed_idx": 69, "valid": true }, "geometry": { "type": "Point", "coordinates": [ -0.329967141151428, 5.512906074523926 ] } },
{ "type": "Feature", "properties": { "particle": 1392, "seed_idx": 69, "valid": true }, "geometry": { "type": "Point", "coordinates": [ -0.327938854694366, 5.514500617980957 ] } },
{ "type": "Feature", "properties": { "particle": 1393, "seed_idx": 69, "valid": true }, "geometry": { "type": "Point", "coordinates": [ -0.329034864902496, 5.513726234436035 ] } },
{ "type": "Feature", "properties": { "particle": 1394, "seed_idx": 69, "valid": true }, "geometry": { "type": "Point", "coordinates": [ -0.327682614326477, 5.514479637145996 ] } },
{ "type": "Feature", "properties": { "particle": 1395, "seed_idx": 69, "valid": true }, "geometry": { "type": "Point", "coordinates": [ -0.329303234815598, 5.51389741897583 ] } },
{ "type": "Feature", "properties": { "particle": 1396, "seed_idx": 69, "valid": true }, "geometry": { "type": "Point", "coordinates": [ -0.328922837972641, 5.514037609100342 ] } },
{ "type": "Feature", "properties": { "particle": 1397, "seed_idx": 69, "valid": true }, "geometry": { "type": "Point", "coordinates": [ -0.328356623649597, 5.513988018035889 ] } },
{ "type": "Feature", "properties": { "particle": 1398, "seed_idx": 69, "valid": true }, "geometry": { "type": "Point", "coordinates": [ -0.329053312540054, 5.51434850692749 ] } },
{ "type": "Feature", "properties": { "particle": 1399, "seed_idx": 69, "valid": true }, "geometry": { "type": "Point", "coordinates": [ -0.328373968601227, 5.514228343963623 ] } },
{ "type": "Feature", "properties": { "particle": 1400, "seed_idx": 70, "valid": true }, "geometry": { "type": "Point", "coordinates": [ -0.327687919139862, 5.51582670211792 ] } },
{ "type": "Feature", "properties": { "particle": 1401, "seed_idx": 70, "valid": true }, "geometry": { "type": "Point", "coordinates": [ -0.328273504972458, 5.515233516693115 ] } },
{ "type": "Feature", "properties": { "particle": 1402, "seed_idx": 70, "valid": true }, "geometry": { "type": "Point", "coordinates": [ -0.326843321323395, 5.516313552856445 ] } },
{ "type": "Feature", "properties": { "particle": 1403, "seed_idx": 70, "valid": true }, "geometry": { "type": "Point", "coordinates": [ -0.328064531087875, 5.515464782714844 ] } },
{ "type": "Feature", "properties": { "particle": 1404, "seed_idx": 70, "valid": true }, "geometry": { "type": "Point", "coordinates": [ -0.329392284154892, 5.514563083648682 ] } },
{ "type": "Feature", "properties": { "particle": 1405, "seed_idx": 70, "valid": true }, "geometry": { "type": "Point", "coordinates": [ -0.328441858291626, 5.515025615692139 ] } },
{ "type": "Feature", "properties": { "particle": 1406, "seed_idx": 70, "valid": true }, "geometry": { "type": "Point", "coordinates": [ -0.328054130077362, 5.515583515167236 ] } },
{ "type": "Feature", "properties": { "particle": 1407, "seed_idx": 70, "valid": true }, "geometry": { "type": "Point", "coordinates": [ -0.328899025917053, 5.515708446502686 ] } },
{ "type": "Feature", "properties": { "particle": 1408, "seed_idx": 70, "valid": true }, "geometry": { "type": "Point", "coordinates": [ -0.329305022954941, 5.514819145202637 ] } },
{ "type": "Feature", "properties": { "particle": 1409, "seed_idx": 70, "valid": true }, "geometry": { "type": "Point", "coordinates": [ -0.327895879745483, 5.515130996704102 ] } },
{ "type": "Feature", "properties": { "particle": 1410, "seed_idx": 70, "valid": true }, "geometry": { "type": "Point", "coordinates": [ -0.328244358301163, 5.515932083129883 ] } },
{ "type": "Feature", "properties": { "particle": 1411, "seed_idx": 70, "valid": true }, "geometry": { "type": "Point", "coordinates": [ -0.328286170959473, 5.515383243560791 ] } },
{ "type": "Feature", "properties": { "particle": 1412, "seed_idx": 70, "valid": true }, "geometry": { "type": "Point", "coordinates": [ -0.327937334775925, 5.515775680541992 ] } },
{ "type": "Feature", "properties": { "particle": 1413, "seed_idx": 70, "valid": true }, "geometry": { "type": "Point", "coordinates": [ -0.327512353658676, 5.516438007354736 ] } },
{ "type": "Feature", "properties": { "particle": 1414, "seed_idx": 70, "valid": true }, "geometry": { "type": "Point", "coordinates": [ -0.327729910612106, 5.515917301177979 ] } },
{ "type": "Feature", "properties": { "particle": 1415, "seed_idx": 70, "valid": true }, "geometry": { "type": "Point", "coordinates": [ -0.329419672489166, 5.515585899353027 ] } },
{ "type": "Feature", "properties": { "particle": 1416, "seed_idx": 70, "valid": true }, "geometry": { "type": "Point", "coordinates": [ -0.328218370676041, 5.515625476837158 ] } },
{ "type": "Feature", "properties": { "particle": 1417, "seed_idx": 70, "valid": true }, "geometry": { "type": "Point", "coordinates": [ -0.327999740839005, 5.515674114227295 ] } },
{ "type": "Feature", "properties": { "particle": 1418, "seed_idx": 70, "valid": true }, "geometry": { "type": "Point", "coordinates": [ -0.328300923109055, 5.51433801651001 ] } },
{ "type": "Feature", "properties": { "particle": 1419, "seed_idx": 70, "valid": true }, "geometry": { "type": "Point", "coordinates": [ -0.327348738908768, 5.515713691711426 ] } },
{ "type": "Feature", "properties": { "particle": 1420, "seed_idx": 71, "valid": true }, "geometry": { "type": "Point", "coordinates": [ -0.328772515058517, 5.515754222869873 ] } },
{ "type": "Feature", "properties": { "particle": 1421, "seed_idx": 71, "valid": true }, "geometry": { "type": "Point", "coordinates": [ -0.327463328838348, 5.516236782073975 ] } },
{ "type": "Feature", "properties": { "particle": 1422, "seed_idx": 71, "valid": true }, "geometry": { "type": "Point", "coordinates": [ -0.327326357364655, 5.516489505767822 ] } },
{ "type": "Feature", "properties": { "particle": 1423, "seed_idx": 71, "valid": true }, "geometry": { "type": "Point", "coordinates": [ -0.328135907649994, 5.516442775726318 ] } },
{ "type": "Feature", "properties": { "particle": 1424, "seed_idx": 71, "valid": true }, "geometry": { "type": "Point", "coordinates": [ -0.328253865242004, 5.515820026397705 ] } },
{ "type": "Feature", "properties": { "particle": 1425, "seed_idx": 71, "valid": true }, "geometry": { "type": "Point", "coordinates": [ -0.327855259180069, 5.516061305999756 ] } },
{ "type": "Feature", "properties": { "particle": 1426, "seed_idx": 71, "valid": true }, "geometry": { "type": "Point", "coordinates": [ -0.327360302209854, 5.516743183135986 ] } },
{ "type": "Feature", "properties": { "particle": 1427, "seed_idx": 71, "valid": true }, "geometry": { "type": "Point", "coordinates": [ -0.327314168214798, 5.516605854034424 ] } },
{ "type": "Feature", "properties": { "particle": 1428, "seed_idx": 71, "valid": true }, "geometry": { "type": "Point", "coordinates": [ -0.328589797019958, 5.515833854675293 ] } },
{ "type": "Feature", "properties": { "particle": 1429, "seed_idx": 71, "valid": true }, "geometry": { "type": "Point", "coordinates": [ -0.327908098697662, 5.516073703765869 ] } },
{ "type": "Feature", "properties": { "particle": 1430, "seed_idx": 71, "valid": true }, "geometry": { "type": "Point", "coordinates": [ -0.328816086053848, 5.516555309295654 ] } },
{ "type": "Feature", "properties": { "particle": 1431, "seed_idx": 71, "valid": true }, "geometry": { "type": "Point", "coordinates": [ -0.327779114246368, 5.516258716583252 ] } },
{ "type": "Feature", "properties": { "particle": 1432, "seed_idx": 71, "valid": true }, "geometry": { "type": "Point", "coordinates": [ -0.327363461256027, 5.516502380371094 ] } },
{ "type": "Feature", "properties": { "particle": 1433, "seed_idx": 71, "valid": true }, "geometry": { "type": "Point", "coordinates": [ -0.32795387506485, 5.516209125518799 ] } },
{ "type": "Feature", "properties": { "particle": 1434, "seed_idx": 71, "valid": true }, "geometry": { "type": "Point", "coordinates": [ -0.329421579837799, 5.515605449676514 ] } },
{ "type": "Feature", "properties": { "particle": 1435, "seed_idx": 71, "valid": true }, "geometry": { "type": "Point", "coordinates": [ -0.327570140361786, 5.516627788543701 ] } },
{ "type": "Feature", "properties": { "particle": 1436, "seed_idx": 71, "valid": true }, "geometry": { "type": "Point", "coordinates": [ -0.328096747398376, 5.515645027160645 ] } },
{ "type": "Feature", "properties": { "particle": 1437, "seed_idx": 71, "valid": true }, "geometry": { "type": "Point", "coordinates": [ -0.327274799346924, 5.516483306884766 ] } },
{ "type": "Feature", "properties": { "particle": 1438, "seed_idx": 71, "valid": true }, "geometry": { "type": "Point", "coordinates": [ -0.328335374593735, 5.515911102294922 ] } },
{ "type": "Feature", "properties": { "particle": 1439, "seed_idx": 71, "valid": true }, "geometry": { "type": "Point", "coordinates": [ -0.328822523355484, 5.515872001647949 ] } },
{ "type": "Feature", "properties": { "particle": 1440, "seed_idx": 72, "valid": true }, "geometry": { "type": "Point", "coordinates": [ -0.327478587627411, 5.516519546508789 ] } },
{ "type": "Feature", "properties": { "particle": 1441, "seed_idx": 72, "valid": true }, "geometry": { "type": "Point", "coordinates": [ -0.326351135969162, 5.517589092254639 ] } },
{ "type": "Feature", "properties": { "particle": 1442, "seed_idx": 72, "valid": true }, "geometry": { "type": "Point", "coordinates": [ -0.326716035604477, 5.517617225646973 ] } },
{ "type": "Feature", "properties": { "particle": 1443, "seed_idx": 72, "valid": true }, "geometry": { "type": "Point", "coordinates": [ -0.327350169420242, 5.51655912399292 ] } },
{ "type": "Feature", "properties": { "particle": 1444, "seed_idx": 72, "valid": true }, "geometry": { "type": "Point", "coordinates": [ -0.32713320851326, 5.517257690429688 ] } },
{ "type": "Feature", "properties": { "particle": 1445, "seed_idx": 72, "valid": true }, "geometry": { "type": "Point", "coordinates": [ -0.327730238437653, 5.517266750335693 ] } },
{ "type": "Feature", "properties": { "particle": 1446, "seed_idx": 72, "valid": true }, "geometry": { "type": "Point", "coordinates": [ -0.326745599508286, 5.517266750335693 ] } },
{ "type": "Feature", "properties": { "particle": 1447, "seed_idx": 72, "valid": true }, "geometry": { "type": "Point", "coordinates": [ -0.326594799757004, 5.51734733581543 ] } },
{ "type": "Feature", "properties": { "particle": 1448, "seed_idx": 72, "valid": true }, "geometry": { "type": "Point", "coordinates": [ -0.327293992042542, 5.516912460327148 ] } },
{ "type": "Feature", "properties": { "particle": 1449, "seed_idx": 72, "valid": true }, "geometry": { "type": "Point", "coordinates": [ -0.327516585588455, 5.517504692077637 ] } },
{ "type": "Feature", "properties": { "particle": 1450, "seed_idx": 72, "valid": true }, "geometry": { "type": "Point", "coordinates": [ -0.32631441950798, 5.517640113830566 ] } },
{ "type": "Feature", "properties": { "particle": 1451, "seed_idx": 72, "valid": true }, "geometry": { "type": "Point", "coordinates": [ -0.328094750642776, 5.516832828521729 ] } },
{ "type": "Feature", "properties": { "particle": 1452, "seed_idx": 72, "valid": true }, "geometry": { "type": "Point", "coordinates": [ -0.327973961830139, 5.517188549041748 ] } },
{ "type": "Feature", "properties": { "particle": 1453, "seed_idx": 72, "valid": true }, "geometry": { "type": "Point", "coordinates": [ -0.327252209186554, 5.516817569732666 ] } },
{ "type": "Feature", "properties": { "particle": 1454, "seed_idx": 72, "valid": true }, "geometry": { "type": "Point", "coordinates": [ -0.327721416950226, 5.516787052154541 ] } },
{ "type": "Feature", "properties": { "particle": 1455, "seed_idx": 72, "valid": true }, "geometry": { "type": "Point", "coordinates": [ -0.327267527580261, 5.516334056854248 ] } },
{ "type": "Feature", "properties": { "particle": 1456, "seed_idx": 72, "valid": true }, "geometry": { "type": "Point", "coordinates": [ -0.326972186565399, 5.517075538635254 ] } },
{ "type": "Feature", "properties": { "particle": 1457, "seed_idx": 72, "valid": true }, "geometry": { "type": "Point", "coordinates": [ -0.326848596334457, 5.51731538772583 ] } },
{ "type": "Feature", "properties": { "particle": 1458, "seed_idx": 72, "valid": true }, "geometry": { "type": "Point", "coordinates": [ -0.328405916690826, 5.516919612884521 ] } },
{ "type": "Feature", "properties": { "particle": 1459, "seed_idx": 72, "valid": true }, "geometry": { "type": "Point", "coordinates": [ -0.326961904764175, 5.517227649688721 ] } },
{ "type": "Feature", "properties": { "particle": 1460, "seed_idx": 73, "valid": true }, "geometry": { "type": "Point", "coordinates": [ -0.327534049749374, 5.517905235290527 ] } },
{ "type": "Feature", "properties": { "particle": 1461, "seed_idx": 73, "valid": true }, "geometry": { "type": "Point", "coordinates": [ -0.32702100276947, 5.517871379852295 ] } },
{ "type": "Feature", "properties": { "particle": 1462, "seed_idx": 73, "valid": true }, "geometry": { "type": "Point", "coordinates": [ -0.326790571212769, 5.518068313598633 ] } },
{ "type": "Feature", "properties": { "particle": 1463, "seed_idx": 73, "valid": true }, "geometry": { "type": "Point", "coordinates": [ -0.328276693820953, 5.517494201660156 ] } },
{ "type": "Feature", "properties": { "particle": 1464, "seed_idx": 73, "valid": true }, "geometry": { "type": "Point", "coordinates": [ -0.327083081007004, 5.517611503601074 ] } },
{ "type": "Feature", "properties": { "particle": 1465, "seed_idx": 73, "valid": true }, "geometry": { "type": "Point", "coordinates": [ -0.327914178371429, 5.51680850982666 ] } },
{ "type": "Feature", "properties": { "particle": 1466, "seed_idx": 73, "valid": true }, "geometry": { "type": "Point", "coordinates": [ -0.327631920576096, 5.517865657806396 ] } },
{ "type": "Feature", "properties": { "particle": 1467, "seed_idx": 73, "valid": true }, "geometry": { "type": "Point", "coordinates": [ -0.328340739011765, 5.517241954803467 ] } },
{ "type": "Feature", "properties": { "particle": 1468, "seed_idx": 73, "valid": true }, "geometry": { "type": "Point", "coordinates": [ -0.327607780694962, 5.517563819885254 ] } },
{ "type": "Feature", "properties": { "particle": 1469, "seed_idx": 73, "valid": true }, "geometry": { "type": "Point", "coordinates": [ -0.328177034854889, 5.516857147216797 ] } },
{ "type": "Feature", "properties": { "particle": 1470, "seed_idx": 73, "valid": true }, "geometry": { "type": "Point", "coordinates": [ -0.327753067016602, 5.517956256866455 ] } },
{ "type": "Feature", "properties": { "particle": 1471, "seed_idx": 73, "valid": true }, "geometry": { "type": "Point", "coordinates": [ -0.327179461717606, 5.517719745635986 ] } },
{ "type": "Feature", "properties": { "particle": 1472, "seed_idx": 73, "valid": true }, "geometry": { "type": "Point", "coordinates": [ -0.327698945999146, 5.517580986022949 ] } },
{ "type": "Feature", "properties": { "particle": 1473, "seed_idx": 73, "valid": true }, "geometry": { "type": "Point", "coordinates": [ -0.327715754508972, 5.517685413360596 ] } },
{ "type": "Feature", "properties": { "particle": 1474, "seed_idx": 73, "valid": true }, "geometry": { "type": "Point", "coordinates": [ -0.329568386077881, 5.516946315765381 ] } },
{ "type": "Feature", "properties": { "particle": 1475, "seed_idx": 73, "valid": true }, "geometry": { "type": "Point", "coordinates": [ -0.32876580953598, 5.517057418823242 ] } },
{ "type": "Feature", "properties": { "particle": 1476, "seed_idx": 73, "valid": true }, "geometry": { "type": "Point", "coordinates": [ -0.327823013067245, 5.516963481903076 ] } },
{ "type": "Feature", "properties": { "particle": 1477, "seed_idx": 73, "valid": true }, "geometry": { "type": "Point", "coordinates": [ -0.328489542007446, 5.517547130584717 ] } },
{ "type": "Feature", "properties": { "particle": 1478, "seed_idx": 73, "valid": true }, "geometry": { "type": "Point", "coordinates": [ -0.327594608068466, 5.517597675323486 ] } },
{ "type": "Feature", "properties": { "particle": 1479, "seed_idx": 73, "valid": true }, "geometry": { "type": "Point", "coordinates": [ -0.327834218740463, 5.517499923706055 ] } },
{ "type": "Feature", "properties": { "particle": 1480, "seed_idx": 74, "valid": true }, "geometry": { "type": "Point", "coordinates": [ -0.327448278665543, 5.519250392913818 ] } },
{ "type": "Feature", "properties": { "particle": 1481, "seed_idx": 74, "valid": true }, "geometry": { "type": "Point", "coordinates": [ -0.327971130609512, 5.518839359283447 ] } },
{ "type": "Feature", "properties": { "particle": 1482, "seed_idx": 74, "valid": true }, "geometry": { "type": "Point", "coordinates": [ -0.327758342027664, 5.51895809173584 ] } },
{ "type": "Feature", "properties": { "particle": 1483, "seed_idx": 74, "valid": true }, "geometry": { "type": "Point", "coordinates": [ -0.327286720275879, 5.518974304199219 ] } },
{ "type": "Feature", "properties": { "particle": 1484, "seed_idx": 74, "valid": true }, "geometry": { "type": "Point", "coordinates": [ -0.327667564153671, 5.519020080566406 ] } },
{ "type": "Feature", "properties": { "particle": 1485, "seed_idx": 74, "valid": true }, "geometry": { "type": "Point", "coordinates": [ -0.327250778675079, 5.519095897674561 ] } },
{ "type": "Feature", "properties": { "particle": 1486, "seed_idx": 74, "valid": true }, "geometry": { "type": "Point", "coordinates": [ -0.328946262598038, 5.51905345916748 ] } },
{ "type": "Feature", "properties": { "particle": 1487, "seed_idx": 74, "valid": true }, "geometry": { "type": "Point", "coordinates": [ -0.328610509634018, 5.518532752990723 ] } },
{ "type": "Feature", "properties": { "particle": 1488, "seed_idx": 74, "valid": true }, "geometry": { "type": "Point", "coordinates": [ -0.328092902898788, 5.518674850463867 ] } },
{ "type": "Feature", "properties": { "particle": 1489, "seed_idx": 74, "valid": true }, "geometry": { "type": "Point", "coordinates": [ -0.327106773853302, 5.51922082901001 ] } },
{ "type": "Feature", "properties": { "particle": 1490, "seed_idx": 74, "valid": true }, "geometry": { "type": "Point", "coordinates": [ -0.329491406679153, 5.518983364105225 ] } },
{ "type": "Feature", "properties": { "particle": 1491, "seed_idx": 74, "valid": true }, "geometry": { "type": "Point", "coordinates": [ -0.328835934400558, 5.518205642700195 ] } },
{ "type": "Feature", "properties": { "particle": 1492, "seed_idx": 74, "valid": true }, "geometry": { "type": "Point", "coordinates": [ -0.327570855617523, 5.518575668334961 ] } },
{ "type": "Feature", "properties": { "particle": 1493, "seed_idx": 74, "valid": true }, "geometry": { "type": "Point", "coordinates": [ -0.328429281711578, 5.518299102783203 ] } },
{ "type": "Feature", "properties": { "particle": 1494, "seed_idx": 74, "valid": true }, "geometry": { "type": "Point", "coordinates": [ -0.328218400478363, 5.518839359283447 ] } },
{ "type": "Feature", "properties": { "particle": 1495, "seed_idx": 74, "valid": true }, "geometry": { "type": "Point", "coordinates": [ -0.327683448791504, 5.519315242767334 ] } },
{ "type": "Feature", "properties": { "particle": 1496, "seed_idx": 74, "valid": true }, "geometry": { "type": "Point", "coordinates": [ -0.327794015407562, 5.519176959991455 ] } },
{ "type": "Feature", "properties": { "particle": 1497, "seed_idx": 74, "valid": true }, "geometry": { "type": "Point", "coordinates": [ -0.327238649129868, 5.51939868927002 ] } },
{ "type": "Feature", "properties": { "particle": 1498, "seed_idx": 74, "valid": true }, "geometry": { "type": "Point", "coordinates": [ -0.328767538070679, 5.5183424949646 ] } },
{ "type": "Feature", "properties": { "particle": 1499, "seed_idx": 74, "valid": true }, "geometry": { "type": "Point", "coordinates": [ -0.328021496534348, 5.518421173095703 ] } },
{ "type": "Feature", "properties": { "particle": 1500, "seed_idx": 75, "valid": true }, "geometry": { "type": "Point", "coordinates": [ -0.330081462860107, 5.514395236968994 ] } },
{ "type": "Feature", "properties": { "particle": 1501, "seed_idx": 75, "valid": true }, "geometry": { "type": "Point", "coordinates": [ -0.330529689788818, 5.514133453369141 ] } },
{ "type": "Feature", "properties": { "particle": 1502, "seed_idx": 75, "valid": true }, "geometry": { "type": "Point", "coordinates": [ -0.330518901348114, 5.514265537261963 ] } },
{ "type": "Feature", "properties": { "particle": 1503, "seed_idx": 75, "valid": true }, "geometry": { "type": "Point", "coordinates": [ -0.330129951238632, 5.514202117919922 ] } },
{ "type": "Feature", "properties": { "particle": 1504, "seed_idx": 75, "valid": true }, "geometry": { "type": "Point", "coordinates": [ -0.330415487289429, 5.514363288879395 ] } },
{ "type": "Feature", "properties": { "particle": 1505, "seed_idx": 75, "valid": true }, "geometry": { "type": "Point", "coordinates": [ -0.330835908651352, 5.51431941986084 ] } },
{ "type": "Feature", "properties": { "particle": 1506, "seed_idx": 75, "valid": true }, "geometry": { "type": "Point", "coordinates": [ -0.33106717467308, 5.514233589172363 ] } },
{ "type": "Feature", "properties": { "particle": 1507, "seed_idx": 75, "valid": true }, "geometry": { "type": "Point", "coordinates": [ -0.33040252327919, 5.514336585998535 ] } },
{ "type": "Feature", "properties": { "particle": 1508, "seed_idx": 75, "valid": true }, "geometry": { "type": "Point", "coordinates": [ -0.330725133419037, 5.513245582580566 ] } },
{ "type": "Feature", "properties": { "particle": 1509, "seed_idx": 75, "valid": true }, "geometry": { "type": "Point", "coordinates": [ -0.330986320972443, 5.51434850692749 ] } },
{ "type": "Feature", "properties": { "particle": 1510, "seed_idx": 75, "valid": true }, "geometry": { "type": "Point", "coordinates": [ -0.330959856510162, 5.513669013977051 ] } },
{ "type": "Feature", "properties": { "particle": 1511, "seed_idx": 75, "valid": true }, "geometry": { "type": "Point", "coordinates": [ -0.330761611461639, 5.514477729797363 ] } },
{ "type": "Feature", "properties": { "particle": 1512, "seed_idx": 75, "valid": true }, "geometry": { "type": "Point", "coordinates": [ -0.330495357513428, 5.514175415039062 ] } },
{ "type": "Feature", "properties": { "particle": 1513, "seed_idx": 75, "valid": true }, "geometry": { "type": "Point", "coordinates": [ -0.330365300178528, 5.514544010162354 ] } },
{ "type": "Feature", "properties": { "particle": 1514, "seed_idx": 75, "valid": true }, "geometry": { "type": "Point", "coordinates": [ -0.330788642168045, 5.51447582244873 ] } },
{ "type": "Feature", "properties": { "particle": 1515, "seed_idx": 75, "valid": true }, "geometry": { "type": "Point", "coordinates": [ -0.331244558095932, 5.513724803924561 ] } },
{ "type": "Feature", "properties": { "particle": 1516, "seed_idx": 75, "valid": true }, "geometry": { "type": "Point", "coordinates": [ -0.33062756061554, 5.514519214630127 ] } },
{ "type": "Feature", "properties": { "particle": 1517, "seed_idx": 75, "valid": true }, "geometry": { "type": "Point", "coordinates": [ -0.330727815628052, 5.51372766494751 ] } },
{ "type": "Feature", "properties": { "particle": 1518, "seed_idx": 75, "valid": true }, "geometry": { "type": "Point", "coordinates": [ -0.331573963165283, 5.513931274414062 ] } },
{ "type": "Feature", "properties": { "particle": 1519, "seed_idx": 75, "valid": true }, "geometry": { "type": "Point", "coordinates": [ -0.330516338348389, 5.513617038726807 ] } },
{ "type": "Feature", "properties": { "particle": 1520, "seed_idx": 76, "valid": true }, "geometry": { "type": "Point", "coordinates": [ -0.331168800592422, 5.513965606689453 ] } },
{ "type": "Feature", "properties": { "particle": 1521, "seed_idx": 76, "valid": true }, "geometry": { "type": "Point", "coordinates": [ -0.330568075180054, 5.514450073242188 ] } },
{ "type": "Feature", "properties": { "particle": 1522, "seed_idx": 76, "valid": true }, "geometry": { "type": "Point", "coordinates": [ -0.330758839845657, 5.514298439025879 ] } },
{ "type": "Feature", "properties": { "particle": 1523, "seed_idx": 76, "valid": true }, "geometry": { "type": "Point", "coordinates": [ -0.330704301595688, 5.513985633850098 ] } },
{ "type": "Feature", "properties": { "particle": 1524, "seed_idx": 76, "valid": true }, "geometry": { "type": "Point", "coordinates": [ -0.331143409013748, 5.513628005981445 ] } },
{ "type": "Feature", "properties": { "particle": 1525, "seed_idx": 76, "valid": true }, "geometry": { "type": "Point", "coordinates": [ -0.330768078565598, 5.514724731445312 ] } },
{ "type": "Feature", "properties": { "particle": 1526, "seed_idx": 76, "valid": true }, "geometry": { "type": "Point", "coordinates": [ -0.331120401620865, 5.513767242431641 ] } },
{ "type": "Feature", "properties": { "particle": 1527, "seed_idx": 76, "valid": true }, "geometry": { "type": "Point", "coordinates": [ -0.330632448196411, 5.514250755310059 ] } },
{ "type": "Feature", "properties": { "particle": 1528, "seed_idx": 76, "valid": true }, "geometry": { "type": "Point", "coordinates": [ -0.330264687538147, 5.514571189880371 ] } },
{ "type": "Feature", "properties": { "particle": 1529, "seed_idx": 76, "valid": true }, "geometry": { "type": "Point", "coordinates": [ -0.331849545240402, 5.514437198638916 ] } },
{ "type": "Feature", "properties": { "particle": 1530, "seed_idx": 76, "valid": true }, "geometry": { "type": "Point", "coordinates": [ -0.331018090248108, 5.513992786407471 ] } },
{ "type": "Feature", "properties": { "particle": 1531, "seed_idx": 76, "valid": true }, "geometry": { "type": "Point", "coordinates": [ -0.33053132891655, 5.51454496383667 ] } },
{ "type": "Feature", "properties": { "particle": 1532, "seed_idx": 76, "valid": true }, "geometry": { "type": "Point", "coordinates": [ -0.330077081918716, 5.514825344085693 ] } },
{ "type": "Feature", "properties": { "particle": 1533, "seed_idx": 76, "valid": true }, "geometry": { "type": "Point", "coordinates": [ -0.330957174301147, 5.514189720153809 ] } },
{ "type": "Feature", "properties": { "particle": 1534, "seed_idx": 76, "valid": true }, "geometry": { "type": "Point", "coordinates": [ -0.330610334873199, 5.514354228973389 ] } },
{ "type": "Feature", "properties": { "particle": 1535, "seed_idx": 76, "valid": true }, "geometry": { "type": "Point", "coordinates": [ -0.330170810222626, 5.514716148376465 ] } },
{ "type": "Feature", "properties": { "particle": 1536, "seed_idx": 76, "valid": true }, "geometry": { "type": "Point", "coordinates": [ -0.330269306898117, 5.514717578887939 ] } },
{ "type": "Feature", "properties": { "particle": 1537, "seed_idx": 76, "valid": true }, "geometry": { "type": "Point", "coordinates": [ -0.330930560827255, 5.513935089111328 ] } },
{ "type": "Feature", "properties": { "particle": 1538, "seed_idx": 76, "valid": true }, "geometry": { "type": "Point", "coordinates": [ -0.330450266599655, 5.514256954193115 ] } },
{ "type": "Feature", "properties": { "particle": 1539, "seed_idx": 76, "valid": true }, "geometry": { "type": "Point", "coordinates": [ -0.331694215536118, 5.513948917388916 ] } },
{ "type": "Feature", "properties": { "particle": 1540, "seed_idx": 77, "valid": true }, "geometry": { "type": "Point", "coordinates": [ -0.33230060338974, 5.515120029449463 ] } },
{ "type": "Feature", "properties": { "particle": 1541, "seed_idx": 77, "valid": true }, "geometry": { "type": "Point", "coordinates": [ -0.332164406776428, 5.51538610458374 ] } },
{ "type": "Feature", "properties": { "particle": 1542, "seed_idx": 77, "valid": true }, "geometry": { "type": "Point", "coordinates": [ -0.333052158355713, 5.515467643737793 ] } },
{ "type": "Feature", "properties": { "particle": 1543, "seed_idx": 77, "valid": true }, "geometry": { "type": "Point", "coordinates": [ -0.332001447677612, 5.515790939331055 ] } },
{ "type": "Feature", "properties": { "particle": 1544, "seed_idx": 77, "valid": true }, "geometry": { "type": "Point", "coordinates": [ -0.331672936677933, 5.515803813934326 ] } },
{ "type": "Feature", "properties": { "particle": 1545, "seed_idx": 77, "valid": true }, "geometry": { "type": "Point", "coordinates": [ -0.332641452550888, 5.515235424041748 ] } },
{ "type": "Feature", "properties": { "particle": 1546, "seed_idx": 77, "valid": true }, "geometry": { "type": "Point", "coordinates": [ -0.331729799509048, 5.515964508056641 ] } },
{ "type": "Feature", "properties": { "particle": 1547, "seed_idx": 77, "valid": true }, "geometry": { "type": "Point", "coordinates": [ -0.331892967224121, 5.515764236450195 ] } },
{ "type": "Feature", "properties": { "particle": 1548, "seed_idx": 77, "valid": true }, "geometry": { "type": "Point", "coordinates": [ -0.333139270544052, 5.515738487243652 ] } },
{ "type": "Feature", "properties": { "particle": 1549, "seed_idx": 77, "valid": true }, "geometry": { "type": "Point", "coordinates": [ -0.332829147577286, 5.516044616699219 ] } },
{ "type": "Feature", "properties": { "particle": 1550, "seed_idx": 77, "valid": true }, "geometry": { "type": "Point", "coordinates": [ -0.332043349742889, 5.515442848205566 ] } },
{ "type": "Feature", "properties": { "particle": 1551, "seed_idx": 77, "valid": true }, "geometry": { "type": "Point", "coordinates": [ -0.331863403320312, 5.515660762786865 ] } },
{ "type": "Feature", "properties": { "particle": 1552, "seed_idx": 77, "valid": true }, "geometry": { "type": "Point", "coordinates": [ -0.331992834806442, 5.515502452850342 ] } },
{ "type": "Feature", "properties": { "particle": 1553, "seed_idx": 77, "valid": true }, "geometry": { "type": "Point", "coordinates": [ -0.332480847835541, 5.515895366668701 ] } },
{ "type": "Feature", "properties": { "particle": 1554, "seed_idx": 77, "valid": true }, "geometry": { "type": "Point", "coordinates": [ -0.331761538982391, 5.515796661376953 ] } },
{ "type": "Feature", "properties": { "particle": 1555, "seed_idx": 77, "valid": true }, "geometry": { "type": "Point", "coordinates": [ -0.332205951213837, 5.515383720397949 ] } },
{ "type": "Feature", "properties": { "particle": 1556, "seed_idx": 77, "valid": true }, "geometry": { "type": "Point", "coordinates": [ -0.333406955003738, 5.515578269958496 ] } },
{ "type": "Feature", "properties": { "particle": 1557, "seed_idx": 77, "valid": true }, "geometry": { "type": "Point", "coordinates": [ -0.332473933696747, 5.515498638153076 ] } },
{ "type": "Feature", "properties": { "particle": 1558, "seed_idx": 77, "valid": true }, "geometry": { "type": "Point", "coordinates": [ -0.332508236169815, 5.515459537506104 ] } },
{ "type": "Feature", "properties": { "particle": 1559, "seed_idx": 77, "valid": true }, "geometry": { "type": "Point", "coordinates": [ -0.332051813602448, 5.515533447265625 ] } },
{ "type": "Feature", "properties": { "particle": 1560, "seed_idx": 78, "valid": true }, "geometry": { "type": "Point", "coordinates": [ -0.331834554672241, 5.516167640686035 ] } },
{ "type": "Feature", "properties": { "particle": 1561, "seed_idx": 78, "valid": true }, "geometry": { "type": "Point", "coordinates": [ -0.33257383108139, 5.515140533447266 ] } },
{ "type": "Feature", "properties": { "particle": 1562, "seed_idx": 78, "valid": true }, "geometry": { "type": "Point", "coordinates": [ -0.333709388971329, 5.514809131622314 ] } },
{ "type": "Feature", "properties": { "particle": 1563, "seed_idx": 78, "valid": true }, "geometry": { "type": "Point", "coordinates": [ -0.332933336496353, 5.515830516815186 ] } },
{ "type": "Feature", "properties": { "particle": 1564, "seed_idx": 78, "valid": true }, "geometry": { "type": "Point", "coordinates": [ -0.332100570201874, 5.51619815826416 ] } },
{ "type": "Feature", "properties": { "particle": 1565, "seed_idx": 78, "valid": true }, "geometry": { "type": "Point", "coordinates": [ -0.332658380270004, 5.515308856964111 ] } },
{ "type": "Feature", "properties": { "particle": 1566, "seed_idx": 78, "valid": true }, "geometry": { "type": "Point", "coordinates": [ -0.332361221313477, 5.516119480133057 ] } },
{ "type": "Feature", "properties": { "particle": 1567, "seed_idx": 78, "valid": true }, "geometry": { "type": "Point", "coordinates": [ -0.333030849695206, 5.515366077423096 ] } },
{ "type": "Feature", "properties": { "particle": 1568, "seed_idx": 78, "valid": true }, "geometry": { "type": "Point", "coordinates": [ -0.333954364061356, 5.515701293945312 ] } },
{ "type": "Feature", "properties": { "particle": 1569, "seed_idx": 78, "valid": true }, "geometry": { "type": "Point", "coordinates": [ -0.333033114671707, 5.515277862548828 ] } },
{ "type": "Feature", "properties": { "particle": 1570, "seed_idx": 78, "valid": true }, "geometry": { "type": "Point", "coordinates": [ -0.333076685667038, 5.515551090240479 ] } },
{ "type": "Feature", "properties": { "particle": 1571, "seed_idx": 78, "valid": true }, "geometry": { "type": "Point", "coordinates": [ -0.332116216421127, 5.516087055206299 ] } },
{ "type": "Feature", "properties": { "particle": 1572, "seed_idx": 78, "valid": true }, "geometry": { "type": "Point", "coordinates": [ -0.332699835300446, 5.515655994415283 ] } },
{ "type": "Feature", "properties": { "particle": 1573, "seed_idx": 78, "valid": true }, "geometry": { "type": "Point", "coordinates": [ -0.332232981920242, 5.516032695770264 ] } },
{ "type": "Feature", "properties": { "particle": 1574, "seed_idx": 78, "valid": true }, "geometry": { "type": "Point", "coordinates": [ -0.332359254360199, 5.515973091125488 ] } },
{ "type": "Feature", "properties": { "particle": 1575, "seed_idx": 78, "valid": true }, "geometry": { "type": "Point", "coordinates": [ -0.332255572080612, 5.515928745269775 ] } },
{ "type": "Feature", "properties": { "particle": 1576, "seed_idx": 78, "valid": true }, "geometry": { "type": "Point", "coordinates": [ -0.332023352384567, 5.515947341918945 ] } },
{ "type": "Feature", "properties": { "particle": 1577, "seed_idx": 78, "valid": true }, "geometry": { "type": "Point", "coordinates": [ -0.33189645409584, 5.516087532043457 ] } },
{ "type": "Feature", "properties": { "particle": 1578, "seed_idx": 78, "valid": true }, "geometry": { "type": "Point", "coordinates": [ -0.331867963075638, 5.516324520111084 ] } },
{ "type": "Feature", "properties": { "particle": 1579, "seed_idx": 78, "valid": true }, "geometry": { "type": "Point", "coordinates": [ -0.332212835550308, 5.515443801879883 ] } },
{ "type": "Feature", "properties": { "particle": 1580, "seed_idx": 79, "valid": true }, "geometry": { "type": "Point", "coordinates": [ -0.332639247179031, 5.516585350036621 ] } },
{ "type": "Feature", "properties": { "particle": 1581, "seed_idx": 79, "valid": true }, "geometry": { "type": "Point", "coordinates": [ -0.334644168615341, 5.516167640686035 ] } },
{ "type": "Feature", "properties": { "particle": 1582, "seed_idx": 79, "valid": true }, "geometry": { "type": "Point", "coordinates": [ -0.333512783050537, 5.516562938690186 ] } },
{ "type": "Feature", "properties": { "particle": 1583, "seed_idx": 79, "valid": true }, "geometry": { "type": "Point", "coordinates": [ -0.333201587200165, 5.516726493835449 ] } },
{ "type": "Feature", "properties": { "particle": 1584, "seed_idx": 79, "valid": true }, "geometry": { "type": "Point", "coordinates": [ -0.333784162998199, 5.516796588897705 ] } },
{ "type": "Feature", "properties": { "particle": 1585, "seed_idx": 79, "valid": true }, "geometry": { "type": "Point", "coordinates": [ -0.335284680128098, 5.515961647033691 ] } },
{ "type": "Feature", "properties": { "particle": 1586, "seed_idx": 79, "valid": true }, "geometry": { "type": "Point", "coordinates": [ -0.332776248455048, 5.517440319061279 ] } },
{ "type": "Feature", "properties": { "particle": 1587, "seed_idx": 79, "valid": true }, "geometry": { "type": "Point", "coordinates": [ -0.332382202148438, 5.516625881195068 ] } },
{ "type": "Feature", "properties": { "particle": 1588, "seed_idx": 79, "valid": true }, "geometry": { "type": "Point", "coordinates": [ -0.33337277173996, 5.517068386077881 ] } },
{ "type": "Feature", "properties": { "particle": 1589, "seed_idx": 79, "valid": true }, "geometry": { "type": "Point", "coordinates": [ -0.332631647586823, 5.517183303833008 ] } },
{ "type": "Feature", "properties": { "particle": 1590, "seed_idx": 79, "valid": true }, "geometry": { "type": "Point", "coordinates": [ -0.332841813564301, 5.516361236572266 ] } },
{ "type": "Feature", "properties": { "particle": 1591, "seed_idx": 79, "valid": true }, "geometry": { "type": "Point", "coordinates": [ -0.332623809576035, 5.517305850982666 ] } },
{ "type": "Feature", "properties": { "particle": 1592, "seed_idx": 79, "valid": true }, "geometry": { "type": "Point", "coordinates": [ -0.333749264478683, 5.516363620758057 ] } },
{ "type": "Feature", "properties": { "particle": 1593, "seed_idx": 79, "valid": true }, "geometry": { "type": "Point", "coordinates": [ -0.332786172628403, 5.516832828521729 ] } },
{ "type": "Feature", "properties": { "particle": 1594, "seed_idx": 79, "valid": true }, "geometry": { "type": "Point", "coordinates": [ -0.332739472389221, 5.516620635986328 ] } },
{ "type": "Feature", "properties": { "particle": 1595, "seed_idx": 79, "valid": true }, "geometry": { "type": "Point", "coordinates": [ -0.333025574684143, 5.516963481903076 ] } },
{ "type": "Feature", "properties": { "particle": 1596, "seed_idx": 79, "valid": true }, "geometry": { "type": "Point", "coordinates": [ -0.333547860383987, 5.517316818237305 ] } },
{ "type": "Feature", "properties": { "particle": 1597, "seed_idx": 79, "valid": true }, "geometry": { "type": "Point", "coordinates": [ -0.333572506904602, 5.516451358795166 ] } },
{ "type": "Feature", "properties": { "particle": 1598, "seed_idx": 79, "valid": true }, "geometry": { "type": "Point", "coordinates": [ -0.331824660301208, 5.517463207244873 ] } },
{ "type": "Feature", "properties": { "particle": 1599, "seed_idx": 79, "valid": true }, "geometry": { "type": "Point", "coordinates": [ -0.332576394081116, 5.516928672790527 ] } },
{ "type": "Feature", "properties": { "particle": 1600, "seed_idx": 80, "valid": true }, "geometry": { "type": "Point", "coordinates": [ -0.333537042140961, 5.516231060028076 ] } },
{ "type": "Feature", "properties": { "particle": 1601, "seed_idx": 80, "valid": true }, "geometry": { "type": "Point", "coordinates": [ -0.333077698945999, 5.516085624694824 ] } },
{ "type": "Feature", "properties": { "particle": 1602, "seed_idx": 80, "valid": true }, "geometry": { "type": "Point", "coordinates": [ -0.332825988531113, 5.516709804534912 ] } },
{ "type": "Feature", "properties": { "particle": 1603, "seed_idx": 80, "valid": true }, "geometry": { "type": "Point", "coordinates": [ -0.332415074110031, 5.516762256622314 ] } },
{ "type": "Feature", "properties": { "particle": 1604, "seed_idx": 80, "valid": true }, "geometry": { "type": "Point", "coordinates": [ -0.333275318145752, 5.516133308410645 ] } },
{ "type": "Feature", "properties": { "particle": 1605, "seed_idx": 80, "valid": true }, "geometry": { "type": "Point", "coordinates": [ -0.332458049058914, 5.517233848571777 ] } },
{ "type": "Feature", "properties": { "particle": 1606, "seed_idx": 80, "valid": true }, "geometry": { "type": "Point", "coordinates": [ -0.332625418901443, 5.516931533813477 ] } },
{ "type": "Feature", "properties": { "particle": 1607, "seed_idx": 80, "valid": true }, "geometry": { "type": "Point", "coordinates": [ -0.332221686840057, 5.51697301864624 ] } },
{ "type": "Feature", "properties": { "particle": 1608, "seed_idx": 80, "valid": true }, "geometry": { "type": "Point", "coordinates": [ -0.332841813564301, 5.516885757446289 ] } },
{ "type": "Feature", "properties": { "particle": 1609, "seed_idx": 80, "valid": true }, "geometry": { "type": "Point", "coordinates": [ -0.332898437976837, 5.51645040512085 ] } },
{ "type": "Feature", "properties": { "particle": 1610, "seed_idx": 80, "valid": true }, "geometry": { "type": "Point", "coordinates": [ -0.333413004875183, 5.516528129577637 ] } },
{ "type": "Feature", "properties": { "particle": 1611, "seed_idx": 80, "valid": true }, "geometry": { "type": "Point", "coordinates": [ -0.332931280136108, 5.516369819641113 ] } },
{ "type": "Feature", "properties": { "particle": 1612, "seed_idx": 80, "valid": true }, "geometry": { "type": "Point", "coordinates": [ -0.333016365766525, 5.517271518707275 ] } },
{ "type": "Feature", "properties": { "particle": 1613, "seed_idx": 80, "valid": true }, "geometry": { "type": "Point", "coordinates": [ -0.332888007164001, 5.516242504119873 ] } },
{ "type": "Feature", "properties": { "particle": 1614, "seed_idx": 80, "valid": true }, "geometry": { "type": "Point", "coordinates": [ -0.332297682762146, 5.516952037811279 ] } },
{ "type": "Feature", "properties": { "particle": 1615, "seed_idx": 80, "valid": true }, "geometry": { "type": "Point", "coordinates": [ -0.334031850099564, 5.51539134979248 ] } },
{ "type": "Feature", "properties": { "particle": 1616, "seed_idx": 80, "valid": true }, "geometry": { "type": "Point", "coordinates": [ -0.332865178585052, 5.517020225524902 ] } },
{ "type": "Feature", "properties": { "particle": 1617, "seed_idx": 80, "valid": true }, "geometry": { "type": "Point", "coordinates": [ -0.333501219749451, 5.517040729522705 ] } },
{ "type": "Feature", "properties": { "particle": 1618, "seed_idx": 80, "valid": true }, "geometry": { "type": "Point", "coordinates": [ -0.332491010427475, 5.51710844039917 ] } },
{ "type": "Feature", "properties": { "particle": 1619, "seed_idx": 80, "valid": true }, "geometry": { "type": "Point", "coordinates": [ -0.33222234249115, 5.516990184783936 ] } },
{ "type": "Feature", "properties": { "particle": 1620, "seed_idx": 81, "valid": true }, "geometry": { "type": "Point", "coordinates": [ -0.33274382352829, 5.516668796539307 ] } },
{ "type": "Feature", "properties": { "particle": 1621, "seed_idx": 81, "valid": true }, "geometry": { "type": "Point", "coordinates": [ -0.334728419780731, 5.516839027404785 ] } },
{ "type": "Feature", "properties": { "particle": 1622, "seed_idx": 81, "valid": true }, "geometry": { "type": "Point", "coordinates": [ -0.332782208919525, 5.517181396484375 ] } },
{ "type": "Feature", "properties": { "particle": 1623, "seed_idx": 81, "valid": true }, "geometry": { "type": "Point", "coordinates": [ -0.332223773002625, 5.516875743865967 ] } },
{ "type": "Feature", "properties": { "particle": 1624, "seed_idx": 81, "valid": true }, "geometry": { "type": "Point", "coordinates": [ -0.333262801170349, 5.51649284362793 ] } },
{ "type": "Feature", "properties": { "particle": 1625, "seed_idx": 81, "valid": true }, "geometry": { "type": "Point", "coordinates": [ -0.332582801580429, 5.516955852508545 ] } },
{ "type": "Feature", "properties": { "particle": 1626, "seed_idx": 81, "valid": true }, "geometry": { "type": "Point", "coordinates": [ -0.333275318145752, 5.516030788421631 ] } },
{ "type": "Feature", "properties": { "particle": 1627, "seed_idx": 81, "valid": true }, "geometry": { "type": "Point", "coordinates": [ -0.332478106021881, 5.516180038452148 ] } },
{ "type": "Feature", "properties": { "particle": 1628, "seed_idx": 81, "valid": true }, "geometry": { "type": "Point", "coordinates": [ -0.332771241664886, 5.516725063323975 ] } },
{ "type": "Feature", "properties": { "particle": 1629, "seed_idx": 81, "valid": true }, "geometry": { "type": "Point", "coordinates": [ -0.332746267318726, 5.516644477844238 ] } },
{ "type": "Feature", "properties": { "particle": 1630, "seed_idx": 81, "valid": true }, "geometry": { "type": "Point", "coordinates": [ -0.333155333995819, 5.516093730926514 ] } },
{ "type": "Feature", "properties": { "particle": 1631, "seed_idx": 81, "valid": true }, "geometry": { "type": "Point", "coordinates": [ -0.333113789558411, 5.516741275787354 ] } },
{ "type": "Feature", "properties": { "particle": 1632, "seed_idx": 81, "valid": true }, "geometry": { "type": "Point", "coordinates": [ -0.331907778978348, 5.517014980316162 ] } },
{ "type": "Feature", "properties": { "particle": 1633, "seed_idx": 81, "valid": true }, "geometry": { "type": "Point", "coordinates": [ -0.332039952278137, 5.517021179199219 ] } },
{ "type": "Feature", "properties": { "particle": 1634, "seed_idx": 81, "valid": true }, "geometry": { "type": "Point", "coordinates": [ -0.33285117149353, 5.516663551330566 ] } },
{ "type": "Feature", "properties": { "particle": 1635, "seed_idx": 81, "valid": true }, "geometry": { "type": "Point", "coordinates": [ -0.332215487957001, 5.516957759857178 ] } },
{ "type": "Feature", "properties": { "particle": 1636, "seed_idx": 81, "valid": true }, "geometry": { "type": "Point", "coordinates": [ -0.33352068066597, 5.516725540161133 ] } },
{ "type": "Feature", "properties": { "particle": 1637, "seed_idx": 81, "valid": true }, "geometry": { "type": "Point", "coordinates": [ -0.332053065299988, 5.516756534576416 ] } },
{ "type": "Feature", "properties": { "particle": 1638, "seed_idx": 81, "valid": true }, "geometry": { "type": "Point", "coordinates": [ -0.333902806043625, 5.516402721405029 ] } },
{ "type": "Feature", "properties": { "particle": 1639, "seed_idx": 81, "valid": true }, "geometry": { "type": "Point", "coordinates": [ -0.332487016916275, 5.516556262969971 ] } },
{ "type": "Feature", "properties": { "particle": 1640, "seed_idx": 82, "valid": true }, "geometry": { "type": "Point", "coordinates": [ -0.331815451383591, 5.516725063323975 ] } },
{ "type": "Feature", "properties": { "particle": 1641, "seed_idx": 82, "valid": true }, "geometry": { "type": "Point", "coordinates": [ -0.332629501819611, 5.516315937042236 ] } },
{ "type": "Feature", "properties": { "particle": 1642, "seed_idx": 82, "valid": true }, "geometry": { "type": "Point", "coordinates": [ -0.332439810037613, 5.516723155975342 ] } },
{ "type": "Feature", "properties": { "particle": 1643, "seed_idx": 82, "valid": true }, "geometry": { "type": "Point", "coordinates": [ -0.332363486289978, 5.516281127929688 ] } },
{ "type": "Feature", "properties": { "particle": 1644, "seed_idx": 82, "valid": true }, "geometry": { "type": "Point", "coordinates": [ -0.332711488008499, 5.515586376190186 ] } },
{ "type": "Feature", "properties": { "particle": 1645, "seed_idx": 82, "valid": true }, "geometry": { "type": "Point", "coordinates": [ -0.332590520381927, 5.516499996185303 ] } },
{ "type": "Feature", "properties": { "particle": 1646, "seed_idx": 82, "valid": true }, "geometry": { "type": "Point", "coordinates": [ -0.334328204393387, 5.514554500579834 ] } },
{ "type": "Feature", "properties": { "particle": 1647, "seed_idx": 82, "valid": true }, "geometry": { "type": "Point", "coordinates": [ -0.333573997020721, 5.516063690185547 ] } },
{ "type": "Feature", "properties": { "particle": 1648, "seed_idx": 82, "valid": true }, "geometry": { "type": "Point", "coordinates": [ -0.334169000387192, 5.516383171081543 ] } },
{ "type": "Feature", "properties": { "particle": 1649, "seed_idx": 82, "valid": true }, "geometry": { "type": "Point", "coordinates": [ -0.331935554742813, 5.516490936279297 ] } },
{ "type": "Feature", "properties": { "particle": 1650, "seed_idx": 82, "valid": true }, "geometry": { "type": "Point", "coordinates": [ -0.333359032869339, 5.515979766845703 ] } },
{ "type": "Feature", "properties": { "particle": 1651, "seed_idx": 82, "valid": true }, "geometry": { "type": "Point", "coordinates": [ -0.333176970481873, 5.516053676605225 ] } },
{ "type": "Feature", "properties": { "particle": 1652, "seed_idx": 82, "valid": true }, "geometry": { "type": "Point", "coordinates": [ -0.333616107702255, 5.516139030456543 ] } },
{ "type": "Feature", "properties": { "particle": 1653, "seed_idx": 82, "valid": true }, "geometry": { "type": "Point", "coordinates": [ -0.333045899868011, 5.515583515167236 ] } },
{ "type": "Feature", "properties": { "particle": 1654, "seed_idx": 82, "valid": true }, "geometry": { "type": "Point", "coordinates": [ -0.331859946250916, 5.516552925109863 ] } },
{ "type": "Feature", "properties": { "particle": 1655, "seed_idx": 82, "valid": true }, "geometry": { "type": "Point", "coordinates": [ -0.333364278078079, 5.51573371887207 ] } },
{ "type": "Feature", "properties": { "particle": 1656, "seed_idx": 82, "valid": true }, "geometry": { "type": "Point", "coordinates": [ -0.333592116832733, 5.515744209289551 ] } },
{ "type": "Feature", "properties": { "particle": 1657, "seed_idx": 82, "valid": true }, "geometry": { "type": "Point", "coordinates": [ -0.334308624267578, 5.515577793121338 ] } },
{ "type": "Feature", "properties": { "particle": 1658, "seed_idx": 82, "valid": true }, "geometry": { "type": "Point", "coordinates": [ -0.332152426242828, 5.516434669494629 ] } },
{ "type": "Feature", "properties": { "particle": 1659, "seed_idx": 82, "valid": true }, "geometry": { "type": "Point", "coordinates": [ -0.33168637752533, 5.51674747467041 ] } },
{ "type": "Feature", "properties": { "particle": 1660, "seed_idx": 83, "valid": true }, "geometry": { "type": "Point", "coordinates": [ -0.332866668701172, 5.516797542572021 ] } },
{ "type": "Feature", "properties": { "particle": 1661, "seed_idx": 83, "valid": true }, "geometry": { "type": "Point", "coordinates": [ -0.333184391260147, 5.516248226165771 ] } },
{ "type": "Feature", "properties": { "particle": 1662, "seed_idx": 83, "valid": true }, "geometry": { "type": "Point", "coordinates": [ -0.333186626434326, 5.51633882522583 ] } },
{ "type": "Feature", "properties": { "particle": 1663, "seed_idx": 83, "valid": true }, "geometry": { "type": "Point", "coordinates": [ -0.332907319068909, 5.516731739044189 ] } },
{ "type": "Feature", "properties": { "particle": 1664, "seed_idx": 83, "valid": true }, "geometry": { "type": "Point", "coordinates": [ -0.332826435565948, 5.516872406005859 ] } },
{ "type": "Feature", "properties": { "particle": 1665, "seed_idx": 83, "valid": true }, "geometry": { "type": "Point", "coordinates": [ -0.334248393774033, 5.515833854675293 ] } },
{ "type": "Feature", "properties": { "particle": 1666, "seed_idx": 83, "valid": true }, "geometry": { "type": "Point", "coordinates": [ -0.332549035549164, 5.516386032104492 ] } },
{ "type": "Feature", "properties": { "particle": 1667, "seed_idx": 83, "valid": true }, "geometry": { "type": "Point", "coordinates": [ -0.332406967878342, 5.516260623931885 ] } },
{ "type": "Feature", "properties": { "particle": 1668, "seed_idx": 83, "valid": true }, "geometry": { "type": "Point", "coordinates": [ -0.332120448350906, 5.516635417938232 ] } },
{ "type": "Feature", "properties": { "particle": 1669, "seed_idx": 83, "valid": true }, "geometry": { "type": "Point", "coordinates": [ -0.333400964736938, 5.516164779663086 ] } },
{ "type": "Feature", "properties": { "particle": 1670, "seed_idx": 83, "valid": true }, "geometry": { "type": "Point", "coordinates": [ -0.334191620349884, 5.51566743850708 ] } },
{ "type": "Feature", "properties": { "particle": 1671, "seed_idx": 83, "valid": true }, "geometry": { "type": "Point", "coordinates": [ -0.333065390586853, 5.516708374023438 ] } },
{ "type": "Feature", "properties": { "particle": 1672, "seed_idx": 83, "valid": true }, "geometry": { "type": "Point", "coordinates": [ -0.334734559059143, 5.515077114105225 ] } },
{ "type": "Feature", "properties": { "particle": 1673, "seed_idx": 83, "valid": true }, "geometry": { "type": "Point", "coordinates": [ -0.332769572734833, 5.516459465026855 ] } },
{ "type": "Feature", "properties": { "particle": 1674, "seed_idx": 83, "valid": true }, "geometry": { "type": "Point", "coordinates": [ -0.332137852907181, 5.516641139984131 ] } },
{ "type": "Feature", "properties": { "particle": 1675, "seed_idx": 83, "valid": true }, "geometry": { "type": "Point", "coordinates": [ -0.332966685295105, 5.516076564788818 ] } },
{ "type": "Feature", "properties": { "particle": 1676, "seed_idx": 83, "valid": true }, "geometry": { "type": "Point", "coordinates": [ -0.333182394504547, 5.516244888305664 ] } },
{ "type": "Feature", "properties": { "particle": 1677, "seed_idx": 83, "valid": true }, "geometry": { "type": "Point", "coordinates": [ -0.332012861967087, 5.516799926757812 ] } },
{ "type": "Feature", "properties": { "particle": 1678, "seed_idx": 83, "valid": true }, "geometry": { "type": "Point", "coordinates": [ -0.333753854036331, 5.515618324279785 ] } },
{ "type": "Feature", "properties": { "particle": 1679, "seed_idx": 83, "valid": true }, "geometry": { "type": "Point", "coordinates": [ -0.332669228315353, 5.516644954681396 ] } },
{ "type": "Feature", "properties": { "particle": 1680, "seed_idx": 84, "valid": true }, "geometry": { "type": "Point", "coordinates": [ -0.332639127969742, 5.516985893249512 ] } },
{ "type": "Feature", "properties": { "particle": 1681, "seed_idx": 84, "valid": true }, "geometry": { "type": "Point", "coordinates": [ -0.333072781562805, 5.516759872436523 ] } },
{ "type": "Feature", "properties": { "particle": 1682, "seed_idx": 84, "valid": true }, "geometry": { "type": "Point", "coordinates": [ -0.333188891410828, 5.516946315765381 ] } },
{ "type": "Feature", "properties": { "particle": 1683, "seed_idx": 84, "valid": true }, "geometry": { "type": "Point", "coordinates": [ -0.333022892475128, 5.516556262969971 ] } },
{ "type": "Feature", "properties": { "particle": 1684, "seed_idx": 84, "valid": true }, "geometry": { "type": "Point", "coordinates": [ -0.332609683275223, 5.516504764556885 ] } },
{ "type": "Feature", "properties": { "particle": 1685, "seed_idx": 84, "valid": true }, "geometry": { "type": "Point", "coordinates": [ -0.333916693925858, 5.51633358001709 ] } },
{ "type": "Feature", "properties": { "particle": 1686, "seed_idx": 84, "valid": true }, "geometry": { "type": "Point", "coordinates": [ -0.333246439695358, 5.516119956970215 ] } },
{ "type": "Feature", "properties": { "particle": 1687, "seed_idx": 84, "valid": true }, "geometry": { "type": "Point", "coordinates": [ -0.333421498537064, 5.515806198120117 ] } },
{ "type": "Feature", "properties": { "particle": 1688, "seed_idx": 84, "valid": true }, "geometry": { "type": "Point", "coordinates": [ -0.333932489156723, 5.516392230987549 ] } },
{ "type": "Feature", "properties": { "particle": 1689, "seed_idx": 84, "valid": true }, "geometry": { "type": "Point", "coordinates": [ -0.332753300666809, 5.516471385955811 ] } },
{ "type": "Feature", "properties": { "particle": 1690, "seed_idx": 84, "valid": true }, "geometry": { "type": "Point", "coordinates": [ -0.333360075950623, 5.516564846038818 ] } },
{ "type": "Feature", "properties": { "particle": 1691, "seed_idx": 84, "valid": true }, "geometry": { "type": "Point", "coordinates": [ -0.332698851823807, 5.516517639160156 ] } },
{ "type": "Feature", "properties": { "particle": 1692, "seed_idx": 84, "valid": true }, "geometry": { "type": "Point", "coordinates": [ -0.333050489425659, 5.516472339630127 ] } },
{ "type": "Feature", "properties": { "particle": 1693, "seed_idx": 84, "valid": true }, "geometry": { "type": "Point", "coordinates": [ -0.333029210567474, 5.516412734985352 ] } },
{ "type": "Feature", "properties": { "particle": 1694, "seed_idx": 84, "valid": true }, "geometry": { "type": "Point", "coordinates": [ -0.334490209817886, 5.516825199127197 ] } },
{ "type": "Feature", "properties": { "particle": 1695, "seed_idx": 84, "valid": true }, "geometry": { "type": "Point", "coordinates": [ -0.333889424800873, 5.515951156616211 ] } },
{ "type": "Feature", "properties": { "particle": 1696, "seed_idx": 84, "valid": true }, "geometry": { "type": "Point", "coordinates": [ -0.333723783493042, 5.51572847366333 ] } },
{ "type": "Feature", "properties": { "particle": 1697, "seed_idx": 84, "valid": true }, "geometry": { "type": "Point", "coordinates": [ -0.333039522171021, 5.516032695770264 ] } },
{ "type": "Feature", "properties": { "particle": 1698, "seed_idx": 84, "valid": true }, "geometry": { "type": "Point", "coordinates": [ -0.334011405706406, 5.516654968261719 ] } },
{ "type": "Feature", "properties": { "particle": 1699, "seed_idx": 84, "valid": true }, "geometry": { "type": "Point", "coordinates": [ -0.332349956035614, 5.516830444335938 ] } },
{ "type": "Feature", "properties": { "particle": 1700, "seed_idx": 85, "valid": true }, "geometry": { "type": "Point", "coordinates": [ -0.332423388957977, 5.517172813415527 ] } },
{ "type": "Feature", "properties": { "particle": 1701, "seed_idx": 85, "valid": true }, "geometry": { "type": "Point", "coordinates": [ -0.333833992481232, 5.51643705368042 ] } },
{ "type": "Feature", "properties": { "particle": 1702, "seed_idx": 85, "valid": true }, "geometry": { "type": "Point", "coordinates": [ -0.332950741052628, 5.516796588897705 ] } },
{ "type": "Feature", "properties": { "particle": 1703, "seed_idx": 85, "valid": true }, "geometry": { "type": "Point", "coordinates": [ -0.335476905107498, 5.516263008117676 ] } },
{ "type": "Feature", "properties": { "particle": 1704, "seed_idx": 85, "valid": true }, "geometry": { "type": "Point", "coordinates": [ -0.333142548799515, 5.51677942276001 ] } },
{ "type": "Feature", "properties": { "particle": 1705, "seed_idx": 85, "valid": true }, "geometry": { "type": "Point", "coordinates": [ -0.332551032304764, 5.517100811004639 ] } },
{ "type": "Feature", "properties": { "particle": 1706, "seed_idx": 85, "valid": true }, "geometry": { "type": "Point", "coordinates": [ -0.333675026893616, 5.517159938812256 ] } },
{ "type": "Feature", "properties": { "particle": 1707, "seed_idx": 85, "valid": true }, "geometry": { "type": "Point", "coordinates": [ -0.333476305007935, 5.516409873962402 ] } },
{ "type": "Feature", "properties": { "particle": 1708, "seed_idx": 85, "valid": true }, "geometry": { "type": "Point", "coordinates": [ -0.333287566900253, 5.516538619995117 ] } },
{ "type": "Feature", "properties": { "particle": 1709, "seed_idx": 85, "valid": true }, "geometry": { "type": "Point", "coordinates": [ -0.332956433296204, 5.516948223114014 ] } },
{ "type": "Feature", "properties": { "particle": 1710, "seed_idx": 85, "valid": true }, "geometry": { "type": "Point", "coordinates": [ -0.332937777042389, 5.516895771026611 ] } },
{ "type": "Feature", "properties": { "particle": 1711, "seed_idx": 85, "valid": true }, "geometry": { "type": "Point", "coordinates": [ -0.33350282907486, 5.517010688781738 ] } },
{ "type": "Feature", "properties": { "particle": 1712, "seed_idx": 85, "valid": true }, "geometry": { "type": "Point", "coordinates": [ -0.332927078008652, 5.516479015350342 ] } },
{ "type": "Feature", "properties": { "particle": 1713, "seed_idx": 85, "valid": true }, "geometry": { "type": "Point", "coordinates": [ -0.333077073097229, 5.51685619354248 ] } },
{ "type": "Feature", "properties": { "particle": 1714, "seed_idx": 85, "valid": true }, "geometry": { "type": "Point", "coordinates": [ -0.333194226026535, 5.517177104949951 ] } },
{ "type": "Feature", "properties": { "particle": 1715, "seed_idx": 85, "valid": true }, "geometry": { "type": "Point", "coordinates": [ -0.333390772342682, 5.517079830169678 ] } },
{ "type": "Feature", "properties": { "particle": 1716, "seed_idx": 85, "valid": true }, "geometry": { "type": "Point", "coordinates": [ -0.333175718784332, 5.516273021697998 ] } },
{ "type": "Feature", "properties": { "particle": 1717, "seed_idx": 85, "valid": true }, "geometry": { "type": "Point", "coordinates": [ -0.333494395017624, 5.516877174377441 ] } },
{ "type": "Feature", "properties": { "particle": 1718, "seed_idx": 85, "valid": true }, "geometry": { "type": "Point", "coordinates": [ -0.333066254854202, 5.516247272491455 ] } },
{ "type": "Feature", "properties": { "particle": 1719, "seed_idx": 85, "valid": true }, "geometry": { "type": "Point", "coordinates": [ -0.332535535097122, 5.517083644866943 ] } },
{ "type": "Feature", "properties": { "particle": 1720, "seed_idx": 86, "valid": true }, "geometry": { "type": "Point", "coordinates": [ -0.334204912185669, 5.516056060791016 ] } },
{ "type": "Feature", "properties": { "particle": 1721, "seed_idx": 86, "valid": true }, "geometry": { "type": "Point", "coordinates": [ -0.334336221218109, 5.515676498413086 ] } },
{ "type": "Feature", "properties": { "particle": 1722, "seed_idx": 86, "valid": true }, "geometry": { "type": "Point", "coordinates": [ -0.334242224693298, 5.516610622406006 ] } },
{ "type": "Feature", "properties": { "particle": 1723, "seed_idx": 86, "valid": true }, "geometry": { "type": "Point", "coordinates": [ -0.334036141633987, 5.516654491424561 ] } },
{ "type": "Feature", "properties": { "particle": 1724, "seed_idx": 86, "valid": true }, "geometry": { "type": "Point", "coordinates": [ -0.333769917488098, 5.516295909881592 ] } },
{ "type": "Feature", "properties": { "particle": 1725, "seed_idx": 86, "valid": true }, "geometry": { "type": "Point", "coordinates": [ -0.333588063716888, 5.51679801940918 ] } },
{ "type": "Feature", "properties": { "particle": 1726, "seed_idx": 86, "valid": true }, "geometry": { "type": "Point", "coordinates": [ -0.335437387228012, 5.515182495117188 ] } },
{ "type": "Feature", "properties": { "particle": 1727, "seed_idx": 86, "valid": true }, "geometry": { "type": "Point", "coordinates": [ -0.334439545869827, 5.516668796539307 ] } },
{ "type": "Feature", "properties": { "particle": 1728, "seed_idx": 86, "valid": true }, "geometry": { "type": "Point", "coordinates": [ -0.336453557014465, 5.515353679656982 ] } },
{ "type": "Feature", "properties": { "particle": 1729, "seed_idx": 86, "valid": true }, "geometry": { "type": "Point", "coordinates": [ -0.333987027406693, 5.516744613647461 ] } },
{ "type": "Feature", "properties": { "particle": 1730, "seed_idx": 86, "valid": true }, "geometry": { "type": "Point", "coordinates": [ -0.334316790103912, 5.51629638671875 ] } },
{ "type": "Feature", "properties": { "particle": 1731, "seed_idx": 86, "valid": true }, "geometry": { "type": "Point", "coordinates": [ -0.334619969129562, 5.516271114349365 ] } },
{ "type": "Feature", "properties": { "particle": 1732, "seed_idx": 86, "valid": true }, "geometry": { "type": "Point", "coordinates": [ -0.333526283502579, 5.516609191894531 ] } },
{ "type": "Feature", "properties": { "particle": 1733, "seed_idx": 86, "valid": true }, "geometry": { "type": "Point", "coordinates": [ -0.334310263395309, 5.51659631729126 ] } },
{ "type": "Feature", "properties": { "particle": 1734, "seed_idx": 86, "valid": true }, "geometry": { "type": "Point", "coordinates": [ -0.335299074649811, 5.515853404998779 ] } },
{ "type": "Feature", "properties": { "particle": 1735, "seed_idx": 86, "valid": true }, "geometry": { "type": "Point", "coordinates": [ -0.333304822444916, 5.516781330108643 ] } },
{ "type": "Feature", "properties": { "particle": 1736, "seed_idx": 86, "valid": true }, "geometry": { "type": "Point", "coordinates": [ -0.335419744253159, 5.51635217666626 ] } },
{ "type": "Feature", "properties": { "particle": 1737, "seed_idx": 86, "valid": true }, "geometry": { "type": "Point", "coordinates": [ -0.334925472736359, 5.515229225158691 ] } },
{ "type": "Feature", "properties": { "particle": 1738, "seed_idx": 86, "valid": true }, "geometry": { "type": "Point", "coordinates": [ -0.334901481866837, 5.516129970550537 ] } },
{ "type": "Feature", "properties": { "particle": 1739, "seed_idx": 86, "valid": true }, "geometry": { "type": "Point", "coordinates": [ -0.334343045949936, 5.516310214996338 ] } },
{ "type": "Feature", "properties": { "particle": 1740, "seed_idx": 87, "valid": true }, "geometry": { "type": "Point", "coordinates": [ -0.337198346853256, 5.516147613525391 ] } },
{ "type": "Feature", "properties": { "particle": 1741, "seed_idx": 87, "valid": true }, "geometry": { "type": "Point", "coordinates": [ -0.336055010557175, 5.516407012939453 ] } },
{ "type": "Feature", "properties": { "particle": 1742, "seed_idx": 87, "valid": true }, "geometry": { "type": "Point", "coordinates": [ -0.335705637931824, 5.516626834869385 ] } },
{ "type": "Feature", "properties": { "particle": 1743, "seed_idx": 87, "valid": true }, "geometry": { "type": "Point", "coordinates": [ -0.336487948894501, 5.516629219055176 ] } },
{ "type": "Feature", "properties": { "particle": 1744, "seed_idx": 87, "valid": true }, "geometry": { "type": "Point", "coordinates": [ -0.335721015930176, 5.516631126403809 ] } },
{ "type": "Feature", "properties": { "particle": 1745, "seed_idx": 87, "valid": true }, "geometry": { "type": "Point", "coordinates": [ -0.336584508419037, 5.516255378723145 ] } },
{ "type": "Feature", "properties": { "particle": 1746, "seed_idx": 87, "valid": true }, "geometry": { "type": "Point", "coordinates": [ -0.335450559854507, 5.516784191131592 ] } },
{ "type": "Feature", "properties": { "particle": 1747, "seed_idx": 87, "valid": true }, "geometry": { "type": "Point", "coordinates": [ -0.33680847287178, 5.516905307769775 ] } },
{ "type": "Feature", "properties": { "particle": 1748, "seed_idx": 87, "valid": true }, "geometry": { "type": "Point", "coordinates": [ -0.336406469345093, 5.516307353973389 ] } },
{ "type": "Feature", "properties": { "particle": 1749, "seed_idx": 87, "valid": true }, "geometry": { "type": "Point", "coordinates": [ -0.335790604352951, 5.516440391540527 ] } },
{ "type": "Feature", "properties": { "particle": 1750, "seed_idx": 87, "valid": true }, "geometry": { "type": "Point", "coordinates": [ -0.336022228002548, 5.516182422637939 ] } },
{ "type": "Feature", "properties": { "particle": 1751, "seed_idx": 87, "valid": true }, "geometry": { "type": "Point", "coordinates": [ -0.335947036743164, 5.517244815826416 ] } },
{ "type": "Feature", "properties": { "particle": 1752, "seed_idx": 87, "valid": true }, "geometry": { "type": "Point", "coordinates": [ -0.335243761539459, 5.517029285430908 ] } },
{ "type": "Feature", "properties": { "particle": 1753, "seed_idx": 87, "valid": true }, "geometry": { "type": "Point", "coordinates": [ -0.33507564663887, 5.517255783081055 ] } },
{ "type": "Feature", "properties": { "particle": 1754, "seed_idx": 87, "valid": true }, "geometry": { "type": "Point", "coordinates": [ -0.335402071475983, 5.516905784606934 ] } },
{ "type": "Feature", "properties": { "particle": 1755, "seed_idx": 87, "valid": true }, "geometry": { "type": "Point", "coordinates": [ -0.336081027984619, 5.516603946685791 ] } },
{ "type": "Feature", "properties": { "particle": 1756, "seed_idx": 87, "valid": true }, "geometry": { "type": "Point", "coordinates": [ -0.336214691400528, 5.51645565032959 ] } },
{ "type": "Feature", "properties": { "particle": 1757, "seed_idx": 87, "valid": true }, "geometry": { "type": "Point", "coordinates": [ -0.335564583539963, 5.516958236694336 ] } },
{ "type": "Feature", "properties": { "particle": 1758, "seed_idx": 87, "valid": true }, "geometry": { "type": "Point", "coordinates": [ -0.336124509572983, 5.516701698303223 ] } },
{ "type": "Feature", "properties": { "particle": 1759, "seed_idx": 87, "valid": true }, "geometry": { "type": "Point", "coordinates": [ -0.335483253002167, 5.516829013824463 ] } },
{ "type": "Feature", "properties": { "particle": 1760, "seed_idx": 88, "valid": true }, "geometry": { "type": "Point", "coordinates": [ -0.337421894073486, 5.516071319580078 ] } },
{ "type": "Feature", "properties": { "particle": 1761, "seed_idx": 88, "valid": true }, "geometry": { "type": "Point", "coordinates": [ -0.335976660251617, 5.516566753387451 ] } },
{ "type": "Feature", "properties": { "particle": 1762, "seed_idx": 88, "valid": true }, "geometry": { "type": "Point", "coordinates": [ -0.33680272102356, 5.515902519226074 ] } },
{ "type": "Feature", "properties": { "particle": 1763, "seed_idx": 88, "valid": true }, "geometry": { "type": "Point", "coordinates": [ -0.335932791233063, 5.516479969024658 ] } },
{ "type": "Feature", "properties": { "particle": 1764, "seed_idx": 88, "valid": true }, "geometry": { "type": "Point", "coordinates": [ -0.337432354688644, 5.515720367431641 ] } },
{ "type": "Feature", "properties": { "particle": 1765, "seed_idx": 88, "valid": true }, "geometry": { "type": "Point", "coordinates": [ -0.336050570011139, 5.516308307647705 ] } },
{ "type": "Feature", "properties": { "particle": 1766, "seed_idx": 88, "valid": true }, "geometry": { "type": "Point", "coordinates": [ -0.336892157793045, 5.516198635101318 ] } },
{ "type": "Feature", "properties": { "particle": 1767, "seed_idx": 88, "valid": true }, "geometry": { "type": "Point", "coordinates": [ -0.337602347135544, 5.516725063323975 ] } },
{ "type": "Feature", "properties": { "particle": 1768, "seed_idx": 88, "valid": true }, "geometry": { "type": "Point", "coordinates": [ -0.336152017116547, 5.516626358032227 ] } },
{ "type": "Feature", "properties": { "particle": 1769, "seed_idx": 88, "valid": true }, "geometry": { "type": "Point", "coordinates": [ -0.337281942367554, 5.516053676605225 ] } },
{ "type": "Feature", "properties": { "particle": 1770, "seed_idx": 88, "valid": true }, "geometry": { "type": "Point", "coordinates": [ -0.336948245763779, 5.516227245330811 ] } },
{ "type": "Feature", "properties": { "particle": 1771, "seed_idx": 88, "valid": true }, "geometry": { "type": "Point", "coordinates": [ -0.336808294057846, 5.516369342803955 ] } },
{ "type": "Feature", "properties": { "particle": 1772, "seed_idx": 88, "valid": true }, "geometry": { "type": "Point", "coordinates": [ -0.33726841211319, 5.515834331512451 ] } },
{ "type": "Feature", "properties": { "particle": 1773, "seed_idx": 88, "valid": true }, "geometry": { "type": "Point", "coordinates": [ -0.337169319391251, 5.515743732452393 ] } },
{ "type": "Feature", "properties": { "particle": 1774, "seed_idx": 88, "valid": true }, "geometry": { "type": "Point", "coordinates": [ -0.337984442710876, 5.515626430511475 ] } },
{ "type": "Feature", "properties": { "particle": 1775, "seed_idx": 88, "valid": true }, "geometry": { "type": "Point", "coordinates": [ -0.337770730257034, 5.515350341796875 ] } },
{ "type": "Feature", "properties": { "particle": 1776, "seed_idx": 88, "valid": true }, "geometry": { "type": "Point", "coordinates": [ -0.33626452088356, 5.516404628753662 ] } },
{ "type": "Feature", "properties": { "particle": 1777, "seed_idx": 88, "valid": true }, "geometry": { "type": "Point", "coordinates": [ -0.336610376834869, 5.515697956085205 ] } },
{ "type": "Feature", "properties": { "particle": 1778, "seed_idx": 88, "valid": true }, "geometry": { "type": "Point", "coordinates": [ -0.337072521448135, 5.516109466552734 ] } },
{ "type": "Feature", "properties": { "particle": 1779, "seed_idx": 88, "valid": true }, "geometry": { "type": "Point", "coordinates": [ -0.336326003074646, 5.515918731689453 ] } },
{ "type": "Feature", "properties": { "particle": 1780, "seed_idx": 89, "valid": true }, "geometry": { "type": "Point", "coordinates": [ -0.338386744260788, 5.514221668243408 ] } },
{ "type": "Feature", "properties": { "particle": 1781, "seed_idx": 89, "valid": true }, "geometry": { "type": "Point", "coordinates": [ -0.33829590678215, 5.514615535736084 ] } },
{ "type": "Feature", "properties": { "particle": 1782, "seed_idx": 89, "valid": true }, "geometry": { "type": "Point", "coordinates": [ -0.339629679918289, 5.513858318328857 ] } },
{ "type": "Feature", "properties": { "particle": 1783, "seed_idx": 89, "valid": true }, "geometry": { "type": "Point", "coordinates": [ -0.338961273431778, 5.5143141746521 ] } },
{ "type": "Feature", "properties": { "particle": 1784, "seed_idx": 89, "valid": true }, "geometry": { "type": "Point", "coordinates": [ -0.338707566261292, 5.514278411865234 ] } },
{ "type": "Feature", "properties": { "particle": 1785, "seed_idx": 89, "valid": true }, "geometry": { "type": "Point", "coordinates": [ -0.338942885398865, 5.514543533325195 ] } },
{ "type": "Feature", "properties": { "particle": 1786, "seed_idx": 89, "valid": true }, "geometry": { "type": "Point", "coordinates": [ -0.338183850049973, 5.514748096466064 ] } },
{ "type": "Feature", "properties": { "particle": 1787, "seed_idx": 89, "valid": true }, "geometry": { "type": "Point", "coordinates": [ -0.339529544115067, 5.513928890228271 ] } },
{ "type": "Feature", "properties": { "particle": 1788, "seed_idx": 89, "valid": true }, "geometry": { "type": "Point", "coordinates": [ -0.338440150022507, 5.514673709869385 ] } },
{ "type": "Feature", "properties": { "particle": 1789, "seed_idx": 89, "valid": true }, "geometry": { "type": "Point", "coordinates": [ -0.339684098958969, 5.514313220977783 ] } },
{ "type": "Feature", "properties": { "particle": 1790, "seed_idx": 89, "valid": true }, "geometry": { "type": "Point", "coordinates": [ -0.338157445192337, 5.51475191116333 ] } },
{ "type": "Feature", "properties": { "particle": 1791, "seed_idx": 89, "valid": true }, "geometry": { "type": "Point", "coordinates": [ -0.33819192647934, 5.514726638793945 ] } },
{ "type": "Feature", "properties": { "particle": 1792, "seed_idx": 89, "valid": true }, "geometry": { "type": "Point", "coordinates": [ -0.339678585529327, 5.513526916503906 ] } },
{ "type": "Feature", "properties": { "particle": 1793, "seed_idx": 89, "valid": true }, "geometry": { "type": "Point", "coordinates": [ -0.338798105716705, 5.514286518096924 ] } },
{ "type": "Feature", "properties": { "particle": 1794, "seed_idx": 89, "valid": true }, "geometry": { "type": "Point", "coordinates": [ -0.339517533779144, 5.514530181884766 ] } },
{ "type": "Feature", "properties": { "particle": 1795, "seed_idx": 89, "valid": true }, "geometry": { "type": "Point", "coordinates": [ -0.339060455560684, 5.514232158660889 ] } },
{ "type": "Feature", "properties": { "particle": 1796, "seed_idx": 89, "valid": true }, "geometry": { "type": "Point", "coordinates": [ -0.339370846748352, 5.514781475067139 ] } },
{ "type": "Feature", "properties": { "particle": 1797, "seed_idx": 89, "valid": true }, "geometry": { "type": "Point", "coordinates": [ -0.338741779327393, 5.514779090881348 ] } },
{ "type": "Feature", "properties": { "particle": 1798, "seed_idx": 89, "valid": true }, "geometry": { "type": "Point", "coordinates": [ -0.342016816139221, 5.513298988342285 ] } },
{ "type": "Feature", "properties": { "particle": 1799, "seed_idx": 89, "valid": true }, "geometry": { "type": "Point", "coordinates": [ -0.340709269046783, 5.514895915985107 ] } },
{ "type": "Feature", "properties": { "particle": 1800, "seed_idx": 90, "valid": true }, "geometry": { "type": "Point", "coordinates": [ -0.339031189680099, 5.514126777648926 ] } },
{ "type": "Feature", "properties": { "particle": 1801, "seed_idx": 90, "valid": true }, "geometry": { "type": "Point", "coordinates": [ -0.339256972074509, 5.514572143554688 ] } },
{ "type": "Feature", "properties": { "particle": 1802, "seed_idx": 90, "valid": true }, "geometry": { "type": "Point", "coordinates": [ -0.339122265577316, 5.514430999755859 ] } },
{ "type": "Feature", "properties": { "particle": 1803, "seed_idx": 90, "valid": true }, "geometry": { "type": "Point", "coordinates": [ -0.339541614055634, 5.514463424682617 ] } },
{ "type": "Feature", "properties": { "particle": 1804, "seed_idx": 90, "valid": true }, "geometry": { "type": "Point", "coordinates": [ -0.340269595384598, 5.514349937438965 ] } },
{ "type": "Feature", "properties": { "particle": 1805, "seed_idx": 90, "valid": true }, "geometry": { "type": "Point", "coordinates": [ -0.339635878801346, 5.513428688049316 ] } },
{ "type": "Feature", "properties": { "particle": 1806, "seed_idx": 90, "valid": true }, "geometry": { "type": "Point", "coordinates": [ -0.339048624038696, 5.514406204223633 ] } },
{ "type": "Feature", "properties": { "particle": 1807, "seed_idx": 90, "valid": true }, "geometry": { "type": "Point", "coordinates": [ -0.338829427957535, 5.51412296295166 ] } },
{ "type": "Feature", "properties": { "particle": 1808, "seed_idx": 90, "valid": true }, "geometry": { "type": "Point", "coordinates": [ -0.341151088476181, 5.513973236083984 ] } },
{ "type": "Feature", "properties": { "particle": 1809, "seed_idx": 90, "valid": true }, "geometry": { "type": "Point", "coordinates": [ -0.340309351682663, 5.514702320098877 ] } },
{ "type": "Feature", "properties": { "particle": 1810, "seed_idx": 90, "valid": true }, "geometry": { "type": "Point", "coordinates": [ -0.338285773992538, 5.515022277832031 ] } },
{ "type": "Feature", "properties": { "particle": 1811, "seed_idx": 90, "valid": true }, "geometry": { "type": "Point", "coordinates": [ -0.33921691775322, 5.514808177947998 ] } },
{ "type": "Feature", "properties": { "particle": 1812, "seed_idx": 90, "valid": true }, "geometry": { "type": "Point", "coordinates": [ -0.338457077741623, 5.514843940734863 ] } },
{ "type": "Feature", "properties": { "particle": 1813, "seed_idx": 90, "valid": true }, "geometry": { "type": "Point", "coordinates": [ -0.33916711807251, 5.514097213745117 ] } },
{ "type": "Feature", "properties": { "particle": 1814, "seed_idx": 90, "valid": true }, "geometry": { "type": "Point", "coordinates": [ -0.338605672121048, 5.514659404754639 ] } },
{ "type": "Feature", "properties": { "particle": 1815, "seed_idx": 90, "valid": true }, "geometry": { "type": "Point", "coordinates": [ -0.33972841501236, 5.514857769012451 ] } },
{ "type": "Feature", "properties": { "particle": 1816, "seed_idx": 90, "valid": true }, "geometry": { "type": "Point", "coordinates": [ -0.340334832668304, 5.514832496643066 ] } },
{ "type": "Feature", "properties": { "particle": 1817, "seed_idx": 90, "valid": true }, "geometry": { "type": "Point", "coordinates": [ -0.340095460414886, 5.514186382293701 ] } },
{ "type": "Feature", "properties": { "particle": 1818, "seed_idx": 90, "valid": true }, "geometry": { "type": "Point", "coordinates": [ -0.338985115289688, 5.514222621917725 ] } },
{ "type": "Feature", "properties": { "particle": 1819, "seed_idx": 90, "valid": true }, "geometry": { "type": "Point", "coordinates": [ -0.339028358459473, 5.514539241790771 ] } },
{ "type": "Feature", "properties": { "particle": 1820, "seed_idx": 91, "valid": true }, "geometry": { "type": "Point", "coordinates": [ -0.339777678251266, 5.514870166778564 ] } },
{ "type": "Feature", "properties": { "particle": 1821, "seed_idx": 91, "valid": true }, "geometry": { "type": "Point", "coordinates": [ -0.338754743337631, 5.514342308044434 ] } },
{ "type": "Feature", "properties": { "particle": 1822, "seed_idx": 91, "valid": true }, "geometry": { "type": "Point", "coordinates": [ -0.339541167020798, 5.51421594619751 ] } },
{ "type": "Feature", "properties": { "particle": 1823, "seed_idx": 91, "valid": true }, "geometry": { "type": "Point", "coordinates": [ -0.338582098484039, 5.514868259429932 ] } },
{ "type": "Feature", "properties": { "particle": 1824, "seed_idx": 91, "valid": true }, "geometry": { "type": "Point", "coordinates": [ -0.34030082821846, 5.514194488525391 ] } },
{ "type": "Feature", "properties": { "particle": 1825, "seed_idx": 91, "valid": true }, "geometry": { "type": "Point", "coordinates": [ -0.338707357645035, 5.514659404754639 ] } },
{ "type": "Feature", "properties": { "particle": 1826, "seed_idx": 91, "valid": true }, "geometry": { "type": "Point", "coordinates": [ -0.339254468679428, 5.514773368835449 ] } },
{ "type": "Feature", "properties": { "particle": 1827, "seed_idx": 91, "valid": true }, "geometry": { "type": "Point", "coordinates": [ -0.339759260416031, 5.514609813690186 ] } },
{ "type": "Feature", "properties": { "particle": 1828, "seed_idx": 91, "valid": true }, "geometry": { "type": "Point", "coordinates": [ -0.339534848928452, 5.513863563537598 ] } },
{ "type": "Feature", "properties": { "particle": 1829, "seed_idx": 91, "valid": true }, "geometry": { "type": "Point", "coordinates": [ -0.339035093784332, 5.51436185836792 ] } },
{ "type": "Feature", "properties": { "particle": 1830, "seed_idx": 91, "valid": true }, "geometry": { "type": "Point", "coordinates": [ -0.340482592582703, 5.514113426208496 ] } },
{ "type": "Feature", "properties": { "particle": 1831, "seed_idx": 91, "valid": true }, "geometry": { "type": "Point", "coordinates": [ -0.338908433914185, 5.514576435089111 ] } },
{ "type": "Feature", "properties": { "particle": 1832, "seed_idx": 91, "valid": true }, "geometry": { "type": "Point", "coordinates": [ -0.34074530005455, 5.513668537139893 ] } },
{ "type": "Feature", "properties": { "particle": 1833, "seed_idx": 91, "valid": true }, "geometry": { "type": "Point", "coordinates": [ -0.338551908731461, 5.514840126037598 ] } },
{ "type": "Feature", "properties": { "particle": 1834, "seed_idx": 91, "valid": true }, "geometry": { "type": "Point", "coordinates": [ -0.338877469301224, 5.514833927154541 ] } },
{ "type": "Feature", "properties": { "particle": 1835, "seed_idx": 91, "valid": true }, "geometry": { "type": "Point", "coordinates": [ -0.339687526226044, 5.514013767242432 ] } },
{ "type": "Feature", "properties": { "particle": 1836, "seed_idx": 91, "valid": true }, "geometry": { "type": "Point", "coordinates": [ -0.339410990476608, 5.514999866485596 ] } },
{ "type": "Feature", "properties": { "particle": 1837, "seed_idx": 91, "valid": true }, "geometry": { "type": "Point", "coordinates": [ -0.338419646024704, 5.514857769012451 ] } },
{ "type": "Feature", "properties": { "particle": 1838, "seed_idx": 91, "valid": true }, "geometry": { "type": "Point", "coordinates": [ -0.338807016611099, 5.514759540557861 ] } },
{ "type": "Feature", "properties": { "particle": 1839, "seed_idx": 91, "valid": true }, "geometry": { "type": "Point", "coordinates": [ -0.339496046304703, 5.514191627502441 ] } },
{ "type": "Feature", "properties": { "particle": 1840, "seed_idx": 92, "valid": true }, "geometry": { "type": "Point", "coordinates": [ -0.340472191572189, 5.513976573944092 ] } },
{ "type": "Feature", "properties": { "particle": 1841, "seed_idx": 92, "valid": true }, "geometry": { "type": "Point", "coordinates": [ -0.339796811342239, 5.513767242431641 ] } },
{ "type": "Feature", "properties": { "particle": 1842, "seed_idx": 92, "valid": true }, "geometry": { "type": "Point", "coordinates": [ -0.339627593755722, 5.514386653900146 ] } },
{ "type": "Feature", "properties": { "particle": 1843, "seed_idx": 92, "valid": true }, "geometry": { "type": "Point", "coordinates": [ -0.340674936771393, 5.51410436630249 ] } },
{ "type": "Feature", "properties": { "particle": 1844, "seed_idx": 92, "valid": true }, "geometry": { "type": "Point", "coordinates": [ -0.339903295040131, 5.514196872711182 ] } },
{ "type": "Feature", "properties": { "particle": 1845, "seed_idx": 92, "valid": true }, "geometry": { "type": "Point", "coordinates": [ -0.340164452791214, 5.514259338378906 ] } },
{ "type": "Feature", "properties": { "particle": 1846, "seed_idx": 92, "valid": true }, "geometry": { "type": "Point", "coordinates": [ -0.340801149606705, 5.51408052444458 ] } },
{ "type": "Feature", "properties": { "particle": 1847, "seed_idx": 92, "valid": true }, "geometry": { "type": "Point", "coordinates": [ -0.339238613843918, 5.514461040496826 ] } },
{ "type": "Feature", "properties": { "particle": 1848, "seed_idx": 92, "valid": true }, "geometry": { "type": "Point", "coordinates": [ -0.34017425775528, 5.514520168304443 ] } },
{ "type": "Feature", "properties": { "particle": 1849, "seed_idx": 92, "valid": true }, "geometry": { "type": "Point", "coordinates": [ -0.34124344587326, 5.513442516326904 ] } },
{ "type": "Feature", "properties": { "particle": 1850, "seed_idx": 92, "valid": true }, "geometry": { "type": "Point", "coordinates": [ -0.340284198522568, 5.513520240783691 ] } },
{ "type": "Feature", "properties": { "particle": 1851, "seed_idx": 92, "valid": true }, "geometry": { "type": "Point", "coordinates": [ -0.339299201965332, 5.514288425445557 ] } },
{ "type": "Feature", "properties": { "particle": 1852, "seed_idx": 92, "valid": true }, "geometry": { "type": "Point", "coordinates": [ -0.339748531579971, 5.514612674713135 ] } },
{ "type": "Feature", "properties": { "particle": 1853, "seed_idx": 92, "valid": true }, "geometry": { "type": "Point", "coordinates": [ -0.340012699365616, 5.5138840675354 ] } },
{ "type": "Feature", "properties": { "particle": 1854, "seed_idx": 92, "valid": true }, "geometry": { "type": "Point", "coordinates": [ -0.33918496966362, 5.514508724212646 ] } },
{ "type": "Feature", "properties": { "particle": 1855, "seed_idx": 92, "valid": true }, "geometry": { "type": "Point", "coordinates": [ -0.34159654378891, 5.512302398681641 ] } },
{ "type": "Feature", "properties": { "particle": 1856, "seed_idx": 92, "valid": true }, "geometry": { "type": "Point", "coordinates": [ -0.340067088603973, 5.51366138458252 ] } },
{ "type": "Feature", "properties": { "particle": 1857, "seed_idx": 92, "valid": true }, "geometry": { "type": "Point", "coordinates": [ -0.339603394269943, 5.514447212219238 ] } },
{ "type": "Feature", "properties": { "particle": 1858, "seed_idx": 92, "valid": true }, "geometry": { "type": "Point", "coordinates": [ -0.339107036590576, 5.514703750610352 ] } },
{ "type": "Feature", "properties": { "particle": 1859, "seed_idx": 92, "valid": true }, "geometry": { "type": "Point", "coordinates": [ -0.33952409029007, 5.514099597930908 ] } },
{ "type": "Feature", "properties": { "particle": 1860, "seed_idx": 93, "valid": true }, "geometry": { "type": "Point", "coordinates": [ -0.339897096157074, 5.514500617980957 ] } },
{ "type": "Feature", "properties": { "particle": 1861, "seed_idx": 93, "valid": true }, "geometry": { "type": "Point", "coordinates": [ -0.340459078550339, 5.514162540435791 ] } },
{ "type": "Feature", "properties": { "particle": 1862, "seed_idx": 93, "valid": true }, "geometry": { "type": "Point", "coordinates": [ -0.340072453022003, 5.514637470245361 ] } },
{ "type": "Feature", "properties": { "particle": 1863, "seed_idx": 93, "valid": true }, "geometry": { "type": "Point", "coordinates": [ -0.339293330907822, 5.514632225036621 ] } },
{ "type": "Feature", "properties": { "particle": 1864, "seed_idx": 93, "valid": true }, "geometry": { "type": "Point", "coordinates": [ -0.339935511350632, 5.5147705078125 ] } },
{ "type": "Feature", "properties": { "particle": 1865, "seed_idx": 93, "valid": true }, "geometry": { "type": "Point", "coordinates": [ -0.341370224952698, 5.513731002807617 ] } },
{ "type": "Feature", "properties": { "particle": 1866, "seed_idx": 93, "valid": true }, "geometry": { "type": "Point", "coordinates": [ -0.34087997674942, 5.514314651489258 ] } },
{ "type": "Feature", "properties": { "particle": 1867, "seed_idx": 93, "valid": true }, "geometry": { "type": "Point", "coordinates": [ -0.339320957660675, 5.514481544494629 ] } },
{ "type": "Feature", "properties": { "particle": 1868, "seed_idx": 93, "valid": true }, "geometry": { "type": "Point", "coordinates": [ -0.339868873357773, 5.514310836791992 ] } },
{ "type": "Feature", "properties": { "particle": 1869, "seed_idx": 93, "valid": true }, "geometry": { "type": "Point", "coordinates": [ -0.33979395031929, 5.51436185836792 ] } },
{ "type": "Feature", "properties": { "particle": 1870, "seed_idx": 93, "valid": true }, "geometry": { "type": "Point", "coordinates": [ -0.341642707586288, 5.513819217681885 ] } },
{ "type": "Feature", "properties": { "particle": 1871, "seed_idx": 93, "valid": true }, "geometry": { "type": "Point", "coordinates": [ -0.340381324291229, 5.513495445251465 ] } },
{ "type": "Feature", "properties": { "particle": 1872, "seed_idx": 93, "valid": true }, "geometry": { "type": "Point", "coordinates": [ -0.340131431818008, 5.513683319091797 ] } },
{ "type": "Feature", "properties": { "particle": 1873, "seed_idx": 93, "valid": true }, "geometry": { "type": "Point", "coordinates": [ -0.340523779392242, 5.514031410217285 ] } },
{ "type": "Feature", "properties": { "particle": 1874, "seed_idx": 93, "valid": true }, "geometry": { "type": "Point", "coordinates": [ -0.33941251039505, 5.514360427856445 ] } },
{ "type": "Feature", "properties": { "particle": 1875, "seed_idx": 93, "valid": true }, "geometry": { "type": "Point", "coordinates": [ -0.340352028608322, 5.514111518859863 ] } },
{ "type": "Feature", "properties": { "particle": 1876, "seed_idx": 93, "valid": true }, "geometry": { "type": "Point", "coordinates": [ -0.340325385332108, 5.514042377471924 ] } },
{ "type": "Feature", "properties": { "particle": 1877, "seed_idx": 93, "valid": true }, "geometry": { "type": "Point", "coordinates": [ -0.342389613389969, 5.513951778411865 ] } },
{ "type": "Feature", "properties": { "particle": 1878, "seed_idx": 93, "valid": true }, "geometry": { "type": "Point", "coordinates": [ -0.339640140533447, 5.51421070098877 ] } },
{ "type": "Feature", "properties": { "particle": 1879, "seed_idx": 93, "valid": true }, "geometry": { "type": "Point", "coordinates": [ -0.339336067438126, 5.514580249786377 ] } },
{ "type": "Feature", "properties": { "particle": 1880, "seed_idx": 94, "valid": true }, "geometry": { "type": "Point", "coordinates": [ -0.341401070356369, 5.513699054718018 ] } },
{ "type": "Feature", "properties": { "particle": 1881, "seed_idx": 94, "valid": true }, "geometry": { "type": "Point", "coordinates": [ -0.341002941131592, 5.514750957489014 ] } },
{ "type": "Feature", "properties": { "particle": 1882, "seed_idx": 94, "valid": true }, "geometry": { "type": "Point", "coordinates": [ -0.340720295906067, 5.514309406280518 ] } },
{ "type": "Feature", "properties": { "particle": 1883, "seed_idx": 94, "valid": true }, "geometry": { "type": "Point", "coordinates": [ -0.341997355222702, 5.514781475067139 ] } },
{ "type": "Feature", "properties": { "particle": 1884, "seed_idx": 94, "valid": true }, "geometry": { "type": "Point", "coordinates": [ -0.342238038778305, 5.513896465301514 ] } },
{ "type": "Feature", "properties": { "particle": 1885, "seed_idx": 94, "valid": true }, "geometry": { "type": "Point", "coordinates": [ -0.340951651334763, 5.514152050018311 ] } },
{ "type": "Feature", "properties": { "particle": 1886, "seed_idx": 94, "valid": true }, "geometry": { "type": "Point", "coordinates": [ -0.341014593839645, 5.514699459075928 ] } },
{ "type": "Feature", "properties": { "particle": 1887, "seed_idx": 94, "valid": true }, "geometry": { "type": "Point", "coordinates": [ -0.340540528297424, 5.514395236968994 ] } },
{ "type": "Feature", "properties": { "particle": 1888, "seed_idx": 94, "valid": true }, "geometry": { "type": "Point", "coordinates": [ -0.341156661510468, 5.513908863067627 ] } },
{ "type": "Feature", "properties": { "particle": 1889, "seed_idx": 94, "valid": true }, "geometry": { "type": "Point", "coordinates": [ -0.340730607509613, 5.51463508605957 ] } },
{ "type": "Feature", "properties": { "particle": 1890, "seed_idx": 94, "valid": true }, "geometry": { "type": "Point", "coordinates": [ -0.341517597436905, 5.514199733734131 ] } },
{ "type": "Feature", "properties": { "particle": 1891, "seed_idx": 94, "valid": true }, "geometry": { "type": "Point", "coordinates": [ -0.340776294469833, 5.514045238494873 ] } },
{ "type": "Feature", "properties": { "particle": 1892, "seed_idx": 94, "valid": true }, "geometry": { "type": "Point", "coordinates": [ -0.340819478034973, 5.51446008682251 ] } },
{ "type": "Feature", "properties": { "particle": 1893, "seed_idx": 94, "valid": true }, "geometry": { "type": "Point", "coordinates": [ -0.340592056512833, 5.514321327209473 ] } },
{ "type": "Feature", "properties": { "particle": 1894, "seed_idx": 94, "valid": true }, "geometry": { "type": "Point", "coordinates": [ -0.341885596513748, 5.513427734375 ] } },
{ "type": "Feature", "properties": { "particle": 1895, "seed_idx": 94, "valid": true }, "geometry": { "type": "Point", "coordinates": [ -0.341493487358093, 5.514119625091553 ] } },
{ "type": "Feature", "properties": { "particle": 1896, "seed_idx": 94, "valid": true }, "geometry": { "type": "Point", "coordinates": [ -0.341241598129272, 5.514051914215088 ] } },
{ "type": "Feature", "properties": { "particle": 1897, "seed_idx": 94, "valid": true }, "geometry": { "type": "Point", "coordinates": [ -0.340088814496994, 5.514700889587402 ] } },
{ "type": "Feature", "properties": { "particle": 1898, "seed_idx": 94, "valid": true }, "geometry": { "type": "Point", "coordinates": [ -0.341439187526703, 5.514136791229248 ] } },
{ "type": "Feature", "properties": { "particle": 1899, "seed_idx": 94, "valid": true }, "geometry": { "type": "Point", "coordinates": [ -0.342861533164978, 5.513059616088867 ] } },
{ "type": "Feature", "properties": { "particle": 1900, "seed_idx": 95, "valid": true }, "geometry": { "type": "Point", "coordinates": [ -0.341756701469421, 5.513318538665771 ] } },
{ "type": "Feature", "properties": { "particle": 1901, "seed_idx": 95, "valid": true }, "geometry": { "type": "Point", "coordinates": [ -0.341286927461624, 5.513491153717041 ] } },
{ "type": "Feature", "properties": { "particle": 1902, "seed_idx": 95, "valid": true }, "geometry": { "type": "Point", "coordinates": [ -0.341016918420792, 5.513538837432861 ] } },
{ "type": "Feature", "properties": { "particle": 1903, "seed_idx": 95, "valid": true }, "geometry": { "type": "Point", "coordinates": [ -0.342008382081985, 5.513156414031982 ] } },
{ "type": "Feature", "properties": { "particle": 1904, "seed_idx": 95, "valid": true }, "geometry": { "type": "Point", "coordinates": [ -0.340853661298752, 5.513905048370361 ] } },
{ "type": "Feature", "properties": { "particle": 1905, "seed_idx": 95, "valid": true }, "geometry": { "type": "Point", "coordinates": [ -0.342565774917603, 5.513223171234131 ] } },
{ "type": "Feature", "properties": { "particle": 1906, "seed_idx": 95, "valid": true }, "geometry": { "type": "Point", "coordinates": [ -0.342688202857971, 5.513123035430908 ] } },
{ "type": "Feature", "properties": { "particle": 1907, "seed_idx": 95, "valid": true }, "geometry": { "type": "Point", "coordinates": [ -0.341611593961716, 5.512973785400391 ] } },
{ "type": "Feature", "properties": { "particle": 1908, "seed_idx": 95, "valid": true }, "geometry": { "type": "Point", "coordinates": [ -0.343661487102509, 5.513419151306152 ] } },
{ "type": "Feature", "properties": { "particle": 1909, "seed_idx": 95, "valid": true }, "geometry": { "type": "Point", "coordinates": [ -0.341153413057327, 5.51334810256958 ] } },
{ "type": "Feature", "properties": { "particle": 1910, "seed_idx": 95, "valid": true }, "geometry": { "type": "Point", "coordinates": [ -0.340700566768646, 5.513848304748535 ] } },
{ "type": "Feature", "properties": { "particle": 1911, "seed_idx": 95, "valid": true }, "geometry": { "type": "Point", "coordinates": [ -0.34128013253212, 5.513504505157471 ] } },
{ "type": "Feature", "properties": { "particle": 1912, "seed_idx": 95, "valid": true }, "geometry": { "type": "Point", "coordinates": [ -0.34228253364563, 5.513174057006836 ] } },
{ "type": "Feature", "properties": { "particle": 1913, "seed_idx": 95, "valid": true }, "geometry": { "type": "Point", "coordinates": [ -0.341168224811554, 5.513551712036133 ] } },
{ "type": "Feature", "properties": { "particle": 1914, "seed_idx": 95, "valid": true }, "geometry": { "type": "Point", "coordinates": [ -0.342865139245987, 5.512757301330566 ] } },
{ "type": "Feature", "properties": { "particle": 1915, "seed_idx": 95, "valid": true }, "geometry": { "type": "Point", "coordinates": [ -0.341277480125427, 5.513377666473389 ] } },
{ "type": "Feature", "properties": { "particle": 1916, "seed_idx": 95, "valid": true }, "geometry": { "type": "Point", "coordinates": [ -0.341524213552475, 5.513451099395752 ] } },
{ "type": "Feature", "properties": { "particle": 1917, "seed_idx": 95, "valid": true }, "geometry": { "type": "Point", "coordinates": [ -0.342095553874969, 5.512091636657715 ] } },
{ "type": "Feature", "properties": { "particle": 1918, "seed_idx": 95, "valid": true }, "geometry": { "type": "Point", "coordinates": [ -0.340948909521103, 5.513757228851318 ] } },
{ "type": "Feature", "properties": { "particle": 1919, "seed_idx": 95, "valid": true }, "geometry": { "type": "Point", "coordinates": [ -0.342543363571167, 5.512777328491211 ] } },
{ "type": "Feature", "properties": { "particle": 1920, "seed_idx": 96, "valid": true }, "geometry": { "type": "Point", "coordinates": [ -0.34288302063942, 5.512786865234375 ] } },
{ "type": "Feature", "properties": { "particle": 1921, "seed_idx": 96, "valid": true }, "geometry": { "type": "Point", "coordinates": [ -0.342658758163452, 5.51285457611084 ] } },
{ "type": "Feature", "properties": { "particle": 1922, "seed_idx": 96, "valid": true }, "geometry": { "type": "Point", "coordinates": [ -0.342439144849777, 5.513935565948486 ] } },
{ "type": "Feature", "properties": { "particle": 1923, "seed_idx": 96, "valid": true }, "geometry": { "type": "Point", "coordinates": [ -0.342759549617767, 5.513409614562988 ] } },
{ "type": "Feature", "properties": { "particle": 1924, "seed_idx": 96, "valid": true }, "geometry": { "type": "Point", "coordinates": [ -0.343621760606766, 5.513443946838379 ] } },
{ "type": "Feature", "properties": { "particle": 1925, "seed_idx": 96, "valid": true }, "geometry": { "type": "Point", "coordinates": [ -0.342390686273575, 5.513554573059082 ] } },
{ "type": "Feature", "properties": { "particle": 1926, "seed_idx": 96, "valid": true }, "geometry": { "type": "Point", "coordinates": [ -0.344595611095428, 5.513162136077881 ] } },
{ "type": "Feature", "properties": { "particle": 1927, "seed_idx": 96, "valid": true }, "geometry": { "type": "Point", "coordinates": [ -0.343077689409256, 5.513339042663574 ] } },
{ "type": "Feature", "properties": { "particle": 1928, "seed_idx": 96, "valid": true }, "geometry": { "type": "Point", "coordinates": [ -0.342856049537659, 5.512939929962158 ] } },
{ "type": "Feature", "properties": { "particle": 1929, "seed_idx": 96, "valid": true }, "geometry": { "type": "Point", "coordinates": [ -0.344101160764694, 5.513749599456787 ] } },
{ "type": "Feature", "properties": { "particle": 1930, "seed_idx": 96, "valid": true }, "geometry": { "type": "Point", "coordinates": [ -0.343454599380493, 5.513589382171631 ] } },
{ "type": "Feature", "properties": { "particle": 1931, "seed_idx": 96, "valid": true }, "geometry": { "type": "Point", "coordinates": [ -0.34398353099823, 5.512874126434326 ] } },
{ "type": "Feature", "properties": { "particle": 1932, "seed_idx": 96, "valid": true }, "geometry": { "type": "Point", "coordinates": [ -0.343679487705231, 5.51334810256958 ] } },
{ "type": "Feature", "properties": { "particle": 1933, "seed_idx": 96, "valid": true }, "geometry": { "type": "Point", "coordinates": [ -0.341856062412262, 5.513657093048096 ] } },
{ "type": "Feature", "properties": { "particle": 1934, "seed_idx": 96, "valid": true }, "geometry": { "type": "Point", "coordinates": [ -0.342273622751236, 5.513763427734375 ] } },
{ "type": "Feature", "properties": { "particle": 1935, "seed_idx": 96, "valid": true }, "geometry": { "type": "Point", "coordinates": [ -0.342843890190125, 5.513631820678711 ] } },
{ "type": "Feature", "properties": { "particle": 1936, "seed_idx": 96, "valid": true }, "geometry": { "type": "Point", "coordinates": [ -0.343062579631805, 5.512908935546875 ] } },
{ "type": "Feature", "properties": { "particle": 1937, "seed_idx": 96, "valid": true }, "geometry": { "type": "Point", "coordinates": [ -0.342403292655945, 5.513484001159668 ] } },
{ "type": "Feature", "properties": { "particle": 1938, "seed_idx": 96, "valid": true }, "geometry": { "type": "Point", "coordinates": [ -0.344000160694122, 5.513009071350098 ] } },
{ "type": "Feature", "properties": { "particle": 1939, "seed_idx": 96, "valid": true }, "geometry": { "type": "Point", "coordinates": [ -0.342123985290527, 5.513504505157471 ] } },
{ "type": "Feature", "properties": { "particle": 1940, "seed_idx": 97, "valid": true }, "geometry": { "type": "Point", "coordinates": [ -0.343530654907227, 5.511531352996826 ] } },
{ "type": "Feature", "properties": { "particle": 1941, "seed_idx": 97, "valid": true }, "geometry": { "type": "Point", "coordinates": [ -0.343674093484879, 5.512740612030029 ] } },
{ "type": "Feature", "properties": { "particle": 1942, "seed_idx": 97, "valid": true }, "geometry": { "type": "Point", "coordinates": [ -0.34276208281517, 5.512276649475098 ] } },
{ "type": "Feature", "properties": { "particle": 1943, "seed_idx": 97, "valid": true }, "geometry": { "type": "Point", "coordinates": [ -0.34222012758255, 5.512630939483643 ] } },
{ "type": "Feature", "properties": { "particle": 1944, "seed_idx": 97, "valid": true }, "geometry": { "type": "Point", "coordinates": [ -0.343690305948257, 5.512247085571289 ] } },
{ "type": "Feature", "properties": { "particle": 1945, "seed_idx": 97, "valid": true }, "geometry": { "type": "Point", "coordinates": [ -0.342862665653229, 5.512924194335938 ] } },
{ "type": "Feature", "properties": { "particle": 1946, "seed_idx": 97, "valid": true }, "geometry": { "type": "Point", "coordinates": [ -0.344398260116577, 5.512143135070801 ] } },
{ "type": "Feature", "properties": { "particle": 1947, "seed_idx": 97, "valid": true }, "geometry": { "type": "Point", "coordinates": [ -0.343581944704056, 5.511596202850342 ] } },
{ "type": "Feature", "properties": { "particle": 1948, "seed_idx": 97, "valid": true }, "geometry": { "type": "Point", "coordinates": [ -0.342655003070831, 5.512624263763428 ] } },
{ "type": "Feature", "properties": { "particle": 1949, "seed_idx": 97, "valid": true }, "geometry": { "type": "Point", "coordinates": [ -0.341834247112274, 5.513224124908447 ] } },
{ "type": "Feature", "properties": { "particle": 1950, "seed_idx": 97, "valid": true }, "geometry": { "type": "Point", "coordinates": [ -0.342801570892334, 5.512202262878418 ] } },
{ "type": "Feature", "properties": { "particle": 1951, "seed_idx": 97, "valid": true }, "geometry": { "type": "Point", "coordinates": [ -0.3433558344841, 5.512283802032471 ] } },
{ "type": "Feature", "properties": { "particle": 1952, "seed_idx": 97, "valid": true }, "geometry": { "type": "Point", "coordinates": [ -0.343322247266769, 5.512276649475098 ] } },
{ "type": "Feature", "properties": { "particle": 1953, "seed_idx": 97, "valid": true }, "geometry": { "type": "Point", "coordinates": [ -0.343140184879303, 5.512322425842285 ] } },
{ "type": "Feature", "properties": { "particle": 1954, "seed_idx": 97, "valid": true }, "geometry": { "type": "Point", "coordinates": [ -0.342499852180481, 5.512523651123047 ] } },
{ "type": "Feature", "properties": { "particle": 1955, "seed_idx": 97, "valid": true }, "geometry": { "type": "Point", "coordinates": [ -0.343015909194946, 5.512778759002686 ] } },
{ "type": "Feature", "properties": { "particle": 1956, "seed_idx": 97, "valid": true }, "geometry": { "type": "Point", "coordinates": [ -0.342836409807205, 5.512756824493408 ] } },
{ "type": "Feature", "properties": { "particle": 1957, "seed_idx": 97, "valid": true }, "geometry": { "type": "Point", "coordinates": [ -0.342622488737106, 5.512879371643066 ] } },
{ "type": "Feature", "properties": { "particle": 1958, "seed_idx": 97, "valid": true }, "geometry": { "type": "Point", "coordinates": [ -0.343184530735016, 5.512470245361328 ] } },
{ "type": "Feature", "properties": { "particle": 1959, "seed_idx": 97, "valid": true }, "geometry": { "type": "Point", "coordinates": [ -0.342557430267334, 5.512946605682373 ] } },
{ "type": "Feature", "properties": { "particle": 1960, "seed_idx": 98, "valid": true }, "geometry": { "type": "Point", "coordinates": [ -0.344007194042206, 5.512487411499023 ] } },
{ "type": "Feature", "properties": { "particle": 1961, "seed_idx": 98, "valid": true }, "geometry": { "type": "Point", "coordinates": [ -0.342838257551193, 5.512905597686768 ] } },
{ "type": "Feature", "properties": { "particle": 1962, "seed_idx": 98, "valid": true }, "geometry": { "type": "Point", "coordinates": [ -0.343590497970581, 5.512309074401855 ] } },
{ "type": "Feature", "properties": { "particle": 1963, "seed_idx": 98, "valid": true }, "geometry": { "type": "Point", "coordinates": [ -0.344712883234024, 5.511720657348633 ] } },
{ "type": "Feature", "properties": { "particle": 1964, "seed_idx": 98, "valid": true }, "geometry": { "type": "Point", "coordinates": [ -0.344933837652206, 5.512484550476074 ] } },
{ "type": "Feature", "properties": { "particle": 1965, "seed_idx": 98, "valid": true }, "geometry": { "type": "Point", "coordinates": [ -0.343870937824249, 5.51252269744873 ] } },
{ "type": "Feature", "properties": { "particle": 1966, "seed_idx": 98, "valid": true }, "geometry": { "type": "Point", "coordinates": [ -0.343462407588959, 5.512383937835693 ] } },
{ "type": "Feature", "properties": { "particle": 1967, "seed_idx": 98, "valid": true }, "geometry": { "type": "Point", "coordinates": [ -0.342831671237946, 5.513016223907471 ] } },
{ "type": "Feature", "properties": { "particle": 1968, "seed_idx": 98, "valid": true }, "geometry": { "type": "Point", "coordinates": [ -0.343488752841949, 5.513095378875732 ] } },
{ "type": "Feature", "properties": { "particle": 1969, "seed_idx": 98, "valid": true }, "geometry": { "type": "Point", "coordinates": [ -0.343049645423889, 5.513120174407959 ] } },
{ "type": "Feature", "properties": { "particle": 1970, "seed_idx": 98, "valid": true }, "geometry": { "type": "Point", "coordinates": [ -0.344052791595459, 5.51245641708374 ] } },
{ "type": "Feature", "properties": { "particle": 1971, "seed_idx": 98, "valid": true }, "geometry": { "type": "Point", "coordinates": [ -0.342901557683945, 5.513068675994873 ] } },
{ "type": "Feature", "properties": { "particle": 1972, "seed_idx": 98, "valid": true }, "geometry": { "type": "Point", "coordinates": [ -0.343170821666718, 5.51295804977417 ] } },
{ "type": "Feature", "properties": { "particle": 1973, "seed_idx": 98, "valid": true }, "geometry": { "type": "Point", "coordinates": [ -0.343193382024765, 5.512794017791748 ] } },
{ "type": "Feature", "properties": { "particle": 1974, "seed_idx": 98, "valid": true }, "geometry": { "type": "Point", "coordinates": [ -0.344446063041687, 5.512104034423828 ] } },
{ "type": "Feature", "properties": { "particle": 1975, "seed_idx": 98, "valid": true }, "geometry": { "type": "Point", "coordinates": [ -0.344960629940033, 5.512697219848633 ] } },
{ "type": "Feature", "properties": { "particle": 1976, "seed_idx": 98, "valid": true }, "geometry": { "type": "Point", "coordinates": [ -0.34383824467659, 5.512607574462891 ] } },
{ "type": "Feature", "properties": { "particle": 1977, "seed_idx": 98, "valid": true }, "geometry": { "type": "Point", "coordinates": [ -0.342846035957336, 5.513191699981689 ] } },
{ "type": "Feature", "properties": { "particle": 1978, "seed_idx": 98, "valid": true }, "geometry": { "type": "Point", "coordinates": [ -0.345467627048492, 5.512492179870605 ] } },
{ "type": "Feature", "properties": { "particle": 1979, "seed_idx": 98, "valid": true }, "geometry": { "type": "Point", "coordinates": [ -0.34313502907753, 5.512936592102051 ] } },
{ "type": "Feature", "properties": { "particle": 1980, "seed_idx": 99, "valid": true }, "geometry": { "type": "Point", "coordinates": [ -0.344651073217392, 5.51257848739624 ] } },
{ "type": "Feature", "properties": { "particle": 1981, "seed_idx": 99, "valid": true }, "geometry": { "type": "Point", "coordinates": [ -0.345493465662003, 5.512189388275146 ] } },
{ "type": "Feature", "properties": { "particle": 1982, "seed_idx": 99, "valid": true }, "geometry": { "type": "Point", "coordinates": [ -0.345153242349625, 5.51213550567627 ] } },
{ "type": "Feature", "properties": { "particle": 1983, "seed_idx": 99, "valid": true }, "geometry": { "type": "Point", "coordinates": [ -0.346238613128662, 5.512141227722168 ] } },
{ "type": "Feature", "properties": { "particle": 1984, "seed_idx": 99, "valid": true }, "geometry": { "type": "Point", "coordinates": [ -0.34512060880661, 5.512320995330811 ] } },
{ "type": "Feature", "properties": { "particle": 1985, "seed_idx": 99, "valid": true }, "geometry": { "type": "Point", "coordinates": [ -0.347155839204788, 5.512298583984375 ] } },
{ "type": "Feature", "properties": { "particle": 1986, "seed_idx": 99, "valid": true }, "geometry": { "type": "Point", "coordinates": [ -0.346185594797134, 5.511689186096191 ] } },
{ "type": "Feature", "properties": { "particle": 1987, "seed_idx": 99, "valid": true }, "geometry": { "type": "Point", "coordinates": [ -0.345436781644821, 5.512276172637939 ] } },
{ "type": "Feature", "properties": { "particle": 1988, "seed_idx": 99, "valid": true }, "geometry": { "type": "Point", "coordinates": [ -0.345312833786011, 5.511796474456787 ] } },
{ "type": "Feature", "properties": { "particle": 1989, "seed_idx": 99, "valid": true }, "geometry": { "type": "Point", "coordinates": [ -0.344633340835571, 5.5125412940979 ] } },
{ "type": "Feature", "properties": { "particle": 1990, "seed_idx": 99, "valid": true }, "geometry": { "type": "Point", "coordinates": [ -0.345160603523254, 5.512065410614014 ] } },
{ "type": "Feature", "properties": { "particle": 1991, "seed_idx": 99, "valid": true }, "geometry": { "type": "Point", "coordinates": [ -0.345472186803818, 5.512237548828125 ] } },
{ "type": "Feature", "properties": { "particle": 1992, "seed_idx": 99, "valid": true }, "geometry": { "type": "Point", "coordinates": [ -0.345375806093216, 5.512073040008545 ] } },
{ "type": "Feature", "properties": { "particle": 1993, "seed_idx": 99, "valid": true }, "geometry": { "type": "Point", "coordinates": [ -0.345877200365067, 5.512253761291504 ] } },
{ "type": "Feature", "properties": { "particle": 1994, "seed_idx": 99, "valid": true }, "geometry": { "type": "Point", "coordinates": [ -0.344422727823257, 5.512496948242188 ] } },
{ "type": "Feature", "properties": { "particle": 1995, "seed_idx": 99, "valid": true }, "geometry": { "type": "Point", "coordinates": [ -0.345813930034637, 5.510943412780762 ] } },
{ "type": "Feature", "properties": { "particle": 1996, "seed_idx": 99, "valid": true }, "geometry": { "type": "Point", "coordinates": [ -0.344670236110687, 5.512595176696777 ] } },
{ "type": "Feature", "properties": { "particle": 1997, "seed_idx": 99, "valid": true }, "geometry": { "type": "Point", "coordinates": [ -0.345032006502151, 5.512227058410645 ] } },
{ "type": "Feature", "properties": { "particle": 1998, "seed_idx": 99, "valid": true }, "geometry": { "type": "Point", "coordinates": [ -0.346179515123367, 5.511639595031738 ] } },
{ "type": "Feature", "properties": { "particle": 1999, "seed_idx": 99, "valid": true }, "geometry": { "type": "Point", "coordinates": [ -0.345705568790436, 5.511707782745361 ] } },
{ "type": "Feature", "properties": { "particle": 2000, "seed_idx": 100, "valid": true }, "geometry": { "type": "Point", "coordinates": [ -0.342922687530518, 5.509313583374023 ] } },
{ "type": "Feature", "properties": { "particle": 2001, "seed_idx": 100, "valid": true }, "geometry": { "type": "Point", "coordinates": [ -0.343963950872421, 5.5085129737854 ] } },
{ "type": "Feature", "properties": { "particle": 2002, "seed_idx": 100, "valid": true }, "geometry": { "type": "Point", "coordinates": [ -0.343522936105728, 5.510054111480713 ] } },
{ "type": "Feature", "properties": { "particle": 2003, "seed_idx": 100, "valid": true }, "geometry": { "type": "Point", "coordinates": [ -0.342892199754715, 5.510178089141846 ] } },
{ "type": "Feature", "properties": { "particle": 2004, "seed_idx": 100, "valid": true }, "geometry": { "type": "Point", "coordinates": [ -0.343804866075516, 5.509085178375244 ] } },
{ "type": "Feature", "properties": { "particle": 2005, "seed_idx": 100, "valid": true }, "geometry": { "type": "Point", "coordinates": [ -0.343127340078354, 5.510048389434814 ] } },
{ "type": "Feature", "properties": { "particle": 2006, "seed_idx": 100, "valid": true }, "geometry": { "type": "Point", "coordinates": [ -0.344403177499771, 5.50951623916626 ] } },
{ "type": "Feature", "properties": { "particle": 2007, "seed_idx": 100, "valid": true }, "geometry": { "type": "Point", "coordinates": [ -0.342698365449905, 5.509818077087402 ] } },
{ "type": "Feature", "properties": { "particle": 2008, "seed_idx": 100, "valid": true }, "geometry": { "type": "Point", "coordinates": [ -0.342730343341827, 5.509791851043701 ] } },
{ "type": "Feature", "properties": { "particle": 2009, "seed_idx": 100, "valid": true }, "geometry": { "type": "Point", "coordinates": [ -0.343493819236755, 5.509446144104004 ] } },
{ "type": "Feature", "properties": { "particle": 2010, "seed_idx": 100, "valid": true }, "geometry": { "type": "Point", "coordinates": [ -0.343013346195221, 5.509900093078613 ] } },
{ "type": "Feature", "properties": { "particle": 2011, "seed_idx": 100, "valid": true }, "geometry": { "type": "Point", "coordinates": [ -0.342271447181702, 5.510011672973633 ] } },
{ "type": "Feature", "properties": { "particle": 2012, "seed_idx": 100, "valid": true }, "geometry": { "type": "Point", "coordinates": [ -0.344070017337799, 5.50879430770874 ] } },
{ "type": "Feature", "properties": { "particle": 2013, "seed_idx": 100, "valid": true }, "geometry": { "type": "Point", "coordinates": [ -0.343794882297516, 5.508975505828857 ] } },
{ "type": "Feature", "properties": { "particle": 2014, "seed_idx": 100, "valid": true }, "geometry": { "type": "Point", "coordinates": [ -0.342366874217987, 5.509943962097168 ] } },
{ "type": "Feature", "properties": { "particle": 2015, "seed_idx": 100, "valid": true }, "geometry": { "type": "Point", "coordinates": [ -0.344916433095932, 5.508664131164551 ] } },
{ "type": "Feature", "properties": { "particle": 2016, "seed_idx": 100, "valid": true }, "geometry": { "type": "Point", "coordinates": [ -0.342787235975266, 5.50955867767334 ] } },
{ "type": "Feature", "properties": { "particle": 2017, "seed_idx": 100, "valid": true }, "geometry": { "type": "Point", "coordinates": [ -0.342799335718155, 5.509586811065674 ] } },
{ "type": "Feature", "properties": { "particle": 2018, "seed_idx": 100, "valid": true }, "geometry": { "type": "Point", "coordinates": [ -0.34308534860611, 5.509427070617676 ] } },
{ "type": "Feature", "properties": { "particle": 2019, "seed_idx": 100, "valid": true }, "geometry": { "type": "Point", "coordinates": [ -0.342377811670303, 5.510059356689453 ] } },
{ "type": "Feature", "properties": { "particle": 2020, "seed_idx": 101, "valid": true }, "geometry": { "type": "Point", "coordinates": [ -0.344649195671082, 5.50924825668335 ] } },
{ "type": "Feature", "properties": { "particle": 2021, "seed_idx": 101, "valid": true }, "geometry": { "type": "Point", "coordinates": [ -0.343656688928604, 5.50991678237915 ] } },
{ "type": "Feature", "properties": { "particle": 2022, "seed_idx": 101, "valid": true }, "geometry": { "type": "Point", "coordinates": [ -0.342787355184555, 5.509777069091797 ] } },
{ "type": "Feature", "properties": { "particle": 2023, "seed_idx": 101, "valid": true }, "geometry": { "type": "Point", "coordinates": [ -0.344249904155731, 5.509173393249512 ] } },
{ "type": "Feature", "properties": { "particle": 2024, "seed_idx": 101, "valid": true }, "geometry": { "type": "Point", "coordinates": [ -0.343749284744263, 5.508950710296631 ] } },
{ "type": "Feature", "properties": { "particle": 2025, "seed_idx": 101, "valid": true }, "geometry": { "type": "Point", "coordinates": [ -0.343407243490219, 5.509565353393555 ] } },
{ "type": "Feature", "properties": { "particle": 2026, "seed_idx": 101, "valid": true }, "geometry": { "type": "Point", "coordinates": [ -0.343964040279388, 5.509638786315918 ] } },
{ "type": "Feature", "properties": { "particle": 2027, "seed_idx": 101, "valid": true }, "geometry": { "type": "Point", "coordinates": [ -0.343772321939468, 5.508865356445312 ] } },
{ "type": "Feature", "properties": { "particle": 2028, "seed_idx": 101, "valid": true }, "geometry": { "type": "Point", "coordinates": [ -0.343567579984665, 5.508903503417969 ] } },
{ "type": "Feature", "properties": { "particle": 2029, "seed_idx": 101, "valid": true }, "geometry": { "type": "Point", "coordinates": [ -0.342901766300201, 5.509842872619629 ] } },
{ "type": "Feature", "properties": { "particle": 2030, "seed_idx": 101, "valid": true }, "geometry": { "type": "Point", "coordinates": [ -0.344035893678665, 5.509438037872314 ] } },
{ "type": "Feature", "properties": { "particle": 2031, "seed_idx": 101, "valid": true }, "geometry": { "type": "Point", "coordinates": [ -0.344294279813766, 5.509505748748779 ] } },
{ "type": "Feature", "properties": { "particle": 2032, "seed_idx": 101, "valid": true }, "geometry": { "type": "Point", "coordinates": [ -0.343320250511169, 5.509279727935791 ] } },
{ "type": "Feature", "properties": { "particle": 2033, "seed_idx": 101, "valid": true }, "geometry": { "type": "Point", "coordinates": [ -0.34353044629097, 5.509165287017822 ] } },
{ "type": "Feature", "properties": { "particle": 2034, "seed_idx": 101, "valid": true }, "geometry": { "type": "Point", "coordinates": [ -0.344455033540726, 5.509559154510498 ] } },
{ "type": "Feature", "properties": { "particle": 2035, "seed_idx": 101, "valid": true }, "geometry": { "type": "Point", "coordinates": [ -0.344510912895203, 5.508631229400635 ] } },
{ "type": "Feature", "properties": { "particle": 2036, "seed_idx": 101, "valid": true }, "geometry": { "type": "Point", "coordinates": [ -0.343021035194397, 5.509512901306152 ] } },
{ "type": "Feature", "properties": { "particle": 2037, "seed_idx": 101, "valid": true }, "geometry": { "type": "Point", "coordinates": [ -0.343315869569778, 5.509626388549805 ] } },
{ "type": "Feature", "properties": { "particle": 2038, "seed_idx": 101, "valid": true }, "geometry": { "type": "Point", "coordinates": [ -0.343855381011963, 5.508970737457275 ] } },
{ "type": "Feature", "properties": { "particle": 2039, "seed_idx": 101, "valid": true }, "geometry": { "type": "Point", "coordinates": [ -0.343594193458557, 5.509474277496338 ] } },
{ "type": "Feature", "properties": { "particle": 2040, "seed_idx": 102, "valid": true }, "geometry": { "type": "Point", "coordinates": [ -0.343168199062347, 5.509749889373779 ] } },
{ "type": "Feature", "properties": { "particle": 2041, "seed_idx": 102, "valid": true }, "geometry": { "type": "Point", "coordinates": [ -0.343411356210709, 5.509193897247314 ] } },
{ "type": "Feature", "properties": { "particle": 2042, "seed_idx": 102, "valid": true }, "geometry": { "type": "Point", "coordinates": [ -0.344856172800064, 5.508440017700195 ] } },
{ "type": "Feature", "properties": { "particle": 2043, "seed_idx": 102, "valid": true }, "geometry": { "type": "Point", "coordinates": [ -0.343721151351929, 5.509228229522705 ] } },
{ "type": "Feature", "properties": { "particle": 2044, "seed_idx": 102, "valid": true }, "geometry": { "type": "Point", "coordinates": [ -0.34400886297226, 5.509397983551025 ] } },
{ "type": "Feature", "properties": { "particle": 2045, "seed_idx": 102, "valid": true }, "geometry": { "type": "Point", "coordinates": [ -0.344581842422485, 5.509521961212158 ] } },
{ "type": "Feature", "properties": { "particle": 2046, "seed_idx": 102, "valid": true }, "geometry": { "type": "Point", "coordinates": [ -0.344176441431046, 5.509437561035156 ] } },
{ "type": "Feature", "properties": { "particle": 2047, "seed_idx": 102, "valid": true }, "geometry": { "type": "Point", "coordinates": [ -0.343618661165237, 5.50879955291748 ] } },
{ "type": "Feature", "properties": { "particle": 2048, "seed_idx": 102, "valid": true }, "geometry": { "type": "Point", "coordinates": [ -0.345748037099838, 5.50894832611084 ] } },
{ "type": "Feature", "properties": { "particle": 2049, "seed_idx": 102, "valid": true }, "geometry": { "type": "Point", "coordinates": [ -0.343102931976318, 5.50964879989624 ] } },
{ "type": "Feature", "properties": { "particle": 2050, "seed_idx": 102, "valid": true }, "geometry": { "type": "Point", "coordinates": [ -0.344397395849228, 5.508335590362549 ] } },
{ "type": "Feature", "properties": { "particle": 2051, "seed_idx": 102, "valid": true }, "geometry": { "type": "Point", "coordinates": [ -0.345826625823975, 5.508671760559082 ] } },
{ "type": "Feature", "properties": { "particle": 2052, "seed_idx": 102, "valid": true }, "geometry": { "type": "Point", "coordinates": [ -0.343633979558945, 5.50909948348999 ] } },
{ "type": "Feature", "properties": { "particle": 2053, "seed_idx": 102, "valid": true }, "geometry": { "type": "Point", "coordinates": [ -0.344016849994659, 5.50941276550293 ] } },
{ "type": "Feature", "properties": { "particle": 2054, "seed_idx": 102, "valid": true }, "geometry": { "type": "Point", "coordinates": [ -0.343703418970108, 5.509635448455811 ] } },
{ "type": "Feature", "properties": { "particle": 2055, "seed_idx": 102, "valid": true }, "geometry": { "type": "Point", "coordinates": [ -0.346103370189667, 5.508305549621582 ] } },
{ "type": "Feature", "properties": { "particle": 2056, "seed_idx": 102, "valid": true }, "geometry": { "type": "Point", "coordinates": [ -0.344197630882263, 5.509582996368408 ] } },
{ "type": "Feature", "properties": { "particle": 2057, "seed_idx": 102, "valid": true }, "geometry": { "type": "Point", "coordinates": [ -0.343447744846344, 5.509585380554199 ] } },
{ "type": "Feature", "properties": { "particle": 2058, "seed_idx": 102, "valid": true }, "geometry": { "type": "Point", "coordinates": [ -0.344753563404083, 5.509407043457031 ] } },
{ "type": "Feature", "properties": { "particle": 2059, "seed_idx": 102, "valid": true }, "geometry": { "type": "Point", "coordinates": [ -0.34448629617691, 5.509316444396973 ] } },
{ "type": "Feature", "properties": { "particle": 2060, "seed_idx": 103, "valid": true }, "geometry": { "type": "Point", "coordinates": [ -0.344742685556412, 5.508608818054199 ] } },
{ "type": "Feature", "properties": { "particle": 2061, "seed_idx": 103, "valid": true }, "geometry": { "type": "Point", "coordinates": [ -0.34453871846199, 5.509023189544678 ] } },
{ "type": "Feature", "properties": { "particle": 2062, "seed_idx": 103, "valid": true }, "geometry": { "type": "Point", "coordinates": [ -0.344274252653122, 5.509361743927002 ] } },
{ "type": "Feature", "properties": { "particle": 2063, "seed_idx": 103, "valid": true }, "geometry": { "type": "Point", "coordinates": [ -0.343299686908722, 5.509676456451416 ] } },
{ "type": "Feature", "properties": { "particle": 2064, "seed_idx": 103, "valid": true }, "geometry": { "type": "Point", "coordinates": [ -0.344010144472122, 5.508883476257324 ] } },
{ "type": "Feature", "properties": { "particle": 2065, "seed_idx": 103, "valid": true }, "geometry": { "type": "Point", "coordinates": [ -0.344051122665405, 5.508981227874756 ] } },
{ "type": "Feature", "properties": { "particle": 2066, "seed_idx": 103, "valid": true }, "geometry": { "type": "Point", "coordinates": [ -0.344138711690903, 5.509600639343262 ] } },
{ "type": "Feature", "properties": { "particle": 2067, "seed_idx": 103, "valid": true }, "geometry": { "type": "Point", "coordinates": [ -0.343470305204391, 5.509442329406738 ] } },
{ "type": "Feature", "properties": { "particle": 2068, "seed_idx": 103, "valid": true }, "geometry": { "type": "Point", "coordinates": [ -0.345269769430161, 5.508350372314453 ] } },
{ "type": "Feature", "properties": { "particle": 2069, "seed_idx": 103, "valid": true }, "geometry": { "type": "Point", "coordinates": [ -0.343562304973602, 5.509585857391357 ] } },
{ "type": "Feature", "properties": { "particle": 2070, "seed_idx": 103, "valid": true }, "geometry": { "type": "Point", "coordinates": [ -0.343307346105576, 5.509708881378174 ] } },
{ "type": "Feature", "properties": { "particle": 2071, "seed_idx": 103, "valid": true }, "geometry": { "type": "Point", "coordinates": [ -0.344050794839859, 5.509284973144531 ] } },
{ "type": "Feature", "properties": { "particle": 2072, "seed_idx": 103, "valid": true }, "geometry": { "type": "Point", "coordinates": [ -0.343389093875885, 5.509788036346436 ] } },
{ "type": "Feature", "properties": { "particle": 2073, "seed_idx": 103, "valid": true }, "geometry": { "type": "Point", "coordinates": [ -0.34355092048645, 5.509490966796875 ] } },
{ "type": "Feature", "properties": { "particle": 2074, "seed_idx": 103, "valid": true }, "geometry": { "type": "Point", "coordinates": [ -0.34561425447464, 5.507796287536621 ] } },
{ "type": "Feature", "properties": { "particle": 2075, "seed_idx": 103, "valid": true }, "geometry": { "type": "Point", "coordinates": [ -0.344429910182953, 5.509170055389404 ] } },
{ "type": "Feature", "properties": { "particle": 2076, "seed_idx": 103, "valid": true }, "geometry": { "type": "Point", "coordinates": [ -0.343108803033829, 5.509787082672119 ] } },
{ "type": "Feature", "properties": { "particle": 2077, "seed_idx": 103, "valid": true }, "geometry": { "type": "Point", "coordinates": [ -0.344340980052948, 5.50960111618042 ] } },
{ "type": "Feature", "properties": { "particle": 2078, "seed_idx": 103, "valid": true }, "geometry": { "type": "Point", "coordinates": [ -0.343878090381622, 5.509669780731201 ] } },
{ "type": "Feature", "properties": { "particle": 2079, "seed_idx": 103, "valid": true }, "geometry": { "type": "Point", "coordinates": [ -0.343643456697464, 5.509303092956543 ] } },
{ "type": "Feature", "properties": { "particle": 2080, "seed_idx": 104, "valid": true }, "geometry": { "type": "Point", "coordinates": [ -0.344296276569366, 5.509216785430908 ] } },
{ "type": "Feature", "properties": { "particle": 2081, "seed_idx": 104, "valid": true }, "geometry": { "type": "Point", "coordinates": [ -0.344715535640717, 5.508999824523926 ] } },
{ "type": "Feature", "properties": { "particle": 2082, "seed_idx": 104, "valid": true }, "geometry": { "type": "Point", "coordinates": [ -0.343269467353821, 5.509857654571533 ] } },
{ "type": "Feature", "properties": { "particle": 2083, "seed_idx": 104, "valid": true }, "geometry": { "type": "Point", "coordinates": [ -0.343766212463379, 5.509483814239502 ] } },
{ "type": "Feature", "properties": { "particle": 2084, "seed_idx": 104, "valid": true }, "geometry": { "type": "Point", "coordinates": [ -0.343581885099411, 5.509521484375 ] } },
{ "type": "Feature", "properties": { "particle": 2085, "seed_idx": 104, "valid": true }, "geometry": { "type": "Point", "coordinates": [ -0.343429148197174, 5.509739875793457 ] } },
{ "type": "Feature", "properties": { "particle": 2086, "seed_idx": 104, "valid": true }, "geometry": { "type": "Point", "coordinates": [ -0.344681531190872, 5.509852409362793 ] } },
{ "type": "Feature", "properties": { "particle": 2087, "seed_idx": 104, "valid": true }, "geometry": { "type": "Point", "coordinates": [ -0.344548046588898, 5.509501457214355 ] } },
{ "type": "Feature", "properties": { "particle": 2088, "seed_idx": 104, "valid": true }, "geometry": { "type": "Point", "coordinates": [ -0.344443470239639, 5.508604526519775 ] } },
{ "type": "Feature", "properties": { "particle": 2089, "seed_idx": 104, "valid": true }, "geometry": { "type": "Point", "coordinates": [ -0.343960553407669, 5.509202480316162 ] } },
{ "type": "Feature", "properties": { "particle": 2090, "seed_idx": 104, "valid": true }, "geometry": { "type": "Point", "coordinates": [ -0.344315767288208, 5.509452342987061 ] } },
{ "type": "Feature", "properties": { "particle": 2091, "seed_idx": 104, "valid": true }, "geometry": { "type": "Point", "coordinates": [ -0.343977689743042, 5.509712696075439 ] } },
{ "type": "Feature", "properties": { "particle": 2092, "seed_idx": 104, "valid": true }, "geometry": { "type": "Point", "coordinates": [ -0.343928575515747, 5.509254455566406 ] } },
{ "type": "Feature", "properties": { "particle": 2093, "seed_idx": 104, "valid": true }, "geometry": { "type": "Point", "coordinates": [ -0.344670027494431, 5.508879661560059 ] } },
{ "type": "Feature", "properties": { "particle": 2094, "seed_idx": 104, "valid": true }, "geometry": { "type": "Point", "coordinates": [ -0.344809412956238, 5.50803279876709 ] } },
{ "type": "Feature", "properties": { "particle": 2095, "seed_idx": 104, "valid": true }, "geometry": { "type": "Point", "coordinates": [ -0.34469935297966, 5.509082794189453 ] } },
{ "type": "Feature", "properties": { "particle": 2096, "seed_idx": 104, "valid": true }, "geometry": { "type": "Point", "coordinates": [ -0.343288421630859, 5.509848594665527 ] } },
{ "type": "Feature", "properties": { "particle": 2097, "seed_idx": 104, "valid": true }, "geometry": { "type": "Point", "coordinates": [ -0.343792825937271, 5.509753704071045 ] } },
{ "type": "Feature", "properties": { "particle": 2098, "seed_idx": 104, "valid": true }, "geometry": { "type": "Point", "coordinates": [ -0.343699097633362, 5.509641647338867 ] } },
{ "type": "Feature", "properties": { "particle": 2099, "seed_idx": 104, "valid": true }, "geometry": { "type": "Point", "coordinates": [ -0.344724506139755, 5.509515285491943 ] } },
{ "type": "Feature", "properties": { "particle": 2100, "seed_idx": 105, "valid": true }, "geometry": { "type": "Point", "coordinates": [ -0.346311658620834, 5.508231639862061 ] } },
{ "type": "Feature", "properties": { "particle": 2101, "seed_idx": 105, "valid": true }, "geometry": { "type": "Point", "coordinates": [ -0.345742434263229, 5.508445739746094 ] } },
{ "type": "Feature", "properties": { "particle": 2102, "seed_idx": 105, "valid": true }, "geometry": { "type": "Point", "coordinates": [ -0.345966309309006, 5.508383274078369 ] } },
{ "type": "Feature", "properties": { "particle": 2103, "seed_idx": 105, "valid": true }, "geometry": { "type": "Point", "coordinates": [ -0.346431016921997, 5.50832462310791 ] } },
{ "type": "Feature", "properties": { "particle": 2104, "seed_idx": 105, "valid": true }, "geometry": { "type": "Point", "coordinates": [ -0.346529811620712, 5.50847053527832 ] } },
{ "type": "Feature", "properties": { "particle": 2105, "seed_idx": 105, "valid": true }, "geometry": { "type": "Point", "coordinates": [ -0.345771104097366, 5.508968353271484 ] } },
{ "type": "Feature", "properties": { "particle": 2106, "seed_idx": 105, "valid": true }, "geometry": { "type": "Point", "coordinates": [ -0.346454977989197, 5.508570194244385 ] } },
{ "type": "Feature", "properties": { "particle": 2107, "seed_idx": 105, "valid": true }, "geometry": { "type": "Point", "coordinates": [ -0.345688939094543, 5.508720874786377 ] } },
{ "type": "Feature", "properties": { "particle": 2108, "seed_idx": 105, "valid": true }, "geometry": { "type": "Point", "coordinates": [ -0.345389038324356, 5.509320259094238 ] } },
{ "type": "Feature", "properties": { "particle": 2109, "seed_idx": 105, "valid": true }, "geometry": { "type": "Point", "coordinates": [ -0.34513458609581, 5.509367942810059 ] } },
{ "type": "Feature", "properties": { "particle": 2110, "seed_idx": 105, "valid": true }, "geometry": { "type": "Point", "coordinates": [ -0.346786201000214, 5.508606433868408 ] } },
{ "type": "Feature", "properties": { "particle": 2111, "seed_idx": 105, "valid": true }, "geometry": { "type": "Point", "coordinates": [ -0.346235036849976, 5.509149551391602 ] } },
{ "type": "Feature", "properties": { "particle": 2112, "seed_idx": 105, "valid": true }, "geometry": { "type": "Point", "coordinates": [ -0.345650464296341, 5.509065628051758 ] } },
{ "type": "Feature", "properties": { "particle": 2113, "seed_idx": 105, "valid": true }, "geometry": { "type": "Point", "coordinates": [ -0.345273494720459, 5.509173393249512 ] } },
{ "type": "Feature", "properties": { "particle": 2114, "seed_idx": 105, "valid": true }, "geometry": { "type": "Point", "coordinates": [ -0.344940453767776, 5.509520530700684 ] } },
{ "type": "Feature", "properties": { "particle": 2115, "seed_idx": 105, "valid": true }, "geometry": { "type": "Point", "coordinates": [ -0.346554905176163, 5.507946968078613 ] } },
{ "type": "Feature", "properties": { "particle": 2116, "seed_idx": 105, "valid": true }, "geometry": { "type": "Point", "coordinates": [ -0.345799714326859, 5.509189605712891 ] } },
{ "type": "Feature", "properties": { "particle": 2117, "seed_idx": 105, "valid": true }, "geometry": { "type": "Point", "coordinates": [ -0.346128106117249, 5.508907318115234 ] } },
{ "type": "Feature", "properties": { "particle": 2118, "seed_idx": 105, "valid": true }, "geometry": { "type": "Point", "coordinates": [ -0.345968037843704, 5.509123802185059 ] } },
{ "type": "Feature", "properties": { "particle": 2119, "seed_idx": 105, "valid": true }, "geometry": { "type": "Point", "coordinates": [ -0.345738470554352, 5.508646011352539 ] } },
{ "type": "Feature", "properties": { "particle": 2120, "seed_idx": 106, "valid": true }, "geometry": { "type": "Point", "coordinates": [ -0.346981406211853, 5.509835720062256 ] } },
{ "type": "Feature", "properties": { "particle": 2121, "seed_idx": 106, "valid": true }, "geometry": { "type": "Point", "coordinates": [ -0.346542686223984, 5.509538650512695 ] } },
{ "type": "Feature", "properties": { "particle": 2122, "seed_idx": 106, "valid": true }, "geometry": { "type": "Point", "coordinates": [ -0.347541511058807, 5.509141445159912 ] } },
{ "type": "Feature", "properties": { "particle": 2123, "seed_idx": 106, "valid": true }, "geometry": { "type": "Point", "coordinates": [ -0.347350686788559, 5.509189128875732 ] } },
{ "type": "Feature", "properties": { "particle": 2124, "seed_idx": 106, "valid": true }, "geometry": { "type": "Point", "coordinates": [ -0.346708089113235, 5.509818553924561 ] } },
{ "type": "Feature", "properties": { "particle": 2125, "seed_idx": 106, "valid": true }, "geometry": { "type": "Point", "coordinates": [ -0.347785264253616, 5.509861946105957 ] } },
{ "type": "Feature", "properties": { "particle": 2126, "seed_idx": 106, "valid": true }, "geometry": { "type": "Point", "coordinates": [ -0.347776025533676, 5.509531021118164 ] } },
{ "type": "Feature", "properties": { "particle": 2127, "seed_idx": 106, "valid": true }, "geometry": { "type": "Point", "coordinates": [ -0.346220999956131, 5.509854793548584 ] } },
{ "type": "Feature", "properties": { "particle": 2128, "seed_idx": 106, "valid": true }, "geometry": { "type": "Point", "coordinates": [ -0.347054481506348, 5.508815288543701 ] } },
{ "type": "Feature", "properties": { "particle": 2129, "seed_idx": 106, "valid": true }, "geometry": { "type": "Point", "coordinates": [ -0.347163528203964, 5.509106636047363 ] } },
{ "type": "Feature", "properties": { "particle": 2130, "seed_idx": 106, "valid": true }, "geometry": { "type": "Point", "coordinates": [ -0.346473306417465, 5.509561061859131 ] } },
{ "type": "Feature", "properties": { "particle": 2131, "seed_idx": 106, "valid": true }, "geometry": { "type": "Point", "coordinates": [ -0.346578806638718, 5.509279251098633 ] } },
{ "type": "Feature", "properties": { "particle": 2132, "seed_idx": 106, "valid": true }, "geometry": { "type": "Point", "coordinates": [ -0.346587866544724, 5.509313106536865 ] } },
{ "type": "Feature", "properties": { "particle": 2133, "seed_idx": 106, "valid": true }, "geometry": { "type": "Point", "coordinates": [ -0.346371561288834, 5.509952068328857 ] } },
{ "type": "Feature", "properties": { "particle": 2134, "seed_idx": 106, "valid": true }, "geometry": { "type": "Point", "coordinates": [ -0.34807613492012, 5.508408069610596 ] } },
{ "type": "Feature", "properties": { "particle": 2135, "seed_idx": 106, "valid": true }, "geometry": { "type": "Point", "coordinates": [ -0.348044753074646, 5.509649753570557 ] } },
{ "type": "Feature", "properties": { "particle": 2136, "seed_idx": 106, "valid": true }, "geometry": { "type": "Point", "coordinates": [ -0.348835974931717, 5.509000778198242 ] } },
{ "type": "Feature", "properties": { "particle": 2137, "seed_idx": 106, "valid": true }, "geometry": { "type": "Point", "coordinates": [ -0.34709969162941, 5.509090900421143 ] } },
{ "type": "Feature", "properties": { "particle": 2138, "seed_idx": 106, "valid": true }, "geometry": { "type": "Point", "coordinates": [ -0.347907692193985, 5.508781909942627 ] } },
{ "type": "Feature", "properties": { "particle": 2139, "seed_idx": 106, "valid": true }, "geometry": { "type": "Point", "coordinates": [ -0.346628725528717, 5.509647846221924 ] } },
{ "type": "Feature", "properties": { "particle": 2140, "seed_idx": 107, "valid": true }, "geometry": { "type": "Point", "coordinates": [ -0.348274707794189, 5.508836269378662 ] } },
{ "type": "Feature", "properties": { "particle": 2141, "seed_idx": 107, "valid": true }, "geometry": { "type": "Point", "coordinates": [ -0.347247272729874, 5.509796619415283 ] } },
{ "type": "Feature", "properties": { "particle": 2142, "seed_idx": 107, "valid": true }, "geometry": { "type": "Point", "coordinates": [ -0.347839742898941, 5.509508609771729 ] } },
{ "type": "Feature", "properties": { "particle": 2143, "seed_idx": 107, "valid": true }, "geometry": { "type": "Point", "coordinates": [ -0.347678184509277, 5.508759498596191 ] } },
{ "type": "Feature", "properties": { "particle": 2144, "seed_idx": 107, "valid": true }, "geometry": { "type": "Point", "coordinates": [ -0.347347855567932, 5.509303569793701 ] } },
{ "type": "Feature", "properties": { "particle": 2145, "seed_idx": 107, "valid": true }, "geometry": { "type": "Point", "coordinates": [ -0.347521990537643, 5.509301662445068 ] } },
{ "type": "Feature", "properties": { "particle": 2146, "seed_idx": 107, "valid": true }, "geometry": { "type": "Point", "coordinates": [ -0.347511827945709, 5.509117126464844 ] } },
{ "type": "Feature", "properties": { "particle": 2147, "seed_idx": 107, "valid": true }, "geometry": { "type": "Point", "coordinates": [ -0.347795963287354, 5.509658813476562 ] } },
{ "type": "Feature", "properties": { "particle": 2148, "seed_idx": 107, "valid": true }, "geometry": { "type": "Point", "coordinates": [ -0.347943961620331, 5.509231567382812 ] } },
{ "type": "Feature", "properties": { "particle": 2149, "seed_idx": 107, "valid": true }, "geometry": { "type": "Point", "coordinates": [ -0.347153306007385, 5.509278297424316 ] } },
{ "type": "Feature", "properties": { "particle": 2150, "seed_idx": 107, "valid": true }, "geometry": { "type": "Point", "coordinates": [ -0.347734183073044, 5.50970983505249 ] } },
{ "type": "Feature", "properties": { "particle": 2151, "seed_idx": 107, "valid": true }, "geometry": { "type": "Point", "coordinates": [ -0.34724622964859, 5.509568214416504 ] } },
{ "type": "Feature", "properties": { "particle": 2152, "seed_idx": 107, "valid": true }, "geometry": { "type": "Point", "coordinates": [ -0.349011838436127, 5.508762359619141 ] } },
{ "type": "Feature", "properties": { "particle": 2153, "seed_idx": 107, "valid": true }, "geometry": { "type": "Point", "coordinates": [ -0.347134947776794, 5.509979248046875 ] } },
{ "type": "Feature", "properties": { "particle": 2154, "seed_idx": 107, "valid": true }, "geometry": { "type": "Point", "coordinates": [ -0.349034994840622, 5.508620738983154 ] } },
{ "type": "Feature", "properties": { "particle": 2155, "seed_idx": 107, "valid": true }, "geometry": { "type": "Point", "coordinates": [ -0.348709881305695, 5.509503364562988 ] } },
{ "type": "Feature", "properties": { "particle": 2156, "seed_idx": 107, "valid": true }, "geometry": { "type": "Point", "coordinates": [ -0.347467005252838, 5.509241580963135 ] } },
{ "type": "Feature", "properties": { "particle": 2157, "seed_idx": 107, "valid": true }, "geometry": { "type": "Point", "coordinates": [ -0.34795218706131, 5.509405612945557 ] } },
{ "type": "Feature", "properties": { "particle": 2158, "seed_idx": 107, "valid": true }, "geometry": { "type": "Point", "coordinates": [ -0.346780687570572, 5.509723663330078 ] } },
{ "type": "Feature", "properties": { "particle": 2159, "seed_idx": 107, "valid": true }, "geometry": { "type": "Point", "coordinates": [ -0.348613739013672, 5.509297847747803 ] } },
{ "type": "Feature", "properties": { "particle": 2160, "seed_idx": 108, "valid": true }, "geometry": { "type": "Point", "coordinates": [ -0.349656909704208, 5.509969234466553 ] } },
{ "type": "Feature", "properties": { "particle": 2161, "seed_idx": 108, "valid": true }, "geometry": { "type": "Point", "coordinates": [ -0.348849773406982, 5.51034688949585 ] } },
{ "type": "Feature", "properties": { "particle": 2162, "seed_idx": 108, "valid": true }, "geometry": { "type": "Point", "coordinates": [ -0.348474115133286, 5.510249614715576 ] } },
{ "type": "Feature", "properties": { "particle": 2163, "seed_idx": 108, "valid": true }, "geometry": { "type": "Point", "coordinates": [ -0.349391788244247, 5.510213851928711 ] } },
{ "type": "Feature", "properties": { "particle": 2164, "seed_idx": 108, "valid": true }, "geometry": { "type": "Point", "coordinates": [ -0.348228126764297, 5.510422706604004 ] } },
{ "type": "Feature", "properties": { "particle": 2165, "seed_idx": 108, "valid": true }, "geometry": { "type": "Point", "coordinates": [ -0.348937541246414, 5.509712696075439 ] } },
{ "type": "Feature", "properties": { "particle": 2166, "seed_idx": 108, "valid": true }, "geometry": { "type": "Point", "coordinates": [ -0.349693953990936, 5.510290145874023 ] } },
{ "type": "Feature", "properties": { "particle": 2167, "seed_idx": 108, "valid": true }, "geometry": { "type": "Point", "coordinates": [ -0.34861359000206, 5.510289192199707 ] } },
{ "type": "Feature", "properties": { "particle": 2168, "seed_idx": 108, "valid": true }, "geometry": { "type": "Point", "coordinates": [ -0.348242580890656, 5.510331630706787 ] } },
{ "type": "Feature", "properties": { "particle": 2169, "seed_idx": 108, "valid": true }, "geometry": { "type": "Point", "coordinates": [ -0.34901350736618, 5.510168552398682 ] } },
{ "type": "Feature", "properties": { "particle": 2170, "seed_idx": 108, "valid": true }, "geometry": { "type": "Point", "coordinates": [ -0.350471407175064, 5.508994579315186 ] } },
{ "type": "Feature", "properties": { "particle": 2171, "seed_idx": 108, "valid": true }, "geometry": { "type": "Point", "coordinates": [ -0.349072277545929, 5.510428905487061 ] } },
{ "type": "Feature", "properties": { "particle": 2172, "seed_idx": 108, "valid": true }, "geometry": { "type": "Point", "coordinates": [ -0.349475026130676, 5.509689807891846 ] } },
{ "type": "Feature", "properties": { "particle": 2173, "seed_idx": 108, "valid": true }, "geometry": { "type": "Point", "coordinates": [ -0.349326193332672, 5.510318279266357 ] } },
{ "type": "Feature", "properties": { "particle": 2174, "seed_idx": 108, "valid": true }, "geometry": { "type": "Point", "coordinates": [ -0.348929911851883, 5.510300159454346 ] } },
{ "type": "Feature", "properties": { "particle": 2175, "seed_idx": 108, "valid": true }, "geometry": { "type": "Point", "coordinates": [ -0.348598688840866, 5.510431289672852 ] } },
{ "type": "Feature", "properties": { "particle": 2176, "seed_idx": 108, "valid": true }, "geometry": { "type": "Point", "coordinates": [ -0.348163425922394, 5.510334968566895 ] } },
{ "type": "Feature", "properties": { "particle": 2177, "seed_idx": 108, "valid": true }, "geometry": { "type": "Point", "coordinates": [ -0.348775267601013, 5.510265827178955 ] } },
{ "type": "Feature", "properties": { "particle": 2178, "seed_idx": 108, "valid": true }, "geometry": { "type": "Point", "coordinates": [ -0.348192900419235, 5.510400295257568 ] } },
{ "type": "Feature", "properties": { "particle": 2179, "seed_idx": 108, "valid": true }, "geometry": { "type": "Point", "coordinates": [ -0.348561584949493, 5.510202884674072 ] } },
{ "type": "Feature", "properties": { "particle": 2180, "seed_idx": 109, "valid": true }, "geometry": { "type": "Point", "coordinates": [ -0.349570244550705, 5.509525299072266 ] } },
{ "type": "Feature", "properties": { "particle": 2181, "seed_idx": 109, "valid": true }, "geometry": { "type": "Point", "coordinates": [ -0.34833425283432, 5.510659217834473 ] } },
{ "type": "Feature", "properties": { "particle": 2182, "seed_idx": 109, "valid": true }, "geometry": { "type": "Point", "coordinates": [ -0.351159274578094, 5.509986877441406 ] } },
{ "type": "Feature", "properties": { "particle": 2183, "seed_idx": 109, "valid": true }, "geometry": { "type": "Point", "coordinates": [ -0.350164622068405, 5.510336399078369 ] } },
{ "type": "Feature", "properties": { "particle": 2184, "seed_idx": 109, "valid": true }, "geometry": { "type": "Point", "coordinates": [ -0.348850846290588, 5.509975433349609 ] } },
{ "type": "Feature", "properties": { "particle": 2185, "seed_idx": 109, "valid": true }, "geometry": { "type": "Point", "coordinates": [ -0.350361853837967, 5.509610652923584 ] } },
{ "type": "Feature", "properties": { "particle": 2186, "seed_idx": 109, "valid": true }, "geometry": { "type": "Point", "coordinates": [ -0.349158853292465, 5.510152339935303 ] } },
{ "type": "Feature", "properties": { "particle": 2187, "seed_idx": 109, "valid": true }, "geometry": { "type": "Point", "coordinates": [ -0.348983973264694, 5.510303020477295 ] } },
{ "type": "Feature", "properties": { "particle": 2188, "seed_idx": 109, "valid": true }, "geometry": { "type": "Point", "coordinates": [ -0.349622130393982, 5.509932041168213 ] } },
{ "type": "Feature", "properties": { "particle": 2189, "seed_idx": 109, "valid": true }, "geometry": { "type": "Point", "coordinates": [ -0.350134253501892, 5.510224342346191 ] } },
{ "type": "Feature", "properties": { "particle": 2190, "seed_idx": 109, "valid": true }, "geometry": { "type": "Point", "coordinates": [ -0.349878877401352, 5.510100841522217 ] } },
{ "type": "Feature", "properties": { "particle": 2191, "seed_idx": 109, "valid": true }, "geometry": { "type": "Point", "coordinates": [ -0.349392026662827, 5.510501861572266 ] } },
{ "type": "Feature", "properties": { "particle": 2192, "seed_idx": 109, "valid": true }, "geometry": { "type": "Point", "coordinates": [ -0.34857702255249, 5.510507583618164 ] } },
{ "type": "Feature", "properties": { "particle": 2193, "seed_idx": 109, "valid": true }, "geometry": { "type": "Point", "coordinates": [ -0.348903119564056, 5.510423183441162 ] } },
{ "type": "Feature", "properties": { "particle": 2194, "seed_idx": 109, "valid": true }, "geometry": { "type": "Point", "coordinates": [ -0.348796606063843, 5.510169982910156 ] } },
{ "type": "Feature", "properties": { "particle": 2195, "seed_idx": 109, "valid": true }, "geometry": { "type": "Point", "coordinates": [ -0.349458545446396, 5.510239601135254 ] } },
{ "type": "Feature", "properties": { "particle": 2196, "seed_idx": 109, "valid": true }, "geometry": { "type": "Point", "coordinates": [ -0.34851861000061, 5.510281562805176 ] } },
{ "type": "Feature", "properties": { "particle": 2197, "seed_idx": 109, "valid": true }, "geometry": { "type": "Point", "coordinates": [ -0.349446326494217, 5.510709762573242 ] } },
{ "type": "Feature", "properties": { "particle": 2198, "seed_idx": 109, "valid": true }, "geometry": { "type": "Point", "coordinates": [ -0.34953448176384, 5.509706497192383 ] } },
{ "type": "Feature", "properties": { "particle": 2199, "seed_idx": 109, "valid": true }, "geometry": { "type": "Point", "coordinates": [ -0.349832385778427, 5.510454177856445 ] } },
{ "type": "Feature", "properties": { "particle": 2200, "seed_idx": 110, "valid": true }, "geometry": { "type": "Point", "coordinates": [ -0.351980715990067, 5.510166645050049 ] } },
{ "type": "Feature", "properties": { "particle": 2201, "seed_idx": 110, "valid": true }, "geometry": { "type": "Point", "coordinates": [ -0.350198209285736, 5.510283470153809 ] } },
{ "type": "Feature", "properties": { "particle": 2202, "seed_idx": 110, "valid": true }, "geometry": { "type": "Point", "coordinates": [ -0.35013285279274, 5.510768413543701 ] } },
{ "type": "Feature", "properties": { "particle": 2203, "seed_idx": 110, "valid": true }, "geometry": { "type": "Point", "coordinates": [ -0.350616902112961, 5.510641098022461 ] } },
{ "type": "Feature", "properties": { "particle": 2204, "seed_idx": 110, "valid": true }, "geometry": { "type": "Point", "coordinates": [ -0.350556463003159, 5.510489463806152 ] } },
{ "type": "Feature", "properties": { "particle": 2205, "seed_idx": 110, "valid": true }, "geometry": { "type": "Point", "coordinates": [ -0.350683391094208, 5.510786056518555 ] } },
{ "type": "Feature", "properties": { "particle": 2206, "seed_idx": 110, "valid": true }, "geometry": { "type": "Point", "coordinates": [ -0.350336372852325, 5.510591506958008 ] } },
{ "type": "Feature", "properties": { "particle": 2207, "seed_idx": 110, "valid": true }, "geometry": { "type": "Point", "coordinates": [ -0.3512102663517, 5.510351181030273 ] } },
{ "type": "Feature", "properties": { "particle": 2208, "seed_idx": 110, "valid": true }, "geometry": { "type": "Point", "coordinates": [ -0.350817739963531, 5.509981155395508 ] } },
{ "type": "Feature", "properties": { "particle": 2209, "seed_idx": 110, "valid": true }, "geometry": { "type": "Point", "coordinates": [ -0.350336045026779, 5.510513782501221 ] } },
{ "type": "Feature", "properties": { "particle": 2210, "seed_idx": 110, "valid": true }, "geometry": { "type": "Point", "coordinates": [ -0.350522220134735, 5.510579109191895 ] } },
{ "type": "Feature", "properties": { "particle": 2211, "seed_idx": 110, "valid": true }, "geometry": { "type": "Point", "coordinates": [ -0.349908351898193, 5.510377883911133 ] } },
{ "type": "Feature", "properties": { "particle": 2212, "seed_idx": 110, "valid": true }, "geometry": { "type": "Point", "coordinates": [ -0.349500745534897, 5.510754585266113 ] } },
{ "type": "Feature", "properties": { "particle": 2213, "seed_idx": 110, "valid": true }, "geometry": { "type": "Point", "coordinates": [ -0.351276963949203, 5.51048755645752 ] } },
{ "type": "Feature", "properties": { "particle": 2214, "seed_idx": 110, "valid": true }, "geometry": { "type": "Point", "coordinates": [ -0.350067704916, 5.510653495788574 ] } },
{ "type": "Feature", "properties": { "particle": 2215, "seed_idx": 110, "valid": true }, "geometry": { "type": "Point", "coordinates": [ -0.350134819746017, 5.510429859161377 ] } },
{ "type": "Feature", "properties": { "particle": 2216, "seed_idx": 110, "valid": true }, "geometry": { "type": "Point", "coordinates": [ -0.349423557519913, 5.510835647583008 ] } },
{ "type": "Feature", "properties": { "particle": 2217, "seed_idx": 110, "valid": true }, "geometry": { "type": "Point", "coordinates": [ -0.34982568025589, 5.510967254638672 ] } },
{ "type": "Feature", "properties": { "particle": 2218, "seed_idx": 110, "valid": true }, "geometry": { "type": "Point", "coordinates": [ -0.350829601287842, 5.509783267974854 ] } },
{ "type": "Feature", "properties": { "particle": 2219, "seed_idx": 110, "valid": true }, "geometry": { "type": "Point", "coordinates": [ -0.350974917411804, 5.510844230651855 ] } },
{ "type": "Feature", "properties": { "particle": 2220, "seed_idx": 111, "valid": true }, "geometry": { "type": "Point", "coordinates": [ -0.349880784749985, 5.510597229003906 ] } },
{ "type": "Feature", "properties": { "particle": 2221, "seed_idx": 111, "valid": true }, "geometry": { "type": "Point", "coordinates": [ -0.351716458797455, 5.509079933166504 ] } },
{ "type": "Feature", "properties": { "particle": 2222, "seed_idx": 111, "valid": true }, "geometry": { "type": "Point", "coordinates": [ -0.351126372814178, 5.510349750518799 ] } },
{ "type": "Feature", "properties": { "particle": 2223, "seed_idx": 111, "valid": true }, "geometry": { "type": "Point", "coordinates": [ -0.350167572498322, 5.51081371307373 ] } },
{ "type": "Feature", "properties": { "particle": 2224, "seed_idx": 111, "valid": true }, "geometry": { "type": "Point", "coordinates": [ -0.351014137268066, 5.510375022888184 ] } },
{ "type": "Feature", "properties": { "particle": 2225, "seed_idx": 111, "valid": true }, "geometry": { "type": "Point", "coordinates": [ -0.35080674290657, 5.510380268096924 ] } },
{ "type": "Feature", "properties": { "particle": 2226, "seed_idx": 111, "valid": true }, "geometry": { "type": "Point", "coordinates": [ -0.350333571434021, 5.510417938232422 ] } },
{ "type": "Feature", "properties": { "particle": 2227, "seed_idx": 111, "valid": true }, "geometry": { "type": "Point", "coordinates": [ -0.351634413003922, 5.509998798370361 ] } },
{ "type": "Feature", "properties": { "particle": 2228, "seed_idx": 111, "valid": true }, "geometry": { "type": "Point", "coordinates": [ -0.350485801696777, 5.510034561157227 ] } },
{ "type": "Feature", "properties": { "particle": 2229, "seed_idx": 111, "valid": true }, "geometry": { "type": "Point", "coordinates": [ -0.351022273302078, 5.509297370910645 ] } },
{ "type": "Feature", "properties": { "particle": 2230, "seed_idx": 111, "valid": true }, "geometry": { "type": "Point", "coordinates": [ -0.351701438426971, 5.509880542755127 ] } },
{ "type": "Feature", "properties": { "particle": 2231, "seed_idx": 111, "valid": true }, "geometry": { "type": "Point", "coordinates": [ -0.350601643323898, 5.509867191314697 ] } },
{ "type": "Feature", "properties": { "particle": 2232, "seed_idx": 111, "valid": true }, "geometry": { "type": "Point", "coordinates": [ -0.350277870893478, 5.510364532470703 ] } },
{ "type": "Feature", "properties": { "particle": 2233, "seed_idx": 111, "valid": true }, "geometry": { "type": "Point", "coordinates": [ -0.349858611822128, 5.510644435882568 ] } },
{ "type": "Feature", "properties": { "particle": 2234, "seed_idx": 111, "valid": true }, "geometry": { "type": "Point", "coordinates": [ -0.350306987762451, 5.510269165039062 ] } },
{ "type": "Feature", "properties": { "particle": 2235, "seed_idx": 111, "valid": true }, "geometry": { "type": "Point", "coordinates": [ -0.350933194160461, 5.510408401489258 ] } },
{ "type": "Feature", "properties": { "particle": 2236, "seed_idx": 111, "valid": true }, "geometry": { "type": "Point", "coordinates": [ -0.351164877414703, 5.509746074676514 ] } },
{ "type": "Feature", "properties": { "particle": 2237, "seed_idx": 111, "valid": true }, "geometry": { "type": "Point", "coordinates": [ -0.349822163581848, 5.510679244995117 ] } },
{ "type": "Feature", "properties": { "particle": 2238, "seed_idx": 111, "valid": true }, "geometry": { "type": "Point", "coordinates": [ -0.351526141166687, 5.509607791900635 ] } },
{ "type": "Feature", "properties": { "particle": 2239, "seed_idx": 111, "valid": true }, "geometry": { "type": "Point", "coordinates": [ -0.350613534450531, 5.510532379150391 ] } },
{ "type": "Feature", "properties": { "particle": 2240, "seed_idx": 112, "valid": true }, "geometry": { "type": "Point", "coordinates": [ -0.353113323450089, 5.50949239730835 ] } },
{ "type": "Feature", "properties": { "particle": 2241, "seed_idx": 112, "valid": true }, "geometry": { "type": "Point", "coordinates": [ -0.351951450109482, 5.510089874267578 ] } },
{ "type": "Feature", "properties": { "particle": 2242, "seed_idx": 112, "valid": true }, "geometry": { "type": "Point", "coordinates": [ -0.352114826440811, 5.509737968444824 ] } },
{ "type": "Feature", "properties": { "particle": 2243, "seed_idx": 112, "valid": true }, "geometry": { "type": "Point", "coordinates": [ -0.352139741182327, 5.509681701660156 ] } },
{ "type": "Feature", "properties": { "particle": 2244, "seed_idx": 112, "valid": true }, "geometry": { "type": "Point", "coordinates": [ -0.35162165760994, 5.509424686431885 ] } },
{ "type": "Feature", "properties": { "particle": 2245, "seed_idx": 112, "valid": true }, "geometry": { "type": "Point", "coordinates": [ -0.351975739002228, 5.508980751037598 ] } },
{ "type": "Feature", "properties": { "particle": 2246, "seed_idx": 112, "valid": true }, "geometry": { "type": "Point", "coordinates": [ -0.351380914449692, 5.509381294250488 ] } },
{ "type": "Feature", "properties": { "particle": 2247, "seed_idx": 112, "valid": true }, "geometry": { "type": "Point", "coordinates": [ -0.351302176713943, 5.509823322296143 ] } },
{ "type": "Feature", "properties": { "particle": 2248, "seed_idx": 112, "valid": true }, "geometry": { "type": "Point", "coordinates": [ -0.35200622677803, 5.509393692016602 ] } },
{ "type": "Feature", "properties": { "particle": 2249, "seed_idx": 112, "valid": true }, "geometry": { "type": "Point", "coordinates": [ -0.352056890726089, 5.509762763977051 ] } },
{ "type": "Feature", "properties": { "particle": 2250, "seed_idx": 112, "valid": true }, "geometry": { "type": "Point", "coordinates": [ -0.350780606269836, 5.510106086730957 ] } },
{ "type": "Feature", "properties": { "particle": 2251, "seed_idx": 112, "valid": true }, "geometry": { "type": "Point", "coordinates": [ -0.352715849876404, 5.509277820587158 ] } },
{ "type": "Feature", "properties": { "particle": 2252, "seed_idx": 112, "valid": true }, "geometry": { "type": "Point", "coordinates": [ -0.351361483335495, 5.509523868560791 ] } },
{ "type": "Feature", "properties": { "particle": 2253, "seed_idx": 112, "valid": true }, "geometry": { "type": "Point", "coordinates": [ -0.35218220949173, 5.509461879730225 ] } },
{ "type": "Feature", "properties": { "particle": 2254, "seed_idx": 112, "valid": true }, "geometry": { "type": "Point", "coordinates": [ -0.351870328187943, 5.509576797485352 ] } },
{ "type": "Feature", "properties": { "particle": 2255, "seed_idx": 112, "valid": true }, "geometry": { "type": "Point", "coordinates": [ -0.352319091558456, 5.50915002822876 ] } },
{ "type": "Feature", "properties": { "particle": 2256, "seed_idx": 112, "valid": true }, "geometry": { "type": "Point", "coordinates": [ -0.352485299110413, 5.509531497955322 ] } },
{ "type": "Feature", "properties": { "particle": 2257, "seed_idx": 112, "valid": true }, "geometry": { "type": "Point", "coordinates": [ -0.35220804810524, 5.509121417999268 ] } },
{ "type": "Feature", "properties": { "particle": 2258, "seed_idx": 112, "valid": true }, "geometry": { "type": "Point", "coordinates": [ -0.352613270282745, 5.50886344909668 ] } },
{ "type": "Feature", "properties": { "particle": 2259, "seed_idx": 112, "valid": true }, "geometry": { "type": "Point", "coordinates": [ -0.352028697729111, 5.508965015411377 ] } },
{ "type": "Feature", "properties": { "particle": 2260, "seed_idx": 113, "valid": true }, "geometry": { "type": "Point", "coordinates": [ -0.35415580868721, 5.50875997543335 ] } },
{ "type": "Feature", "properties": { "particle": 2261, "seed_idx": 113, "valid": true }, "geometry": { "type": "Point", "coordinates": [ -0.352572530508041, 5.509116172790527 ] } },
{ "type": "Feature", "properties": { "particle": 2262, "seed_idx": 113, "valid": true }, "geometry": { "type": "Point", "coordinates": [ -0.353241920471191, 5.509150505065918 ] } },
{ "type": "Feature", "properties": { "particle": 2263, "seed_idx": 113, "valid": true }, "geometry": { "type": "Point", "coordinates": [ -0.35236856341362, 5.5092453956604 ] } },
{ "type": "Feature", "properties": { "particle": 2264, "seed_idx": 113, "valid": true }, "geometry": { "type": "Point", "coordinates": [ -0.352518618106842, 5.509379386901855 ] } },
{ "type": "Feature", "properties": { "particle": 2265, "seed_idx": 113, "valid": true }, "geometry": { "type": "Point", "coordinates": [ -0.353936970233917, 5.509138584136963 ] } },
{ "type": "Feature", "properties": { "particle": 2266, "seed_idx": 113, "valid": true }, "geometry": { "type": "Point", "coordinates": [ -0.354336559772491, 5.508538246154785 ] } },
{ "type": "Feature", "properties": { "particle": 2267, "seed_idx": 113, "valid": true }, "geometry": { "type": "Point", "coordinates": [ -0.353090167045593, 5.509358406066895 ] } },
{ "type": "Feature", "properties": { "particle": 2268, "seed_idx": 113, "valid": true }, "geometry": { "type": "Point", "coordinates": [ -0.352637529373169, 5.50868034362793 ] } },
{ "type": "Feature", "properties": { "particle": 2269, "seed_idx": 113, "valid": true }, "geometry": { "type": "Point", "coordinates": [ -0.353365629911423, 5.50890588760376 ] } },
{ "type": "Feature", "properties": { "particle": 2270, "seed_idx": 113, "valid": true }, "geometry": { "type": "Point", "coordinates": [ -0.352466076612473, 5.509125709533691 ] } },
{ "type": "Feature", "properties": { "particle": 2271, "seed_idx": 113, "valid": true }, "geometry": { "type": "Point", "coordinates": [ -0.35249799489975, 5.509195327758789 ] } },
{ "type": "Feature", "properties": { "particle": 2272, "seed_idx": 113, "valid": true }, "geometry": { "type": "Point", "coordinates": [ -0.352842062711716, 5.50894021987915 ] } },
{ "type": "Feature", "properties": { "particle": 2273, "seed_idx": 113, "valid": true }, "geometry": { "type": "Point", "coordinates": [ -0.353609442710876, 5.508731842041016 ] } },
{ "type": "Feature", "properties": { "particle": 2274, "seed_idx": 113, "valid": true }, "geometry": { "type": "Point", "coordinates": [ -0.353048592805862, 5.508305549621582 ] } },
{ "type": "Feature", "properties": { "particle": 2275, "seed_idx": 113, "valid": true }, "geometry": { "type": "Point", "coordinates": [ -0.353406369686127, 5.50894832611084 ] } },
{ "type": "Feature", "properties": { "particle": 2276, "seed_idx": 113, "valid": true }, "geometry": { "type": "Point", "coordinates": [ -0.353162050247192, 5.508974552154541 ] } },
{ "type": "Feature", "properties": { "particle": 2277, "seed_idx": 113, "valid": true }, "geometry": { "type": "Point", "coordinates": [ -0.35339766740799, 5.508994579315186 ] } },
{ "type": "Feature", "properties": { "particle": 2278, "seed_idx": 113, "valid": true }, "geometry": { "type": "Point", "coordinates": [ -0.353927761316299, 5.508565902709961 ] } },
{ "type": "Feature", "properties": { "particle": 2279, "seed_idx": 113, "valid": true }, "geometry": { "type": "Point", "coordinates": [ -0.353050708770752, 5.508619785308838 ] } },
{ "type": "Feature", "properties": { "particle": 2280, "seed_idx": 114, "valid": true }, "geometry": { "type": "Point", "coordinates": [ -0.354070574045181, 5.509265899658203 ] } },
{ "type": "Feature", "properties": { "particle": 2281, "seed_idx": 114, "valid": true }, "geometry": { "type": "Point", "coordinates": [ -0.353494554758072, 5.508826732635498 ] } },
{ "type": "Feature", "properties": { "particle": 2282, "seed_idx": 114, "valid": true }, "geometry": { "type": "Point", "coordinates": [ -0.353331327438354, 5.50876522064209 ] } },
{ "type": "Feature", "properties": { "particle": 2283, "seed_idx": 114, "valid": true }, "geometry": { "type": "Point", "coordinates": [ -0.353379815816879, 5.508447170257568 ] } },
{ "type": "Feature", "properties": { "particle": 2284, "seed_idx": 114, "valid": true }, "geometry": { "type": "Point", "coordinates": [ -0.353517115116119, 5.508468627929688 ] } },
{ "type": "Feature", "properties": { "particle": 2285, "seed_idx": 114, "valid": true }, "geometry": { "type": "Point", "coordinates": [ -0.352518528699875, 5.509076118469238 ] } },
{ "type": "Feature", "properties": { "particle": 2286, "seed_idx": 114, "valid": true }, "geometry": { "type": "Point", "coordinates": [ -0.353060603141785, 5.509020328521729 ] } },
{ "type": "Feature", "properties": { "particle": 2287, "seed_idx": 114, "valid": true }, "geometry": { "type": "Point", "coordinates": [ -0.353443115949631, 5.508417129516602 ] } },
{ "type": "Feature", "properties": { "particle": 2288, "seed_idx": 114, "valid": true }, "geometry": { "type": "Point", "coordinates": [ -0.353778392076492, 5.508322715759277 ] } },
{ "type": "Feature", "properties": { "particle": 2289, "seed_idx": 114, "valid": true }, "geometry": { "type": "Point", "coordinates": [ -0.35402524471283, 5.508753299713135 ] } },
{ "type": "Feature", "properties": { "particle": 2290, "seed_idx": 114, "valid": true }, "geometry": { "type": "Point", "coordinates": [ -0.355036377906799, 5.508812427520752 ] } },
{ "type": "Feature", "properties": { "particle": 2291, "seed_idx": 114, "valid": true }, "geometry": { "type": "Point", "coordinates": [ -0.352981358766556, 5.508885860443115 ] } },
{ "type": "Feature", "properties": { "particle": 2292, "seed_idx": 114, "valid": true }, "geometry": { "type": "Point", "coordinates": [ -0.35291063785553, 5.508791923522949 ] } },
{ "type": "Feature", "properties": { "particle": 2293, "seed_idx": 114, "valid": true }, "geometry": { "type": "Point", "coordinates": [ -0.352824807167053, 5.508557319641113 ] } },
{ "type": "Feature", "properties": { "particle": 2294, "seed_idx": 114, "valid": true }, "geometry": { "type": "Point", "coordinates": [ -0.35270032286644, 5.509028911590576 ] } },
{ "type": "Feature", "properties": { "particle": 2295, "seed_idx": 114, "valid": true }, "geometry": { "type": "Point", "coordinates": [ -0.353454679250717, 5.508703231811523 ] } },
{ "type": "Feature", "properties": { "particle": 2296, "seed_idx": 114, "valid": true }, "geometry": { "type": "Point", "coordinates": [ -0.353031426668167, 5.508427143096924 ] } },
{ "type": "Feature", "properties": { "particle": 2297, "seed_idx": 114, "valid": true }, "geometry": { "type": "Point", "coordinates": [ -0.353445529937744, 5.50834846496582 ] } },
{ "type": "Feature", "properties": { "particle": 2298, "seed_idx": 114, "valid": true }, "geometry": { "type": "Point", "coordinates": [ -0.352874904870987, 5.50876522064209 ] } },
{ "type": "Feature", "properties": { "particle": 2299, "seed_idx": 114, "valid": true }, "geometry": { "type": "Point", "coordinates": [ -0.353370189666748, 5.508606910705566 ] } },
{ "type": "Feature", "properties": { "particle": 2300, "seed_idx": 115, "valid": true }, "geometry": { "type": "Point", "coordinates": [ -0.354256719350815, 5.50693416595459 ] } },
{ "type": "Feature", "properties": { "particle": 2301, "seed_idx": 115, "valid": true }, "geometry": { "type": "Point", "coordinates": [ -0.354271352291107, 5.506903648376465 ] } },
{ "type": "Feature", "properties": { "particle": 2302, "seed_idx": 115, "valid": true }, "geometry": { "type": "Point", "coordinates": [ -0.354995161294937, 5.506464958190918 ] } },
{ "type": "Feature", "properties": { "particle": 2303, "seed_idx": 115, "valid": true }, "geometry": { "type": "Point", "coordinates": [ -0.354438126087189, 5.506384372711182 ] } },
{ "type": "Feature", "properties": { "particle": 2304, "seed_idx": 115, "valid": true }, "geometry": { "type": "Point", "coordinates": [ -0.354592055082321, 5.506393909454346 ] } },
{ "type": "Feature", "properties": { "particle": 2305, "seed_idx": 115, "valid": true }, "geometry": { "type": "Point", "coordinates": [ -0.35599160194397, 5.507317543029785 ] } },
{ "type": "Feature", "properties": { "particle": 2306, "seed_idx": 115, "valid": true }, "geometry": { "type": "Point", "coordinates": [ -0.354508191347122, 5.506608486175537 ] } },
{ "type": "Feature", "properties": { "particle": 2307, "seed_idx": 115, "valid": true }, "geometry": { "type": "Point", "coordinates": [ -0.355061680078506, 5.505817890167236 ] } },
{ "type": "Feature", "properties": { "particle": 2308, "seed_idx": 115, "valid": true }, "geometry": { "type": "Point", "coordinates": [ -0.35420173406601, 5.50686502456665 ] } },
{ "type": "Feature", "properties": { "particle": 2309, "seed_idx": 115, "valid": true }, "geometry": { "type": "Point", "coordinates": [ -0.354998856782913, 5.506277084350586 ] } },
{ "type": "Feature", "properties": { "particle": 2310, "seed_idx": 115, "valid": true }, "geometry": { "type": "Point", "coordinates": [ -0.354482173919678, 5.506450176239014 ] } },
{ "type": "Feature", "properties": { "particle": 2311, "seed_idx": 115, "valid": true }, "geometry": { "type": "Point", "coordinates": [ -0.354691565036774, 5.506568908691406 ] } },
{ "type": "Feature", "properties": { "particle": 2312, "seed_idx": 115, "valid": true }, "geometry": { "type": "Point", "coordinates": [ -0.354325503110886, 5.506458759307861 ] } },
{ "type": "Feature", "properties": { "particle": 2313, "seed_idx": 115, "valid": true }, "geometry": { "type": "Point", "coordinates": [ -0.354882657527924, 5.50614595413208 ] } },
{ "type": "Feature", "properties": { "particle": 2314, "seed_idx": 115, "valid": true }, "geometry": { "type": "Point", "coordinates": [ -0.354501485824585, 5.506453514099121 ] } },
{ "type": "Feature", "properties": { "particle": 2315, "seed_idx": 115, "valid": true }, "geometry": { "type": "Point", "coordinates": [ -0.354396939277649, 5.506817817687988 ] } },
{ "type": "Feature", "properties": { "particle": 2316, "seed_idx": 115, "valid": true }, "geometry": { "type": "Point", "coordinates": [ -0.35474494099617, 5.50697660446167 ] } },
{ "type": "Feature", "properties": { "particle": 2317, "seed_idx": 115, "valid": true }, "geometry": { "type": "Point", "coordinates": [ -0.354059785604477, 5.50661563873291 ] } },
{ "type": "Feature", "properties": { "particle": 2318, "seed_idx": 115, "valid": true }, "geometry": { "type": "Point", "coordinates": [ -0.353798031806946, 5.506859302520752 ] } },
{ "type": "Feature", "properties": { "particle": 2319, "seed_idx": 115, "valid": true }, "geometry": { "type": "Point", "coordinates": [ -0.354526102542877, 5.506122589111328 ] } },
{ "type": "Feature", "properties": { "particle": 2320, "seed_idx": 116, "valid": true }, "geometry": { "type": "Point", "coordinates": [ -0.355039954185486, 5.504892349243164 ] } },
{ "type": "Feature", "properties": { "particle": 2321, "seed_idx": 116, "valid": true }, "geometry": { "type": "Point", "coordinates": [ -0.35454198718071, 5.504920959472656 ] } },
{ "type": "Feature", "properties": { "particle": 2322, "seed_idx": 116, "valid": true }, "geometry": { "type": "Point", "coordinates": [ -0.354843705892563, 5.504593849182129 ] } },
{ "type": "Feature", "properties": { "particle": 2323, "seed_idx": 116, "valid": true }, "geometry": { "type": "Point", "coordinates": [ -0.356021553277969, 5.504566669464111 ] } },
{ "type": "Feature", "properties": { "particle": 2324, "seed_idx": 116, "valid": true }, "geometry": { "type": "Point", "coordinates": [ -0.356155067682266, 5.502909660339355 ] } },
{ "type": "Feature", "properties": { "particle": 2325, "seed_idx": 116, "valid": true }, "geometry": { "type": "Point", "coordinates": [ -0.355491131544113, 5.504597187042236 ] } },
{ "type": "Feature", "properties": { "particle": 2326, "seed_idx": 116, "valid": true }, "geometry": { "type": "Point", "coordinates": [ -0.355410367250443, 5.504908561706543 ] } },
{ "type": "Feature", "properties": { "particle": 2327, "seed_idx": 116, "valid": true }, "geometry": { "type": "Point", "coordinates": [ -0.355438560247421, 5.504013538360596 ] } },
{ "type": "Feature", "properties": { "particle": 2328, "seed_idx": 116, "valid": true }, "geometry": { "type": "Point", "coordinates": [ -0.355244070291519, 5.504580020904541 ] } },
{ "type": "Feature", "properties": { "particle": 2329, "seed_idx": 116, "valid": true }, "geometry": { "type": "Point", "coordinates": [ -0.356298327445984, 5.50458812713623 ] } },
{ "type": "Feature", "properties": { "particle": 2330, "seed_idx": 116, "valid": true }, "geometry": { "type": "Point", "coordinates": [ -0.356342077255249, 5.504165172576904 ] } },
{ "type": "Feature", "properties": { "particle": 2331, "seed_idx": 116, "valid": true }, "geometry": { "type": "Point", "coordinates": [ -0.356526702642441, 5.504496574401855 ] } },
{ "type": "Feature", "properties": { "particle": 2332, "seed_idx": 116, "valid": true }, "geometry": { "type": "Point", "coordinates": [ -0.355089396238327, 5.504879474639893 ] } },
{ "type": "Feature", "properties": { "particle": 2333, "seed_idx": 116, "valid": true }, "geometry": { "type": "Point", "coordinates": [ -0.355348825454712, 5.504348754882812 ] } },
{ "type": "Feature", "properties": { "particle": 2334, "seed_idx": 116, "valid": true }, "geometry": { "type": "Point", "coordinates": [ -0.35598087310791, 5.504288673400879 ] } },
{ "type": "Feature", "properties": { "particle": 2335, "seed_idx": 116, "valid": true }, "geometry": { "type": "Point", "coordinates": [ -0.354932248592377, 5.504248142242432 ] } },
{ "type": "Feature", "properties": { "particle": 2336, "seed_idx": 116, "valid": true }, "geometry": { "type": "Point", "coordinates": [ -0.355919778347015, 5.503297805786133 ] } },
{ "type": "Feature", "properties": { "particle": 2337, "seed_idx": 116, "valid": true }, "geometry": { "type": "Point", "coordinates": [ -0.355082213878632, 5.504746437072754 ] } },
{ "type": "Feature", "properties": { "particle": 2338, "seed_idx": 116, "valid": true }, "geometry": { "type": "Point", "coordinates": [ -0.355983167886734, 5.504082679748535 ] } },
{ "type": "Feature", "properties": { "particle": 2339, "seed_idx": 116, "valid": true }, "geometry": { "type": "Point", "coordinates": [ -0.355146288871765, 5.504660606384277 ] } }
]
}
